[0.092s] DEBUG:colcon:Command line arguments: ['/usr/bin/colcon', 'build', '--symlink-install']
[0.092s] DEBUG:colcon:Parsed command line arguments: Namespace(log_base=None, log_level=None, verb_name='build', build_base='build', install_base='install', merge_install=False, symlink_install=True, test_result_base=None, continue_on_error=False, executor='parallel', parallel_workers=12, event_handlers=None, ignore_user_meta=False, metas=['./colcon.meta'], base_paths=['.'], packages_ignore=None, packages_ignore_regex=None, paths=None, packages_up_to=None, packages_up_to_regex=None, packages_above=None, packages_above_and_dependencies=None, packages_above_depth=None, packages_select_by_dep=None, packages_skip_by_dep=None, packages_skip_up_to=None, packages_select_build_failed=False, packages_skip_build_finished=False, packages_select_test_failures=False, packages_skip_test_passed=False, packages_select=None, packages_skip=None, packages_select_regex=None, packages_skip_regex=None, packages_start=None, packages_end=None, allow_overriding=[], cmake_args=None, cmake_target=None, cmake_target_skip_unavailable=False, cmake_clean_cache=False, cmake_clean_first=False, cmake_force_configure=False, ament_cmake_args=None, catkin_cmake_args=None, catkin_skip_building_tests=False, mixin_files=None, mixin=None, verb_parser=<colcon_mixin.mixin.mixin_argument.MixinArgumentDecorator object at 0x7da9d93abda0>, verb_extension=<colcon_core.verb.build.BuildVerb object at 0x7da9d93aba40>, main=<bound method BuildVerb.main of <colcon_core.verb.build.BuildVerb object at 0x7da9d93aba40>>, mixin_verb=('build',))
[0.124s] Level 1:colcon.colcon_core.package_discovery:discover_packages(colcon_meta) check parameters
[0.124s] Level 1:colcon.colcon_core.package_discovery:discover_packages(recursive) check parameters
[0.124s] Level 1:colcon.colcon_core.package_discovery:discover_packages(ignore) check parameters
[0.124s] Level 1:colcon.colcon_core.package_discovery:discover_packages(path) check parameters
[0.124s] Level 1:colcon.colcon_core.package_discovery:discover_packages(colcon_meta) discover
[0.124s] Level 1:colcon.colcon_core.package_discovery:discover_packages(recursive) discover
[0.124s] INFO:colcon.colcon_core.package_discovery:Crawling recursively for packages in '/home/mouha/crazyflie/ros2_ws'
[0.124s] Level 1:colcon.colcon_core.package_identification:_identify(.) by extensions ['ignore', 'ignore_ament_install']
[0.124s] Level 1:colcon.colcon_core.package_identification:_identify(.) by extension 'ignore'
[0.124s] Level 1:colcon.colcon_core.package_identification:_identify(.) by extension 'ignore_ament_install'
[0.124s] Level 1:colcon.colcon_core.package_identification:_identify(.) by extensions ['colcon_pkg']
[0.124s] Level 1:colcon.colcon_core.package_identification:_identify(.) by extension 'colcon_pkg'
[0.124s] Level 1:colcon.colcon_core.package_identification:_identify(.) by extensions ['colcon_meta']
[0.124s] Level 1:colcon.colcon_core.package_identification:_identify(.) by extension 'colcon_meta'
[0.124s] Level 1:colcon.colcon_core.package_identification:_identify(.) by extensions ['ros']
[0.124s] Level 1:colcon.colcon_core.package_identification:_identify(.) by extension 'ros'
[0.145s] Level 1:colcon.colcon_core.package_identification:_identify(.) by extensions ['cmake', 'python']
[0.145s] Level 1:colcon.colcon_core.package_identification:_identify(.) by extension 'cmake'
[0.145s] Level 1:colcon.colcon_core.package_identification:_identify(.) by extension 'python'
[0.146s] Level 1:colcon.colcon_core.package_identification:_identify(.) by extensions ['python_setup_py']
[0.146s] Level 1:colcon.colcon_core.package_identification:_identify(.) by extension 'python_setup_py'
[0.146s] Level 1:colcon.colcon_core.package_identification:_identify(build) by extensions ['ignore', 'ignore_ament_install']
[0.146s] Level 1:colcon.colcon_core.package_identification:_identify(build) by extension 'ignore'
[0.146s] Level 1:colcon.colcon_core.package_identification:_identify(build) ignored
[0.146s] Level 1:colcon.colcon_core.package_identification:_identify(install) by extensions ['ignore', 'ignore_ament_install']
[0.146s] Level 1:colcon.colcon_core.package_identification:_identify(install) by extension 'ignore'
[0.146s] Level 1:colcon.colcon_core.package_identification:_identify(install) ignored
[0.146s] Level 1:colcon.colcon_core.package_identification:_identify(log) by extensions ['ignore', 'ignore_ament_install']
[0.146s] Level 1:colcon.colcon_core.package_identification:_identify(log) by extension 'ignore'
[0.146s] Level 1:colcon.colcon_core.package_identification:_identify(log) ignored
[0.146s] Level 1:colcon.colcon_core.package_identification:_identify(src) by extensions ['ignore', 'ignore_ament_install']
[0.146s] Level 1:colcon.colcon_core.package_identification:_identify(src) by extension 'ignore'
[0.146s] Level 1:colcon.colcon_core.package_identification:_identify(src) by extension 'ignore_ament_install'
[0.146s] Level 1:colcon.colcon_core.package_identification:_identify(src) by extensions ['colcon_pkg']
[0.146s] Level 1:colcon.colcon_core.package_identification:_identify(src) by extension 'colcon_pkg'
[0.146s] Level 1:colcon.colcon_core.package_identification:_identify(src) by extensions ['colcon_meta']
[0.146s] Level 1:colcon.colcon_core.package_identification:_identify(src) by extension 'colcon_meta'
[0.146s] Level 1:colcon.colcon_core.package_identification:_identify(src) by extensions ['ros']
[0.146s] Level 1:colcon.colcon_core.package_identification:_identify(src) by extension 'ros'
[0.146s] Level 1:colcon.colcon_core.package_identification:_identify(src) by extensions ['cmake', 'python']
[0.146s] Level 1:colcon.colcon_core.package_identification:_identify(src) by extension 'cmake'
[0.146s] Level 1:colcon.colcon_core.package_identification:_identify(src) by extension 'python'
[0.147s] Level 1:colcon.colcon_core.package_identification:_identify(src) by extensions ['python_setup_py']
[0.147s] Level 1:colcon.colcon_core.package_identification:_identify(src) by extension 'python_setup_py'
[0.147s] Level 1:colcon.colcon_core.package_identification:_identify(src/cf_led_mission) by extensions ['ignore', 'ignore_ament_install']
[0.147s] Level 1:colcon.colcon_core.package_identification:_identify(src/cf_led_mission) by extension 'ignore'
[0.147s] Level 1:colcon.colcon_core.package_identification:_identify(src/cf_led_mission) by extension 'ignore_ament_install'
[0.147s] Level 1:colcon.colcon_core.package_identification:_identify(src/cf_led_mission) by extensions ['colcon_pkg']
[0.147s] Level 1:colcon.colcon_core.package_identification:_identify(src/cf_led_mission) by extension 'colcon_pkg'
[0.147s] Level 1:colcon.colcon_core.package_identification:_identify(src/cf_led_mission) by extensions ['colcon_meta']
[0.147s] Level 1:colcon.colcon_core.package_identification:_identify(src/cf_led_mission) by extension 'colcon_meta'
[0.147s] Level 1:colcon.colcon_core.package_identification:_identify(src/cf_led_mission) by extensions ['ros']
[0.147s] Level 1:colcon.colcon_core.package_identification:_identify(src/cf_led_mission) by extension 'ros'
[0.149s] DEBUG:colcon.colcon_core.package_identification:Package 'src/cf_led_mission' with type 'ros.ament_python' and name 'cf_led_mission'
[0.149s] Level 1:colcon.colcon_core.package_identification:_identify(src/crazyswarm2) by extensions ['ignore', 'ignore_ament_install']
[0.149s] Level 1:colcon.colcon_core.package_identification:_identify(src/crazyswarm2) by extension 'ignore'
[0.149s] Level 1:colcon.colcon_core.package_identification:_identify(src/crazyswarm2) by extension 'ignore_ament_install'
[0.149s] Level 1:colcon.colcon_core.package_identification:_identify(src/crazyswarm2) by extensions ['colcon_pkg']
[0.149s] Level 1:colcon.colcon_core.package_identification:_identify(src/crazyswarm2) by extension 'colcon_pkg'
[0.149s] Level 1:colcon.colcon_core.package_identification:_identify(src/crazyswarm2) by extensions ['colcon_meta']
[0.149s] Level 1:colcon.colcon_core.package_identification:_identify(src/crazyswarm2) by extension 'colcon_meta'
[0.149s] Level 1:colcon.colcon_core.package_identification:_identify(src/crazyswarm2) by extensions ['ros']
[0.149s] Level 1:colcon.colcon_core.package_identification:_identify(src/crazyswarm2) by extension 'ros'
[0.149s] Level 1:colcon.colcon_core.package_identification:_identify(src/crazyswarm2) by extensions ['cmake', 'python']
[0.149s] Level 1:colcon.colcon_core.package_identification:_identify(src/crazyswarm2) by extension 'cmake'
[0.149s] Level 1:colcon.colcon_core.package_identification:_identify(src/crazyswarm2) by extension 'python'
[0.149s] Level 1:colcon.colcon_core.package_identification:_identify(src/crazyswarm2) by extensions ['python_setup_py']
[0.149s] Level 1:colcon.colcon_core.package_identification:_identify(src/crazyswarm2) by extension 'python_setup_py'
[0.149s] Level 1:colcon.colcon_core.package_identification:_identify(src/crazyswarm2/crazyflie) by extensions ['ignore', 'ignore_ament_install']
[0.149s] Level 1:colcon.colcon_core.package_identification:_identify(src/crazyswarm2/crazyflie) by extension 'ignore'
[0.149s] Level 1:colcon.colcon_core.package_identification:_identify(src/crazyswarm2/crazyflie) by extension 'ignore_ament_install'
[0.150s] Level 1:colcon.colcon_core.package_identification:_identify(src/crazyswarm2/crazyflie) by extensions ['colcon_pkg']
[0.150s] Level 1:colcon.colcon_core.package_identification:_identify(src/crazyswarm2/crazyflie) by extension 'colcon_pkg'
[0.150s] Level 1:colcon.colcon_core.package_identification:_identify(src/crazyswarm2/crazyflie) by extensions ['colcon_meta']
[0.150s] Level 1:colcon.colcon_core.package_identification:_identify(src/crazyswarm2/crazyflie) by extension 'colcon_meta'
[0.150s] Level 1:colcon.colcon_core.package_identification:_identify(src/crazyswarm2/crazyflie) by extensions ['ros']
[0.150s] Level 1:colcon.colcon_core.package_identification:_identify(src/crazyswarm2/crazyflie) by extension 'ros'
[0.150s] DEBUG:colcon.colcon_core.package_identification:Package 'src/crazyswarm2/crazyflie' with type 'ros.ament_cmake' and name 'crazyflie'
[0.151s] Level 1:colcon.colcon_core.package_identification:_identify(src/crazyswarm2/crazyflie_description) by extensions ['ignore', 'ignore_ament_install']
[0.151s] Level 1:colcon.colcon_core.package_identification:_identify(src/crazyswarm2/crazyflie_description) by extension 'ignore'
[0.151s] Level 1:colcon.colcon_core.package_identification:_identify(src/crazyswarm2/crazyflie_description) by extension 'ignore_ament_install'
[0.151s] Level 1:colcon.colcon_core.package_identification:_identify(src/crazyswarm2/crazyflie_description) by extensions ['colcon_pkg']
[0.151s] Level 1:colcon.colcon_core.package_identification:_identify(src/crazyswarm2/crazyflie_description) by extension 'colcon_pkg'
[0.151s] Level 1:colcon.colcon_core.package_identification:_identify(src/crazyswarm2/crazyflie_description) by extensions ['colcon_meta']
[0.151s] Level 1:colcon.colcon_core.package_identification:_identify(src/crazyswarm2/crazyflie_description) by extension 'colcon_meta'
[0.151s] Level 1:colcon.colcon_core.package_identification:_identify(src/crazyswarm2/crazyflie_description) by extensions ['ros']
[0.151s] Level 1:colcon.colcon_core.package_identification:_identify(src/crazyswarm2/crazyflie_description) by extension 'ros'
[0.151s] DEBUG:colcon.colcon_core.package_identification:Package 'src/crazyswarm2/crazyflie_description' with type 'ros.ament_cmake' and name 'crazyflie_description'
[0.151s] Level 1:colcon.colcon_core.package_identification:_identify(src/crazyswarm2/crazyflie_examples) by extensions ['ignore', 'ignore_ament_install']
[0.151s] Level 1:colcon.colcon_core.package_identification:_identify(src/crazyswarm2/crazyflie_examples) by extension 'ignore'
[0.151s] Level 1:colcon.colcon_core.package_identification:_identify(src/crazyswarm2/crazyflie_examples) by extension 'ignore_ament_install'
[0.151s] Level 1:colcon.colcon_core.package_identification:_identify(src/crazyswarm2/crazyflie_examples) by extensions ['colcon_pkg']
[0.151s] Level 1:colcon.colcon_core.package_identification:_identify(src/crazyswarm2/crazyflie_examples) by extension 'colcon_pkg'
[0.151s] Level 1:colcon.colcon_core.package_identification:_identify(src/crazyswarm2/crazyflie_examples) by extensions ['colcon_meta']
[0.151s] Level 1:colcon.colcon_core.package_identification:_identify(src/crazyswarm2/crazyflie_examples) by extension 'colcon_meta'
[0.151s] Level 1:colcon.colcon_core.package_identification:_identify(src/crazyswarm2/crazyflie_examples) by extensions ['ros']
[0.151s] Level 1:colcon.colcon_core.package_identification:_identify(src/crazyswarm2/crazyflie_examples) by extension 'ros'
[0.152s] DEBUG:colcon.colcon_core.package_identification:Package 'src/crazyswarm2/crazyflie_examples' with type 'ros.ament_cmake' and name 'crazyflie_examples'
[0.152s] Level 1:colcon.colcon_core.package_identification:_identify(src/crazyswarm2/crazyflie_interfaces) by extensions ['ignore', 'ignore_ament_install']
[0.152s] Level 1:colcon.colcon_core.package_identification:_identify(src/crazyswarm2/crazyflie_interfaces) by extension 'ignore'
[0.152s] Level 1:colcon.colcon_core.package_identification:_identify(src/crazyswarm2/crazyflie_interfaces) by extension 'ignore_ament_install'
[0.152s] Level 1:colcon.colcon_core.package_identification:_identify(src/crazyswarm2/crazyflie_interfaces) by extensions ['colcon_pkg']
[0.152s] Level 1:colcon.colcon_core.package_identification:_identify(src/crazyswarm2/crazyflie_interfaces) by extension 'colcon_pkg'
[0.152s] Level 1:colcon.colcon_core.package_identification:_identify(src/crazyswarm2/crazyflie_interfaces) by extensions ['colcon_meta']
[0.152s] Level 1:colcon.colcon_core.package_identification:_identify(src/crazyswarm2/crazyflie_interfaces) by extension 'colcon_meta'
[0.152s] Level 1:colcon.colcon_core.package_identification:_identify(src/crazyswarm2/crazyflie_interfaces) by extensions ['ros']
[0.152s] Level 1:colcon.colcon_core.package_identification:_identify(src/crazyswarm2/crazyflie_interfaces) by extension 'ros'
[0.153s] DEBUG:colcon.colcon_core.package_identification:Package 'src/crazyswarm2/crazyflie_interfaces' with type 'ros.ament_cmake' and name 'crazyflie_interfaces'
[0.153s] Level 1:colcon.colcon_core.package_identification:_identify(src/crazyswarm2/crazyflie_py) by extensions ['ignore', 'ignore_ament_install']
[0.153s] Level 1:colcon.colcon_core.package_identification:_identify(src/crazyswarm2/crazyflie_py) by extension 'ignore'
[0.153s] Level 1:colcon.colcon_core.package_identification:_identify(src/crazyswarm2/crazyflie_py) by extension 'ignore_ament_install'
[0.153s] Level 1:colcon.colcon_core.package_identification:_identify(src/crazyswarm2/crazyflie_py) by extensions ['colcon_pkg']
[0.153s] Level 1:colcon.colcon_core.package_identification:_identify(src/crazyswarm2/crazyflie_py) by extension 'colcon_pkg'
[0.153s] Level 1:colcon.colcon_core.package_identification:_identify(src/crazyswarm2/crazyflie_py) by extensions ['colcon_meta']
[0.153s] Level 1:colcon.colcon_core.package_identification:_identify(src/crazyswarm2/crazyflie_py) by extension 'colcon_meta'
[0.153s] Level 1:colcon.colcon_core.package_identification:_identify(src/crazyswarm2/crazyflie_py) by extensions ['ros']
[0.153s] Level 1:colcon.colcon_core.package_identification:_identify(src/crazyswarm2/crazyflie_py) by extension 'ros'
[0.154s] DEBUG:colcon.colcon_core.package_identification:Package 'src/crazyswarm2/crazyflie_py' with type 'ros.ament_python' and name 'crazyflie_py'
[0.154s] Level 1:colcon.colcon_core.package_identification:_identify(src/crazyswarm2/crazyflie_server_py) by extensions ['ignore', 'ignore_ament_install']
[0.154s] Level 1:colcon.colcon_core.package_identification:_identify(src/crazyswarm2/crazyflie_server_py) by extension 'ignore'
[0.154s] Level 1:colcon.colcon_core.package_identification:_identify(src/crazyswarm2/crazyflie_server_py) by extension 'ignore_ament_install'
[0.154s] Level 1:colcon.colcon_core.package_identification:_identify(src/crazyswarm2/crazyflie_server_py) by extensions ['colcon_pkg']
[0.154s] Level 1:colcon.colcon_core.package_identification:_identify(src/crazyswarm2/crazyflie_server_py) by extension 'colcon_pkg'
[0.154s] Level 1:colcon.colcon_core.package_identification:_identify(src/crazyswarm2/crazyflie_server_py) by extensions ['colcon_meta']
[0.154s] Level 1:colcon.colcon_core.package_identification:_identify(src/crazyswarm2/crazyflie_server_py) by extension 'colcon_meta'
[0.154s] Level 1:colcon.colcon_core.package_identification:_identify(src/crazyswarm2/crazyflie_server_py) by extensions ['ros']
[0.154s] Level 1:colcon.colcon_core.package_identification:_identify(src/crazyswarm2/crazyflie_server_py) by extension 'ros'
[0.155s] DEBUG:colcon.colcon_core.package_identification:Package 'src/crazyswarm2/crazyflie_server_py' with type 'ros.ament_python' and name 'crazyflie_server_py'
[0.155s] Level 1:colcon.colcon_core.package_identification:_identify(src/crazyswarm2/crazyflie_sim) by extensions ['ignore', 'ignore_ament_install']
[0.155s] Level 1:colcon.colcon_core.package_identification:_identify(src/crazyswarm2/crazyflie_sim) by extension 'ignore'
[0.155s] Level 1:colcon.colcon_core.package_identification:_identify(src/crazyswarm2/crazyflie_sim) by extension 'ignore_ament_install'
[0.155s] Level 1:colcon.colcon_core.package_identification:_identify(src/crazyswarm2/crazyflie_sim) by extensions ['colcon_pkg']
[0.155s] Level 1:colcon.colcon_core.package_identification:_identify(src/crazyswarm2/crazyflie_sim) by extension 'colcon_pkg'
[0.155s] Level 1:colcon.colcon_core.package_identification:_identify(src/crazyswarm2/crazyflie_sim) by extensions ['colcon_meta']
[0.155s] Level 1:colcon.colcon_core.package_identification:_identify(src/crazyswarm2/crazyflie_sim) by extension 'colcon_meta'
[0.155s] Level 1:colcon.colcon_core.package_identification:_identify(src/crazyswarm2/crazyflie_sim) by extensions ['ros']
[0.155s] Level 1:colcon.colcon_core.package_identification:_identify(src/crazyswarm2/crazyflie_sim) by extension 'ros'
[0.156s] DEBUG:colcon.colcon_core.package_identification:Package 'src/crazyswarm2/crazyflie_sim' with type 'ros.ament_cmake' and name 'crazyflie_sim'
[0.156s] Level 1:colcon.colcon_core.package_identification:_identify(src/crazyswarm2/docs) by extensions ['ignore', 'ignore_ament_install']
[0.156s] Level 1:colcon.colcon_core.package_identification:_identify(src/crazyswarm2/docs) by extension 'ignore'
[0.156s] Level 1:colcon.colcon_core.package_identification:_identify(src/crazyswarm2/docs) by extension 'ignore_ament_install'
[0.156s] Level 1:colcon.colcon_core.package_identification:_identify(src/crazyswarm2/docs) by extensions ['colcon_pkg']
[0.156s] Level 1:colcon.colcon_core.package_identification:_identify(src/crazyswarm2/docs) by extension 'colcon_pkg'
[0.156s] Level 1:colcon.colcon_core.package_identification:_identify(src/crazyswarm2/docs) by extensions ['colcon_meta']
[0.156s] Level 1:colcon.colcon_core.package_identification:_identify(src/crazyswarm2/docs) by extension 'colcon_meta'
[0.156s] Level 1:colcon.colcon_core.package_identification:_identify(src/crazyswarm2/docs) by extensions ['ros']
[0.156s] Level 1:colcon.colcon_core.package_identification:_identify(src/crazyswarm2/docs) by extension 'ros'
[0.156s] Level 1:colcon.colcon_core.package_identification:_identify(src/crazyswarm2/docs) by extensions ['cmake', 'python']
[0.156s] Level 1:colcon.colcon_core.package_identification:_identify(src/crazyswarm2/docs) by extension 'cmake'
[0.156s] Level 1:colcon.colcon_core.package_identification:_identify(src/crazyswarm2/docs) by extension 'python'
[0.156s] Level 1:colcon.colcon_core.package_identification:_identify(src/crazyswarm2/docs) by extensions ['python_setup_py']
[0.156s] Level 1:colcon.colcon_core.package_identification:_identify(src/crazyswarm2/docs) by extension 'python_setup_py'
[0.156s] Level 1:colcon.colcon_core.package_identification:_identify(src/crazyswarm2/docs/generated) by extensions ['ignore', 'ignore_ament_install']
[0.156s] Level 1:colcon.colcon_core.package_identification:_identify(src/crazyswarm2/docs/generated) by extension 'ignore'
[0.157s] Level 1:colcon.colcon_core.package_identification:_identify(src/crazyswarm2/docs/generated) by extension 'ignore_ament_install'
[0.157s] Level 1:colcon.colcon_core.package_identification:_identify(src/crazyswarm2/docs/generated) by extensions ['colcon_pkg']
[0.157s] Level 1:colcon.colcon_core.package_identification:_identify(src/crazyswarm2/docs/generated) by extension 'colcon_pkg'
[0.157s] Level 1:colcon.colcon_core.package_identification:_identify(src/crazyswarm2/docs/generated) by extensions ['colcon_meta']
[0.157s] Level 1:colcon.colcon_core.package_identification:_identify(src/crazyswarm2/docs/generated) by extension 'colcon_meta'
[0.157s] Level 1:colcon.colcon_core.package_identification:_identify(src/crazyswarm2/docs/generated) by extensions ['ros']
[0.157s] Level 1:colcon.colcon_core.package_identification:_identify(src/crazyswarm2/docs/generated) by extension 'ros'
[0.157s] Level 1:colcon.colcon_core.package_identification:_identify(src/crazyswarm2/docs/generated) by extensions ['cmake', 'python']
[0.157s] Level 1:colcon.colcon_core.package_identification:_identify(src/crazyswarm2/docs/generated) by extension 'cmake'
[0.157s] Level 1:colcon.colcon_core.package_identification:_identify(src/crazyswarm2/docs/generated) by extension 'python'
[0.157s] Level 1:colcon.colcon_core.package_identification:_identify(src/crazyswarm2/docs/generated) by extensions ['python_setup_py']
[0.157s] Level 1:colcon.colcon_core.package_identification:_identify(src/crazyswarm2/docs/generated) by extension 'python_setup_py'
[0.157s] Level 1:colcon.colcon_core.package_identification:_identify(src/crazyswarm2/docs/howto) by extensions ['ignore', 'ignore_ament_install']
[0.157s] Level 1:colcon.colcon_core.package_identification:_identify(src/crazyswarm2/docs/howto) by extension 'ignore'
[0.157s] Level 1:colcon.colcon_core.package_identification:_identify(src/crazyswarm2/docs/howto) by extension 'ignore_ament_install'
[0.157s] Level 1:colcon.colcon_core.package_identification:_identify(src/crazyswarm2/docs/howto) by extensions ['colcon_pkg']
[0.157s] Level 1:colcon.colcon_core.package_identification:_identify(src/crazyswarm2/docs/howto) by extension 'colcon_pkg'
[0.157s] Level 1:colcon.colcon_core.package_identification:_identify(src/crazyswarm2/docs/howto) by extensions ['colcon_meta']
[0.157s] Level 1:colcon.colcon_core.package_identification:_identify(src/crazyswarm2/docs/howto) by extension 'colcon_meta'
[0.157s] Level 1:colcon.colcon_core.package_identification:_identify(src/crazyswarm2/docs/howto) by extensions ['ros']
[0.157s] Level 1:colcon.colcon_core.package_identification:_identify(src/crazyswarm2/docs/howto) by extension 'ros'
[0.157s] Level 1:colcon.colcon_core.package_identification:_identify(src/crazyswarm2/docs/howto) by extensions ['cmake', 'python']
[0.157s] Level 1:colcon.colcon_core.package_identification:_identify(src/crazyswarm2/docs/howto) by extension 'cmake'
[0.157s] Level 1:colcon.colcon_core.package_identification:_identify(src/crazyswarm2/docs/howto) by extension 'python'
[0.157s] Level 1:colcon.colcon_core.package_identification:_identify(src/crazyswarm2/docs/howto) by extensions ['python_setup_py']
[0.157s] Level 1:colcon.colcon_core.package_identification:_identify(src/crazyswarm2/docs/howto) by extension 'python_setup_py'
[0.157s] Level 1:colcon.colcon_core.package_identification:_identify(src/crazyswarm2/docs/images) by extensions ['ignore', 'ignore_ament_install']
[0.157s] Level 1:colcon.colcon_core.package_identification:_identify(src/crazyswarm2/docs/images) by extension 'ignore'
[0.157s] Level 1:colcon.colcon_core.package_identification:_identify(src/crazyswarm2/docs/images) by extension 'ignore_ament_install'
[0.157s] Level 1:colcon.colcon_core.package_identification:_identify(src/crazyswarm2/docs/images) by extensions ['colcon_pkg']
[0.158s] Level 1:colcon.colcon_core.package_identification:_identify(src/crazyswarm2/docs/images) by extension 'colcon_pkg'
[0.158s] Level 1:colcon.colcon_core.package_identification:_identify(src/crazyswarm2/docs/images) by extensions ['colcon_meta']
[0.158s] Level 1:colcon.colcon_core.package_identification:_identify(src/crazyswarm2/docs/images) by extension 'colcon_meta'
[0.158s] Level 1:colcon.colcon_core.package_identification:_identify(src/crazyswarm2/docs/images) by extensions ['ros']
[0.158s] Level 1:colcon.colcon_core.package_identification:_identify(src/crazyswarm2/docs/images) by extension 'ros'
[0.158s] Level 1:colcon.colcon_core.package_identification:_identify(src/crazyswarm2/docs/images) by extensions ['cmake', 'python']
[0.158s] Level 1:colcon.colcon_core.package_identification:_identify(src/crazyswarm2/docs/images) by extension 'cmake'
[0.158s] Level 1:colcon.colcon_core.package_identification:_identify(src/crazyswarm2/docs/images) by extension 'python'
[0.158s] Level 1:colcon.colcon_core.package_identification:_identify(src/crazyswarm2/docs/images) by extensions ['python_setup_py']
[0.158s] Level 1:colcon.colcon_core.package_identification:_identify(src/crazyswarm2/docs/images) by extension 'python_setup_py'
[0.158s] Level 1:colcon.colcon_core.package_identification:_identify(src/crazyswarm2/docs/tutorials) by extensions ['ignore', 'ignore_ament_install']
[0.158s] Level 1:colcon.colcon_core.package_identification:_identify(src/crazyswarm2/docs/tutorials) by extension 'ignore'
[0.158s] Level 1:colcon.colcon_core.package_identification:_identify(src/crazyswarm2/docs/tutorials) by extension 'ignore_ament_install'
[0.158s] Level 1:colcon.colcon_core.package_identification:_identify(src/crazyswarm2/docs/tutorials) by extensions ['colcon_pkg']
[0.158s] Level 1:colcon.colcon_core.package_identification:_identify(src/crazyswarm2/docs/tutorials) by extension 'colcon_pkg'
[0.158s] Level 1:colcon.colcon_core.package_identification:_identify(src/crazyswarm2/docs/tutorials) by extensions ['colcon_meta']
[0.158s] Level 1:colcon.colcon_core.package_identification:_identify(src/crazyswarm2/docs/tutorials) by extension 'colcon_meta'
[0.158s] Level 1:colcon.colcon_core.package_identification:_identify(src/crazyswarm2/docs/tutorials) by extensions ['ros']
[0.158s] Level 1:colcon.colcon_core.package_identification:_identify(src/crazyswarm2/docs/tutorials) by extension 'ros'
[0.158s] Level 1:colcon.colcon_core.package_identification:_identify(src/crazyswarm2/docs/tutorials) by extensions ['cmake', 'python']
[0.158s] Level 1:colcon.colcon_core.package_identification:_identify(src/crazyswarm2/docs/tutorials) by extension 'cmake'
[0.158s] Level 1:colcon.colcon_core.package_identification:_identify(src/crazyswarm2/docs/tutorials) by extension 'python'
[0.158s] Level 1:colcon.colcon_core.package_identification:_identify(src/crazyswarm2/docs/tutorials) by extensions ['python_setup_py']
[0.158s] Level 1:colcon.colcon_core.package_identification:_identify(src/crazyswarm2/docs/tutorials) by extension 'python_setup_py'
[0.158s] Level 1:colcon.colcon_core.package_identification:_identify(src/crazyswarm2/docs2) by extensions ['ignore', 'ignore_ament_install']
[0.158s] Level 1:colcon.colcon_core.package_identification:_identify(src/crazyswarm2/docs2) by extension 'ignore'
[0.158s] Level 1:colcon.colcon_core.package_identification:_identify(src/crazyswarm2/docs2) by extension 'ignore_ament_install'
[0.158s] Level 1:colcon.colcon_core.package_identification:_identify(src/crazyswarm2/docs2) by extensions ['colcon_pkg']
[0.158s] Level 1:colcon.colcon_core.package_identification:_identify(src/crazyswarm2/docs2) by extension 'colcon_pkg'
[0.158s] Level 1:colcon.colcon_core.package_identification:_identify(src/crazyswarm2/docs2) by extensions ['colcon_meta']
[0.158s] Level 1:colcon.colcon_core.package_identification:_identify(src/crazyswarm2/docs2) by extension 'colcon_meta'
[0.158s] Level 1:colcon.colcon_core.package_identification:_identify(src/crazyswarm2/docs2) by extensions ['ros']
[0.159s] Level 1:colcon.colcon_core.package_identification:_identify(src/crazyswarm2/docs2) by extension 'ros'
[0.159s] Level 1:colcon.colcon_core.package_identification:_identify(src/crazyswarm2/docs2) by extensions ['cmake', 'python']
[0.159s] Level 1:colcon.colcon_core.package_identification:_identify(src/crazyswarm2/docs2) by extension 'cmake'
[0.159s] Level 1:colcon.colcon_core.package_identification:_identify(src/crazyswarm2/docs2) by extension 'python'
[0.159s] Level 1:colcon.colcon_core.package_identification:_identify(src/crazyswarm2/docs2) by extensions ['python_setup_py']
[0.159s] Level 1:colcon.colcon_core.package_identification:_identify(src/crazyswarm2/docs2) by extension 'python_setup_py'
[0.159s] Level 1:colcon.colcon_core.package_identification:_identify(src/crazyswarm2/docs2/images) by extensions ['ignore', 'ignore_ament_install']
[0.159s] Level 1:colcon.colcon_core.package_identification:_identify(src/crazyswarm2/docs2/images) by extension 'ignore'
[0.159s] Level 1:colcon.colcon_core.package_identification:_identify(src/crazyswarm2/docs2/images) by extension 'ignore_ament_install'
[0.159s] Level 1:colcon.colcon_core.package_identification:_identify(src/crazyswarm2/docs2/images) by extensions ['colcon_pkg']
[0.159s] Level 1:colcon.colcon_core.package_identification:_identify(src/crazyswarm2/docs2/images) by extension 'colcon_pkg'
[0.159s] Level 1:colcon.colcon_core.package_identification:_identify(src/crazyswarm2/docs2/images) by extensions ['colcon_meta']
[0.159s] Level 1:colcon.colcon_core.package_identification:_identify(src/crazyswarm2/docs2/images) by extension 'colcon_meta'
[0.159s] Level 1:colcon.colcon_core.package_identification:_identify(src/crazyswarm2/docs2/images) by extensions ['ros']
[0.159s] Level 1:colcon.colcon_core.package_identification:_identify(src/crazyswarm2/docs2/images) by extension 'ros'
[0.159s] Level 1:colcon.colcon_core.package_identification:_identify(src/crazyswarm2/docs2/images) by extensions ['cmake', 'python']
[0.159s] Level 1:colcon.colcon_core.package_identification:_identify(src/crazyswarm2/docs2/images) by extension 'cmake'
[0.159s] Level 1:colcon.colcon_core.package_identification:_identify(src/crazyswarm2/docs2/images) by extension 'python'
[0.159s] Level 1:colcon.colcon_core.package_identification:_identify(src/crazyswarm2/docs2/images) by extensions ['python_setup_py']
[0.159s] Level 1:colcon.colcon_core.package_identification:_identify(src/crazyswarm2/docs2/images) by extension 'python_setup_py'
[0.159s] Level 1:colcon.colcon_core.package_identification:_identify(src/crazyswarm2/prebuilt) by extensions ['ignore', 'ignore_ament_install']
[0.159s] Level 1:colcon.colcon_core.package_identification:_identify(src/crazyswarm2/prebuilt) by extension 'ignore'
[0.159s] Level 1:colcon.colcon_core.package_identification:_identify(src/crazyswarm2/prebuilt) by extension 'ignore_ament_install'
[0.159s] Level 1:colcon.colcon_core.package_identification:_identify(src/crazyswarm2/prebuilt) by extensions ['colcon_pkg']
[0.159s] Level 1:colcon.colcon_core.package_identification:_identify(src/crazyswarm2/prebuilt) by extension 'colcon_pkg'
[0.159s] Level 1:colcon.colcon_core.package_identification:_identify(src/crazyswarm2/prebuilt) by extensions ['colcon_meta']
[0.159s] Level 1:colcon.colcon_core.package_identification:_identify(src/crazyswarm2/prebuilt) by extension 'colcon_meta'
[0.159s] Level 1:colcon.colcon_core.package_identification:_identify(src/crazyswarm2/prebuilt) by extensions ['ros']
[0.159s] Level 1:colcon.colcon_core.package_identification:_identify(src/crazyswarm2/prebuilt) by extension 'ros'
[0.159s] Level 1:colcon.colcon_core.package_identification:_identify(src/crazyswarm2/prebuilt) by extensions ['cmake', 'python']
[0.159s] Level 1:colcon.colcon_core.package_identification:_identify(src/crazyswarm2/prebuilt) by extension 'cmake'
[0.159s] Level 1:colcon.colcon_core.package_identification:_identify(src/crazyswarm2/prebuilt) by extension 'python'
[0.160s] Level 1:colcon.colcon_core.package_identification:_identify(src/crazyswarm2/prebuilt) by extensions ['python_setup_py']
[0.160s] Level 1:colcon.colcon_core.package_identification:_identify(src/crazyswarm2/prebuilt) by extension 'python_setup_py'
[0.160s] Level 1:colcon.colcon_core.package_identification:_identify(src/crazyswarm2/ros_ws) by extensions ['ignore', 'ignore_ament_install']
[0.160s] Level 1:colcon.colcon_core.package_identification:_identify(src/crazyswarm2/ros_ws) by extension 'ignore'
[0.160s] Level 1:colcon.colcon_core.package_identification:_identify(src/crazyswarm2/ros_ws) by extension 'ignore_ament_install'
[0.160s] Level 1:colcon.colcon_core.package_identification:_identify(src/crazyswarm2/ros_ws) by extensions ['colcon_pkg']
[0.160s] Level 1:colcon.colcon_core.package_identification:_identify(src/crazyswarm2/ros_ws) by extension 'colcon_pkg'
[0.160s] Level 1:colcon.colcon_core.package_identification:_identify(src/crazyswarm2/ros_ws) by extensions ['colcon_meta']
[0.160s] Level 1:colcon.colcon_core.package_identification:_identify(src/crazyswarm2/ros_ws) by extension 'colcon_meta'
[0.160s] Level 1:colcon.colcon_core.package_identification:_identify(src/crazyswarm2/ros_ws) by extensions ['ros']
[0.160s] Level 1:colcon.colcon_core.package_identification:_identify(src/crazyswarm2/ros_ws) by extension 'ros'
[0.160s] Level 1:colcon.colcon_core.package_identification:_identify(src/crazyswarm2/ros_ws) by extensions ['cmake', 'python']
[0.160s] Level 1:colcon.colcon_core.package_identification:_identify(src/crazyswarm2/ros_ws) by extension 'cmake'
[0.160s] Level 1:colcon.colcon_core.package_identification:_identify(src/crazyswarm2/ros_ws) by extension 'python'
[0.160s] Level 1:colcon.colcon_core.package_identification:_identify(src/crazyswarm2/ros_ws) by extensions ['python_setup_py']
[0.160s] Level 1:colcon.colcon_core.package_identification:_identify(src/crazyswarm2/ros_ws) by extension 'python_setup_py'
[0.160s] Level 1:colcon.colcon_core.package_identification:_identify(src/crazyswarm2/ros_ws/src) by extensions ['ignore', 'ignore_ament_install']
[0.160s] Level 1:colcon.colcon_core.package_identification:_identify(src/crazyswarm2/ros_ws/src) by extension 'ignore'
[0.160s] Level 1:colcon.colcon_core.package_identification:_identify(src/crazyswarm2/ros_ws/src) by extension 'ignore_ament_install'
[0.160s] Level 1:colcon.colcon_core.package_identification:_identify(src/crazyswarm2/ros_ws/src) by extensions ['colcon_pkg']
[0.160s] Level 1:colcon.colcon_core.package_identification:_identify(src/crazyswarm2/ros_ws/src) by extension 'colcon_pkg'
[0.160s] Level 1:colcon.colcon_core.package_identification:_identify(src/crazyswarm2/ros_ws/src) by extensions ['colcon_meta']
[0.160s] Level 1:colcon.colcon_core.package_identification:_identify(src/crazyswarm2/ros_ws/src) by extension 'colcon_meta'
[0.160s] Level 1:colcon.colcon_core.package_identification:_identify(src/crazyswarm2/ros_ws/src) by extensions ['ros']
[0.160s] Level 1:colcon.colcon_core.package_identification:_identify(src/crazyswarm2/ros_ws/src) by extension 'ros'
[0.160s] Level 1:colcon.colcon_core.package_identification:_identify(src/crazyswarm2/ros_ws/src) by extensions ['cmake', 'python']
[0.160s] Level 1:colcon.colcon_core.package_identification:_identify(src/crazyswarm2/ros_ws/src) by extension 'cmake'
[0.160s] Level 1:colcon.colcon_core.package_identification:_identify(src/crazyswarm2/ros_ws/src) by extension 'python'
[0.160s] Level 1:colcon.colcon_core.package_identification:_identify(src/crazyswarm2/ros_ws/src) by extensions ['python_setup_py']
[0.160s] Level 1:colcon.colcon_core.package_identification:_identify(src/crazyswarm2/ros_ws/src) by extension 'python_setup_py'
[0.160s] Level 1:colcon.colcon_core.package_identification:_identify(src/crazyswarm2/ros_ws/src/crazyswarm) by extensions ['ignore', 'ignore_ament_install']
[0.161s] Level 1:colcon.colcon_core.package_identification:_identify(src/crazyswarm2/ros_ws/src/crazyswarm) by extension 'ignore'
[0.161s] Level 1:colcon.colcon_core.package_identification:_identify(src/crazyswarm2/ros_ws/src/crazyswarm) by extension 'ignore_ament_install'
[0.161s] Level 1:colcon.colcon_core.package_identification:_identify(src/crazyswarm2/ros_ws/src/crazyswarm) by extensions ['colcon_pkg']
[0.161s] Level 1:colcon.colcon_core.package_identification:_identify(src/crazyswarm2/ros_ws/src/crazyswarm) by extension 'colcon_pkg'
[0.161s] Level 1:colcon.colcon_core.package_identification:_identify(src/crazyswarm2/ros_ws/src/crazyswarm) by extensions ['colcon_meta']
[0.161s] Level 1:colcon.colcon_core.package_identification:_identify(src/crazyswarm2/ros_ws/src/crazyswarm) by extension 'colcon_meta'
[0.161s] Level 1:colcon.colcon_core.package_identification:_identify(src/crazyswarm2/ros_ws/src/crazyswarm) by extensions ['ros']
[0.161s] Level 1:colcon.colcon_core.package_identification:_identify(src/crazyswarm2/ros_ws/src/crazyswarm) by extension 'ros'
[0.161s] Level 1:colcon.colcon_core.package_identification:_identify(src/crazyswarm2/ros_ws/src/crazyswarm) by extensions ['cmake', 'python']
[0.161s] Level 1:colcon.colcon_core.package_identification:_identify(src/crazyswarm2/ros_ws/src/crazyswarm) by extension 'cmake'
[0.161s] Level 1:colcon.colcon_core.package_identification:_identify(src/crazyswarm2/ros_ws/src/crazyswarm) by extension 'python'
[0.161s] Level 1:colcon.colcon_core.package_identification:_identify(src/crazyswarm2/ros_ws/src/crazyswarm) by extensions ['python_setup_py']
[0.161s] Level 1:colcon.colcon_core.package_identification:_identify(src/crazyswarm2/ros_ws/src/crazyswarm) by extension 'python_setup_py'
[0.161s] Level 1:colcon.colcon_core.package_identification:_identify(src/crazyswarm2/ros_ws/src/crazyswarm/launch) by extensions ['ignore', 'ignore_ament_install']
[0.161s] Level 1:colcon.colcon_core.package_identification:_identify(src/crazyswarm2/ros_ws/src/crazyswarm/launch) by extension 'ignore'
[0.161s] Level 1:colcon.colcon_core.package_identification:_identify(src/crazyswarm2/ros_ws/src/crazyswarm/launch) by extension 'ignore_ament_install'
[0.161s] Level 1:colcon.colcon_core.package_identification:_identify(src/crazyswarm2/ros_ws/src/crazyswarm/launch) by extensions ['colcon_pkg']
[0.161s] Level 1:colcon.colcon_core.package_identification:_identify(src/crazyswarm2/ros_ws/src/crazyswarm/launch) by extension 'colcon_pkg'
[0.161s] Level 1:colcon.colcon_core.package_identification:_identify(src/crazyswarm2/ros_ws/src/crazyswarm/launch) by extensions ['colcon_meta']
[0.161s] Level 1:colcon.colcon_core.package_identification:_identify(src/crazyswarm2/ros_ws/src/crazyswarm/launch) by extension 'colcon_meta'
[0.161s] Level 1:colcon.colcon_core.package_identification:_identify(src/crazyswarm2/ros_ws/src/crazyswarm/launch) by extensions ['ros']
[0.161s] Level 1:colcon.colcon_core.package_identification:_identify(src/crazyswarm2/ros_ws/src/crazyswarm/launch) by extension 'ros'
[0.161s] Level 1:colcon.colcon_core.package_identification:_identify(src/crazyswarm2/ros_ws/src/crazyswarm/launch) by extensions ['cmake', 'python']
[0.161s] Level 1:colcon.colcon_core.package_identification:_identify(src/crazyswarm2/ros_ws/src/crazyswarm/launch) by extension 'cmake'
[0.161s] Level 1:colcon.colcon_core.package_identification:_identify(src/crazyswarm2/ros_ws/src/crazyswarm/launch) by extension 'python'
[0.161s] Level 1:colcon.colcon_core.package_identification:_identify(src/crazyswarm2/ros_ws/src/crazyswarm/launch) by extensions ['python_setup_py']
[0.161s] Level 1:colcon.colcon_core.package_identification:_identify(src/crazyswarm2/ros_ws/src/crazyswarm/launch) by extension 'python_setup_py'
[0.161s] Level 1:colcon.colcon_core.package_identification:_identify(src/crazyswarm2/ros_ws/src/crazyswarm/scripts) by extensions ['ignore', 'ignore_ament_install']
[0.161s] Level 1:colcon.colcon_core.package_identification:_identify(src/crazyswarm2/ros_ws/src/crazyswarm/scripts) by extension 'ignore'
[0.162s] Level 1:colcon.colcon_core.package_identification:_identify(src/crazyswarm2/ros_ws/src/crazyswarm/scripts) by extension 'ignore_ament_install'
[0.162s] Level 1:colcon.colcon_core.package_identification:_identify(src/crazyswarm2/ros_ws/src/crazyswarm/scripts) by extensions ['colcon_pkg']
[0.162s] Level 1:colcon.colcon_core.package_identification:_identify(src/crazyswarm2/ros_ws/src/crazyswarm/scripts) by extension 'colcon_pkg'
[0.162s] Level 1:colcon.colcon_core.package_identification:_identify(src/crazyswarm2/ros_ws/src/crazyswarm/scripts) by extensions ['colcon_meta']
[0.162s] Level 1:colcon.colcon_core.package_identification:_identify(src/crazyswarm2/ros_ws/src/crazyswarm/scripts) by extension 'colcon_meta'
[0.162s] Level 1:colcon.colcon_core.package_identification:_identify(src/crazyswarm2/ros_ws/src/crazyswarm/scripts) by extensions ['ros']
[0.162s] Level 1:colcon.colcon_core.package_identification:_identify(src/crazyswarm2/ros_ws/src/crazyswarm/scripts) by extension 'ros'
[0.162s] Level 1:colcon.colcon_core.package_identification:_identify(src/crazyswarm2/ros_ws/src/crazyswarm/scripts) by extensions ['cmake', 'python']
[0.162s] Level 1:colcon.colcon_core.package_identification:_identify(src/crazyswarm2/ros_ws/src/crazyswarm/scripts) by extension 'cmake'
[0.162s] Level 1:colcon.colcon_core.package_identification:_identify(src/crazyswarm2/ros_ws/src/crazyswarm/scripts) by extension 'python'
[0.162s] Level 1:colcon.colcon_core.package_identification:_identify(src/crazyswarm2/ros_ws/src/crazyswarm/scripts) by extensions ['python_setup_py']
[0.162s] Level 1:colcon.colcon_core.package_identification:_identify(src/crazyswarm2/ros_ws/src/crazyswarm/scripts) by extension 'python_setup_py'
[0.162s] Level 1:colcon.colcon_core.package_identification:_identify(src/crazyswarm2/ros_ws/src/crazyswarm/scripts/crossing2_pps) by extensions ['ignore', 'ignore_ament_install']
[0.162s] Level 1:colcon.colcon_core.package_identification:_identify(src/crazyswarm2/ros_ws/src/crazyswarm/scripts/crossing2_pps) by extension 'ignore'
[0.162s] Level 1:colcon.colcon_core.package_identification:_identify(src/crazyswarm2/ros_ws/src/crazyswarm/scripts/crossing2_pps) by extension 'ignore_ament_install'
[0.162s] Level 1:colcon.colcon_core.package_identification:_identify(src/crazyswarm2/ros_ws/src/crazyswarm/scripts/crossing2_pps) by extensions ['colcon_pkg']
[0.162s] Level 1:colcon.colcon_core.package_identification:_identify(src/crazyswarm2/ros_ws/src/crazyswarm/scripts/crossing2_pps) by extension 'colcon_pkg'
[0.162s] Level 1:colcon.colcon_core.package_identification:_identify(src/crazyswarm2/ros_ws/src/crazyswarm/scripts/crossing2_pps) by extensions ['colcon_meta']
[0.162s] Level 1:colcon.colcon_core.package_identification:_identify(src/crazyswarm2/ros_ws/src/crazyswarm/scripts/crossing2_pps) by extension 'colcon_meta'
[0.162s] Level 1:colcon.colcon_core.package_identification:_identify(src/crazyswarm2/ros_ws/src/crazyswarm/scripts/crossing2_pps) by extensions ['ros']
[0.162s] Level 1:colcon.colcon_core.package_identification:_identify(src/crazyswarm2/ros_ws/src/crazyswarm/scripts/crossing2_pps) by extension 'ros'
[0.162s] Level 1:colcon.colcon_core.package_identification:_identify(src/crazyswarm2/ros_ws/src/crazyswarm/scripts/crossing2_pps) by extensions ['cmake', 'python']
[0.162s] Level 1:colcon.colcon_core.package_identification:_identify(src/crazyswarm2/ros_ws/src/crazyswarm/scripts/crossing2_pps) by extension 'cmake'
[0.162s] Level 1:colcon.colcon_core.package_identification:_identify(src/crazyswarm2/ros_ws/src/crazyswarm/scripts/crossing2_pps) by extension 'python'
[0.162s] Level 1:colcon.colcon_core.package_identification:_identify(src/crazyswarm2/ros_ws/src/crazyswarm/scripts/crossing2_pps) by extensions ['python_setup_py']
[0.162s] Level 1:colcon.colcon_core.package_identification:_identify(src/crazyswarm2/ros_ws/src/crazyswarm/scripts/crossing2_pps) by extension 'python_setup_py'
[0.162s] Level 1:colcon.colcon_core.package_identification:_identify(src/crazyswarm2/ros_ws/src/crazyswarm/scripts/crossing4_pps) by extensions ['ignore', 'ignore_ament_install']
[0.162s] Level 1:colcon.colcon_core.package_identification:_identify(src/crazyswarm2/ros_ws/src/crazyswarm/scripts/crossing4_pps) by extension 'ignore'
[0.162s] Level 1:colcon.colcon_core.package_identification:_identify(src/crazyswarm2/ros_ws/src/crazyswarm/scripts/crossing4_pps) by extension 'ignore_ament_install'
[0.163s] Level 1:colcon.colcon_core.package_identification:_identify(src/crazyswarm2/ros_ws/src/crazyswarm/scripts/crossing4_pps) by extensions ['colcon_pkg']
[0.163s] Level 1:colcon.colcon_core.package_identification:_identify(src/crazyswarm2/ros_ws/src/crazyswarm/scripts/crossing4_pps) by extension 'colcon_pkg'
[0.163s] Level 1:colcon.colcon_core.package_identification:_identify(src/crazyswarm2/ros_ws/src/crazyswarm/scripts/crossing4_pps) by extensions ['colcon_meta']
[0.163s] Level 1:colcon.colcon_core.package_identification:_identify(src/crazyswarm2/ros_ws/src/crazyswarm/scripts/crossing4_pps) by extension 'colcon_meta'
[0.163s] Level 1:colcon.colcon_core.package_identification:_identify(src/crazyswarm2/ros_ws/src/crazyswarm/scripts/crossing4_pps) by extensions ['ros']
[0.163s] Level 1:colcon.colcon_core.package_identification:_identify(src/crazyswarm2/ros_ws/src/crazyswarm/scripts/crossing4_pps) by extension 'ros'
[0.163s] Level 1:colcon.colcon_core.package_identification:_identify(src/crazyswarm2/ros_ws/src/crazyswarm/scripts/crossing4_pps) by extensions ['cmake', 'python']
[0.163s] Level 1:colcon.colcon_core.package_identification:_identify(src/crazyswarm2/ros_ws/src/crazyswarm/scripts/crossing4_pps) by extension 'cmake'
[0.163s] Level 1:colcon.colcon_core.package_identification:_identify(src/crazyswarm2/ros_ws/src/crazyswarm/scripts/crossing4_pps) by extension 'python'
[0.163s] Level 1:colcon.colcon_core.package_identification:_identify(src/crazyswarm2/ros_ws/src/crazyswarm/scripts/crossing4_pps) by extensions ['python_setup_py']
[0.163s] Level 1:colcon.colcon_core.package_identification:_identify(src/crazyswarm2/ros_ws/src/crazyswarm/scripts/crossing4_pps) by extension 'python_setup_py'
[0.163s] Level 1:colcon.colcon_core.package_identification:_identify(src/crazyswarm2/ros_ws/src/crazyswarm/scripts/sequence_trajectories) by extensions ['ignore', 'ignore_ament_install']
[0.163s] Level 1:colcon.colcon_core.package_identification:_identify(src/crazyswarm2/ros_ws/src/crazyswarm/scripts/sequence_trajectories) by extension 'ignore'
[0.163s] Level 1:colcon.colcon_core.package_identification:_identify(src/crazyswarm2/ros_ws/src/crazyswarm/scripts/sequence_trajectories) by extension 'ignore_ament_install'
[0.163s] Level 1:colcon.colcon_core.package_identification:_identify(src/crazyswarm2/ros_ws/src/crazyswarm/scripts/sequence_trajectories) by extensions ['colcon_pkg']
[0.163s] Level 1:colcon.colcon_core.package_identification:_identify(src/crazyswarm2/ros_ws/src/crazyswarm/scripts/sequence_trajectories) by extension 'colcon_pkg'
[0.163s] Level 1:colcon.colcon_core.package_identification:_identify(src/crazyswarm2/ros_ws/src/crazyswarm/scripts/sequence_trajectories) by extensions ['colcon_meta']
[0.163s] Level 1:colcon.colcon_core.package_identification:_identify(src/crazyswarm2/ros_ws/src/crazyswarm/scripts/sequence_trajectories) by extension 'colcon_meta'
[0.163s] Level 1:colcon.colcon_core.package_identification:_identify(src/crazyswarm2/ros_ws/src/crazyswarm/scripts/sequence_trajectories) by extensions ['ros']
[0.163s] Level 1:colcon.colcon_core.package_identification:_identify(src/crazyswarm2/ros_ws/src/crazyswarm/scripts/sequence_trajectories) by extension 'ros'
[0.163s] Level 1:colcon.colcon_core.package_identification:_identify(src/crazyswarm2/ros_ws/src/crazyswarm/scripts/sequence_trajectories) by extensions ['cmake', 'python']
[0.163s] Level 1:colcon.colcon_core.package_identification:_identify(src/crazyswarm2/ros_ws/src/crazyswarm/scripts/sequence_trajectories) by extension 'cmake'
[0.163s] Level 1:colcon.colcon_core.package_identification:_identify(src/crazyswarm2/ros_ws/src/crazyswarm/scripts/sequence_trajectories) by extension 'python'
[0.163s] Level 1:colcon.colcon_core.package_identification:_identify(src/crazyswarm2/ros_ws/src/crazyswarm/scripts/sequence_trajectories) by extensions ['python_setup_py']
[0.163s] Level 1:colcon.colcon_core.package_identification:_identify(src/crazyswarm2/ros_ws/src/crazyswarm/scripts/sequence_trajectories) by extension 'python_setup_py'
[0.163s] Level 1:colcon.colcon_core.package_identification:_identify(src/crazyswarm2/ros_ws/src/crazyswarm/scripts/sequence_trajectories/1) by extensions ['ignore', 'ignore_ament_install']
[0.163s] Level 1:colcon.colcon_core.package_identification:_identify(src/crazyswarm2/ros_ws/src/crazyswarm/scripts/sequence_trajectories/1) by extension 'ignore'
[0.164s] Level 1:colcon.colcon_core.package_identification:_identify(src/crazyswarm2/ros_ws/src/crazyswarm/scripts/sequence_trajectories/1) by extension 'ignore_ament_install'
[0.164s] Level 1:colcon.colcon_core.package_identification:_identify(src/crazyswarm2/ros_ws/src/crazyswarm/scripts/sequence_trajectories/1) by extensions ['colcon_pkg']
[0.164s] Level 1:colcon.colcon_core.package_identification:_identify(src/crazyswarm2/ros_ws/src/crazyswarm/scripts/sequence_trajectories/1) by extension 'colcon_pkg'
[0.164s] Level 1:colcon.colcon_core.package_identification:_identify(src/crazyswarm2/ros_ws/src/crazyswarm/scripts/sequence_trajectories/1) by extensions ['colcon_meta']
[0.164s] Level 1:colcon.colcon_core.package_identification:_identify(src/crazyswarm2/ros_ws/src/crazyswarm/scripts/sequence_trajectories/1) by extension 'colcon_meta'
[0.164s] Level 1:colcon.colcon_core.package_identification:_identify(src/crazyswarm2/ros_ws/src/crazyswarm/scripts/sequence_trajectories/1) by extensions ['ros']
[0.164s] Level 1:colcon.colcon_core.package_identification:_identify(src/crazyswarm2/ros_ws/src/crazyswarm/scripts/sequence_trajectories/1) by extension 'ros'
[0.164s] Level 1:colcon.colcon_core.package_identification:_identify(src/crazyswarm2/ros_ws/src/crazyswarm/scripts/sequence_trajectories/1) by extensions ['cmake', 'python']
[0.164s] Level 1:colcon.colcon_core.package_identification:_identify(src/crazyswarm2/ros_ws/src/crazyswarm/scripts/sequence_trajectories/1) by extension 'cmake'
[0.164s] Level 1:colcon.colcon_core.package_identification:_identify(src/crazyswarm2/ros_ws/src/crazyswarm/scripts/sequence_trajectories/1) by extension 'python'
[0.164s] Level 1:colcon.colcon_core.package_identification:_identify(src/crazyswarm2/ros_ws/src/crazyswarm/scripts/sequence_trajectories/1) by extensions ['python_setup_py']
[0.164s] Level 1:colcon.colcon_core.package_identification:_identify(src/crazyswarm2/ros_ws/src/crazyswarm/scripts/sequence_trajectories/1) by extension 'python_setup_py'
[0.164s] Level 1:colcon.colcon_core.package_identification:_identify(src/crazyswarm2/ros_ws/src/crazyswarm/scripts/sequence_trajectories/2) by extensions ['ignore', 'ignore_ament_install']
[0.164s] Level 1:colcon.colcon_core.package_identification:_identify(src/crazyswarm2/ros_ws/src/crazyswarm/scripts/sequence_trajectories/2) by extension 'ignore'
[0.164s] Level 1:colcon.colcon_core.package_identification:_identify(src/crazyswarm2/ros_ws/src/crazyswarm/scripts/sequence_trajectories/2) by extension 'ignore_ament_install'
[0.164s] Level 1:colcon.colcon_core.package_identification:_identify(src/crazyswarm2/ros_ws/src/crazyswarm/scripts/sequence_trajectories/2) by extensions ['colcon_pkg']
[0.164s] Level 1:colcon.colcon_core.package_identification:_identify(src/crazyswarm2/ros_ws/src/crazyswarm/scripts/sequence_trajectories/2) by extension 'colcon_pkg'
[0.164s] Level 1:colcon.colcon_core.package_identification:_identify(src/crazyswarm2/ros_ws/src/crazyswarm/scripts/sequence_trajectories/2) by extensions ['colcon_meta']
[0.164s] Level 1:colcon.colcon_core.package_identification:_identify(src/crazyswarm2/ros_ws/src/crazyswarm/scripts/sequence_trajectories/2) by extension 'colcon_meta'
[0.164s] Level 1:colcon.colcon_core.package_identification:_identify(src/crazyswarm2/ros_ws/src/crazyswarm/scripts/sequence_trajectories/2) by extensions ['ros']
[0.164s] Level 1:colcon.colcon_core.package_identification:_identify(src/crazyswarm2/ros_ws/src/crazyswarm/scripts/sequence_trajectories/2) by extension 'ros'
[0.164s] Level 1:colcon.colcon_core.package_identification:_identify(src/crazyswarm2/ros_ws/src/crazyswarm/scripts/sequence_trajectories/2) by extensions ['cmake', 'python']
[0.164s] Level 1:colcon.colcon_core.package_identification:_identify(src/crazyswarm2/ros_ws/src/crazyswarm/scripts/sequence_trajectories/2) by extension 'cmake'
[0.164s] Level 1:colcon.colcon_core.package_identification:_identify(src/crazyswarm2/ros_ws/src/crazyswarm/scripts/sequence_trajectories/2) by extension 'python'
[0.164s] Level 1:colcon.colcon_core.package_identification:_identify(src/crazyswarm2/ros_ws/src/crazyswarm/scripts/sequence_trajectories/2) by extensions ['python_setup_py']
[0.164s] Level 1:colcon.colcon_core.package_identification:_identify(src/crazyswarm2/ros_ws/src/crazyswarm/scripts/sequence_trajectories/2) by extension 'python_setup_py'
[0.165s] Level 1:colcon.colcon_core.package_identification:_identify(src/crazyswarm2/ros_ws/src/crazyswarm/scripts/sequence_trajectories/3) by extensions ['ignore', 'ignore_ament_install']
[0.165s] Level 1:colcon.colcon_core.package_identification:_identify(src/crazyswarm2/ros_ws/src/crazyswarm/scripts/sequence_trajectories/3) by extension 'ignore'
[0.165s] Level 1:colcon.colcon_core.package_identification:_identify(src/crazyswarm2/ros_ws/src/crazyswarm/scripts/sequence_trajectories/3) by extension 'ignore_ament_install'
[0.165s] Level 1:colcon.colcon_core.package_identification:_identify(src/crazyswarm2/ros_ws/src/crazyswarm/scripts/sequence_trajectories/3) by extensions ['colcon_pkg']
[0.165s] Level 1:colcon.colcon_core.package_identification:_identify(src/crazyswarm2/ros_ws/src/crazyswarm/scripts/sequence_trajectories/3) by extension 'colcon_pkg'
[0.165s] Level 1:colcon.colcon_core.package_identification:_identify(src/crazyswarm2/ros_ws/src/crazyswarm/scripts/sequence_trajectories/3) by extensions ['colcon_meta']
[0.165s] Level 1:colcon.colcon_core.package_identification:_identify(src/crazyswarm2/ros_ws/src/crazyswarm/scripts/sequence_trajectories/3) by extension 'colcon_meta'
[0.165s] Level 1:colcon.colcon_core.package_identification:_identify(src/crazyswarm2/ros_ws/src/crazyswarm/scripts/sequence_trajectories/3) by extensions ['ros']
[0.165s] Level 1:colcon.colcon_core.package_identification:_identify(src/crazyswarm2/ros_ws/src/crazyswarm/scripts/sequence_trajectories/3) by extension 'ros'
[0.165s] Level 1:colcon.colcon_core.package_identification:_identify(src/crazyswarm2/ros_ws/src/crazyswarm/scripts/sequence_trajectories/3) by extensions ['cmake', 'python']
[0.165s] Level 1:colcon.colcon_core.package_identification:_identify(src/crazyswarm2/ros_ws/src/crazyswarm/scripts/sequence_trajectories/3) by extension 'cmake'
[0.165s] Level 1:colcon.colcon_core.package_identification:_identify(src/crazyswarm2/ros_ws/src/crazyswarm/scripts/sequence_trajectories/3) by extension 'python'
[0.165s] Level 1:colcon.colcon_core.package_identification:_identify(src/crazyswarm2/ros_ws/src/crazyswarm/scripts/sequence_trajectories/3) by extensions ['python_setup_py']
[0.165s] Level 1:colcon.colcon_core.package_identification:_identify(src/crazyswarm2/ros_ws/src/crazyswarm/scripts/sequence_trajectories/3) by extension 'python_setup_py'
[0.165s] Level 1:colcon.colcon_core.package_identification:_identify(src/crazyswarm2/ros_ws/src/crazyswarm/scripts/sequence_trajectories/4) by extensions ['ignore', 'ignore_ament_install']
[0.165s] Level 1:colcon.colcon_core.package_identification:_identify(src/crazyswarm2/ros_ws/src/crazyswarm/scripts/sequence_trajectories/4) by extension 'ignore'
[0.165s] Level 1:colcon.colcon_core.package_identification:_identify(src/crazyswarm2/ros_ws/src/crazyswarm/scripts/sequence_trajectories/4) by extension 'ignore_ament_install'
[0.165s] Level 1:colcon.colcon_core.package_identification:_identify(src/crazyswarm2/ros_ws/src/crazyswarm/scripts/sequence_trajectories/4) by extensions ['colcon_pkg']
[0.165s] Level 1:colcon.colcon_core.package_identification:_identify(src/crazyswarm2/ros_ws/src/crazyswarm/scripts/sequence_trajectories/4) by extension 'colcon_pkg'
[0.165s] Level 1:colcon.colcon_core.package_identification:_identify(src/crazyswarm2/ros_ws/src/crazyswarm/scripts/sequence_trajectories/4) by extensions ['colcon_meta']
[0.165s] Level 1:colcon.colcon_core.package_identification:_identify(src/crazyswarm2/ros_ws/src/crazyswarm/scripts/sequence_trajectories/4) by extension 'colcon_meta'
[0.165s] Level 1:colcon.colcon_core.package_identification:_identify(src/crazyswarm2/ros_ws/src/crazyswarm/scripts/sequence_trajectories/4) by extensions ['ros']
[0.165s] Level 1:colcon.colcon_core.package_identification:_identify(src/crazyswarm2/ros_ws/src/crazyswarm/scripts/sequence_trajectories/4) by extension 'ros'
[0.165s] Level 1:colcon.colcon_core.package_identification:_identify(src/crazyswarm2/ros_ws/src/crazyswarm/scripts/sequence_trajectories/4) by extensions ['cmake', 'python']
[0.165s] Level 1:colcon.colcon_core.package_identification:_identify(src/crazyswarm2/ros_ws/src/crazyswarm/scripts/sequence_trajectories/4) by extension 'cmake'
[0.165s] Level 1:colcon.colcon_core.package_identification:_identify(src/crazyswarm2/ros_ws/src/crazyswarm/scripts/sequence_trajectories/4) by extension 'python'
[0.165s] Level 1:colcon.colcon_core.package_identification:_identify(src/crazyswarm2/ros_ws/src/crazyswarm/scripts/sequence_trajectories/4) by extensions ['python_setup_py']
[0.165s] Level 1:colcon.colcon_core.package_identification:_identify(src/crazyswarm2/ros_ws/src/crazyswarm/scripts/sequence_trajectories/4) by extension 'python_setup_py'
[0.166s] Level 1:colcon.colcon_core.package_identification:_identify(src/crazyswarm2/ros_ws/src/crazyswarm/scripts/sequence_trajectories/5) by extensions ['ignore', 'ignore_ament_install']
[0.166s] Level 1:colcon.colcon_core.package_identification:_identify(src/crazyswarm2/ros_ws/src/crazyswarm/scripts/sequence_trajectories/5) by extension 'ignore'
[0.166s] Level 1:colcon.colcon_core.package_identification:_identify(src/crazyswarm2/ros_ws/src/crazyswarm/scripts/sequence_trajectories/5) by extension 'ignore_ament_install'
[0.166s] Level 1:colcon.colcon_core.package_identification:_identify(src/crazyswarm2/ros_ws/src/crazyswarm/scripts/sequence_trajectories/5) by extensions ['colcon_pkg']
[0.166s] Level 1:colcon.colcon_core.package_identification:_identify(src/crazyswarm2/ros_ws/src/crazyswarm/scripts/sequence_trajectories/5) by extension 'colcon_pkg'
[0.166s] Level 1:colcon.colcon_core.package_identification:_identify(src/crazyswarm2/ros_ws/src/crazyswarm/scripts/sequence_trajectories/5) by extensions ['colcon_meta']
[0.166s] Level 1:colcon.colcon_core.package_identification:_identify(src/crazyswarm2/ros_ws/src/crazyswarm/scripts/sequence_trajectories/5) by extension 'colcon_meta'
[0.166s] Level 1:colcon.colcon_core.package_identification:_identify(src/crazyswarm2/ros_ws/src/crazyswarm/scripts/sequence_trajectories/5) by extensions ['ros']
[0.166s] Level 1:colcon.colcon_core.package_identification:_identify(src/crazyswarm2/ros_ws/src/crazyswarm/scripts/sequence_trajectories/5) by extension 'ros'
[0.166s] Level 1:colcon.colcon_core.package_identification:_identify(src/crazyswarm2/ros_ws/src/crazyswarm/scripts/sequence_trajectories/5) by extensions ['cmake', 'python']
[0.166s] Level 1:colcon.colcon_core.package_identification:_identify(src/crazyswarm2/ros_ws/src/crazyswarm/scripts/sequence_trajectories/5) by extension 'cmake'
[0.166s] Level 1:colcon.colcon_core.package_identification:_identify(src/crazyswarm2/ros_ws/src/crazyswarm/scripts/sequence_trajectories/5) by extension 'python'
[0.166s] Level 1:colcon.colcon_core.package_identification:_identify(src/crazyswarm2/ros_ws/src/crazyswarm/scripts/sequence_trajectories/5) by extensions ['python_setup_py']
[0.166s] Level 1:colcon.colcon_core.package_identification:_identify(src/crazyswarm2/ros_ws/src/crazyswarm/scripts/sequence_trajectories/5) by extension 'python_setup_py'
[0.166s] Level 1:colcon.colcon_core.package_identification:_identify(src/crazyswarm2/ros_ws/src/crazyswarm/scripts/sequence_trajectories/6) by extensions ['ignore', 'ignore_ament_install']
[0.166s] Level 1:colcon.colcon_core.package_identification:_identify(src/crazyswarm2/ros_ws/src/crazyswarm/scripts/sequence_trajectories/6) by extension 'ignore'
[0.166s] Level 1:colcon.colcon_core.package_identification:_identify(src/crazyswarm2/ros_ws/src/crazyswarm/scripts/sequence_trajectories/6) by extension 'ignore_ament_install'
[0.166s] Level 1:colcon.colcon_core.package_identification:_identify(src/crazyswarm2/ros_ws/src/crazyswarm/scripts/sequence_trajectories/6) by extensions ['colcon_pkg']
[0.166s] Level 1:colcon.colcon_core.package_identification:_identify(src/crazyswarm2/ros_ws/src/crazyswarm/scripts/sequence_trajectories/6) by extension 'colcon_pkg'
[0.166s] Level 1:colcon.colcon_core.package_identification:_identify(src/crazyswarm2/ros_ws/src/crazyswarm/scripts/sequence_trajectories/6) by extensions ['colcon_meta']
[0.166s] Level 1:colcon.colcon_core.package_identification:_identify(src/crazyswarm2/ros_ws/src/crazyswarm/scripts/sequence_trajectories/6) by extension 'colcon_meta'
[0.166s] Level 1:colcon.colcon_core.package_identification:_identify(src/crazyswarm2/ros_ws/src/crazyswarm/scripts/sequence_trajectories/6) by extensions ['ros']
[0.166s] Level 1:colcon.colcon_core.package_identification:_identify(src/crazyswarm2/ros_ws/src/crazyswarm/scripts/sequence_trajectories/6) by extension 'ros'
[0.166s] Level 1:colcon.colcon_core.package_identification:_identify(src/crazyswarm2/ros_ws/src/crazyswarm/scripts/sequence_trajectories/6) by extensions ['cmake', 'python']
[0.166s] Level 1:colcon.colcon_core.package_identification:_identify(src/crazyswarm2/ros_ws/src/crazyswarm/scripts/sequence_trajectories/6) by extension 'cmake'
[0.166s] Level 1:colcon.colcon_core.package_identification:_identify(src/crazyswarm2/ros_ws/src/crazyswarm/scripts/sequence_trajectories/6) by extension 'python'
[0.166s] Level 1:colcon.colcon_core.package_identification:_identify(src/crazyswarm2/ros_ws/src/crazyswarm/scripts/sequence_trajectories/6) by extensions ['python_setup_py']
[0.166s] Level 1:colcon.colcon_core.package_identification:_identify(src/crazyswarm2/ros_ws/src/crazyswarm/scripts/sequence_trajectories/6) by extension 'python_setup_py'
[0.166s] Level 1:colcon.colcon_core.package_identification:_identify(src/crazyswarm2/ros_ws/src/crazyswarm/scripts/sequence_trajectories/7) by extensions ['ignore', 'ignore_ament_install']
[0.167s] Level 1:colcon.colcon_core.package_identification:_identify(src/crazyswarm2/ros_ws/src/crazyswarm/scripts/sequence_trajectories/7) by extension 'ignore'
[0.167s] Level 1:colcon.colcon_core.package_identification:_identify(src/crazyswarm2/ros_ws/src/crazyswarm/scripts/sequence_trajectories/7) by extension 'ignore_ament_install'
[0.167s] Level 1:colcon.colcon_core.package_identification:_identify(src/crazyswarm2/ros_ws/src/crazyswarm/scripts/sequence_trajectories/7) by extensions ['colcon_pkg']
[0.167s] Level 1:colcon.colcon_core.package_identification:_identify(src/crazyswarm2/ros_ws/src/crazyswarm/scripts/sequence_trajectories/7) by extension 'colcon_pkg'
[0.167s] Level 1:colcon.colcon_core.package_identification:_identify(src/crazyswarm2/ros_ws/src/crazyswarm/scripts/sequence_trajectories/7) by extensions ['colcon_meta']
[0.167s] Level 1:colcon.colcon_core.package_identification:_identify(src/crazyswarm2/ros_ws/src/crazyswarm/scripts/sequence_trajectories/7) by extension 'colcon_meta'
[0.167s] Level 1:colcon.colcon_core.package_identification:_identify(src/crazyswarm2/ros_ws/src/crazyswarm/scripts/sequence_trajectories/7) by extensions ['ros']
[0.167s] Level 1:colcon.colcon_core.package_identification:_identify(src/crazyswarm2/ros_ws/src/crazyswarm/scripts/sequence_trajectories/7) by extension 'ros'
[0.167s] Level 1:colcon.colcon_core.package_identification:_identify(src/crazyswarm2/ros_ws/src/crazyswarm/scripts/sequence_trajectories/7) by extensions ['cmake', 'python']
[0.167s] Level 1:colcon.colcon_core.package_identification:_identify(src/crazyswarm2/ros_ws/src/crazyswarm/scripts/sequence_trajectories/7) by extension 'cmake'
[0.167s] Level 1:colcon.colcon_core.package_identification:_identify(src/crazyswarm2/ros_ws/src/crazyswarm/scripts/sequence_trajectories/7) by extension 'python'
[0.167s] Level 1:colcon.colcon_core.package_identification:_identify(src/crazyswarm2/ros_ws/src/crazyswarm/scripts/sequence_trajectories/7) by extensions ['python_setup_py']
[0.167s] Level 1:colcon.colcon_core.package_identification:_identify(src/crazyswarm2/ros_ws/src/crazyswarm/scripts/sequence_trajectories/7) by extension 'python_setup_py'
[0.167s] Level 1:colcon.colcon_core.package_identification:_identify(src/crazyswarm2/ros_ws/src/crazyswarm/scripts/swap6v_pps) by extensions ['ignore', 'ignore_ament_install']
[0.167s] Level 1:colcon.colcon_core.package_identification:_identify(src/crazyswarm2/ros_ws/src/crazyswarm/scripts/swap6v_pps) by extension 'ignore'
[0.167s] Level 1:colcon.colcon_core.package_identification:_identify(src/crazyswarm2/ros_ws/src/crazyswarm/scripts/swap6v_pps) by extension 'ignore_ament_install'
[0.167s] Level 1:colcon.colcon_core.package_identification:_identify(src/crazyswarm2/ros_ws/src/crazyswarm/scripts/swap6v_pps) by extensions ['colcon_pkg']
[0.167s] Level 1:colcon.colcon_core.package_identification:_identify(src/crazyswarm2/ros_ws/src/crazyswarm/scripts/swap6v_pps) by extension 'colcon_pkg'
[0.167s] Level 1:colcon.colcon_core.package_identification:_identify(src/crazyswarm2/ros_ws/src/crazyswarm/scripts/swap6v_pps) by extensions ['colcon_meta']
[0.167s] Level 1:colcon.colcon_core.package_identification:_identify(src/crazyswarm2/ros_ws/src/crazyswarm/scripts/swap6v_pps) by extension 'colcon_meta'
[0.167s] Level 1:colcon.colcon_core.package_identification:_identify(src/crazyswarm2/ros_ws/src/crazyswarm/scripts/swap6v_pps) by extensions ['ros']
[0.167s] Level 1:colcon.colcon_core.package_identification:_identify(src/crazyswarm2/ros_ws/src/crazyswarm/scripts/swap6v_pps) by extension 'ros'
[0.167s] Level 1:colcon.colcon_core.package_identification:_identify(src/crazyswarm2/ros_ws/src/crazyswarm/scripts/swap6v_pps) by extensions ['cmake', 'python']
[0.167s] Level 1:colcon.colcon_core.package_identification:_identify(src/crazyswarm2/ros_ws/src/crazyswarm/scripts/swap6v_pps) by extension 'cmake'
[0.167s] Level 1:colcon.colcon_core.package_identification:_identify(src/crazyswarm2/ros_ws/src/crazyswarm/scripts/swap6v_pps) by extension 'python'
[0.167s] Level 1:colcon.colcon_core.package_identification:_identify(src/crazyswarm2/ros_ws/src/crazyswarm/scripts/swap6v_pps) by extensions ['python_setup_py']
[0.167s] Level 1:colcon.colcon_core.package_identification:_identify(src/crazyswarm2/ros_ws/src/crazyswarm/scripts/swap6v_pps) by extension 'python_setup_py'
[0.167s] Level 1:colcon.colcon_core.package_identification:_identify(src/crazyswarm2/systemtests) by extensions ['ignore', 'ignore_ament_install']
[0.168s] Level 1:colcon.colcon_core.package_identification:_identify(src/crazyswarm2/systemtests) by extension 'ignore'
[0.168s] Level 1:colcon.colcon_core.package_identification:_identify(src/crazyswarm2/systemtests) by extension 'ignore_ament_install'
[0.168s] Level 1:colcon.colcon_core.package_identification:_identify(src/crazyswarm2/systemtests) by extensions ['colcon_pkg']
[0.168s] Level 1:colcon.colcon_core.package_identification:_identify(src/crazyswarm2/systemtests) by extension 'colcon_pkg'
[0.168s] Level 1:colcon.colcon_core.package_identification:_identify(src/crazyswarm2/systemtests) by extensions ['colcon_meta']
[0.168s] Level 1:colcon.colcon_core.package_identification:_identify(src/crazyswarm2/systemtests) by extension 'colcon_meta'
[0.168s] Level 1:colcon.colcon_core.package_identification:_identify(src/crazyswarm2/systemtests) by extensions ['ros']
[0.168s] Level 1:colcon.colcon_core.package_identification:_identify(src/crazyswarm2/systemtests) by extension 'ros'
[0.168s] Level 1:colcon.colcon_core.package_identification:_identify(src/crazyswarm2/systemtests) by extensions ['cmake', 'python']
[0.168s] Level 1:colcon.colcon_core.package_identification:_identify(src/crazyswarm2/systemtests) by extension 'cmake'
[0.168s] Level 1:colcon.colcon_core.package_identification:_identify(src/crazyswarm2/systemtests) by extension 'python'
[0.168s] Level 1:colcon.colcon_core.package_identification:_identify(src/crazyswarm2/systemtests) by extensions ['python_setup_py']
[0.168s] Level 1:colcon.colcon_core.package_identification:_identify(src/crazyswarm2/systemtests) by extension 'python_setup_py'
[0.168s] Level 1:colcon.colcon_core.package_identification:_identify(src/crazyswarm2/systemtests/SDplotting) by extensions ['ignore', 'ignore_ament_install']
[0.168s] Level 1:colcon.colcon_core.package_identification:_identify(src/crazyswarm2/systemtests/SDplotting) by extension 'ignore'
[0.168s] Level 1:colcon.colcon_core.package_identification:_identify(src/crazyswarm2/systemtests/SDplotting) by extension 'ignore_ament_install'
[0.168s] Level 1:colcon.colcon_core.package_identification:_identify(src/crazyswarm2/systemtests/SDplotting) by extensions ['colcon_pkg']
[0.168s] Level 1:colcon.colcon_core.package_identification:_identify(src/crazyswarm2/systemtests/SDplotting) by extension 'colcon_pkg'
[0.168s] Level 1:colcon.colcon_core.package_identification:_identify(src/crazyswarm2/systemtests/SDplotting) by extensions ['colcon_meta']
[0.168s] Level 1:colcon.colcon_core.package_identification:_identify(src/crazyswarm2/systemtests/SDplotting) by extension 'colcon_meta'
[0.168s] Level 1:colcon.colcon_core.package_identification:_identify(src/crazyswarm2/systemtests/SDplotting) by extensions ['ros']
[0.168s] Level 1:colcon.colcon_core.package_identification:_identify(src/crazyswarm2/systemtests/SDplotting) by extension 'ros'
[0.168s] Level 1:colcon.colcon_core.package_identification:_identify(src/crazyswarm2/systemtests/SDplotting) by extensions ['cmake', 'python']
[0.168s] Level 1:colcon.colcon_core.package_identification:_identify(src/crazyswarm2/systemtests/SDplotting) by extension 'cmake'
[0.168s] Level 1:colcon.colcon_core.package_identification:_identify(src/crazyswarm2/systemtests/SDplotting) by extension 'python'
[0.168s] Level 1:colcon.colcon_core.package_identification:_identify(src/crazyswarm2/systemtests/SDplotting) by extensions ['python_setup_py']
[0.168s] Level 1:colcon.colcon_core.package_identification:_identify(src/crazyswarm2/systemtests/SDplotting) by extension 'python_setup_py'
[0.168s] Level 1:colcon.colcon_core.package_identification:_identify(src/micro_ros_setup) by extensions ['ignore', 'ignore_ament_install']
[0.169s] Level 1:colcon.colcon_core.package_identification:_identify(src/micro_ros_setup) by extension 'ignore'
[0.169s] Level 1:colcon.colcon_core.package_identification:_identify(src/micro_ros_setup) by extension 'ignore_ament_install'
[0.169s] Level 1:colcon.colcon_core.package_identification:_identify(src/micro_ros_setup) by extensions ['colcon_pkg']
[0.169s] Level 1:colcon.colcon_core.package_identification:_identify(src/micro_ros_setup) by extension 'colcon_pkg'
[0.169s] Level 1:colcon.colcon_core.package_identification:_identify(src/micro_ros_setup) by extensions ['colcon_meta']
[0.169s] Level 1:colcon.colcon_core.package_identification:_identify(src/micro_ros_setup) by extension 'colcon_meta'
[0.169s] Level 1:colcon.colcon_core.package_identification:_identify(src/micro_ros_setup) by extensions ['ros']
[0.169s] Level 1:colcon.colcon_core.package_identification:_identify(src/micro_ros_setup) by extension 'ros'
[0.169s] DEBUG:colcon.colcon_core.package_identification:Package 'src/micro_ros_setup' with type 'ros.ament_cmake' and name 'micro_ros_setup'
[0.169s] Level 1:colcon.colcon_core.package_identification:_identify(src/uros) by extensions ['ignore', 'ignore_ament_install']
[0.169s] Level 1:colcon.colcon_core.package_identification:_identify(src/uros) by extension 'ignore'
[0.169s] Level 1:colcon.colcon_core.package_identification:_identify(src/uros) by extension 'ignore_ament_install'
[0.169s] Level 1:colcon.colcon_core.package_identification:_identify(src/uros) by extensions ['colcon_pkg']
[0.169s] Level 1:colcon.colcon_core.package_identification:_identify(src/uros) by extension 'colcon_pkg'
[0.170s] Level 1:colcon.colcon_core.package_identification:_identify(src/uros) by extensions ['colcon_meta']
[0.170s] Level 1:colcon.colcon_core.package_identification:_identify(src/uros) by extension 'colcon_meta'
[0.170s] Level 1:colcon.colcon_core.package_identification:_identify(src/uros) by extensions ['ros']
[0.170s] Level 1:colcon.colcon_core.package_identification:_identify(src/uros) by extension 'ros'
[0.170s] Level 1:colcon.colcon_core.package_identification:_identify(src/uros) by extensions ['cmake', 'python']
[0.170s] Level 1:colcon.colcon_core.package_identification:_identify(src/uros) by extension 'cmake'
[0.170s] Level 1:colcon.colcon_core.package_identification:_identify(src/uros) by extension 'python'
[0.170s] Level 1:colcon.colcon_core.package_identification:_identify(src/uros) by extensions ['python_setup_py']
[0.170s] Level 1:colcon.colcon_core.package_identification:_identify(src/uros) by extension 'python_setup_py'
[0.170s] Level 1:colcon.colcon_core.package_identification:_identify(src/uros/drive_base) by extensions ['ignore', 'ignore_ament_install']
[0.170s] Level 1:colcon.colcon_core.package_identification:_identify(src/uros/drive_base) by extension 'ignore'
[0.170s] Level 1:colcon.colcon_core.package_identification:_identify(src/uros/drive_base) by extension 'ignore_ament_install'
[0.170s] Level 1:colcon.colcon_core.package_identification:_identify(src/uros/drive_base) by extensions ['colcon_pkg']
[0.170s] Level 1:colcon.colcon_core.package_identification:_identify(src/uros/drive_base) by extension 'colcon_pkg'
[0.170s] Level 1:colcon.colcon_core.package_identification:_identify(src/uros/drive_base) by extensions ['colcon_meta']
[0.170s] Level 1:colcon.colcon_core.package_identification:_identify(src/uros/drive_base) by extension 'colcon_meta'
[0.170s] Level 1:colcon.colcon_core.package_identification:_identify(src/uros/drive_base) by extensions ['ros']
[0.170s] Level 1:colcon.colcon_core.package_identification:_identify(src/uros/drive_base) by extension 'ros'
[0.170s] Level 1:colcon.colcon_core.package_identification:_identify(src/uros/drive_base) by extensions ['cmake', 'python']
[0.170s] Level 1:colcon.colcon_core.package_identification:_identify(src/uros/drive_base) by extension 'cmake'
[0.170s] Level 1:colcon.colcon_core.package_identification:_identify(src/uros/drive_base) by extension 'python'
[0.170s] Level 1:colcon.colcon_core.package_identification:_identify(src/uros/drive_base) by extensions ['python_setup_py']
[0.170s] Level 1:colcon.colcon_core.package_identification:_identify(src/uros/drive_base) by extension 'python_setup_py'
[0.170s] Level 1:colcon.colcon_core.package_identification:_identify(src/uros/drive_base/drive_base_msgs) by extensions ['ignore', 'ignore_ament_install']
[0.170s] Level 1:colcon.colcon_core.package_identification:_identify(src/uros/drive_base/drive_base_msgs) by extension 'ignore'
[0.170s] Level 1:colcon.colcon_core.package_identification:_identify(src/uros/drive_base/drive_base_msgs) by extension 'ignore_ament_install'
[0.170s] Level 1:colcon.colcon_core.package_identification:_identify(src/uros/drive_base/drive_base_msgs) by extensions ['colcon_pkg']
[0.170s] Level 1:colcon.colcon_core.package_identification:_identify(src/uros/drive_base/drive_base_msgs) by extension 'colcon_pkg'
[0.170s] Level 1:colcon.colcon_core.package_identification:_identify(src/uros/drive_base/drive_base_msgs) by extensions ['colcon_meta']
[0.170s] Level 1:colcon.colcon_core.package_identification:_identify(src/uros/drive_base/drive_base_msgs) by extension 'colcon_meta'
[0.171s] Level 1:colcon.colcon_core.package_identification:_identify(src/uros/drive_base/drive_base_msgs) by extensions ['ros']
[0.171s] Level 1:colcon.colcon_core.package_identification:_identify(src/uros/drive_base/drive_base_msgs) by extension 'ros'
[0.171s] DEBUG:colcon.colcon_core.package_identification:Package 'src/uros/drive_base/drive_base_msgs' with type 'ros.ament_cmake' and name 'drive_base_msgs'
[0.171s] Level 1:colcon.colcon_core.package_identification:_identify(src/uros/micro-ROS-Agent) by extensions ['ignore', 'ignore_ament_install']
[0.171s] Level 1:colcon.colcon_core.package_identification:_identify(src/uros/micro-ROS-Agent) by extension 'ignore'
[0.171s] Level 1:colcon.colcon_core.package_identification:_identify(src/uros/micro-ROS-Agent) by extension 'ignore_ament_install'
[0.171s] Level 1:colcon.colcon_core.package_identification:_identify(src/uros/micro-ROS-Agent) by extensions ['colcon_pkg']
[0.171s] Level 1:colcon.colcon_core.package_identification:_identify(src/uros/micro-ROS-Agent) by extension 'colcon_pkg'
[0.171s] Level 1:colcon.colcon_core.package_identification:_identify(src/uros/micro-ROS-Agent) by extensions ['colcon_meta']
[0.171s] Level 1:colcon.colcon_core.package_identification:_identify(src/uros/micro-ROS-Agent) by extension 'colcon_meta'
[0.171s] Level 1:colcon.colcon_core.package_identification:_identify(src/uros/micro-ROS-Agent) by extensions ['ros']
[0.171s] Level 1:colcon.colcon_core.package_identification:_identify(src/uros/micro-ROS-Agent) by extension 'ros'
[0.171s] Level 1:colcon.colcon_core.package_identification:_identify(src/uros/micro-ROS-Agent) by extensions ['cmake', 'python']
[0.171s] Level 1:colcon.colcon_core.package_identification:_identify(src/uros/micro-ROS-Agent) by extension 'cmake'
[0.171s] Level 1:colcon.colcon_core.package_identification:_identify(src/uros/micro-ROS-Agent) by extension 'python'
[0.171s] Level 1:colcon.colcon_core.package_identification:_identify(src/uros/micro-ROS-Agent) by extensions ['python_setup_py']
[0.171s] Level 1:colcon.colcon_core.package_identification:_identify(src/uros/micro-ROS-Agent) by extension 'python_setup_py'
[0.171s] Level 1:colcon.colcon_core.package_identification:_identify(src/uros/micro-ROS-Agent/micro_ros_agent) by extensions ['ignore', 'ignore_ament_install']
[0.172s] Level 1:colcon.colcon_core.package_identification:_identify(src/uros/micro-ROS-Agent/micro_ros_agent) by extension 'ignore'
[0.172s] Level 1:colcon.colcon_core.package_identification:_identify(src/uros/micro-ROS-Agent/micro_ros_agent) by extension 'ignore_ament_install'
[0.172s] Level 1:colcon.colcon_core.package_identification:_identify(src/uros/micro-ROS-Agent/micro_ros_agent) by extensions ['colcon_pkg']
[0.172s] Level 1:colcon.colcon_core.package_identification:_identify(src/uros/micro-ROS-Agent/micro_ros_agent) by extension 'colcon_pkg'
[0.172s] Level 1:colcon.colcon_core.package_identification:_identify(src/uros/micro-ROS-Agent/micro_ros_agent) by extensions ['colcon_meta']
[0.172s] Level 1:colcon.colcon_core.package_identification:_identify(src/uros/micro-ROS-Agent/micro_ros_agent) by extension 'colcon_meta'
[0.172s] Level 1:colcon.colcon_core.package_identification:_identify(src/uros/micro-ROS-Agent/micro_ros_agent) by extensions ['ros']
[0.172s] Level 1:colcon.colcon_core.package_identification:_identify(src/uros/micro-ROS-Agent/micro_ros_agent) by extension 'ros'
[0.172s] DEBUG:colcon.colcon_core.package_identification:Package 'src/uros/micro-ROS-Agent/micro_ros_agent' with type 'ros.ament_cmake' and name 'micro_ros_agent'
[0.172s] Level 1:colcon.colcon_core.package_identification:_identify(src/uros/micro-ROS-Agent/snap) by extensions ['ignore', 'ignore_ament_install']
[0.172s] Level 1:colcon.colcon_core.package_identification:_identify(src/uros/micro-ROS-Agent/snap) by extension 'ignore'
[0.172s] Level 1:colcon.colcon_core.package_identification:_identify(src/uros/micro-ROS-Agent/snap) by extension 'ignore_ament_install'
[0.172s] Level 1:colcon.colcon_core.package_identification:_identify(src/uros/micro-ROS-Agent/snap) by extensions ['colcon_pkg']
[0.172s] Level 1:colcon.colcon_core.package_identification:_identify(src/uros/micro-ROS-Agent/snap) by extension 'colcon_pkg'
[0.173s] Level 1:colcon.colcon_core.package_identification:_identify(src/uros/micro-ROS-Agent/snap) by extensions ['colcon_meta']
[0.173s] Level 1:colcon.colcon_core.package_identification:_identify(src/uros/micro-ROS-Agent/snap) by extension 'colcon_meta'
[0.173s] Level 1:colcon.colcon_core.package_identification:_identify(src/uros/micro-ROS-Agent/snap) by extensions ['ros']
[0.173s] Level 1:colcon.colcon_core.package_identification:_identify(src/uros/micro-ROS-Agent/snap) by extension 'ros'
[0.173s] Level 1:colcon.colcon_core.package_identification:_identify(src/uros/micro-ROS-Agent/snap) by extensions ['cmake', 'python']
[0.173s] Level 1:colcon.colcon_core.package_identification:_identify(src/uros/micro-ROS-Agent/snap) by extension 'cmake'
[0.173s] Level 1:colcon.colcon_core.package_identification:_identify(src/uros/micro-ROS-Agent/snap) by extension 'python'
[0.173s] Level 1:colcon.colcon_core.package_identification:_identify(src/uros/micro-ROS-Agent/snap) by extensions ['python_setup_py']
[0.173s] Level 1:colcon.colcon_core.package_identification:_identify(src/uros/micro-ROS-Agent/snap) by extension 'python_setup_py'
[0.173s] Level 1:colcon.colcon_core.package_identification:_identify(src/uros/micro-ROS-Agent/snap/hooks) by extensions ['ignore', 'ignore_ament_install']
[0.173s] Level 1:colcon.colcon_core.package_identification:_identify(src/uros/micro-ROS-Agent/snap/hooks) by extension 'ignore'
[0.173s] Level 1:colcon.colcon_core.package_identification:_identify(src/uros/micro-ROS-Agent/snap/hooks) by extension 'ignore_ament_install'
[0.173s] Level 1:colcon.colcon_core.package_identification:_identify(src/uros/micro-ROS-Agent/snap/hooks) by extensions ['colcon_pkg']
[0.173s] Level 1:colcon.colcon_core.package_identification:_identify(src/uros/micro-ROS-Agent/snap/hooks) by extension 'colcon_pkg'
[0.173s] Level 1:colcon.colcon_core.package_identification:_identify(src/uros/micro-ROS-Agent/snap/hooks) by extensions ['colcon_meta']
[0.173s] Level 1:colcon.colcon_core.package_identification:_identify(src/uros/micro-ROS-Agent/snap/hooks) by extension 'colcon_meta'
[0.173s] Level 1:colcon.colcon_core.package_identification:_identify(src/uros/micro-ROS-Agent/snap/hooks) by extensions ['ros']
[0.173s] Level 1:colcon.colcon_core.package_identification:_identify(src/uros/micro-ROS-Agent/snap/hooks) by extension 'ros'
[0.173s] Level 1:colcon.colcon_core.package_identification:_identify(src/uros/micro-ROS-Agent/snap/hooks) by extensions ['cmake', 'python']
[0.173s] Level 1:colcon.colcon_core.package_identification:_identify(src/uros/micro-ROS-Agent/snap/hooks) by extension 'cmake'
[0.173s] Level 1:colcon.colcon_core.package_identification:_identify(src/uros/micro-ROS-Agent/snap/hooks) by extension 'python'
[0.173s] Level 1:colcon.colcon_core.package_identification:_identify(src/uros/micro-ROS-Agent/snap/hooks) by extensions ['python_setup_py']
[0.173s] Level 1:colcon.colcon_core.package_identification:_identify(src/uros/micro-ROS-Agent/snap/hooks) by extension 'python_setup_py'
[0.173s] Level 1:colcon.colcon_core.package_identification:_identify(src/uros/micro-ROS-Agent/snap/local) by extensions ['ignore', 'ignore_ament_install']
[0.173s] Level 1:colcon.colcon_core.package_identification:_identify(src/uros/micro-ROS-Agent/snap/local) by extension 'ignore'
[0.173s] Level 1:colcon.colcon_core.package_identification:_identify(src/uros/micro-ROS-Agent/snap/local) by extension 'ignore_ament_install'
[0.173s] Level 1:colcon.colcon_core.package_identification:_identify(src/uros/micro-ROS-Agent/snap/local) by extensions ['colcon_pkg']
[0.173s] Level 1:colcon.colcon_core.package_identification:_identify(src/uros/micro-ROS-Agent/snap/local) by extension 'colcon_pkg'
[0.173s] Level 1:colcon.colcon_core.package_identification:_identify(src/uros/micro-ROS-Agent/snap/local) by extensions ['colcon_meta']
[0.173s] Level 1:colcon.colcon_core.package_identification:_identify(src/uros/micro-ROS-Agent/snap/local) by extension 'colcon_meta'
[0.173s] Level 1:colcon.colcon_core.package_identification:_identify(src/uros/micro-ROS-Agent/snap/local) by extensions ['ros']
[0.174s] Level 1:colcon.colcon_core.package_identification:_identify(src/uros/micro-ROS-Agent/snap/local) by extension 'ros'
[0.174s] Level 1:colcon.colcon_core.package_identification:_identify(src/uros/micro-ROS-Agent/snap/local) by extensions ['cmake', 'python']
[0.174s] Level 1:colcon.colcon_core.package_identification:_identify(src/uros/micro-ROS-Agent/snap/local) by extension 'cmake'
[0.174s] Level 1:colcon.colcon_core.package_identification:_identify(src/uros/micro-ROS-Agent/snap/local) by extension 'python'
[0.174s] Level 1:colcon.colcon_core.package_identification:_identify(src/uros/micro-ROS-Agent/snap/local) by extensions ['python_setup_py']
[0.174s] Level 1:colcon.colcon_core.package_identification:_identify(src/uros/micro-ROS-Agent/snap/local) by extension 'python_setup_py'
[0.174s] Level 1:colcon.colcon_core.package_identification:_identify(src/uros/micro_ros_msgs) by extensions ['ignore', 'ignore_ament_install']
[0.174s] Level 1:colcon.colcon_core.package_identification:_identify(src/uros/micro_ros_msgs) by extension 'ignore'
[0.174s] Level 1:colcon.colcon_core.package_identification:_identify(src/uros/micro_ros_msgs) by extension 'ignore_ament_install'
[0.174s] Level 1:colcon.colcon_core.package_identification:_identify(src/uros/micro_ros_msgs) by extensions ['colcon_pkg']
[0.174s] Level 1:colcon.colcon_core.package_identification:_identify(src/uros/micro_ros_msgs) by extension 'colcon_pkg'
[0.174s] Level 1:colcon.colcon_core.package_identification:_identify(src/uros/micro_ros_msgs) by extensions ['colcon_meta']
[0.174s] Level 1:colcon.colcon_core.package_identification:_identify(src/uros/micro_ros_msgs) by extension 'colcon_meta'
[0.174s] Level 1:colcon.colcon_core.package_identification:_identify(src/uros/micro_ros_msgs) by extensions ['ros']
[0.174s] Level 1:colcon.colcon_core.package_identification:_identify(src/uros/micro_ros_msgs) by extension 'ros'
[0.174s] DEBUG:colcon.colcon_core.package_identification:Package 'src/uros/micro_ros_msgs' with type 'ros.ament_cmake' and name 'micro_ros_msgs'
[0.174s] Level 1:colcon.colcon_core.package_discovery:discover_packages(recursive) using defaults
[0.174s] Level 1:colcon.colcon_core.package_discovery:discover_packages(ignore) discover
[0.174s] Level 1:colcon.colcon_core.package_discovery:discover_packages(ignore) using defaults
[0.174s] Level 1:colcon.colcon_core.package_discovery:discover_packages(path) discover
[0.174s] Level 1:colcon.colcon_core.package_discovery:discover_packages(path) using defaults
[0.189s] INFO:colcon.colcon_metadata.metadata.colcon_pkg:Updating descriptor of package 'src/crazyswarm2/crazyflie_py' from colcon.pkg: {'python-testing': 'pytest'}
[0.191s] Level 1:colcon.colcon_core.package_discovery:discover_packages(prefix_path) check parameters
[0.191s] Level 1:colcon.colcon_core.package_discovery:discover_packages(prefix_path) discover
[0.193s] DEBUG:colcon.colcon_installed_package_information.package_discovery:Found 12 installed packages in /home/mouha/crazyflie/ros2_ws/install
[0.193s] DEBUG:colcon.colcon_installed_package_information.package_discovery:Found 2 installed packages in /home/mouha/ros2_ws/install
[0.194s] DEBUG:colcon.colcon_installed_package_information.package_discovery:Found 377 installed packages in /opt/ros/jazzy
[0.195s] Level 1:colcon.colcon_core.package_discovery:discover_packages(prefix_path) using defaults
[0.230s] Level 5:colcon.colcon_core.verb:set package 'crazyflie_description' build argument 'cmake_args' from command line to 'None'
[0.230s] Level 5:colcon.colcon_core.verb:set package 'crazyflie_description' build argument 'cmake_target' from command line to 'None'
[0.230s] Level 5:colcon.colcon_core.verb:set package 'crazyflie_description' build argument 'cmake_target_skip_unavailable' from command line to 'False'
[0.230s] Level 5:colcon.colcon_core.verb:set package 'crazyflie_description' build argument 'cmake_clean_cache' from command line to 'False'
[0.230s] Level 5:colcon.colcon_core.verb:set package 'crazyflie_description' build argument 'cmake_clean_first' from command line to 'False'
[0.230s] Level 5:colcon.colcon_core.verb:set package 'crazyflie_description' build argument 'cmake_force_configure' from command line to 'False'
[0.230s] Level 5:colcon.colcon_core.verb:set package 'crazyflie_description' build argument 'ament_cmake_args' from command line to 'None'
[0.230s] Level 5:colcon.colcon_core.verb:set package 'crazyflie_description' build argument 'catkin_cmake_args' from command line to 'None'
[0.230s] Level 5:colcon.colcon_core.verb:set package 'crazyflie_description' build argument 'catkin_skip_building_tests' from command line to 'False'
[0.230s] DEBUG:colcon.colcon_core.verb:Building package 'crazyflie_description' with the following arguments: {'ament_cmake_args': None, 'build_base': '/home/mouha/crazyflie/ros2_ws/build/crazyflie_description', 'catkin_cmake_args': None, 'catkin_skip_building_tests': False, 'cmake_args': None, 'cmake_clean_cache': False, 'cmake_clean_first': False, 'cmake_force_configure': False, 'cmake_target': None, 'cmake_target_skip_unavailable': False, 'install_base': '/home/mouha/crazyflie/ros2_ws/install/crazyflie_description', 'merge_install': False, 'path': '/home/mouha/crazyflie/ros2_ws/src/crazyswarm2/crazyflie_description', 'symlink_install': True, 'test_result_base': None}
[0.231s] Level 5:colcon.colcon_core.verb:set package 'crazyflie_interfaces' build argument 'cmake_args' from command line to 'None'
[0.231s] Level 5:colcon.colcon_core.verb:set package 'crazyflie_interfaces' build argument 'cmake_target' from command line to 'None'
[0.231s] Level 5:colcon.colcon_core.verb:set package 'crazyflie_interfaces' build argument 'cmake_target_skip_unavailable' from command line to 'False'
[0.231s] Level 5:colcon.colcon_core.verb:set package 'crazyflie_interfaces' build argument 'cmake_clean_cache' from command line to 'False'
[0.231s] Level 5:colcon.colcon_core.verb:set package 'crazyflie_interfaces' build argument 'cmake_clean_first' from command line to 'False'
[0.231s] Level 5:colcon.colcon_core.verb:set package 'crazyflie_interfaces' build argument 'cmake_force_configure' from command line to 'False'
[0.231s] Level 5:colcon.colcon_core.verb:set package 'crazyflie_interfaces' build argument 'ament_cmake_args' from command line to 'None'
[0.231s] Level 5:colcon.colcon_core.verb:set package 'crazyflie_interfaces' build argument 'catkin_cmake_args' from command line to 'None'
[0.231s] Level 5:colcon.colcon_core.verb:set package 'crazyflie_interfaces' build argument 'catkin_skip_building_tests' from command line to 'False'
[0.231s] DEBUG:colcon.colcon_core.verb:Building package 'crazyflie_interfaces' with the following arguments: {'ament_cmake_args': None, 'build_base': '/home/mouha/crazyflie/ros2_ws/build/crazyflie_interfaces', 'catkin_cmake_args': None, 'catkin_skip_building_tests': False, 'cmake_args': None, 'cmake_clean_cache': False, 'cmake_clean_first': False, 'cmake_force_configure': False, 'cmake_target': None, 'cmake_target_skip_unavailable': False, 'install_base': '/home/mouha/crazyflie/ros2_ws/install/crazyflie_interfaces', 'merge_install': False, 'path': '/home/mouha/crazyflie/ros2_ws/src/crazyswarm2/crazyflie_interfaces', 'symlink_install': True, 'test_result_base': None}
[0.231s] Level 5:colcon.colcon_core.verb:set package 'drive_base_msgs' build argument 'cmake_args' from command line to 'None'
[0.231s] Level 5:colcon.colcon_core.verb:set package 'drive_base_msgs' build argument 'cmake_target' from command line to 'None'
[0.231s] Level 5:colcon.colcon_core.verb:set package 'drive_base_msgs' build argument 'cmake_target_skip_unavailable' from command line to 'False'
[0.231s] Level 5:colcon.colcon_core.verb:set package 'drive_base_msgs' build argument 'cmake_clean_cache' from command line to 'False'
[0.231s] Level 5:colcon.colcon_core.verb:set package 'drive_base_msgs' build argument 'cmake_clean_first' from command line to 'False'
[0.231s] Level 5:colcon.colcon_core.verb:set package 'drive_base_msgs' build argument 'cmake_force_configure' from command line to 'False'
[0.231s] Level 5:colcon.colcon_core.verb:set package 'drive_base_msgs' build argument 'ament_cmake_args' from command line to 'None'
[0.231s] Level 5:colcon.colcon_core.verb:set package 'drive_base_msgs' build argument 'catkin_cmake_args' from command line to 'None'
[0.231s] Level 5:colcon.colcon_core.verb:set package 'drive_base_msgs' build argument 'catkin_skip_building_tests' from command line to 'False'
[0.231s] DEBUG:colcon.colcon_core.verb:Building package 'drive_base_msgs' with the following arguments: {'ament_cmake_args': None, 'build_base': '/home/mouha/crazyflie/ros2_ws/build/drive_base_msgs', 'catkin_cmake_args': None, 'catkin_skip_building_tests': False, 'cmake_args': None, 'cmake_clean_cache': False, 'cmake_clean_first': False, 'cmake_force_configure': False, 'cmake_target': None, 'cmake_target_skip_unavailable': False, 'install_base': '/home/mouha/crazyflie/ros2_ws/install/drive_base_msgs', 'merge_install': False, 'path': '/home/mouha/crazyflie/ros2_ws/src/uros/drive_base/drive_base_msgs', 'symlink_install': True, 'test_result_base': None}
[0.231s] Level 5:colcon.colcon_core.verb:set package 'micro_ros_msgs' build argument 'cmake_args' from command line to 'None'
[0.231s] Level 5:colcon.colcon_core.verb:set package 'micro_ros_msgs' build argument 'cmake_target' from command line to 'None'
[0.231s] Level 5:colcon.colcon_core.verb:set package 'micro_ros_msgs' build argument 'cmake_target_skip_unavailable' from command line to 'False'
[0.231s] Level 5:colcon.colcon_core.verb:set package 'micro_ros_msgs' build argument 'cmake_clean_cache' from command line to 'False'
[0.231s] Level 5:colcon.colcon_core.verb:set package 'micro_ros_msgs' build argument 'cmake_clean_first' from command line to 'False'
[0.231s] Level 5:colcon.colcon_core.verb:set package 'micro_ros_msgs' build argument 'cmake_force_configure' from command line to 'False'
[0.231s] Level 5:colcon.colcon_core.verb:set package 'micro_ros_msgs' build argument 'ament_cmake_args' from command line to 'None'
[0.231s] Level 5:colcon.colcon_core.verb:set package 'micro_ros_msgs' build argument 'catkin_cmake_args' from command line to 'None'
[0.231s] Level 5:colcon.colcon_core.verb:set package 'micro_ros_msgs' build argument 'catkin_skip_building_tests' from command line to 'False'
[0.231s] DEBUG:colcon.colcon_core.verb:Building package 'micro_ros_msgs' with the following arguments: {'ament_cmake_args': None, 'build_base': '/home/mouha/crazyflie/ros2_ws/build/micro_ros_msgs', 'catkin_cmake_args': None, 'catkin_skip_building_tests': False, 'cmake_args': None, 'cmake_clean_cache': False, 'cmake_clean_first': False, 'cmake_force_configure': False, 'cmake_target': None, 'cmake_target_skip_unavailable': False, 'install_base': '/home/mouha/crazyflie/ros2_ws/install/micro_ros_msgs', 'merge_install': False, 'path': '/home/mouha/crazyflie/ros2_ws/src/uros/micro_ros_msgs', 'symlink_install': True, 'test_result_base': None}
[0.232s] Level 5:colcon.colcon_core.verb:set package 'micro_ros_setup' build argument 'cmake_args' from command line to 'None'
[0.232s] Level 5:colcon.colcon_core.verb:set package 'micro_ros_setup' build argument 'cmake_target' from command line to 'None'
[0.232s] Level 5:colcon.colcon_core.verb:set package 'micro_ros_setup' build argument 'cmake_target_skip_unavailable' from command line to 'False'
[0.232s] Level 5:colcon.colcon_core.verb:set package 'micro_ros_setup' build argument 'cmake_clean_cache' from command line to 'False'
[0.232s] Level 5:colcon.colcon_core.verb:set package 'micro_ros_setup' build argument 'cmake_clean_first' from command line to 'False'
[0.232s] Level 5:colcon.colcon_core.verb:set package 'micro_ros_setup' build argument 'cmake_force_configure' from command line to 'False'
[0.232s] Level 5:colcon.colcon_core.verb:set package 'micro_ros_setup' build argument 'ament_cmake_args' from command line to 'None'
[0.232s] Level 5:colcon.colcon_core.verb:set package 'micro_ros_setup' build argument 'catkin_cmake_args' from command line to 'None'
[0.232s] Level 5:colcon.colcon_core.verb:set package 'micro_ros_setup' build argument 'catkin_skip_building_tests' from command line to 'False'
[0.232s] DEBUG:colcon.colcon_core.verb:Building package 'micro_ros_setup' with the following arguments: {'ament_cmake_args': None, 'build_base': '/home/mouha/crazyflie/ros2_ws/build/micro_ros_setup', 'catkin_cmake_args': None, 'catkin_skip_building_tests': False, 'cmake_args': None, 'cmake_clean_cache': False, 'cmake_clean_first': False, 'cmake_force_configure': False, 'cmake_target': None, 'cmake_target_skip_unavailable': False, 'install_base': '/home/mouha/crazyflie/ros2_ws/install/micro_ros_setup', 'merge_install': False, 'path': '/home/mouha/crazyflie/ros2_ws/src/micro_ros_setup', 'symlink_install': True, 'test_result_base': None}
[0.232s] Level 5:colcon.colcon_core.verb:set package 'crazyflie' build argument 'cmake_args' from command line to 'None'
[0.232s] Level 5:colcon.colcon_core.verb:set package 'crazyflie' build argument 'cmake_target' from command line to 'None'
[0.232s] Level 5:colcon.colcon_core.verb:set package 'crazyflie' build argument 'cmake_target_skip_unavailable' from command line to 'False'
[0.232s] Level 5:colcon.colcon_core.verb:set package 'crazyflie' build argument 'cmake_clean_cache' from command line to 'False'
[0.232s] Level 5:colcon.colcon_core.verb:set package 'crazyflie' build argument 'cmake_clean_first' from command line to 'False'
[0.232s] Level 5:colcon.colcon_core.verb:set package 'crazyflie' build argument 'cmake_force_configure' from command line to 'False'
[0.232s] Level 5:colcon.colcon_core.verb:set package 'crazyflie' build argument 'ament_cmake_args' from command line to 'None'
[0.232s] Level 5:colcon.colcon_core.verb:set package 'crazyflie' build argument 'catkin_cmake_args' from command line to 'None'
[0.232s] Level 5:colcon.colcon_core.verb:set package 'crazyflie' build argument 'catkin_skip_building_tests' from command line to 'False'
[0.232s] DEBUG:colcon.colcon_core.verb:Building package 'crazyflie' with the following arguments: {'ament_cmake_args': None, 'build_base': '/home/mouha/crazyflie/ros2_ws/build/crazyflie', 'catkin_cmake_args': None, 'catkin_skip_building_tests': False, 'cmake_args': None, 'cmake_clean_cache': False, 'cmake_clean_first': False, 'cmake_force_configure': False, 'cmake_target': None, 'cmake_target_skip_unavailable': False, 'install_base': '/home/mouha/crazyflie/ros2_ws/install/crazyflie', 'merge_install': False, 'path': '/home/mouha/crazyflie/ros2_ws/src/crazyswarm2/crazyflie', 'symlink_install': True, 'test_result_base': None}
[0.232s] Level 5:colcon.colcon_core.verb:set package 'crazyflie_py' build argument 'cmake_args' from command line to 'None'
[0.232s] Level 5:colcon.colcon_core.verb:set package 'crazyflie_py' build argument 'cmake_target' from command line to 'None'
[0.232s] Level 5:colcon.colcon_core.verb:set package 'crazyflie_py' build argument 'cmake_target_skip_unavailable' from command line to 'False'
[0.232s] Level 5:colcon.colcon_core.verb:set package 'crazyflie_py' build argument 'cmake_clean_cache' from command line to 'False'
[0.232s] Level 5:colcon.colcon_core.verb:set package 'crazyflie_py' build argument 'cmake_clean_first' from command line to 'False'
[0.232s] Level 5:colcon.colcon_core.verb:set package 'crazyflie_py' build argument 'cmake_force_configure' from command line to 'False'
[0.232s] Level 5:colcon.colcon_core.verb:set package 'crazyflie_py' build argument 'ament_cmake_args' from command line to 'None'
[0.232s] Level 5:colcon.colcon_core.verb:set package 'crazyflie_py' build argument 'catkin_cmake_args' from command line to 'None'
[0.232s] Level 5:colcon.colcon_core.verb:set package 'crazyflie_py' build argument 'catkin_skip_building_tests' from command line to 'False'
[0.232s] DEBUG:colcon.colcon_core.verb:Building package 'crazyflie_py' with the following arguments: {'ament_cmake_args': None, 'build_base': '/home/mouha/crazyflie/ros2_ws/build/crazyflie_py', 'catkin_cmake_args': None, 'catkin_skip_building_tests': False, 'cmake_args': None, 'cmake_clean_cache': False, 'cmake_clean_first': False, 'cmake_force_configure': False, 'cmake_target': None, 'cmake_target_skip_unavailable': False, 'install_base': '/home/mouha/crazyflie/ros2_ws/install/crazyflie_py', 'merge_install': False, 'path': '/home/mouha/crazyflie/ros2_ws/src/crazyswarm2/crazyflie_py', 'symlink_install': True, 'test_result_base': None}
[0.233s] Level 5:colcon.colcon_core.verb:set package 'crazyflie_server_py' build argument 'cmake_args' from command line to 'None'
[0.233s] Level 5:colcon.colcon_core.verb:set package 'crazyflie_server_py' build argument 'cmake_target' from command line to 'None'
[0.233s] Level 5:colcon.colcon_core.verb:set package 'crazyflie_server_py' build argument 'cmake_target_skip_unavailable' from command line to 'False'
[0.233s] Level 5:colcon.colcon_core.verb:set package 'crazyflie_server_py' build argument 'cmake_clean_cache' from command line to 'False'
[0.233s] Level 5:colcon.colcon_core.verb:set package 'crazyflie_server_py' build argument 'cmake_clean_first' from command line to 'False'
[0.233s] Level 5:colcon.colcon_core.verb:set package 'crazyflie_server_py' build argument 'cmake_force_configure' from command line to 'False'
[0.233s] Level 5:colcon.colcon_core.verb:set package 'crazyflie_server_py' build argument 'ament_cmake_args' from command line to 'None'
[0.233s] Level 5:colcon.colcon_core.verb:set package 'crazyflie_server_py' build argument 'catkin_cmake_args' from command line to 'None'
[0.233s] Level 5:colcon.colcon_core.verb:set package 'crazyflie_server_py' build argument 'catkin_skip_building_tests' from command line to 'False'
[0.233s] DEBUG:colcon.colcon_core.verb:Building package 'crazyflie_server_py' with the following arguments: {'ament_cmake_args': None, 'build_base': '/home/mouha/crazyflie/ros2_ws/build/crazyflie_server_py', 'catkin_cmake_args': None, 'catkin_skip_building_tests': False, 'cmake_args': None, 'cmake_clean_cache': False, 'cmake_clean_first': False, 'cmake_force_configure': False, 'cmake_target': None, 'cmake_target_skip_unavailable': False, 'install_base': '/home/mouha/crazyflie/ros2_ws/install/crazyflie_server_py', 'merge_install': False, 'path': '/home/mouha/crazyflie/ros2_ws/src/crazyswarm2/crazyflie_server_py', 'symlink_install': True, 'test_result_base': None}
[0.233s] Level 5:colcon.colcon_core.verb:set package 'crazyflie_sim' build argument 'cmake_args' from command line to 'None'
[0.233s] Level 5:colcon.colcon_core.verb:set package 'crazyflie_sim' build argument 'cmake_target' from command line to 'None'
[0.233s] Level 5:colcon.colcon_core.verb:set package 'crazyflie_sim' build argument 'cmake_target_skip_unavailable' from command line to 'False'
[0.233s] Level 5:colcon.colcon_core.verb:set package 'crazyflie_sim' build argument 'cmake_clean_cache' from command line to 'False'
[0.233s] Level 5:colcon.colcon_core.verb:set package 'crazyflie_sim' build argument 'cmake_clean_first' from command line to 'False'
[0.233s] Level 5:colcon.colcon_core.verb:set package 'crazyflie_sim' build argument 'cmake_force_configure' from command line to 'False'
[0.233s] Level 5:colcon.colcon_core.verb:set package 'crazyflie_sim' build argument 'ament_cmake_args' from command line to 'None'
[0.233s] Level 5:colcon.colcon_core.verb:set package 'crazyflie_sim' build argument 'catkin_cmake_args' from command line to 'None'
[0.233s] Level 5:colcon.colcon_core.verb:set package 'crazyflie_sim' build argument 'catkin_skip_building_tests' from command line to 'False'
[0.233s] DEBUG:colcon.colcon_core.verb:Building package 'crazyflie_sim' with the following arguments: {'ament_cmake_args': None, 'build_base': '/home/mouha/crazyflie/ros2_ws/build/crazyflie_sim', 'catkin_cmake_args': None, 'catkin_skip_building_tests': False, 'cmake_args': None, 'cmake_clean_cache': False, 'cmake_clean_first': False, 'cmake_force_configure': False, 'cmake_target': None, 'cmake_target_skip_unavailable': False, 'install_base': '/home/mouha/crazyflie/ros2_ws/install/crazyflie_sim', 'merge_install': False, 'path': '/home/mouha/crazyflie/ros2_ws/src/crazyswarm2/crazyflie_sim', 'symlink_install': True, 'test_result_base': None}
[0.233s] Level 5:colcon.colcon_core.verb:set package 'micro_ros_agent' build argument 'cmake_args' from command line to 'None'
[0.233s] Level 5:colcon.colcon_core.verb:set package 'micro_ros_agent' build argument 'cmake_target' from command line to 'None'
[0.233s] Level 5:colcon.colcon_core.verb:set package 'micro_ros_agent' build argument 'cmake_target_skip_unavailable' from command line to 'False'
[0.233s] Level 5:colcon.colcon_core.verb:set package 'micro_ros_agent' build argument 'cmake_clean_cache' from command line to 'False'
[0.233s] Level 5:colcon.colcon_core.verb:set package 'micro_ros_agent' build argument 'cmake_clean_first' from command line to 'False'
[0.233s] Level 5:colcon.colcon_core.verb:set package 'micro_ros_agent' build argument 'cmake_force_configure' from command line to 'False'
[0.233s] Level 5:colcon.colcon_core.verb:set package 'micro_ros_agent' build argument 'ament_cmake_args' from command line to 'None'
[0.233s] Level 5:colcon.colcon_core.verb:set package 'micro_ros_agent' build argument 'catkin_cmake_args' from command line to 'None'
[0.234s] Level 5:colcon.colcon_core.verb:set package 'micro_ros_agent' build argument 'catkin_skip_building_tests' from command line to 'False'
[0.234s] DEBUG:colcon.colcon_core.verb:Building package 'micro_ros_agent' with the following arguments: {'ament_cmake_args': None, 'build_base': '/home/mouha/crazyflie/ros2_ws/build/micro_ros_agent', 'catkin_cmake_args': None, 'catkin_skip_building_tests': False, 'cmake_args': None, 'cmake_clean_cache': False, 'cmake_clean_first': False, 'cmake_force_configure': False, 'cmake_target': None, 'cmake_target_skip_unavailable': False, 'install_base': '/home/mouha/crazyflie/ros2_ws/install/micro_ros_agent', 'merge_install': False, 'path': '/home/mouha/crazyflie/ros2_ws/src/uros/micro-ROS-Agent/micro_ros_agent', 'symlink_install': True, 'test_result_base': None}
[0.234s] Level 5:colcon.colcon_core.verb:set package 'cf_led_mission' build argument 'cmake_args' from command line to 'None'
[0.234s] Level 5:colcon.colcon_core.verb:set package 'cf_led_mission' build argument 'cmake_target' from command line to 'None'
[0.234s] Level 5:colcon.colcon_core.verb:set package 'cf_led_mission' build argument 'cmake_target_skip_unavailable' from command line to 'False'
[0.234s] Level 5:colcon.colcon_core.verb:set package 'cf_led_mission' build argument 'cmake_clean_cache' from command line to 'False'
[0.234s] Level 5:colcon.colcon_core.verb:set package 'cf_led_mission' build argument 'cmake_clean_first' from command line to 'False'
[0.234s] Level 5:colcon.colcon_core.verb:set package 'cf_led_mission' build argument 'cmake_force_configure' from command line to 'False'
[0.234s] Level 5:colcon.colcon_core.verb:set package 'cf_led_mission' build argument 'ament_cmake_args' from command line to 'None'
[0.234s] Level 5:colcon.colcon_core.verb:set package 'cf_led_mission' build argument 'catkin_cmake_args' from command line to 'None'
[0.234s] Level 5:colcon.colcon_core.verb:set package 'cf_led_mission' build argument 'catkin_skip_building_tests' from command line to 'False'
[0.234s] DEBUG:colcon.colcon_core.verb:Building package 'cf_led_mission' with the following arguments: {'ament_cmake_args': None, 'build_base': '/home/mouha/crazyflie/ros2_ws/build/cf_led_mission', 'catkin_cmake_args': None, 'catkin_skip_building_tests': False, 'cmake_args': None, 'cmake_clean_cache': False, 'cmake_clean_first': False, 'cmake_force_configure': False, 'cmake_target': None, 'cmake_target_skip_unavailable': False, 'install_base': '/home/mouha/crazyflie/ros2_ws/install/cf_led_mission', 'merge_install': False, 'path': '/home/mouha/crazyflie/ros2_ws/src/cf_led_mission', 'symlink_install': True, 'test_result_base': None}
[0.234s] Level 5:colcon.colcon_core.verb:set package 'crazyflie_examples' build argument 'cmake_args' from command line to 'None'
[0.234s] Level 5:colcon.colcon_core.verb:set package 'crazyflie_examples' build argument 'cmake_target' from command line to 'None'
[0.234s] Level 5:colcon.colcon_core.verb:set package 'crazyflie_examples' build argument 'cmake_target_skip_unavailable' from command line to 'False'
[0.234s] Level 5:colcon.colcon_core.verb:set package 'crazyflie_examples' build argument 'cmake_clean_cache' from command line to 'False'
[0.234s] Level 5:colcon.colcon_core.verb:set package 'crazyflie_examples' build argument 'cmake_clean_first' from command line to 'False'
[0.234s] Level 5:colcon.colcon_core.verb:set package 'crazyflie_examples' build argument 'cmake_force_configure' from command line to 'False'
[0.234s] Level 5:colcon.colcon_core.verb:set package 'crazyflie_examples' build argument 'ament_cmake_args' from command line to 'None'
[0.234s] Level 5:colcon.colcon_core.verb:set package 'crazyflie_examples' build argument 'catkin_cmake_args' from command line to 'None'
[0.234s] Level 5:colcon.colcon_core.verb:set package 'crazyflie_examples' build argument 'catkin_skip_building_tests' from command line to 'False'
[0.234s] DEBUG:colcon.colcon_core.verb:Building package 'crazyflie_examples' with the following arguments: {'ament_cmake_args': None, 'build_base': '/home/mouha/crazyflie/ros2_ws/build/crazyflie_examples', 'catkin_cmake_args': None, 'catkin_skip_building_tests': False, 'cmake_args': None, 'cmake_clean_cache': False, 'cmake_clean_first': False, 'cmake_force_configure': False, 'cmake_target': None, 'cmake_target_skip_unavailable': False, 'install_base': '/home/mouha/crazyflie/ros2_ws/install/crazyflie_examples', 'merge_install': False, 'path': '/home/mouha/crazyflie/ros2_ws/src/crazyswarm2/crazyflie_examples', 'symlink_install': True, 'test_result_base': None}
[0.234s] INFO:colcon.colcon_core.executor:Executing jobs using 'parallel' executor
[0.235s] DEBUG:colcon.colcon_parallel_executor.executor.parallel:run_until_complete
[0.235s] INFO:colcon.colcon_ros.task.ament_cmake.build:Building ROS package in '/home/mouha/crazyflie/ros2_ws/src/crazyswarm2/crazyflie_interfaces' with build type 'ament_cmake'
[0.235s] INFO:colcon.colcon_cmake.task.cmake.build:Building CMake package in '/home/mouha/crazyflie/ros2_ws/src/crazyswarm2/crazyflie_interfaces'
[0.237s] INFO:colcon.colcon_core.plugin_system:Skipping extension 'colcon_core.shell.bat': Not used on non-Windows systems
[0.237s] INFO:colcon.colcon_core.shell:Skip shell extension 'powershell' for command environment: Not usable outside of PowerShell
[0.237s] DEBUG:colcon.colcon_core.shell:Skip shell extension 'dsv' for command environment
[0.241s] INFO:colcon.colcon_ros.task.ament_cmake.build:Building ROS package in '/home/mouha/crazyflie/ros2_ws/src/crazyswarm2/crazyflie_description' with build type 'ament_cmake'
[0.241s] INFO:colcon.colcon_cmake.task.cmake.build:Building CMake package in '/home/mouha/crazyflie/ros2_ws/src/crazyswarm2/crazyflie_description'
[0.241s] INFO:colcon.colcon_core.shell:Skip shell extension 'powershell' for command environment: Not usable outside of PowerShell
[0.241s] DEBUG:colcon.colcon_core.shell:Skip shell extension 'dsv' for command environment
[0.245s] INFO:colcon.colcon_ros.task.ament_cmake.build:Building ROS package in '/home/mouha/crazyflie/ros2_ws/src/uros/micro_ros_msgs' with build type 'ament_cmake'
[0.245s] INFO:colcon.colcon_cmake.task.cmake.build:Building CMake package in '/home/mouha/crazyflie/ros2_ws/src/uros/micro_ros_msgs'
[0.245s] INFO:colcon.colcon_core.shell:Skip shell extension 'powershell' for command environment: Not usable outside of PowerShell
[0.245s] DEBUG:colcon.colcon_core.shell:Skip shell extension 'dsv' for command environment
[0.248s] INFO:colcon.colcon_ros.task.ament_cmake.build:Building ROS package in '/home/mouha/crazyflie/ros2_ws/src/uros/drive_base/drive_base_msgs' with build type 'ament_cmake'
[0.249s] INFO:colcon.colcon_cmake.task.cmake.build:Building CMake package in '/home/mouha/crazyflie/ros2_ws/src/uros/drive_base/drive_base_msgs'
[0.249s] INFO:colcon.colcon_core.shell:Skip shell extension 'powershell' for command environment: Not usable outside of PowerShell
[0.249s] DEBUG:colcon.colcon_core.shell:Skip shell extension 'dsv' for command environment
[0.252s] INFO:colcon.colcon_ros.task.ament_cmake.build:Building ROS package in '/home/mouha/crazyflie/ros2_ws/src/micro_ros_setup' with build type 'ament_cmake'
[0.252s] INFO:colcon.colcon_cmake.task.cmake.build:Building CMake package in '/home/mouha/crazyflie/ros2_ws/src/micro_ros_setup'
[0.252s] INFO:colcon.colcon_core.shell:Skip shell extension 'powershell' for command environment: Not usable outside of PowerShell
[0.252s] DEBUG:colcon.colcon_core.shell:Skip shell extension 'dsv' for command environment
[0.260s] DEBUG:colcon.colcon_core.event_handler.log_command:Invoking command in '/home/mouha/crazyflie/ros2_ws/build/crazyflie_interfaces': CMAKE_PREFIX_PATH=${CMAKE_PREFIX_PATH}:/home/mouha/crazyflie/ros2_ws/install/crazyflie_server_py:/home/mouha/crazyflie/ros2_ws/install/cf_led_mission:/home/mouha/crazyflie/ros2_ws/install/crazyflie_py:/home/mouha/ros2_ws/install/my_py_pkg:/opt/ros/jazzy DEBUGINFOD_URLS=https://debuginfod.ubuntu.com /usr/bin/cmake --build /home/mouha/crazyflie/ros2_ws/build/crazyflie_interfaces -- -j12 -l12
[0.261s] DEBUG:colcon.colcon_core.event_handler.log_command:Invoking command in '/home/mouha/crazyflie/ros2_ws/build/crazyflie_description': CMAKE_PREFIX_PATH=${CMAKE_PREFIX_PATH}:/home/mouha/crazyflie/ros2_ws/install/crazyflie_server_py:/home/mouha/crazyflie/ros2_ws/install/cf_led_mission:/home/mouha/crazyflie/ros2_ws/install/crazyflie_py:/home/mouha/ros2_ws/install/my_py_pkg:/opt/ros/jazzy DEBUGINFOD_URLS=https://debuginfod.ubuntu.com /usr/bin/cmake --build /home/mouha/crazyflie/ros2_ws/build/crazyflie_description -- -j12 -l12
[0.263s] DEBUG:colcon.colcon_core.event_handler.log_command:Invoking command in '/home/mouha/crazyflie/ros2_ws/build/micro_ros_msgs': CMAKE_PREFIX_PATH=${CMAKE_PREFIX_PATH}:/home/mouha/crazyflie/ros2_ws/install/crazyflie_server_py:/home/mouha/crazyflie/ros2_ws/install/cf_led_mission:/home/mouha/crazyflie/ros2_ws/install/crazyflie_py:/home/mouha/ros2_ws/install/my_py_pkg:/opt/ros/jazzy DEBUGINFOD_URLS=https://debuginfod.ubuntu.com /usr/bin/cmake /home/mouha/crazyflie/ros2_ws/src/uros/micro_ros_msgs -DAMENT_CMAKE_SYMLINK_INSTALL=1 -DCMAKE_INSTALL_PREFIX=/home/mouha/crazyflie/ros2_ws/install/micro_ros_msgs
[0.264s] DEBUG:colcon.colcon_core.event_handler.log_command:Invoking command in '/home/mouha/crazyflie/ros2_ws/build/drive_base_msgs': CMAKE_PREFIX_PATH=${CMAKE_PREFIX_PATH}:/home/mouha/crazyflie/ros2_ws/install/crazyflie_server_py:/home/mouha/crazyflie/ros2_ws/install/cf_led_mission:/home/mouha/crazyflie/ros2_ws/install/crazyflie_py:/home/mouha/ros2_ws/install/my_py_pkg:/opt/ros/jazzy DEBUGINFOD_URLS=https://debuginfod.ubuntu.com /usr/bin/cmake --build /home/mouha/crazyflie/ros2_ws/build/drive_base_msgs -- -j12 -l12
[0.269s] DEBUG:colcon.colcon_core.event_handler.log_command:Invoking command in '/home/mouha/crazyflie/ros2_ws/build/micro_ros_setup': CMAKE_PREFIX_PATH=${CMAKE_PREFIX_PATH}:/home/mouha/crazyflie/ros2_ws/install/crazyflie_server_py:/home/mouha/crazyflie/ros2_ws/install/cf_led_mission:/home/mouha/crazyflie/ros2_ws/install/crazyflie_py:/home/mouha/ros2_ws/install/my_py_pkg:/opt/ros/jazzy DEBUGINFOD_URLS=https://debuginfod.ubuntu.com /usr/bin/cmake --build /home/mouha/crazyflie/ros2_ws/build/micro_ros_setup -- -j12 -l12
[0.291s] DEBUG:colcon.colcon_core.event_handler.log_command:Invoked command in '/home/mouha/crazyflie/ros2_ws/build/crazyflie_description' returned '0': CMAKE_PREFIX_PATH=${CMAKE_PREFIX_PATH}:/home/mouha/crazyflie/ros2_ws/install/crazyflie_server_py:/home/mouha/crazyflie/ros2_ws/install/cf_led_mission:/home/mouha/crazyflie/ros2_ws/install/crazyflie_py:/home/mouha/ros2_ws/install/my_py_pkg:/opt/ros/jazzy DEBUGINFOD_URLS=https://debuginfod.ubuntu.com /usr/bin/cmake --build /home/mouha/crazyflie/ros2_ws/build/crazyflie_description -- -j12 -l12
[0.302s] DEBUG:colcon.colcon_core.event_handler.log_command:Invoking command in '/home/mouha/crazyflie/ros2_ws/build/crazyflie_description': CMAKE_PREFIX_PATH=${CMAKE_PREFIX_PATH}:/home/mouha/crazyflie/ros2_ws/install/crazyflie_server_py:/home/mouha/crazyflie/ros2_ws/install/cf_led_mission:/home/mouha/crazyflie/ros2_ws/install/crazyflie_py:/home/mouha/ros2_ws/install/my_py_pkg:/opt/ros/jazzy DEBUGINFOD_URLS=https://debuginfod.ubuntu.com /usr/bin/cmake --install /home/mouha/crazyflie/ros2_ws/build/crazyflie_description
[0.304s] DEBUG:colcon.colcon_core.event_handler.log_command:Invoked command in '/home/mouha/crazyflie/ros2_ws/build/micro_ros_setup' returned '0': CMAKE_PREFIX_PATH=${CMAKE_PREFIX_PATH}:/home/mouha/crazyflie/ros2_ws/install/crazyflie_server_py:/home/mouha/crazyflie/ros2_ws/install/cf_led_mission:/home/mouha/crazyflie/ros2_ws/install/crazyflie_py:/home/mouha/ros2_ws/install/my_py_pkg:/opt/ros/jazzy DEBUGINFOD_URLS=https://debuginfod.ubuntu.com /usr/bin/cmake --build /home/mouha/crazyflie/ros2_ws/build/micro_ros_setup -- -j12 -l12
[0.305s] DEBUG:colcon.colcon_core.event_handler.log_command:Invoking command in '/home/mouha/crazyflie/ros2_ws/build/micro_ros_setup': CMAKE_PREFIX_PATH=${CMAKE_PREFIX_PATH}:/home/mouha/crazyflie/ros2_ws/install/crazyflie_server_py:/home/mouha/crazyflie/ros2_ws/install/cf_led_mission:/home/mouha/crazyflie/ros2_ws/install/crazyflie_py:/home/mouha/ros2_ws/install/my_py_pkg:/opt/ros/jazzy DEBUGINFOD_URLS=https://debuginfod.ubuntu.com /usr/bin/cmake --install /home/mouha/crazyflie/ros2_ws/build/micro_ros_setup
[0.324s] Level 1:colcon.colcon_core.environment:create_environment_scripts_only(crazyflie_description)
[0.325s] DEBUG:colcon.colcon_core.event_handler.log_command:Invoked command in '/home/mouha/crazyflie/ros2_ws/build/crazyflie_description' returned '0': CMAKE_PREFIX_PATH=${CMAKE_PREFIX_PATH}:/home/mouha/crazyflie/ros2_ws/install/crazyflie_server_py:/home/mouha/crazyflie/ros2_ws/install/cf_led_mission:/home/mouha/crazyflie/ros2_ws/install/crazyflie_py:/home/mouha/ros2_ws/install/my_py_pkg:/opt/ros/jazzy DEBUGINFOD_URLS=https://debuginfod.ubuntu.com /usr/bin/cmake --install /home/mouha/crazyflie/ros2_ws/build/crazyflie_description
[0.333s] Level 1:colcon.colcon_core.environment:checking '/home/mouha/crazyflie/ros2_ws/install/crazyflie_description' for CMake module files
[0.334s] Level 1:colcon.colcon_core.environment:checking '/home/mouha/crazyflie/ros2_ws/install/crazyflie_description' for CMake config files
[0.334s] Level 1:colcon.colcon_core.shell:create_environment_hook('crazyflie_description', 'cmake_prefix_path')
[0.334s] INFO:colcon.colcon_core.shell:Creating environment hook '/home/mouha/crazyflie/ros2_ws/install/crazyflie_description/share/crazyflie_description/hook/cmake_prefix_path.ps1'
[0.335s] INFO:colcon.colcon_core.shell:Creating environment descriptor '/home/mouha/crazyflie/ros2_ws/install/crazyflie_description/share/crazyflie_description/hook/cmake_prefix_path.dsv'
[0.339s] INFO:colcon.colcon_core.shell:Creating environment hook '/home/mouha/crazyflie/ros2_ws/install/crazyflie_description/share/crazyflie_description/hook/cmake_prefix_path.sh'
[0.340s] Level 1:colcon.colcon_core.environment:checking '/home/mouha/crazyflie/ros2_ws/install/crazyflie_description/bin'
[0.340s] Level 1:colcon.colcon_core.environment:checking '/home/mouha/crazyflie/ros2_ws/install/crazyflie_description/lib/pkgconfig/crazyflie_description.pc'
[0.340s] Level 1:colcon.colcon_core.environment:checking '/home/mouha/crazyflie/ros2_ws/install/crazyflie_description/lib/python3.12/site-packages'
[0.340s] Level 1:colcon.colcon_core.environment:checking '/home/mouha/crazyflie/ros2_ws/install/crazyflie_description/bin'
[0.341s] INFO:colcon.colcon_core.shell:Creating package script '/home/mouha/crazyflie/ros2_ws/install/crazyflie_description/share/crazyflie_description/package.ps1'
[0.342s] INFO:colcon.colcon_core.shell:Creating package descriptor '/home/mouha/crazyflie/ros2_ws/install/crazyflie_description/share/crazyflie_description/package.dsv'
[0.343s] INFO:colcon.colcon_core.shell:Creating package script '/home/mouha/crazyflie/ros2_ws/install/crazyflie_description/share/crazyflie_description/package.sh'
[0.343s] INFO:colcon.colcon_core.shell:Creating package script '/home/mouha/crazyflie/ros2_ws/install/crazyflie_description/share/crazyflie_description/package.bash'
[0.344s] INFO:colcon.colcon_core.shell:Creating package script '/home/mouha/crazyflie/ros2_ws/install/crazyflie_description/share/crazyflie_description/package.zsh'
[0.345s] Level 1:colcon.colcon_core.environment:create_file_with_runtime_dependencies(/home/mouha/crazyflie/ros2_ws/install/crazyflie_description/share/colcon-core/packages/crazyflie_description)
[0.347s] Level 1:colcon.colcon_core.environment:create_environment_scripts_only(crazyflie_description)
[0.347s] Level 1:colcon.colcon_core.environment:checking '/home/mouha/crazyflie/ros2_ws/install/crazyflie_description' for CMake module files
[0.348s] Level 1:colcon.colcon_core.environment:checking '/home/mouha/crazyflie/ros2_ws/install/crazyflie_description' for CMake config files
[0.348s] Level 1:colcon.colcon_core.shell:create_environment_hook('crazyflie_description', 'cmake_prefix_path')
[0.348s] INFO:colcon.colcon_core.shell:Creating environment hook '/home/mouha/crazyflie/ros2_ws/install/crazyflie_description/share/crazyflie_description/hook/cmake_prefix_path.ps1'
[0.349s] INFO:colcon.colcon_core.shell:Creating environment descriptor '/home/mouha/crazyflie/ros2_ws/install/crazyflie_description/share/crazyflie_description/hook/cmake_prefix_path.dsv'
[0.349s] INFO:colcon.colcon_core.shell:Creating environment hook '/home/mouha/crazyflie/ros2_ws/install/crazyflie_description/share/crazyflie_description/hook/cmake_prefix_path.sh'
[0.350s] Level 1:colcon.colcon_core.environment:checking '/home/mouha/crazyflie/ros2_ws/install/crazyflie_description/bin'
[0.350s] Level 1:colcon.colcon_core.environment:checking '/home/mouha/crazyflie/ros2_ws/install/crazyflie_description/lib/pkgconfig/crazyflie_description.pc'
[0.350s] Level 1:colcon.colcon_core.environment:checking '/home/mouha/crazyflie/ros2_ws/install/crazyflie_description/lib/python3.12/site-packages'
[0.351s] Level 1:colcon.colcon_core.environment:checking '/home/mouha/crazyflie/ros2_ws/install/crazyflie_description/bin'
[0.351s] INFO:colcon.colcon_core.shell:Creating package script '/home/mouha/crazyflie/ros2_ws/install/crazyflie_description/share/crazyflie_description/package.ps1'
[0.352s] INFO:colcon.colcon_core.shell:Creating package descriptor '/home/mouha/crazyflie/ros2_ws/install/crazyflie_description/share/crazyflie_description/package.dsv'
[0.352s] INFO:colcon.colcon_core.shell:Creating package script '/home/mouha/crazyflie/ros2_ws/install/crazyflie_description/share/crazyflie_description/package.sh'
[0.352s] INFO:colcon.colcon_core.shell:Creating package script '/home/mouha/crazyflie/ros2_ws/install/crazyflie_description/share/crazyflie_description/package.bash'
[0.353s] INFO:colcon.colcon_core.shell:Creating package script '/home/mouha/crazyflie/ros2_ws/install/crazyflie_description/share/crazyflie_description/package.zsh'
[0.354s] Level 1:colcon.colcon_core.environment:create_file_with_runtime_dependencies(/home/mouha/crazyflie/ros2_ws/install/crazyflie_description/share/colcon-core/packages/crazyflie_description)
[0.355s] Level 1:colcon.colcon_core.environment:create_environment_scripts_only(micro_ros_setup)
[0.355s] Level 1:colcon.colcon_core.environment:checking '/home/mouha/crazyflie/ros2_ws/install/micro_ros_setup' for CMake module files
[0.356s] Level 1:colcon.colcon_core.environment:checking '/home/mouha/crazyflie/ros2_ws/install/micro_ros_setup' for CMake config files
[0.360s] Level 1:colcon.colcon_core.shell:create_environment_hook('micro_ros_setup', 'cmake_prefix_path')
[0.363s] INFO:colcon.colcon_core.shell:Creating environment hook '/home/mouha/crazyflie/ros2_ws/install/micro_ros_setup/share/micro_ros_setup/hook/cmake_prefix_path.ps1'
[0.363s] INFO:colcon.colcon_core.shell:Creating environment descriptor '/home/mouha/crazyflie/ros2_ws/install/micro_ros_setup/share/micro_ros_setup/hook/cmake_prefix_path.dsv'
[0.363s] INFO:colcon.colcon_core.shell:Creating environment hook '/home/mouha/crazyflie/ros2_ws/install/micro_ros_setup/share/micro_ros_setup/hook/cmake_prefix_path.sh'
[0.364s] Level 1:colcon.colcon_core.environment:checking '/home/mouha/crazyflie/ros2_ws/install/micro_ros_setup/lib'
[0.364s] Level 1:colcon.colcon_core.environment:checking '/home/mouha/crazyflie/ros2_ws/install/micro_ros_setup/bin'
[0.364s] Level 1:colcon.colcon_core.environment:checking '/home/mouha/crazyflie/ros2_ws/install/micro_ros_setup/lib/pkgconfig/micro_ros_setup.pc'
[0.364s] Level 1:colcon.colcon_core.environment:checking '/home/mouha/crazyflie/ros2_ws/install/micro_ros_setup/lib/python3.12/site-packages'
[0.365s] Level 1:colcon.colcon_core.environment:checking '/home/mouha/crazyflie/ros2_ws/install/micro_ros_setup/bin'
[0.365s] INFO:colcon.colcon_core.shell:Creating package script '/home/mouha/crazyflie/ros2_ws/install/micro_ros_setup/share/micro_ros_setup/package.ps1'
[0.365s] INFO:colcon.colcon_core.shell:Creating package descriptor '/home/mouha/crazyflie/ros2_ws/install/micro_ros_setup/share/micro_ros_setup/package.dsv'
[0.366s] DEBUG:colcon.colcon_core.event_handler.log_command:Invoked command in '/home/mouha/crazyflie/ros2_ws/build/micro_ros_setup' returned '0': CMAKE_PREFIX_PATH=${CMAKE_PREFIX_PATH}:/home/mouha/crazyflie/ros2_ws/install/crazyflie_server_py:/home/mouha/crazyflie/ros2_ws/install/cf_led_mission:/home/mouha/crazyflie/ros2_ws/install/crazyflie_py:/home/mouha/ros2_ws/install/my_py_pkg:/opt/ros/jazzy DEBUGINFOD_URLS=https://debuginfod.ubuntu.com /usr/bin/cmake --install /home/mouha/crazyflie/ros2_ws/build/micro_ros_setup
[0.367s] INFO:colcon.colcon_core.shell:Creating package script '/home/mouha/crazyflie/ros2_ws/install/micro_ros_setup/share/micro_ros_setup/package.sh'
[0.367s] INFO:colcon.colcon_core.shell:Creating package script '/home/mouha/crazyflie/ros2_ws/install/micro_ros_setup/share/micro_ros_setup/package.bash'
[0.367s] INFO:colcon.colcon_core.shell:Creating package script '/home/mouha/crazyflie/ros2_ws/install/micro_ros_setup/share/micro_ros_setup/package.zsh'
[0.368s] Level 1:colcon.colcon_core.environment:create_file_with_runtime_dependencies(/home/mouha/crazyflie/ros2_ws/install/micro_ros_setup/share/colcon-core/packages/micro_ros_setup)
[0.368s] Level 1:colcon.colcon_core.environment:create_environment_scripts_only(micro_ros_setup)
[0.369s] Level 1:colcon.colcon_core.environment:checking '/home/mouha/crazyflie/ros2_ws/install/micro_ros_setup' for CMake module files
[0.369s] Level 1:colcon.colcon_core.environment:checking '/home/mouha/crazyflie/ros2_ws/install/micro_ros_setup' for CMake config files
[0.371s] Level 1:colcon.colcon_core.shell:create_environment_hook('micro_ros_setup', 'cmake_prefix_path')
[0.372s] INFO:colcon.colcon_core.shell:Creating environment hook '/home/mouha/crazyflie/ros2_ws/install/micro_ros_setup/share/micro_ros_setup/hook/cmake_prefix_path.ps1'
[0.372s] INFO:colcon.colcon_core.shell:Creating environment descriptor '/home/mouha/crazyflie/ros2_ws/install/micro_ros_setup/share/micro_ros_setup/hook/cmake_prefix_path.dsv'
[0.373s] INFO:colcon.colcon_core.shell:Creating environment hook '/home/mouha/crazyflie/ros2_ws/install/micro_ros_setup/share/micro_ros_setup/hook/cmake_prefix_path.sh'
[0.373s] Level 1:colcon.colcon_core.environment:checking '/home/mouha/crazyflie/ros2_ws/install/micro_ros_setup/lib'
[0.374s] Level 1:colcon.colcon_core.environment:checking '/home/mouha/crazyflie/ros2_ws/install/micro_ros_setup/bin'
[0.374s] Level 1:colcon.colcon_core.environment:checking '/home/mouha/crazyflie/ros2_ws/install/micro_ros_setup/lib/pkgconfig/micro_ros_setup.pc'
[0.374s] Level 1:colcon.colcon_core.environment:checking '/home/mouha/crazyflie/ros2_ws/install/micro_ros_setup/lib/python3.12/site-packages'
[0.374s] Level 1:colcon.colcon_core.environment:checking '/home/mouha/crazyflie/ros2_ws/install/micro_ros_setup/bin'
[0.375s] INFO:colcon.colcon_core.shell:Creating package script '/home/mouha/crazyflie/ros2_ws/install/micro_ros_setup/share/micro_ros_setup/package.ps1'
[0.377s] INFO:colcon.colcon_core.shell:Creating package descriptor '/home/mouha/crazyflie/ros2_ws/install/micro_ros_setup/share/micro_ros_setup/package.dsv'
[0.378s] INFO:colcon.colcon_core.shell:Creating package script '/home/mouha/crazyflie/ros2_ws/install/micro_ros_setup/share/micro_ros_setup/package.sh'
[0.378s] INFO:colcon.colcon_core.shell:Creating package script '/home/mouha/crazyflie/ros2_ws/install/micro_ros_setup/share/micro_ros_setup/package.bash'
[0.378s] INFO:colcon.colcon_core.shell:Creating package script '/home/mouha/crazyflie/ros2_ws/install/micro_ros_setup/share/micro_ros_setup/package.zsh'
[0.379s] Level 1:colcon.colcon_core.environment:create_file_with_runtime_dependencies(/home/mouha/crazyflie/ros2_ws/install/micro_ros_setup/share/colcon-core/packages/micro_ros_setup)
[0.672s] DEBUG:colcon.colcon_core.event_handler.log_command:Invoked command in '/home/mouha/crazyflie/ros2_ws/build/drive_base_msgs' returned '0': CMAKE_PREFIX_PATH=${CMAKE_PREFIX_PATH}:/home/mouha/crazyflie/ros2_ws/install/crazyflie_server_py:/home/mouha/crazyflie/ros2_ws/install/cf_led_mission:/home/mouha/crazyflie/ros2_ws/install/crazyflie_py:/home/mouha/ros2_ws/install/my_py_pkg:/opt/ros/jazzy DEBUGINFOD_URLS=https://debuginfod.ubuntu.com /usr/bin/cmake --build /home/mouha/crazyflie/ros2_ws/build/drive_base_msgs -- -j12 -l12
[0.673s] DEBUG:colcon.colcon_core.event_handler.log_command:Invoking command in '/home/mouha/crazyflie/ros2_ws/build/drive_base_msgs': CMAKE_PREFIX_PATH=${CMAKE_PREFIX_PATH}:/home/mouha/crazyflie/ros2_ws/install/crazyflie_server_py:/home/mouha/crazyflie/ros2_ws/install/cf_led_mission:/home/mouha/crazyflie/ros2_ws/install/crazyflie_py:/home/mouha/ros2_ws/install/my_py_pkg:/opt/ros/jazzy DEBUGINFOD_URLS=https://debuginfod.ubuntu.com /usr/bin/cmake --install /home/mouha/crazyflie/ros2_ws/build/drive_base_msgs
[0.681s] DEBUG:colcon.colcon_core.event_handler.log_command:Invoked command in '/home/mouha/crazyflie/ros2_ws/build/crazyflie_interfaces' returned '0': CMAKE_PREFIX_PATH=${CMAKE_PREFIX_PATH}:/home/mouha/crazyflie/ros2_ws/install/crazyflie_server_py:/home/mouha/crazyflie/ros2_ws/install/cf_led_mission:/home/mouha/crazyflie/ros2_ws/install/crazyflie_py:/home/mouha/ros2_ws/install/my_py_pkg:/opt/ros/jazzy DEBUGINFOD_URLS=https://debuginfod.ubuntu.com /usr/bin/cmake --build /home/mouha/crazyflie/ros2_ws/build/crazyflie_interfaces -- -j12 -l12
[0.684s] DEBUG:colcon.colcon_core.event_handler.log_command:Invoking command in '/home/mouha/crazyflie/ros2_ws/build/crazyflie_interfaces': CMAKE_PREFIX_PATH=${CMAKE_PREFIX_PATH}:/home/mouha/crazyflie/ros2_ws/install/crazyflie_server_py:/home/mouha/crazyflie/ros2_ws/install/cf_led_mission:/home/mouha/crazyflie/ros2_ws/install/crazyflie_py:/home/mouha/ros2_ws/install/my_py_pkg:/opt/ros/jazzy DEBUGINFOD_URLS=https://debuginfod.ubuntu.com /usr/bin/cmake --install /home/mouha/crazyflie/ros2_ws/build/crazyflie_interfaces
[0.762s] Level 1:colcon.colcon_core.environment:create_environment_scripts_only(drive_base_msgs)
[0.762s] Level 1:colcon.colcon_core.environment:checking '/home/mouha/crazyflie/ros2_ws/install/drive_base_msgs' for CMake module files
[0.765s] Level 1:colcon.colcon_core.environment:checking '/home/mouha/crazyflie/ros2_ws/install/drive_base_msgs' for CMake config files
[0.766s] Level 1:colcon.colcon_core.shell:create_environment_hook('drive_base_msgs', 'cmake_prefix_path')
[0.766s] INFO:colcon.colcon_core.shell:Creating environment hook '/home/mouha/crazyflie/ros2_ws/install/drive_base_msgs/share/drive_base_msgs/hook/cmake_prefix_path.ps1'
[0.766s] INFO:colcon.colcon_core.shell:Creating environment descriptor '/home/mouha/crazyflie/ros2_ws/install/drive_base_msgs/share/drive_base_msgs/hook/cmake_prefix_path.dsv'
[0.768s] DEBUG:colcon.colcon_core.event_handler.log_command:Invoked command in '/home/mouha/crazyflie/ros2_ws/build/drive_base_msgs' returned '0': CMAKE_PREFIX_PATH=${CMAKE_PREFIX_PATH}:/home/mouha/crazyflie/ros2_ws/install/crazyflie_server_py:/home/mouha/crazyflie/ros2_ws/install/cf_led_mission:/home/mouha/crazyflie/ros2_ws/install/crazyflie_py:/home/mouha/ros2_ws/install/my_py_pkg:/opt/ros/jazzy DEBUGINFOD_URLS=https://debuginfod.ubuntu.com /usr/bin/cmake --install /home/mouha/crazyflie/ros2_ws/build/drive_base_msgs
[0.769s] INFO:colcon.colcon_core.shell:Creating environment hook '/home/mouha/crazyflie/ros2_ws/install/drive_base_msgs/share/drive_base_msgs/hook/cmake_prefix_path.sh'
[0.771s] Level 1:colcon.colcon_core.environment:checking '/home/mouha/crazyflie/ros2_ws/install/drive_base_msgs/lib'
[0.771s] Level 1:colcon.colcon_core.shell:create_environment_hook('drive_base_msgs', 'ld_library_path_lib')
[0.772s] INFO:colcon.colcon_core.shell:Creating environment hook '/home/mouha/crazyflie/ros2_ws/install/drive_base_msgs/share/drive_base_msgs/hook/ld_library_path_lib.ps1'
[0.773s] INFO:colcon.colcon_core.shell:Creating environment descriptor '/home/mouha/crazyflie/ros2_ws/install/drive_base_msgs/share/drive_base_msgs/hook/ld_library_path_lib.dsv'
[0.773s] INFO:colcon.colcon_core.shell:Creating environment hook '/home/mouha/crazyflie/ros2_ws/install/drive_base_msgs/share/drive_base_msgs/hook/ld_library_path_lib.sh'
[0.775s] Level 1:colcon.colcon_core.environment:checking '/home/mouha/crazyflie/ros2_ws/install/drive_base_msgs/bin'
[0.775s] Level 1:colcon.colcon_core.environment:checking '/home/mouha/crazyflie/ros2_ws/install/drive_base_msgs/lib/pkgconfig/drive_base_msgs.pc'
[0.775s] Level 1:colcon.colcon_core.environment:checking '/home/mouha/crazyflie/ros2_ws/install/drive_base_msgs/lib/python3.12/site-packages'
[0.775s] Level 1:colcon.colcon_core.shell:create_environment_hook('drive_base_msgs', 'pythonpath')
[0.776s] INFO:colcon.colcon_core.shell:Creating environment hook '/home/mouha/crazyflie/ros2_ws/install/drive_base_msgs/share/drive_base_msgs/hook/pythonpath.ps1'
[0.776s] INFO:colcon.colcon_core.shell:Creating environment descriptor '/home/mouha/crazyflie/ros2_ws/install/drive_base_msgs/share/drive_base_msgs/hook/pythonpath.dsv'
[0.777s] INFO:colcon.colcon_core.shell:Creating environment hook '/home/mouha/crazyflie/ros2_ws/install/drive_base_msgs/share/drive_base_msgs/hook/pythonpath.sh'
[0.777s] Level 1:colcon.colcon_core.environment:checking '/home/mouha/crazyflie/ros2_ws/install/drive_base_msgs/bin'
[0.778s] INFO:colcon.colcon_core.shell:Creating package script '/home/mouha/crazyflie/ros2_ws/install/drive_base_msgs/share/drive_base_msgs/package.ps1'
[0.779s] INFO:colcon.colcon_core.shell:Creating package descriptor '/home/mouha/crazyflie/ros2_ws/install/drive_base_msgs/share/drive_base_msgs/package.dsv'
[0.779s] INFO:colcon.colcon_core.shell:Creating package script '/home/mouha/crazyflie/ros2_ws/install/drive_base_msgs/share/drive_base_msgs/package.sh'
[0.781s] INFO:colcon.colcon_core.shell:Creating package script '/home/mouha/crazyflie/ros2_ws/install/drive_base_msgs/share/drive_base_msgs/package.bash'
[0.781s] INFO:colcon.colcon_core.shell:Creating package script '/home/mouha/crazyflie/ros2_ws/install/drive_base_msgs/share/drive_base_msgs/package.zsh'
[0.781s] Level 1:colcon.colcon_core.environment:create_file_with_runtime_dependencies(/home/mouha/crazyflie/ros2_ws/install/drive_base_msgs/share/colcon-core/packages/drive_base_msgs)
[0.782s] Level 1:colcon.colcon_core.environment:create_environment_scripts_only(drive_base_msgs)
[0.782s] Level 1:colcon.colcon_core.environment:checking '/home/mouha/crazyflie/ros2_ws/install/drive_base_msgs' for CMake module files
[0.783s] Level 1:colcon.colcon_core.environment:checking '/home/mouha/crazyflie/ros2_ws/install/drive_base_msgs' for CMake config files
[0.784s] Level 1:colcon.colcon_core.shell:create_environment_hook('drive_base_msgs', 'cmake_prefix_path')
[0.784s] INFO:colcon.colcon_core.shell:Creating environment hook '/home/mouha/crazyflie/ros2_ws/install/drive_base_msgs/share/drive_base_msgs/hook/cmake_prefix_path.ps1'
[0.785s] INFO:colcon.colcon_core.shell:Creating environment descriptor '/home/mouha/crazyflie/ros2_ws/install/drive_base_msgs/share/drive_base_msgs/hook/cmake_prefix_path.dsv'
[0.785s] INFO:colcon.colcon_core.shell:Creating environment hook '/home/mouha/crazyflie/ros2_ws/install/drive_base_msgs/share/drive_base_msgs/hook/cmake_prefix_path.sh'
[0.786s] Level 1:colcon.colcon_core.environment:checking '/home/mouha/crazyflie/ros2_ws/install/drive_base_msgs/lib'
[0.786s] Level 1:colcon.colcon_core.shell:create_environment_hook('drive_base_msgs', 'ld_library_path_lib')
[0.786s] INFO:colcon.colcon_core.shell:Creating environment hook '/home/mouha/crazyflie/ros2_ws/install/drive_base_msgs/share/drive_base_msgs/hook/ld_library_path_lib.ps1'
[0.787s] INFO:colcon.colcon_core.shell:Creating environment descriptor '/home/mouha/crazyflie/ros2_ws/install/drive_base_msgs/share/drive_base_msgs/hook/ld_library_path_lib.dsv'
[0.787s] INFO:colcon.colcon_core.shell:Creating environment hook '/home/mouha/crazyflie/ros2_ws/install/drive_base_msgs/share/drive_base_msgs/hook/ld_library_path_lib.sh'
[0.787s] Level 1:colcon.colcon_core.environment:checking '/home/mouha/crazyflie/ros2_ws/install/drive_base_msgs/bin'
[0.787s] Level 1:colcon.colcon_core.environment:checking '/home/mouha/crazyflie/ros2_ws/install/drive_base_msgs/lib/pkgconfig/drive_base_msgs.pc'
[0.788s] Level 1:colcon.colcon_core.environment:checking '/home/mouha/crazyflie/ros2_ws/install/drive_base_msgs/lib/python3.12/site-packages'
[0.788s] Level 1:colcon.colcon_core.shell:create_environment_hook('drive_base_msgs', 'pythonpath')
[0.788s] INFO:colcon.colcon_core.shell:Creating environment hook '/home/mouha/crazyflie/ros2_ws/install/drive_base_msgs/share/drive_base_msgs/hook/pythonpath.ps1'
[0.788s] INFO:colcon.colcon_core.shell:Creating environment descriptor '/home/mouha/crazyflie/ros2_ws/install/drive_base_msgs/share/drive_base_msgs/hook/pythonpath.dsv'
[0.788s] INFO:colcon.colcon_core.shell:Creating environment hook '/home/mouha/crazyflie/ros2_ws/install/drive_base_msgs/share/drive_base_msgs/hook/pythonpath.sh'
[0.789s] Level 1:colcon.colcon_core.environment:checking '/home/mouha/crazyflie/ros2_ws/install/drive_base_msgs/bin'
[0.789s] INFO:colcon.colcon_core.shell:Creating package script '/home/mouha/crazyflie/ros2_ws/install/drive_base_msgs/share/drive_base_msgs/package.ps1'
[0.790s] INFO:colcon.colcon_core.shell:Creating package descriptor '/home/mouha/crazyflie/ros2_ws/install/drive_base_msgs/share/drive_base_msgs/package.dsv'
[0.790s] INFO:colcon.colcon_core.shell:Creating package script '/home/mouha/crazyflie/ros2_ws/install/drive_base_msgs/share/drive_base_msgs/package.sh'
[0.791s] INFO:colcon.colcon_core.shell:Creating package script '/home/mouha/crazyflie/ros2_ws/install/drive_base_msgs/share/drive_base_msgs/package.bash'
[0.791s] INFO:colcon.colcon_core.shell:Creating package script '/home/mouha/crazyflie/ros2_ws/install/drive_base_msgs/share/drive_base_msgs/package.zsh'
[0.791s] Level 1:colcon.colcon_core.environment:create_file_with_runtime_dependencies(/home/mouha/crazyflie/ros2_ws/install/drive_base_msgs/share/colcon-core/packages/drive_base_msgs)
[0.813s] Level 1:colcon.colcon_core.environment:create_environment_scripts_only(crazyflie_interfaces)
[0.813s] Level 1:colcon.colcon_core.environment:checking '/home/mouha/crazyflie/ros2_ws/install/crazyflie_interfaces' for CMake module files
[0.814s] DEBUG:colcon.colcon_core.event_handler.log_command:Invoked command in '/home/mouha/crazyflie/ros2_ws/build/crazyflie_interfaces' returned '0': CMAKE_PREFIX_PATH=${CMAKE_PREFIX_PATH}:/home/mouha/crazyflie/ros2_ws/install/crazyflie_server_py:/home/mouha/crazyflie/ros2_ws/install/cf_led_mission:/home/mouha/crazyflie/ros2_ws/install/crazyflie_py:/home/mouha/ros2_ws/install/my_py_pkg:/opt/ros/jazzy DEBUGINFOD_URLS=https://debuginfod.ubuntu.com /usr/bin/cmake --install /home/mouha/crazyflie/ros2_ws/build/crazyflie_interfaces
[0.815s] Level 1:colcon.colcon_core.environment:checking '/home/mouha/crazyflie/ros2_ws/install/crazyflie_interfaces' for CMake config files
[0.815s] Level 1:colcon.colcon_core.shell:create_environment_hook('crazyflie_interfaces', 'cmake_prefix_path')
[0.815s] INFO:colcon.colcon_core.shell:Creating environment hook '/home/mouha/crazyflie/ros2_ws/install/crazyflie_interfaces/share/crazyflie_interfaces/hook/cmake_prefix_path.ps1'
[0.816s] INFO:colcon.colcon_core.shell:Creating environment descriptor '/home/mouha/crazyflie/ros2_ws/install/crazyflie_interfaces/share/crazyflie_interfaces/hook/cmake_prefix_path.dsv'
[0.816s] INFO:colcon.colcon_core.shell:Creating environment hook '/home/mouha/crazyflie/ros2_ws/install/crazyflie_interfaces/share/crazyflie_interfaces/hook/cmake_prefix_path.sh'
[0.817s] Level 1:colcon.colcon_core.environment:checking '/home/mouha/crazyflie/ros2_ws/install/crazyflie_interfaces/lib'
[0.817s] Level 1:colcon.colcon_core.shell:create_environment_hook('crazyflie_interfaces', 'ld_library_path_lib')
[0.817s] INFO:colcon.colcon_core.shell:Creating environment hook '/home/mouha/crazyflie/ros2_ws/install/crazyflie_interfaces/share/crazyflie_interfaces/hook/ld_library_path_lib.ps1'
[0.817s] INFO:colcon.colcon_core.shell:Creating environment descriptor '/home/mouha/crazyflie/ros2_ws/install/crazyflie_interfaces/share/crazyflie_interfaces/hook/ld_library_path_lib.dsv'
[0.818s] INFO:colcon.colcon_core.shell:Creating environment hook '/home/mouha/crazyflie/ros2_ws/install/crazyflie_interfaces/share/crazyflie_interfaces/hook/ld_library_path_lib.sh'
[0.818s] Level 1:colcon.colcon_core.environment:checking '/home/mouha/crazyflie/ros2_ws/install/crazyflie_interfaces/bin'
[0.818s] Level 1:colcon.colcon_core.environment:checking '/home/mouha/crazyflie/ros2_ws/install/crazyflie_interfaces/lib/pkgconfig/crazyflie_interfaces.pc'
[0.818s] Level 1:colcon.colcon_core.environment:checking '/home/mouha/crazyflie/ros2_ws/install/crazyflie_interfaces/lib/python3.12/site-packages'
[0.818s] Level 1:colcon.colcon_core.shell:create_environment_hook('crazyflie_interfaces', 'pythonpath')
[0.819s] INFO:colcon.colcon_core.shell:Creating environment hook '/home/mouha/crazyflie/ros2_ws/install/crazyflie_interfaces/share/crazyflie_interfaces/hook/pythonpath.ps1'
[0.819s] INFO:colcon.colcon_core.shell:Creating environment descriptor '/home/mouha/crazyflie/ros2_ws/install/crazyflie_interfaces/share/crazyflie_interfaces/hook/pythonpath.dsv'
[0.819s] INFO:colcon.colcon_core.shell:Creating environment hook '/home/mouha/crazyflie/ros2_ws/install/crazyflie_interfaces/share/crazyflie_interfaces/hook/pythonpath.sh'
[0.820s] Level 1:colcon.colcon_core.environment:checking '/home/mouha/crazyflie/ros2_ws/install/crazyflie_interfaces/bin'
[0.820s] INFO:colcon.colcon_core.shell:Creating package script '/home/mouha/crazyflie/ros2_ws/install/crazyflie_interfaces/share/crazyflie_interfaces/package.ps1'
[0.821s] INFO:colcon.colcon_core.shell:Creating package descriptor '/home/mouha/crazyflie/ros2_ws/install/crazyflie_interfaces/share/crazyflie_interfaces/package.dsv'
[0.822s] INFO:colcon.colcon_core.shell:Creating package script '/home/mouha/crazyflie/ros2_ws/install/crazyflie_interfaces/share/crazyflie_interfaces/package.sh'
[0.822s] INFO:colcon.colcon_core.shell:Creating package script '/home/mouha/crazyflie/ros2_ws/install/crazyflie_interfaces/share/crazyflie_interfaces/package.bash'
[0.822s] INFO:colcon.colcon_core.shell:Creating package script '/home/mouha/crazyflie/ros2_ws/install/crazyflie_interfaces/share/crazyflie_interfaces/package.zsh'
[0.823s] Level 1:colcon.colcon_core.environment:create_file_with_runtime_dependencies(/home/mouha/crazyflie/ros2_ws/install/crazyflie_interfaces/share/colcon-core/packages/crazyflie_interfaces)
[0.823s] Level 1:colcon.colcon_core.environment:create_environment_scripts_only(crazyflie_interfaces)
[0.823s] Level 1:colcon.colcon_core.environment:checking '/home/mouha/crazyflie/ros2_ws/install/crazyflie_interfaces' for CMake module files
[0.824s] Level 1:colcon.colcon_core.environment:checking '/home/mouha/crazyflie/ros2_ws/install/crazyflie_interfaces' for CMake config files
[0.825s] Level 1:colcon.colcon_core.shell:create_environment_hook('crazyflie_interfaces', 'cmake_prefix_path')
[0.825s] INFO:colcon.colcon_core.shell:Creating environment hook '/home/mouha/crazyflie/ros2_ws/install/crazyflie_interfaces/share/crazyflie_interfaces/hook/cmake_prefix_path.ps1'
[0.825s] INFO:colcon.colcon_core.shell:Creating environment descriptor '/home/mouha/crazyflie/ros2_ws/install/crazyflie_interfaces/share/crazyflie_interfaces/hook/cmake_prefix_path.dsv'
[0.826s] INFO:colcon.colcon_core.shell:Creating environment hook '/home/mouha/crazyflie/ros2_ws/install/crazyflie_interfaces/share/crazyflie_interfaces/hook/cmake_prefix_path.sh'
[0.826s] Level 1:colcon.colcon_core.environment:checking '/home/mouha/crazyflie/ros2_ws/install/crazyflie_interfaces/lib'
[0.826s] Level 1:colcon.colcon_core.shell:create_environment_hook('crazyflie_interfaces', 'ld_library_path_lib')
[0.827s] INFO:colcon.colcon_core.shell:Creating environment hook '/home/mouha/crazyflie/ros2_ws/install/crazyflie_interfaces/share/crazyflie_interfaces/hook/ld_library_path_lib.ps1'
[0.827s] INFO:colcon.colcon_core.shell:Creating environment descriptor '/home/mouha/crazyflie/ros2_ws/install/crazyflie_interfaces/share/crazyflie_interfaces/hook/ld_library_path_lib.dsv'
[0.827s] INFO:colcon.colcon_core.shell:Creating environment hook '/home/mouha/crazyflie/ros2_ws/install/crazyflie_interfaces/share/crazyflie_interfaces/hook/ld_library_path_lib.sh'
[0.828s] Level 1:colcon.colcon_core.environment:checking '/home/mouha/crazyflie/ros2_ws/install/crazyflie_interfaces/bin'
[0.828s] Level 1:colcon.colcon_core.environment:checking '/home/mouha/crazyflie/ros2_ws/install/crazyflie_interfaces/lib/pkgconfig/crazyflie_interfaces.pc'
[0.828s] Level 1:colcon.colcon_core.environment:checking '/home/mouha/crazyflie/ros2_ws/install/crazyflie_interfaces/lib/python3.12/site-packages'
[0.828s] Level 1:colcon.colcon_core.shell:create_environment_hook('crazyflie_interfaces', 'pythonpath')
[0.828s] INFO:colcon.colcon_core.shell:Creating environment hook '/home/mouha/crazyflie/ros2_ws/install/crazyflie_interfaces/share/crazyflie_interfaces/hook/pythonpath.ps1'
[0.828s] INFO:colcon.colcon_core.shell:Creating environment descriptor '/home/mouha/crazyflie/ros2_ws/install/crazyflie_interfaces/share/crazyflie_interfaces/hook/pythonpath.dsv'
[0.828s] INFO:colcon.colcon_core.shell:Creating environment hook '/home/mouha/crazyflie/ros2_ws/install/crazyflie_interfaces/share/crazyflie_interfaces/hook/pythonpath.sh'
[0.829s] Level 1:colcon.colcon_core.environment:checking '/home/mouha/crazyflie/ros2_ws/install/crazyflie_interfaces/bin'
[0.829s] INFO:colcon.colcon_core.shell:Creating package script '/home/mouha/crazyflie/ros2_ws/install/crazyflie_interfaces/share/crazyflie_interfaces/package.ps1'
[0.830s] INFO:colcon.colcon_core.shell:Creating package descriptor '/home/mouha/crazyflie/ros2_ws/install/crazyflie_interfaces/share/crazyflie_interfaces/package.dsv'
[0.830s] INFO:colcon.colcon_core.shell:Creating package script '/home/mouha/crazyflie/ros2_ws/install/crazyflie_interfaces/share/crazyflie_interfaces/package.sh'
[0.830s] INFO:colcon.colcon_core.shell:Creating package script '/home/mouha/crazyflie/ros2_ws/install/crazyflie_interfaces/share/crazyflie_interfaces/package.bash'
[0.831s] INFO:colcon.colcon_core.shell:Creating package script '/home/mouha/crazyflie/ros2_ws/install/crazyflie_interfaces/share/crazyflie_interfaces/package.zsh'
[0.831s] Level 1:colcon.colcon_core.environment:create_file_with_runtime_dependencies(/home/mouha/crazyflie/ros2_ws/install/crazyflie_interfaces/share/colcon-core/packages/crazyflie_interfaces)
[0.831s] INFO:colcon.colcon_ros.task.ament_python.build:Building ROS package in '/home/mouha/crazyflie/ros2_ws/src/crazyswarm2/crazyflie_py' with build type 'ament_python'
[0.831s] Level 1:colcon.colcon_core.shell:create_environment_hook('crazyflie_py', 'ament_prefix_path')
[0.831s] INFO:colcon.colcon_core.shell:Creating environment hook '/home/mouha/crazyflie/ros2_ws/install/crazyflie_py/share/crazyflie_py/hook/ament_prefix_path.ps1'
[0.832s] INFO:colcon.colcon_core.shell:Creating environment descriptor '/home/mouha/crazyflie/ros2_ws/install/crazyflie_py/share/crazyflie_py/hook/ament_prefix_path.dsv'
[0.832s] INFO:colcon.colcon_core.shell:Creating environment hook '/home/mouha/crazyflie/ros2_ws/install/crazyflie_py/share/crazyflie_py/hook/ament_prefix_path.sh'
[0.832s] INFO:colcon.colcon_core.shell:Skip shell extension 'powershell' for command environment: Not usable outside of PowerShell
[0.832s] DEBUG:colcon.colcon_core.shell:Skip shell extension 'dsv' for command environment
[0.836s] INFO:colcon.colcon_ros.task.ament_cmake.build:Building ROS package in '/home/mouha/crazyflie/ros2_ws/src/crazyswarm2/crazyflie' with build type 'ament_cmake'
[0.836s] INFO:colcon.colcon_cmake.task.cmake.build:Building CMake package in '/home/mouha/crazyflie/ros2_ws/src/crazyswarm2/crazyflie'
[0.836s] INFO:colcon.colcon_core.shell:Skip shell extension 'powershell' for command environment: Not usable outside of PowerShell
[0.836s] DEBUG:colcon.colcon_core.shell:Skip shell extension 'dsv' for command environment
[0.841s] INFO:colcon.colcon_ros.task.ament_python.build:Building ROS package in '/home/mouha/crazyflie/ros2_ws/src/crazyswarm2/crazyflie_server_py' with build type 'ament_python'
[0.842s] Level 1:colcon.colcon_core.shell:create_environment_hook('crazyflie_server_py', 'ament_prefix_path')
[0.842s] INFO:colcon.colcon_core.shell:Creating environment hook '/home/mouha/crazyflie/ros2_ws/install/crazyflie_server_py/share/crazyflie_server_py/hook/ament_prefix_path.ps1'
[0.842s] INFO:colcon.colcon_core.shell:Creating environment descriptor '/home/mouha/crazyflie/ros2_ws/install/crazyflie_server_py/share/crazyflie_server_py/hook/ament_prefix_path.dsv'
[0.842s] INFO:colcon.colcon_core.shell:Creating environment hook '/home/mouha/crazyflie/ros2_ws/install/crazyflie_server_py/share/crazyflie_server_py/hook/ament_prefix_path.sh'
[0.843s] INFO:colcon.colcon_core.shell:Skip shell extension 'powershell' for command environment: Not usable outside of PowerShell
[0.843s] DEBUG:colcon.colcon_core.shell:Skip shell extension 'dsv' for command environment
[0.846s] INFO:colcon.colcon_ros.task.ament_cmake.build:Building ROS package in '/home/mouha/crazyflie/ros2_ws/src/crazyswarm2/crazyflie_sim' with build type 'ament_cmake'
[0.846s] INFO:colcon.colcon_cmake.task.cmake.build:Building CMake package in '/home/mouha/crazyflie/ros2_ws/src/crazyswarm2/crazyflie_sim'
[0.860s] INFO:colcon.colcon_core.shell:Skip shell extension 'powershell' for command environment: Not usable outside of PowerShell
[0.860s] DEBUG:colcon.colcon_core.shell:Skip shell extension 'dsv' for command environment
[1.102s] INFO:colcon.colcon_core.task.python.build:Building Python package in '/home/mouha/crazyflie/ros2_ws/src/crazyswarm2/crazyflie_py'
[1.102s] INFO:colcon.colcon_core.shell:Skip shell extension 'powershell' for command environment: Not usable outside of PowerShell
[1.102s] DEBUG:colcon.colcon_core.shell:Skip shell extension 'dsv' for command environment
[1.110s] DEBUG:colcon.colcon_core.event_handler.log_command:Invoking command in '/home/mouha/crazyflie/ros2_ws/build/crazyflie': CMAKE_PREFIX_PATH=/home/mouha/crazyflie/ros2_ws/install/crazyflie_interfaces:/home/mouha/crazyflie/ros2_ws/install/crazyflie_description:/home/mouha/crazyflie/ros2_ws/install/drive_base_msgs:/home/mouha/crazyflie/ros2_ws/install/micro_ros_setup:/home/mouha/crazyflie/ros2_ws/install/micro_ros_agent:/home/mouha/crazyflie/ros2_ws/install/micro_ros_msgs:/home/mouha/crazyflie/ros2_ws/install/crazyflie_sim:/home/mouha/crazyflie/ros2_ws/install/crazyflie_examples:/home/mouha/crazyflie/ros2_ws/install/crazyflie:/home/mouha/ros2_ws/install/my_cpp_pkg:/opt/ros/jazzy/opt/gz_sim_vendor:/opt/ros/jazzy/opt/gz_sensors_vendor:/opt/ros/jazzy/opt/gz_physics_vendor:/opt/ros/jazzy/opt/sdformat_vendor:/opt/ros/jazzy/opt/gz_gui_vendor:/opt/ros/jazzy/opt/gz_transport_vendor:/opt/ros/jazzy/opt/gz_rendering_vendor:/opt/ros/jazzy/opt/gz_plugin_vendor:/opt/ros/jazzy/opt/gz_fuel_tools_vendor:/opt/ros/jazzy/opt/gz_msgs_vendor:/opt/ros/jazzy/opt/gz_common_vendor:/opt/ros/jazzy/opt/gz_math_vendor:/opt/ros/jazzy/opt/gz_utils_vendor:/opt/ros/jazzy/opt/gz_tools_vendor:/opt/ros/jazzy/opt/gz_ogre_next_vendor:/opt/ros/jazzy/opt/gz_dartsim_vendor:/opt/ros/jazzy/opt/gz_cmake_vendor:/home/mouha/crazyflie/ros2_ws/install/crazyflie_server_py:/home/mouha/crazyflie/ros2_ws/install/cf_led_mission:/home/mouha/crazyflie/ros2_ws/install/crazyflie_py:/home/mouha/ros2_ws/install/my_py_pkg:/opt/ros/jazzy DEBUGINFOD_URLS=https://debuginfod.ubuntu.com LD_LIBRARY_PATH=/home/mouha/crazyflie/ros2_ws/install/crazyflie_interfaces/lib:/home/mouha/crazyflie/ros2_ws/install/drive_base_msgs/lib:/home/mouha/crazyflie/ros2_ws/install/micro_ros_agent/lib:/home/mouha/crazyflie/ros2_ws/install/micro_ros_msgs/lib:/opt/ros/jazzy/opt/gz_sim_vendor/lib:/opt/ros/jazzy/opt/gz_sensors_vendor/lib:/opt/ros/jazzy/opt/gz_physics_vendor/lib:/opt/ros/jazzy/opt/sdformat_vendor/lib:/opt/ros/jazzy/opt/rviz_ogre_vendor/lib:/opt/ros/jazzy/lib/x86_64-linux-gnu:/opt/ros/jazzy/opt/gz_gui_vendor/lib:/opt/ros/jazzy/opt/gz_transport_vendor/lib:/opt/ros/jazzy/opt/gz_rendering_vendor/lib:/opt/ros/jazzy/opt/gz_plugin_vendor/lib:/opt/ros/jazzy/opt/gz_fuel_tools_vendor/lib:/opt/ros/jazzy/opt/gz_msgs_vendor/lib:/opt/ros/jazzy/opt/gz_common_vendor/lib:/opt/ros/jazzy/opt/gz_math_vendor/lib:/opt/ros/jazzy/opt/gz_utils_vendor/lib:/opt/ros/jazzy/opt/gz_tools_vendor/lib:/opt/ros/jazzy/opt/gz_ogre_next_vendor/lib:/opt/ros/jazzy/opt/gz_dartsim_vendor/lib:/opt/ros/jazzy/opt/gz_cmake_vendor/lib:/opt/ros/jazzy/lib PYTHONPATH=/home/mouha/crazyflie/ros2_ws/install/crazyflie_interfaces/lib/python3.12/site-packages:/home/mouha/crazyflie/ros2_ws/install/drive_base_msgs/lib/python3.12/site-packages:/home/mouha/crazyflie/ros2_ws/install/micro_ros_msgs/lib/python3.12/site-packages:/home/mouha/crazyflie/ros2_ws/install/crazyflie_sim/lib/python3.12/site-packages:/home/mouha/crazyflie/ros2_ws/build/crazyflie_server_py:/home/mouha/crazyflie/ros2_ws/install/crazyflie_server_py/lib/python3.12/site-packages:/home/mouha/crazyflie/ros2_ws/install/crazyflie_examples/lib/python3.12/site-packages:/home/mouha/crazyflie/ros2_ws/build/cf_led_mission:/home/mouha/crazyflie/ros2_ws/install/cf_led_mission/lib/python3.12/site-packages:/home/mouha/crazyflie/ros2_ws/build/crazyflie_py:/home/mouha/crazyflie/ros2_ws/install/crazyflie_py/lib/python3.12/site-packages:/home/mouha/ros2_ws/build/my_py_pkg:/home/mouha/ros2_ws/install/my_py_pkg/lib/python3.12/site-packages:/opt/ros/jazzy/lib/python3.12/site-packages /usr/bin/cmake --build /home/mouha/crazyflie/ros2_ws/build/crazyflie -- -j12 -l12
[1.412s] INFO:colcon.colcon_core.task.python.build:Building Python package in '/home/mouha/crazyflie/ros2_ws/src/crazyswarm2/crazyflie_server_py'
[1.413s] INFO:colcon.colcon_core.shell:Skip shell extension 'powershell' for command environment: Not usable outside of PowerShell
[1.413s] DEBUG:colcon.colcon_core.shell:Skip shell extension 'dsv' for command environment
[1.423s] DEBUG:colcon.colcon_core.event_handler.log_command:Invoked command in '/home/mouha/crazyflie/ros2_ws/build/crazyflie' returned '0': CMAKE_PREFIX_PATH=/home/mouha/crazyflie/ros2_ws/install/crazyflie_interfaces:/home/mouha/crazyflie/ros2_ws/install/crazyflie_description:/home/mouha/crazyflie/ros2_ws/install/drive_base_msgs:/home/mouha/crazyflie/ros2_ws/install/micro_ros_setup:/home/mouha/crazyflie/ros2_ws/install/micro_ros_agent:/home/mouha/crazyflie/ros2_ws/install/micro_ros_msgs:/home/mouha/crazyflie/ros2_ws/install/crazyflie_sim:/home/mouha/crazyflie/ros2_ws/install/crazyflie_examples:/home/mouha/crazyflie/ros2_ws/install/crazyflie:/home/mouha/ros2_ws/install/my_cpp_pkg:/opt/ros/jazzy/opt/gz_sim_vendor:/opt/ros/jazzy/opt/gz_sensors_vendor:/opt/ros/jazzy/opt/gz_physics_vendor:/opt/ros/jazzy/opt/sdformat_vendor:/opt/ros/jazzy/opt/gz_gui_vendor:/opt/ros/jazzy/opt/gz_transport_vendor:/opt/ros/jazzy/opt/gz_rendering_vendor:/opt/ros/jazzy/opt/gz_plugin_vendor:/opt/ros/jazzy/opt/gz_fuel_tools_vendor:/opt/ros/jazzy/opt/gz_msgs_vendor:/opt/ros/jazzy/opt/gz_common_vendor:/opt/ros/jazzy/opt/gz_math_vendor:/opt/ros/jazzy/opt/gz_utils_vendor:/opt/ros/jazzy/opt/gz_tools_vendor:/opt/ros/jazzy/opt/gz_ogre_next_vendor:/opt/ros/jazzy/opt/gz_dartsim_vendor:/opt/ros/jazzy/opt/gz_cmake_vendor:/home/mouha/crazyflie/ros2_ws/install/crazyflie_server_py:/home/mouha/crazyflie/ros2_ws/install/cf_led_mission:/home/mouha/crazyflie/ros2_ws/install/crazyflie_py:/home/mouha/ros2_ws/install/my_py_pkg:/opt/ros/jazzy DEBUGINFOD_URLS=https://debuginfod.ubuntu.com LD_LIBRARY_PATH=/home/mouha/crazyflie/ros2_ws/install/crazyflie_interfaces/lib:/home/mouha/crazyflie/ros2_ws/install/drive_base_msgs/lib:/home/mouha/crazyflie/ros2_ws/install/micro_ros_agent/lib:/home/mouha/crazyflie/ros2_ws/install/micro_ros_msgs/lib:/opt/ros/jazzy/opt/gz_sim_vendor/lib:/opt/ros/jazzy/opt/gz_sensors_vendor/lib:/opt/ros/jazzy/opt/gz_physics_vendor/lib:/opt/ros/jazzy/opt/sdformat_vendor/lib:/opt/ros/jazzy/opt/rviz_ogre_vendor/lib:/opt/ros/jazzy/lib/x86_64-linux-gnu:/opt/ros/jazzy/opt/gz_gui_vendor/lib:/opt/ros/jazzy/opt/gz_transport_vendor/lib:/opt/ros/jazzy/opt/gz_rendering_vendor/lib:/opt/ros/jazzy/opt/gz_plugin_vendor/lib:/opt/ros/jazzy/opt/gz_fuel_tools_vendor/lib:/opt/ros/jazzy/opt/gz_msgs_vendor/lib:/opt/ros/jazzy/opt/gz_common_vendor/lib:/opt/ros/jazzy/opt/gz_math_vendor/lib:/opt/ros/jazzy/opt/gz_utils_vendor/lib:/opt/ros/jazzy/opt/gz_tools_vendor/lib:/opt/ros/jazzy/opt/gz_ogre_next_vendor/lib:/opt/ros/jazzy/opt/gz_dartsim_vendor/lib:/opt/ros/jazzy/opt/gz_cmake_vendor/lib:/opt/ros/jazzy/lib PYTHONPATH=/home/mouha/crazyflie/ros2_ws/install/crazyflie_interfaces/lib/python3.12/site-packages:/home/mouha/crazyflie/ros2_ws/install/drive_base_msgs/lib/python3.12/site-packages:/home/mouha/crazyflie/ros2_ws/install/micro_ros_msgs/lib/python3.12/site-packages:/home/mouha/crazyflie/ros2_ws/install/crazyflie_sim/lib/python3.12/site-packages:/home/mouha/crazyflie/ros2_ws/build/crazyflie_server_py:/home/mouha/crazyflie/ros2_ws/install/crazyflie_server_py/lib/python3.12/site-packages:/home/mouha/crazyflie/ros2_ws/install/crazyflie_examples/lib/python3.12/site-packages:/home/mouha/crazyflie/ros2_ws/build/cf_led_mission:/home/mouha/crazyflie/ros2_ws/install/cf_led_mission/lib/python3.12/site-packages:/home/mouha/crazyflie/ros2_ws/build/crazyflie_py:/home/mouha/crazyflie/ros2_ws/install/crazyflie_py/lib/python3.12/site-packages:/home/mouha/ros2_ws/build/my_py_pkg:/home/mouha/ros2_ws/install/my_py_pkg/lib/python3.12/site-packages:/opt/ros/jazzy/lib/python3.12/site-packages /usr/bin/cmake --build /home/mouha/crazyflie/ros2_ws/build/crazyflie -- -j12 -l12
[1.423s] DEBUG:colcon.colcon_core.event_handler.log_command:Invoking command in '/home/mouha/crazyflie/ros2_ws/build/crazyflie': CMAKE_PREFIX_PATH=/home/mouha/crazyflie/ros2_ws/install/crazyflie_interfaces:/home/mouha/crazyflie/ros2_ws/install/crazyflie_description:/home/mouha/crazyflie/ros2_ws/install/drive_base_msgs:/home/mouha/crazyflie/ros2_ws/install/micro_ros_setup:/home/mouha/crazyflie/ros2_ws/install/micro_ros_agent:/home/mouha/crazyflie/ros2_ws/install/micro_ros_msgs:/home/mouha/crazyflie/ros2_ws/install/crazyflie_sim:/home/mouha/crazyflie/ros2_ws/install/crazyflie_examples:/home/mouha/crazyflie/ros2_ws/install/crazyflie:/home/mouha/ros2_ws/install/my_cpp_pkg:/opt/ros/jazzy/opt/gz_sim_vendor:/opt/ros/jazzy/opt/gz_sensors_vendor:/opt/ros/jazzy/opt/gz_physics_vendor:/opt/ros/jazzy/opt/sdformat_vendor:/opt/ros/jazzy/opt/gz_gui_vendor:/opt/ros/jazzy/opt/gz_transport_vendor:/opt/ros/jazzy/opt/gz_rendering_vendor:/opt/ros/jazzy/opt/gz_plugin_vendor:/opt/ros/jazzy/opt/gz_fuel_tools_vendor:/opt/ros/jazzy/opt/gz_msgs_vendor:/opt/ros/jazzy/opt/gz_common_vendor:/opt/ros/jazzy/opt/gz_math_vendor:/opt/ros/jazzy/opt/gz_utils_vendor:/opt/ros/jazzy/opt/gz_tools_vendor:/opt/ros/jazzy/opt/gz_ogre_next_vendor:/opt/ros/jazzy/opt/gz_dartsim_vendor:/opt/ros/jazzy/opt/gz_cmake_vendor:/home/mouha/crazyflie/ros2_ws/install/crazyflie_server_py:/home/mouha/crazyflie/ros2_ws/install/cf_led_mission:/home/mouha/crazyflie/ros2_ws/install/crazyflie_py:/home/mouha/ros2_ws/install/my_py_pkg:/opt/ros/jazzy DEBUGINFOD_URLS=https://debuginfod.ubuntu.com LD_LIBRARY_PATH=/home/mouha/crazyflie/ros2_ws/install/crazyflie_interfaces/lib:/home/mouha/crazyflie/ros2_ws/install/drive_base_msgs/lib:/home/mouha/crazyflie/ros2_ws/install/micro_ros_agent/lib:/home/mouha/crazyflie/ros2_ws/install/micro_ros_msgs/lib:/opt/ros/jazzy/opt/gz_sim_vendor/lib:/opt/ros/jazzy/opt/gz_sensors_vendor/lib:/opt/ros/jazzy/opt/gz_physics_vendor/lib:/opt/ros/jazzy/opt/sdformat_vendor/lib:/opt/ros/jazzy/opt/rviz_ogre_vendor/lib:/opt/ros/jazzy/lib/x86_64-linux-gnu:/opt/ros/jazzy/opt/gz_gui_vendor/lib:/opt/ros/jazzy/opt/gz_transport_vendor/lib:/opt/ros/jazzy/opt/gz_rendering_vendor/lib:/opt/ros/jazzy/opt/gz_plugin_vendor/lib:/opt/ros/jazzy/opt/gz_fuel_tools_vendor/lib:/opt/ros/jazzy/opt/gz_msgs_vendor/lib:/opt/ros/jazzy/opt/gz_common_vendor/lib:/opt/ros/jazzy/opt/gz_math_vendor/lib:/opt/ros/jazzy/opt/gz_utils_vendor/lib:/opt/ros/jazzy/opt/gz_tools_vendor/lib:/opt/ros/jazzy/opt/gz_ogre_next_vendor/lib:/opt/ros/jazzy/opt/gz_dartsim_vendor/lib:/opt/ros/jazzy/opt/gz_cmake_vendor/lib:/opt/ros/jazzy/lib PYTHONPATH=/home/mouha/crazyflie/ros2_ws/install/crazyflie_interfaces/lib/python3.12/site-packages:/home/mouha/crazyflie/ros2_ws/install/drive_base_msgs/lib/python3.12/site-packages:/home/mouha/crazyflie/ros2_ws/install/micro_ros_msgs/lib/python3.12/site-packages:/home/mouha/crazyflie/ros2_ws/install/crazyflie_sim/lib/python3.12/site-packages:/home/mouha/crazyflie/ros2_ws/build/crazyflie_server_py:/home/mouha/crazyflie/ros2_ws/install/crazyflie_server_py/lib/python3.12/site-packages:/home/mouha/crazyflie/ros2_ws/install/crazyflie_examples/lib/python3.12/site-packages:/home/mouha/crazyflie/ros2_ws/build/cf_led_mission:/home/mouha/crazyflie/ros2_ws/install/cf_led_mission/lib/python3.12/site-packages:/home/mouha/crazyflie/ros2_ws/build/crazyflie_py:/home/mouha/crazyflie/ros2_ws/install/crazyflie_py/lib/python3.12/site-packages:/home/mouha/ros2_ws/build/my_py_pkg:/home/mouha/ros2_ws/install/my_py_pkg/lib/python3.12/site-packages:/opt/ros/jazzy/lib/python3.12/site-packages /usr/bin/cmake --install /home/mouha/crazyflie/ros2_ws/build/crazyflie
[1.425s] DEBUG:colcon.colcon_core.event_handler.log_command:Invoking command in '/home/mouha/crazyflie/ros2_ws/build/crazyflie_sim': CMAKE_PREFIX_PATH=/home/mouha/crazyflie/ros2_ws/install/crazyflie_interfaces:/home/mouha/crazyflie/ros2_ws/install/drive_base_msgs:/home/mouha/crazyflie/ros2_ws/install/micro_ros_setup:/home/mouha/crazyflie/ros2_ws/install/micro_ros_agent:/home/mouha/crazyflie/ros2_ws/install/micro_ros_msgs:/home/mouha/crazyflie/ros2_ws/install/crazyflie_sim:/home/mouha/crazyflie/ros2_ws/install/crazyflie_examples:/home/mouha/crazyflie/ros2_ws/install/crazyflie:/home/mouha/crazyflie/ros2_ws/install/crazyflie_description:/home/mouha/ros2_ws/install/my_cpp_pkg:/opt/ros/jazzy/opt/gz_sim_vendor:/opt/ros/jazzy/opt/gz_sensors_vendor:/opt/ros/jazzy/opt/gz_physics_vendor:/opt/ros/jazzy/opt/sdformat_vendor:/opt/ros/jazzy/opt/gz_gui_vendor:/opt/ros/jazzy/opt/gz_transport_vendor:/opt/ros/jazzy/opt/gz_rendering_vendor:/opt/ros/jazzy/opt/gz_plugin_vendor:/opt/ros/jazzy/opt/gz_fuel_tools_vendor:/opt/ros/jazzy/opt/gz_msgs_vendor:/opt/ros/jazzy/opt/gz_common_vendor:/opt/ros/jazzy/opt/gz_math_vendor:/opt/ros/jazzy/opt/gz_utils_vendor:/opt/ros/jazzy/opt/gz_tools_vendor:/opt/ros/jazzy/opt/gz_ogre_next_vendor:/opt/ros/jazzy/opt/gz_dartsim_vendor:/opt/ros/jazzy/opt/gz_cmake_vendor:/home/mouha/crazyflie/ros2_ws/install/crazyflie_server_py:/home/mouha/crazyflie/ros2_ws/install/cf_led_mission:/home/mouha/crazyflie/ros2_ws/install/crazyflie_py:/home/mouha/ros2_ws/install/my_py_pkg:/opt/ros/jazzy DEBUGINFOD_URLS=https://debuginfod.ubuntu.com LD_LIBRARY_PATH=/home/mouha/crazyflie/ros2_ws/install/crazyflie_interfaces/lib:/home/mouha/crazyflie/ros2_ws/install/drive_base_msgs/lib:/home/mouha/crazyflie/ros2_ws/install/micro_ros_agent/lib:/home/mouha/crazyflie/ros2_ws/install/micro_ros_msgs/lib:/opt/ros/jazzy/opt/gz_sim_vendor/lib:/opt/ros/jazzy/opt/gz_sensors_vendor/lib:/opt/ros/jazzy/opt/gz_physics_vendor/lib:/opt/ros/jazzy/opt/sdformat_vendor/lib:/opt/ros/jazzy/opt/rviz_ogre_vendor/lib:/opt/ros/jazzy/lib/x86_64-linux-gnu:/opt/ros/jazzy/opt/gz_gui_vendor/lib:/opt/ros/jazzy/opt/gz_transport_vendor/lib:/opt/ros/jazzy/opt/gz_rendering_vendor/lib:/opt/ros/jazzy/opt/gz_plugin_vendor/lib:/opt/ros/jazzy/opt/gz_fuel_tools_vendor/lib:/opt/ros/jazzy/opt/gz_msgs_vendor/lib:/opt/ros/jazzy/opt/gz_common_vendor/lib:/opt/ros/jazzy/opt/gz_math_vendor/lib:/opt/ros/jazzy/opt/gz_utils_vendor/lib:/opt/ros/jazzy/opt/gz_tools_vendor/lib:/opt/ros/jazzy/opt/gz_ogre_next_vendor/lib:/opt/ros/jazzy/opt/gz_dartsim_vendor/lib:/opt/ros/jazzy/opt/gz_cmake_vendor/lib:/opt/ros/jazzy/lib PYTHONPATH=/home/mouha/crazyflie/ros2_ws/install/crazyflie_interfaces/lib/python3.12/site-packages:/home/mouha/crazyflie/ros2_ws/install/drive_base_msgs/lib/python3.12/site-packages:/home/mouha/crazyflie/ros2_ws/install/micro_ros_msgs/lib/python3.12/site-packages:/home/mouha/crazyflie/ros2_ws/install/crazyflie_sim/lib/python3.12/site-packages:/home/mouha/crazyflie/ros2_ws/build/crazyflie_server_py:/home/mouha/crazyflie/ros2_ws/install/crazyflie_server_py/lib/python3.12/site-packages:/home/mouha/crazyflie/ros2_ws/install/crazyflie_examples/lib/python3.12/site-packages:/home/mouha/crazyflie/ros2_ws/build/cf_led_mission:/home/mouha/crazyflie/ros2_ws/install/cf_led_mission/lib/python3.12/site-packages:/home/mouha/crazyflie/ros2_ws/build/crazyflie_py:/home/mouha/crazyflie/ros2_ws/install/crazyflie_py/lib/python3.12/site-packages:/home/mouha/ros2_ws/build/my_py_pkg:/home/mouha/ros2_ws/install/my_py_pkg/lib/python3.12/site-packages:/opt/ros/jazzy/lib/python3.12/site-packages /usr/bin/cmake --build /home/mouha/crazyflie/ros2_ws/build/crazyflie_sim -- -j12 -l12
[1.425s] DEBUG:colcon.colcon_core.event_handler.log_command:Invoked command in '/home/mouha/crazyflie/ros2_ws/build/micro_ros_msgs' returned '0': CMAKE_PREFIX_PATH=${CMAKE_PREFIX_PATH}:/home/mouha/crazyflie/ros2_ws/install/crazyflie_server_py:/home/mouha/crazyflie/ros2_ws/install/cf_led_mission:/home/mouha/crazyflie/ros2_ws/install/crazyflie_py:/home/mouha/ros2_ws/install/my_py_pkg:/opt/ros/jazzy DEBUGINFOD_URLS=https://debuginfod.ubuntu.com /usr/bin/cmake /home/mouha/crazyflie/ros2_ws/src/uros/micro_ros_msgs -DAMENT_CMAKE_SYMLINK_INSTALL=1 -DCMAKE_INSTALL_PREFIX=/home/mouha/crazyflie/ros2_ws/install/micro_ros_msgs
[1.426s] DEBUG:colcon.colcon_core.event_handler.log_command:Invoking command in '/home/mouha/crazyflie/ros2_ws/build/micro_ros_msgs': CMAKE_PREFIX_PATH=${CMAKE_PREFIX_PATH}:/home/mouha/crazyflie/ros2_ws/install/crazyflie_server_py:/home/mouha/crazyflie/ros2_ws/install/cf_led_mission:/home/mouha/crazyflie/ros2_ws/install/crazyflie_py:/home/mouha/ros2_ws/install/my_py_pkg:/opt/ros/jazzy DEBUGINFOD_URLS=https://debuginfod.ubuntu.com /usr/bin/cmake --build /home/mouha/crazyflie/ros2_ws/build/micro_ros_msgs -- -j12 -l12
[1.446s] Level 1:colcon.colcon_core.environment:create_environment_scripts_only(crazyflie)
[1.446s] Level 1:colcon.colcon_core.environment:checking '/home/mouha/crazyflie/ros2_ws/install/crazyflie' for CMake module files
[1.448s] Level 1:colcon.colcon_core.environment:checking '/home/mouha/crazyflie/ros2_ws/install/crazyflie' for CMake config files
[1.448s] Level 1:colcon.colcon_core.shell:create_environment_hook('crazyflie', 'cmake_prefix_path')
[1.448s] INFO:colcon.colcon_core.shell:Creating environment hook '/home/mouha/crazyflie/ros2_ws/install/crazyflie/share/crazyflie/hook/cmake_prefix_path.ps1'
[1.449s] INFO:colcon.colcon_core.shell:Creating environment descriptor '/home/mouha/crazyflie/ros2_ws/install/crazyflie/share/crazyflie/hook/cmake_prefix_path.dsv'
[1.449s] INFO:colcon.colcon_core.shell:Creating environment hook '/home/mouha/crazyflie/ros2_ws/install/crazyflie/share/crazyflie/hook/cmake_prefix_path.sh'
[1.450s] Level 1:colcon.colcon_core.environment:checking '/home/mouha/crazyflie/ros2_ws/install/crazyflie/lib'
[1.450s] Level 1:colcon.colcon_core.environment:checking '/home/mouha/crazyflie/ros2_ws/install/crazyflie/bin'
[1.450s] Level 1:colcon.colcon_core.environment:checking '/home/mouha/crazyflie/ros2_ws/install/crazyflie/lib/pkgconfig/crazyflie.pc'
[1.450s] Level 1:colcon.colcon_core.environment:checking '/home/mouha/crazyflie/ros2_ws/install/crazyflie/lib/python3.12/site-packages'
[1.451s] Level 1:colcon.colcon_core.environment:checking '/home/mouha/crazyflie/ros2_ws/install/crazyflie/bin'
[1.451s] DEBUG:colcon.colcon_core.event_handler.log_command:Invoked command in '/home/mouha/crazyflie/ros2_ws/build/crazyflie' returned '0': CMAKE_PREFIX_PATH=/home/mouha/crazyflie/ros2_ws/install/crazyflie_interfaces:/home/mouha/crazyflie/ros2_ws/install/crazyflie_description:/home/mouha/crazyflie/ros2_ws/install/drive_base_msgs:/home/mouha/crazyflie/ros2_ws/install/micro_ros_setup:/home/mouha/crazyflie/ros2_ws/install/micro_ros_agent:/home/mouha/crazyflie/ros2_ws/install/micro_ros_msgs:/home/mouha/crazyflie/ros2_ws/install/crazyflie_sim:/home/mouha/crazyflie/ros2_ws/install/crazyflie_examples:/home/mouha/crazyflie/ros2_ws/install/crazyflie:/home/mouha/ros2_ws/install/my_cpp_pkg:/opt/ros/jazzy/opt/gz_sim_vendor:/opt/ros/jazzy/opt/gz_sensors_vendor:/opt/ros/jazzy/opt/gz_physics_vendor:/opt/ros/jazzy/opt/sdformat_vendor:/opt/ros/jazzy/opt/gz_gui_vendor:/opt/ros/jazzy/opt/gz_transport_vendor:/opt/ros/jazzy/opt/gz_rendering_vendor:/opt/ros/jazzy/opt/gz_plugin_vendor:/opt/ros/jazzy/opt/gz_fuel_tools_vendor:/opt/ros/jazzy/opt/gz_msgs_vendor:/opt/ros/jazzy/opt/gz_common_vendor:/opt/ros/jazzy/opt/gz_math_vendor:/opt/ros/jazzy/opt/gz_utils_vendor:/opt/ros/jazzy/opt/gz_tools_vendor:/opt/ros/jazzy/opt/gz_ogre_next_vendor:/opt/ros/jazzy/opt/gz_dartsim_vendor:/opt/ros/jazzy/opt/gz_cmake_vendor:/home/mouha/crazyflie/ros2_ws/install/crazyflie_server_py:/home/mouha/crazyflie/ros2_ws/install/cf_led_mission:/home/mouha/crazyflie/ros2_ws/install/crazyflie_py:/home/mouha/ros2_ws/install/my_py_pkg:/opt/ros/jazzy DEBUGINFOD_URLS=https://debuginfod.ubuntu.com LD_LIBRARY_PATH=/home/mouha/crazyflie/ros2_ws/install/crazyflie_interfaces/lib:/home/mouha/crazyflie/ros2_ws/install/drive_base_msgs/lib:/home/mouha/crazyflie/ros2_ws/install/micro_ros_agent/lib:/home/mouha/crazyflie/ros2_ws/install/micro_ros_msgs/lib:/opt/ros/jazzy/opt/gz_sim_vendor/lib:/opt/ros/jazzy/opt/gz_sensors_vendor/lib:/opt/ros/jazzy/opt/gz_physics_vendor/lib:/opt/ros/jazzy/opt/sdformat_vendor/lib:/opt/ros/jazzy/opt/rviz_ogre_vendor/lib:/opt/ros/jazzy/lib/x86_64-linux-gnu:/opt/ros/jazzy/opt/gz_gui_vendor/lib:/opt/ros/jazzy/opt/gz_transport_vendor/lib:/opt/ros/jazzy/opt/gz_rendering_vendor/lib:/opt/ros/jazzy/opt/gz_plugin_vendor/lib:/opt/ros/jazzy/opt/gz_fuel_tools_vendor/lib:/opt/ros/jazzy/opt/gz_msgs_vendor/lib:/opt/ros/jazzy/opt/gz_common_vendor/lib:/opt/ros/jazzy/opt/gz_math_vendor/lib:/opt/ros/jazzy/opt/gz_utils_vendor/lib:/opt/ros/jazzy/opt/gz_tools_vendor/lib:/opt/ros/jazzy/opt/gz_ogre_next_vendor/lib:/opt/ros/jazzy/opt/gz_dartsim_vendor/lib:/opt/ros/jazzy/opt/gz_cmake_vendor/lib:/opt/ros/jazzy/lib PYTHONPATH=/home/mouha/crazyflie/ros2_ws/install/crazyflie_interfaces/lib/python3.12/site-packages:/home/mouha/crazyflie/ros2_ws/install/drive_base_msgs/lib/python3.12/site-packages:/home/mouha/crazyflie/ros2_ws/install/micro_ros_msgs/lib/python3.12/site-packages:/home/mouha/crazyflie/ros2_ws/install/crazyflie_sim/lib/python3.12/site-packages:/home/mouha/crazyflie/ros2_ws/build/crazyflie_server_py:/home/mouha/crazyflie/ros2_ws/install/crazyflie_server_py/lib/python3.12/site-packages:/home/mouha/crazyflie/ros2_ws/install/crazyflie_examples/lib/python3.12/site-packages:/home/mouha/crazyflie/ros2_ws/build/cf_led_mission:/home/mouha/crazyflie/ros2_ws/install/cf_led_mission/lib/python3.12/site-packages:/home/mouha/crazyflie/ros2_ws/build/crazyflie_py:/home/mouha/crazyflie/ros2_ws/install/crazyflie_py/lib/python3.12/site-packages:/home/mouha/ros2_ws/build/my_py_pkg:/home/mouha/ros2_ws/install/my_py_pkg/lib/python3.12/site-packages:/opt/ros/jazzy/lib/python3.12/site-packages /usr/bin/cmake --install /home/mouha/crazyflie/ros2_ws/build/crazyflie
[1.452s] INFO:colcon.colcon_core.shell:Creating package script '/home/mouha/crazyflie/ros2_ws/install/crazyflie/share/crazyflie/package.ps1'
[1.452s] INFO:colcon.colcon_core.shell:Creating package descriptor '/home/mouha/crazyflie/ros2_ws/install/crazyflie/share/crazyflie/package.dsv'
[1.453s] INFO:colcon.colcon_core.shell:Creating package script '/home/mouha/crazyflie/ros2_ws/install/crazyflie/share/crazyflie/package.sh'
[1.453s] INFO:colcon.colcon_core.shell:Creating package script '/home/mouha/crazyflie/ros2_ws/install/crazyflie/share/crazyflie/package.bash'
[1.454s] INFO:colcon.colcon_core.shell:Creating package script '/home/mouha/crazyflie/ros2_ws/install/crazyflie/share/crazyflie/package.zsh'
[1.454s] Level 1:colcon.colcon_core.environment:create_file_with_runtime_dependencies(/home/mouha/crazyflie/ros2_ws/install/crazyflie/share/colcon-core/packages/crazyflie)
[1.455s] Level 1:colcon.colcon_core.environment:create_environment_scripts_only(crazyflie)
[1.455s] Level 1:colcon.colcon_core.environment:checking '/home/mouha/crazyflie/ros2_ws/install/crazyflie' for CMake module files
[1.456s] Level 1:colcon.colcon_core.environment:checking '/home/mouha/crazyflie/ros2_ws/install/crazyflie' for CMake config files
[1.456s] Level 1:colcon.colcon_core.shell:create_environment_hook('crazyflie', 'cmake_prefix_path')
[1.456s] INFO:colcon.colcon_core.shell:Creating environment hook '/home/mouha/crazyflie/ros2_ws/install/crazyflie/share/crazyflie/hook/cmake_prefix_path.ps1'
[1.457s] INFO:colcon.colcon_core.shell:Creating environment descriptor '/home/mouha/crazyflie/ros2_ws/install/crazyflie/share/crazyflie/hook/cmake_prefix_path.dsv'
[1.457s] INFO:colcon.colcon_core.shell:Creating environment hook '/home/mouha/crazyflie/ros2_ws/install/crazyflie/share/crazyflie/hook/cmake_prefix_path.sh'
[1.458s] Level 1:colcon.colcon_core.environment:checking '/home/mouha/crazyflie/ros2_ws/install/crazyflie/lib'
[1.458s] Level 1:colcon.colcon_core.environment:checking '/home/mouha/crazyflie/ros2_ws/install/crazyflie/bin'
[1.458s] Level 1:colcon.colcon_core.environment:checking '/home/mouha/crazyflie/ros2_ws/install/crazyflie/lib/pkgconfig/crazyflie.pc'
[1.458s] Level 1:colcon.colcon_core.environment:checking '/home/mouha/crazyflie/ros2_ws/install/crazyflie/lib/python3.12/site-packages'
[1.458s] Level 1:colcon.colcon_core.environment:checking '/home/mouha/crazyflie/ros2_ws/install/crazyflie/bin'
[1.459s] INFO:colcon.colcon_core.shell:Creating package script '/home/mouha/crazyflie/ros2_ws/install/crazyflie/share/crazyflie/package.ps1'
[1.460s] INFO:colcon.colcon_core.shell:Creating package descriptor '/home/mouha/crazyflie/ros2_ws/install/crazyflie/share/crazyflie/package.dsv'
[1.460s] INFO:colcon.colcon_core.shell:Creating package script '/home/mouha/crazyflie/ros2_ws/install/crazyflie/share/crazyflie/package.sh'
[1.461s] INFO:colcon.colcon_core.shell:Creating package script '/home/mouha/crazyflie/ros2_ws/install/crazyflie/share/crazyflie/package.bash'
[1.461s] INFO:colcon.colcon_core.shell:Creating package script '/home/mouha/crazyflie/ros2_ws/install/crazyflie/share/crazyflie/package.zsh'
[1.462s] Level 1:colcon.colcon_core.environment:create_file_with_runtime_dependencies(/home/mouha/crazyflie/ros2_ws/install/crazyflie/share/colcon-core/packages/crazyflie)
[2.013s] DEBUG:colcon.colcon_core.event_handler.log_command:Invoked command in '/home/mouha/crazyflie/ros2_ws/build/micro_ros_msgs' returned '0': CMAKE_PREFIX_PATH=${CMAKE_PREFIX_PATH}:/home/mouha/crazyflie/ros2_ws/install/crazyflie_server_py:/home/mouha/crazyflie/ros2_ws/install/cf_led_mission:/home/mouha/crazyflie/ros2_ws/install/crazyflie_py:/home/mouha/ros2_ws/install/my_py_pkg:/opt/ros/jazzy DEBUGINFOD_URLS=https://debuginfod.ubuntu.com /usr/bin/cmake --build /home/mouha/crazyflie/ros2_ws/build/micro_ros_msgs -- -j12 -l12
[2.015s] DEBUG:colcon.colcon_core.event_handler.log_command:Invoking command in '/home/mouha/crazyflie/ros2_ws/build/micro_ros_msgs': CMAKE_PREFIX_PATH=${CMAKE_PREFIX_PATH}:/home/mouha/crazyflie/ros2_ws/install/crazyflie_server_py:/home/mouha/crazyflie/ros2_ws/install/cf_led_mission:/home/mouha/crazyflie/ros2_ws/install/crazyflie_py:/home/mouha/ros2_ws/install/my_py_pkg:/opt/ros/jazzy DEBUGINFOD_URLS=https://debuginfod.ubuntu.com /usr/bin/cmake --install /home/mouha/crazyflie/ros2_ws/build/micro_ros_msgs
[2.117s] Level 1:colcon.colcon_core.environment:create_environment_scripts_only(micro_ros_msgs)
[2.118s] Level 1:colcon.colcon_core.environment:checking '/home/mouha/crazyflie/ros2_ws/install/micro_ros_msgs' for CMake module files
[2.118s] DEBUG:colcon.colcon_core.event_handler.log_command:Invoked command in '/home/mouha/crazyflie/ros2_ws/build/micro_ros_msgs' returned '0': CMAKE_PREFIX_PATH=${CMAKE_PREFIX_PATH}:/home/mouha/crazyflie/ros2_ws/install/crazyflie_server_py:/home/mouha/crazyflie/ros2_ws/install/cf_led_mission:/home/mouha/crazyflie/ros2_ws/install/crazyflie_py:/home/mouha/ros2_ws/install/my_py_pkg:/opt/ros/jazzy DEBUGINFOD_URLS=https://debuginfod.ubuntu.com /usr/bin/cmake --install /home/mouha/crazyflie/ros2_ws/build/micro_ros_msgs
[2.119s] Level 1:colcon.colcon_core.environment:checking '/home/mouha/crazyflie/ros2_ws/install/micro_ros_msgs' for CMake config files
[2.120s] Level 1:colcon.colcon_core.shell:create_environment_hook('micro_ros_msgs', 'cmake_prefix_path')
[2.120s] INFO:colcon.colcon_core.shell:Creating environment hook '/home/mouha/crazyflie/ros2_ws/install/micro_ros_msgs/share/micro_ros_msgs/hook/cmake_prefix_path.ps1'
[2.121s] INFO:colcon.colcon_core.shell:Creating environment descriptor '/home/mouha/crazyflie/ros2_ws/install/micro_ros_msgs/share/micro_ros_msgs/hook/cmake_prefix_path.dsv'
[2.121s] INFO:colcon.colcon_core.shell:Creating environment hook '/home/mouha/crazyflie/ros2_ws/install/micro_ros_msgs/share/micro_ros_msgs/hook/cmake_prefix_path.sh'
[2.122s] Level 1:colcon.colcon_core.environment:checking '/home/mouha/crazyflie/ros2_ws/install/micro_ros_msgs/lib'
[2.122s] Level 1:colcon.colcon_core.shell:create_environment_hook('micro_ros_msgs', 'ld_library_path_lib')
[2.122s] INFO:colcon.colcon_core.shell:Creating environment hook '/home/mouha/crazyflie/ros2_ws/install/micro_ros_msgs/share/micro_ros_msgs/hook/ld_library_path_lib.ps1'
[2.123s] INFO:colcon.colcon_core.shell:Creating environment descriptor '/home/mouha/crazyflie/ros2_ws/install/micro_ros_msgs/share/micro_ros_msgs/hook/ld_library_path_lib.dsv'
[2.123s] INFO:colcon.colcon_core.shell:Creating environment hook '/home/mouha/crazyflie/ros2_ws/install/micro_ros_msgs/share/micro_ros_msgs/hook/ld_library_path_lib.sh'
[2.123s] Level 1:colcon.colcon_core.environment:checking '/home/mouha/crazyflie/ros2_ws/install/micro_ros_msgs/bin'
[2.123s] Level 1:colcon.colcon_core.environment:checking '/home/mouha/crazyflie/ros2_ws/install/micro_ros_msgs/lib/pkgconfig/micro_ros_msgs.pc'
[2.124s] Level 1:colcon.colcon_core.environment:checking '/home/mouha/crazyflie/ros2_ws/install/micro_ros_msgs/lib/python3.12/site-packages'
[2.124s] Level 1:colcon.colcon_core.shell:create_environment_hook('micro_ros_msgs', 'pythonpath')
[2.124s] INFO:colcon.colcon_core.shell:Creating environment hook '/home/mouha/crazyflie/ros2_ws/install/micro_ros_msgs/share/micro_ros_msgs/hook/pythonpath.ps1'
[2.125s] INFO:colcon.colcon_core.shell:Creating environment descriptor '/home/mouha/crazyflie/ros2_ws/install/micro_ros_msgs/share/micro_ros_msgs/hook/pythonpath.dsv'
[2.125s] INFO:colcon.colcon_core.shell:Creating environment hook '/home/mouha/crazyflie/ros2_ws/install/micro_ros_msgs/share/micro_ros_msgs/hook/pythonpath.sh'
[2.126s] Level 1:colcon.colcon_core.environment:checking '/home/mouha/crazyflie/ros2_ws/install/micro_ros_msgs/bin'
[2.126s] INFO:colcon.colcon_core.shell:Creating package script '/home/mouha/crazyflie/ros2_ws/install/micro_ros_msgs/share/micro_ros_msgs/package.ps1'
[2.127s] INFO:colcon.colcon_core.shell:Creating package descriptor '/home/mouha/crazyflie/ros2_ws/install/micro_ros_msgs/share/micro_ros_msgs/package.dsv'
[2.128s] INFO:colcon.colcon_core.shell:Creating package script '/home/mouha/crazyflie/ros2_ws/install/micro_ros_msgs/share/micro_ros_msgs/package.sh'
[2.128s] INFO:colcon.colcon_core.shell:Creating package script '/home/mouha/crazyflie/ros2_ws/install/micro_ros_msgs/share/micro_ros_msgs/package.bash'
[2.129s] INFO:colcon.colcon_core.shell:Creating package script '/home/mouha/crazyflie/ros2_ws/install/micro_ros_msgs/share/micro_ros_msgs/package.zsh'
[2.129s] Level 1:colcon.colcon_core.environment:create_file_with_runtime_dependencies(/home/mouha/crazyflie/ros2_ws/install/micro_ros_msgs/share/colcon-core/packages/micro_ros_msgs)
[2.130s] Level 1:colcon.colcon_core.environment:create_environment_scripts_only(micro_ros_msgs)
[2.130s] Level 1:colcon.colcon_core.environment:checking '/home/mouha/crazyflie/ros2_ws/install/micro_ros_msgs' for CMake module files
[2.131s] Level 1:colcon.colcon_core.environment:checking '/home/mouha/crazyflie/ros2_ws/install/micro_ros_msgs' for CMake config files
[2.131s] Level 1:colcon.colcon_core.shell:create_environment_hook('micro_ros_msgs', 'cmake_prefix_path')
[2.131s] INFO:colcon.colcon_core.shell:Creating environment hook '/home/mouha/crazyflie/ros2_ws/install/micro_ros_msgs/share/micro_ros_msgs/hook/cmake_prefix_path.ps1'
[2.132s] INFO:colcon.colcon_core.shell:Creating environment descriptor '/home/mouha/crazyflie/ros2_ws/install/micro_ros_msgs/share/micro_ros_msgs/hook/cmake_prefix_path.dsv'
[2.132s] INFO:colcon.colcon_core.shell:Creating environment hook '/home/mouha/crazyflie/ros2_ws/install/micro_ros_msgs/share/micro_ros_msgs/hook/cmake_prefix_path.sh'
[2.133s] Level 1:colcon.colcon_core.environment:checking '/home/mouha/crazyflie/ros2_ws/install/micro_ros_msgs/lib'
[2.133s] Level 1:colcon.colcon_core.shell:create_environment_hook('micro_ros_msgs', 'ld_library_path_lib')
[2.133s] INFO:colcon.colcon_core.shell:Creating environment hook '/home/mouha/crazyflie/ros2_ws/install/micro_ros_msgs/share/micro_ros_msgs/hook/ld_library_path_lib.ps1'
[2.134s] INFO:colcon.colcon_core.shell:Creating environment descriptor '/home/mouha/crazyflie/ros2_ws/install/micro_ros_msgs/share/micro_ros_msgs/hook/ld_library_path_lib.dsv'
[2.134s] INFO:colcon.colcon_core.shell:Creating environment hook '/home/mouha/crazyflie/ros2_ws/install/micro_ros_msgs/share/micro_ros_msgs/hook/ld_library_path_lib.sh'
[2.135s] Level 1:colcon.colcon_core.environment:checking '/home/mouha/crazyflie/ros2_ws/install/micro_ros_msgs/bin'
[2.135s] Level 1:colcon.colcon_core.environment:checking '/home/mouha/crazyflie/ros2_ws/install/micro_ros_msgs/lib/pkgconfig/micro_ros_msgs.pc'
[2.135s] Level 1:colcon.colcon_core.environment:checking '/home/mouha/crazyflie/ros2_ws/install/micro_ros_msgs/lib/python3.12/site-packages'
[2.135s] Level 1:colcon.colcon_core.shell:create_environment_hook('micro_ros_msgs', 'pythonpath')
[2.135s] INFO:colcon.colcon_core.shell:Creating environment hook '/home/mouha/crazyflie/ros2_ws/install/micro_ros_msgs/share/micro_ros_msgs/hook/pythonpath.ps1'
[2.136s] INFO:colcon.colcon_core.shell:Creating environment descriptor '/home/mouha/crazyflie/ros2_ws/install/micro_ros_msgs/share/micro_ros_msgs/hook/pythonpath.dsv'
[2.136s] INFO:colcon.colcon_core.shell:Creating environment hook '/home/mouha/crazyflie/ros2_ws/install/micro_ros_msgs/share/micro_ros_msgs/hook/pythonpath.sh'
[2.137s] Level 1:colcon.colcon_core.environment:checking '/home/mouha/crazyflie/ros2_ws/install/micro_ros_msgs/bin'
[2.137s] INFO:colcon.colcon_core.shell:Creating package script '/home/mouha/crazyflie/ros2_ws/install/micro_ros_msgs/share/micro_ros_msgs/package.ps1'
[2.138s] INFO:colcon.colcon_core.shell:Creating package descriptor '/home/mouha/crazyflie/ros2_ws/install/micro_ros_msgs/share/micro_ros_msgs/package.dsv'
[2.139s] INFO:colcon.colcon_core.shell:Creating package script '/home/mouha/crazyflie/ros2_ws/install/micro_ros_msgs/share/micro_ros_msgs/package.sh'
[2.139s] INFO:colcon.colcon_core.shell:Creating package script '/home/mouha/crazyflie/ros2_ws/install/micro_ros_msgs/share/micro_ros_msgs/package.bash'
[2.140s] INFO:colcon.colcon_core.shell:Creating package script '/home/mouha/crazyflie/ros2_ws/install/micro_ros_msgs/share/micro_ros_msgs/package.zsh'
[2.140s] Level 1:colcon.colcon_core.environment:create_file_with_runtime_dependencies(/home/mouha/crazyflie/ros2_ws/install/micro_ros_msgs/share/colcon-core/packages/micro_ros_msgs)
[2.141s] INFO:colcon.colcon_ros.task.ament_cmake.build:Building ROS package in '/home/mouha/crazyflie/ros2_ws/src/uros/micro-ROS-Agent/micro_ros_agent' with build type 'ament_cmake'
[2.141s] INFO:colcon.colcon_cmake.task.cmake.build:Building CMake package in '/home/mouha/crazyflie/ros2_ws/src/uros/micro-ROS-Agent/micro_ros_agent'
[2.141s] INFO:colcon.colcon_core.shell:Skip shell extension 'powershell' for command environment: Not usable outside of PowerShell
[2.141s] DEBUG:colcon.colcon_core.shell:Skip shell extension 'dsv' for command environment
[2.154s] DEBUG:colcon.colcon_core.event_handler.log_command:Invoking command in '/home/mouha/crazyflie/ros2_ws/build/micro_ros_agent': CMAKE_PREFIX_PATH=/home/mouha/crazyflie/ros2_ws/install/micro_ros_msgs:/home/mouha/crazyflie/ros2_ws/install/drive_base_msgs:/home/mouha/crazyflie/ros2_ws/install/micro_ros_setup:/home/mouha/crazyflie/ros2_ws/install/micro_ros_agent:/home/mouha/crazyflie/ros2_ws/install/crazyflie_sim:/home/mouha/crazyflie/ros2_ws/install/crazyflie_examples:/home/mouha/crazyflie/ros2_ws/install/crazyflie:/home/mouha/crazyflie/ros2_ws/install/crazyflie_interfaces:/home/mouha/crazyflie/ros2_ws/install/crazyflie_description:/home/mouha/ros2_ws/install/my_cpp_pkg:/opt/ros/jazzy/opt/gz_sim_vendor:/opt/ros/jazzy/opt/gz_sensors_vendor:/opt/ros/jazzy/opt/gz_physics_vendor:/opt/ros/jazzy/opt/sdformat_vendor:/opt/ros/jazzy/opt/gz_gui_vendor:/opt/ros/jazzy/opt/gz_transport_vendor:/opt/ros/jazzy/opt/gz_rendering_vendor:/opt/ros/jazzy/opt/gz_plugin_vendor:/opt/ros/jazzy/opt/gz_fuel_tools_vendor:/opt/ros/jazzy/opt/gz_msgs_vendor:/opt/ros/jazzy/opt/gz_common_vendor:/opt/ros/jazzy/opt/gz_math_vendor:/opt/ros/jazzy/opt/gz_utils_vendor:/opt/ros/jazzy/opt/gz_tools_vendor:/opt/ros/jazzy/opt/gz_ogre_next_vendor:/opt/ros/jazzy/opt/gz_dartsim_vendor:/opt/ros/jazzy/opt/gz_cmake_vendor:/home/mouha/crazyflie/ros2_ws/install/crazyflie_server_py:/home/mouha/crazyflie/ros2_ws/install/cf_led_mission:/home/mouha/crazyflie/ros2_ws/install/crazyflie_py:/home/mouha/ros2_ws/install/my_py_pkg:/opt/ros/jazzy DEBUGINFOD_URLS=https://debuginfod.ubuntu.com LD_LIBRARY_PATH=/home/mouha/crazyflie/ros2_ws/install/micro_ros_msgs/lib:/home/mouha/crazyflie/ros2_ws/install/drive_base_msgs/lib:/home/mouha/crazyflie/ros2_ws/install/micro_ros_agent/lib:/home/mouha/crazyflie/ros2_ws/install/crazyflie_interfaces/lib:/opt/ros/jazzy/opt/gz_sim_vendor/lib:/opt/ros/jazzy/opt/gz_sensors_vendor/lib:/opt/ros/jazzy/opt/gz_physics_vendor/lib:/opt/ros/jazzy/opt/sdformat_vendor/lib:/opt/ros/jazzy/opt/rviz_ogre_vendor/lib:/opt/ros/jazzy/lib/x86_64-linux-gnu:/opt/ros/jazzy/opt/gz_gui_vendor/lib:/opt/ros/jazzy/opt/gz_transport_vendor/lib:/opt/ros/jazzy/opt/gz_rendering_vendor/lib:/opt/ros/jazzy/opt/gz_plugin_vendor/lib:/opt/ros/jazzy/opt/gz_fuel_tools_vendor/lib:/opt/ros/jazzy/opt/gz_msgs_vendor/lib:/opt/ros/jazzy/opt/gz_common_vendor/lib:/opt/ros/jazzy/opt/gz_math_vendor/lib:/opt/ros/jazzy/opt/gz_utils_vendor/lib:/opt/ros/jazzy/opt/gz_tools_vendor/lib:/opt/ros/jazzy/opt/gz_ogre_next_vendor/lib:/opt/ros/jazzy/opt/gz_dartsim_vendor/lib:/opt/ros/jazzy/opt/gz_cmake_vendor/lib:/opt/ros/jazzy/lib PYTHONPATH=/home/mouha/crazyflie/ros2_ws/install/micro_ros_msgs/lib/python3.12/site-packages:/home/mouha/crazyflie/ros2_ws/install/drive_base_msgs/lib/python3.12/site-packages:/home/mouha/crazyflie/ros2_ws/install/crazyflie_sim/lib/python3.12/site-packages:/home/mouha/crazyflie/ros2_ws/build/crazyflie_server_py:/home/mouha/crazyflie/ros2_ws/install/crazyflie_server_py/lib/python3.12/site-packages:/home/mouha/crazyflie/ros2_ws/install/crazyflie_examples/lib/python3.12/site-packages:/home/mouha/crazyflie/ros2_ws/build/cf_led_mission:/home/mouha/crazyflie/ros2_ws/install/cf_led_mission/lib/python3.12/site-packages:/home/mouha/crazyflie/ros2_ws/build/crazyflie_py:/home/mouha/crazyflie/ros2_ws/install/crazyflie_py/lib/python3.12/site-packages:/home/mouha/crazyflie/ros2_ws/install/crazyflie_interfaces/lib/python3.12/site-packages:/home/mouha/ros2_ws/build/my_py_pkg:/home/mouha/ros2_ws/install/my_py_pkg/lib/python3.12/site-packages:/opt/ros/jazzy/lib/python3.12/site-packages /usr/bin/cmake /home/mouha/crazyflie/ros2_ws/src/uros/micro-ROS-Agent/micro_ros_agent -DAMENT_CMAKE_SYMLINK_INSTALL=1 -DCMAKE_INSTALL_PREFIX=/home/mouha/crazyflie/ros2_ws/install/micro_ros_agent
[2.210s] DEBUG:colcon.colcon_core.event_handler.log_command:Invoking command in '/home/mouha/crazyflie/ros2_ws/build/crazyflie_py': CMAKE_PREFIX_PATH=/home/mouha/crazyflie/ros2_ws/install/crazyflie_interfaces:/home/mouha/crazyflie/ros2_ws/install/drive_base_msgs:/home/mouha/crazyflie/ros2_ws/install/micro_ros_setup:/home/mouha/crazyflie/ros2_ws/install/micro_ros_agent:/home/mouha/crazyflie/ros2_ws/install/micro_ros_msgs:/home/mouha/crazyflie/ros2_ws/install/crazyflie_sim:/home/mouha/crazyflie/ros2_ws/install/crazyflie_examples:/home/mouha/crazyflie/ros2_ws/install/crazyflie:/home/mouha/crazyflie/ros2_ws/install/crazyflie_description:/home/mouha/ros2_ws/install/my_cpp_pkg:/opt/ros/jazzy/opt/gz_sim_vendor:/opt/ros/jazzy/opt/gz_sensors_vendor:/opt/ros/jazzy/opt/gz_physics_vendor:/opt/ros/jazzy/opt/sdformat_vendor:/opt/ros/jazzy/opt/gz_gui_vendor:/opt/ros/jazzy/opt/gz_transport_vendor:/opt/ros/jazzy/opt/gz_rendering_vendor:/opt/ros/jazzy/opt/gz_plugin_vendor:/opt/ros/jazzy/opt/gz_fuel_tools_vendor:/opt/ros/jazzy/opt/gz_msgs_vendor:/opt/ros/jazzy/opt/gz_common_vendor:/opt/ros/jazzy/opt/gz_math_vendor:/opt/ros/jazzy/opt/gz_utils_vendor:/opt/ros/jazzy/opt/gz_tools_vendor:/opt/ros/jazzy/opt/gz_ogre_next_vendor:/opt/ros/jazzy/opt/gz_dartsim_vendor:/opt/ros/jazzy/opt/gz_cmake_vendor DEBUGINFOD_URLS=https://debuginfod.ubuntu.com LD_LIBRARY_PATH=/home/mouha/crazyflie/ros2_ws/install/crazyflie_interfaces/lib:/home/mouha/crazyflie/ros2_ws/install/drive_base_msgs/lib:/home/mouha/crazyflie/ros2_ws/install/micro_ros_agent/lib:/home/mouha/crazyflie/ros2_ws/install/micro_ros_msgs/lib:/opt/ros/jazzy/opt/gz_sim_vendor/lib:/opt/ros/jazzy/opt/gz_sensors_vendor/lib:/opt/ros/jazzy/opt/gz_physics_vendor/lib:/opt/ros/jazzy/opt/sdformat_vendor/lib:/opt/ros/jazzy/opt/rviz_ogre_vendor/lib:/opt/ros/jazzy/lib/x86_64-linux-gnu:/opt/ros/jazzy/opt/gz_gui_vendor/lib:/opt/ros/jazzy/opt/gz_transport_vendor/lib:/opt/ros/jazzy/opt/gz_rendering_vendor/lib:/opt/ros/jazzy/opt/gz_plugin_vendor/lib:/opt/ros/jazzy/opt/gz_fuel_tools_vendor/lib:/opt/ros/jazzy/opt/gz_msgs_vendor/lib:/opt/ros/jazzy/opt/gz_common_vendor/lib:/opt/ros/jazzy/opt/gz_math_vendor/lib:/opt/ros/jazzy/opt/gz_utils_vendor/lib:/opt/ros/jazzy/opt/gz_tools_vendor/lib:/opt/ros/jazzy/opt/gz_ogre_next_vendor/lib:/opt/ros/jazzy/opt/gz_dartsim_vendor/lib:/opt/ros/jazzy/opt/gz_cmake_vendor/lib:/opt/ros/jazzy/lib PYTHONPATH=/home/mouha/crazyflie/ros2_ws/build/crazyflie_py/prefix_override:/usr/lib/python3/dist-packages/colcon_core/task/python/colcon_distutils_commands:/home/mouha/crazyflie/ros2_ws/install/crazyflie_py/lib/python3.12/site-packages:/home/mouha/crazyflie/ros2_ws/install/crazyflie_interfaces/lib/python3.12/site-packages:/home/mouha/crazyflie/ros2_ws/install/drive_base_msgs/lib/python3.12/site-packages:/home/mouha/crazyflie/ros2_ws/install/micro_ros_msgs/lib/python3.12/site-packages:/home/mouha/crazyflie/ros2_ws/install/crazyflie_sim/lib/python3.12/site-packages:/home/mouha/crazyflie/ros2_ws/build/crazyflie_server_py:/home/mouha/crazyflie/ros2_ws/install/crazyflie_server_py/lib/python3.12/site-packages:/home/mouha/crazyflie/ros2_ws/install/crazyflie_examples/lib/python3.12/site-packages:/home/mouha/crazyflie/ros2_ws/build/cf_led_mission:/home/mouha/crazyflie/ros2_ws/install/cf_led_mission/lib/python3.12/site-packages:/home/mouha/crazyflie/ros2_ws/build/crazyflie_py:/home/mouha/crazyflie/ros2_ws/install/crazyflie_py/lib/python3.12/site-packages:/home/mouha/ros2_ws/build/my_py_pkg:/home/mouha/ros2_ws/install/my_py_pkg/lib/python3.12/site-packages:/opt/ros/jazzy/lib/python3.12/site-packages /usr/bin/python3 -W ignore:setup.py install is deprecated -W ignore:easy_install command is deprecated setup.py develop --editable --build-directory /home/mouha/crazyflie/ros2_ws/build/crazyflie_py/build --no-deps symlink_data
[2.228s] DEBUG:colcon.colcon_core.event_handler.log_command:Invoking command in '/home/mouha/crazyflie/ros2_ws/build/crazyflie_server_py': CMAKE_PREFIX_PATH=/home/mouha/crazyflie/ros2_ws/install/crazyflie_interfaces:/home/mouha/crazyflie/ros2_ws/install/drive_base_msgs:/home/mouha/crazyflie/ros2_ws/install/micro_ros_setup:/home/mouha/crazyflie/ros2_ws/install/micro_ros_agent:/home/mouha/crazyflie/ros2_ws/install/micro_ros_msgs:/home/mouha/crazyflie/ros2_ws/install/crazyflie_sim:/home/mouha/crazyflie/ros2_ws/install/crazyflie_examples:/home/mouha/crazyflie/ros2_ws/install/crazyflie:/home/mouha/crazyflie/ros2_ws/install/crazyflie_description:/home/mouha/ros2_ws/install/my_cpp_pkg:/opt/ros/jazzy/opt/gz_sim_vendor:/opt/ros/jazzy/opt/gz_sensors_vendor:/opt/ros/jazzy/opt/gz_physics_vendor:/opt/ros/jazzy/opt/sdformat_vendor:/opt/ros/jazzy/opt/gz_gui_vendor:/opt/ros/jazzy/opt/gz_transport_vendor:/opt/ros/jazzy/opt/gz_rendering_vendor:/opt/ros/jazzy/opt/gz_plugin_vendor:/opt/ros/jazzy/opt/gz_fuel_tools_vendor:/opt/ros/jazzy/opt/gz_msgs_vendor:/opt/ros/jazzy/opt/gz_common_vendor:/opt/ros/jazzy/opt/gz_math_vendor:/opt/ros/jazzy/opt/gz_utils_vendor:/opt/ros/jazzy/opt/gz_tools_vendor:/opt/ros/jazzy/opt/gz_ogre_next_vendor:/opt/ros/jazzy/opt/gz_dartsim_vendor:/opt/ros/jazzy/opt/gz_cmake_vendor DEBUGINFOD_URLS=https://debuginfod.ubuntu.com LD_LIBRARY_PATH=/home/mouha/crazyflie/ros2_ws/install/crazyflie_interfaces/lib:/home/mouha/crazyflie/ros2_ws/install/drive_base_msgs/lib:/home/mouha/crazyflie/ros2_ws/install/micro_ros_agent/lib:/home/mouha/crazyflie/ros2_ws/install/micro_ros_msgs/lib:/opt/ros/jazzy/opt/gz_sim_vendor/lib:/opt/ros/jazzy/opt/gz_sensors_vendor/lib:/opt/ros/jazzy/opt/gz_physics_vendor/lib:/opt/ros/jazzy/opt/sdformat_vendor/lib:/opt/ros/jazzy/opt/rviz_ogre_vendor/lib:/opt/ros/jazzy/lib/x86_64-linux-gnu:/opt/ros/jazzy/opt/gz_gui_vendor/lib:/opt/ros/jazzy/opt/gz_transport_vendor/lib:/opt/ros/jazzy/opt/gz_rendering_vendor/lib:/opt/ros/jazzy/opt/gz_plugin_vendor/lib:/opt/ros/jazzy/opt/gz_fuel_tools_vendor/lib:/opt/ros/jazzy/opt/gz_msgs_vendor/lib:/opt/ros/jazzy/opt/gz_common_vendor/lib:/opt/ros/jazzy/opt/gz_math_vendor/lib:/opt/ros/jazzy/opt/gz_utils_vendor/lib:/opt/ros/jazzy/opt/gz_tools_vendor/lib:/opt/ros/jazzy/opt/gz_ogre_next_vendor/lib:/opt/ros/jazzy/opt/gz_dartsim_vendor/lib:/opt/ros/jazzy/opt/gz_cmake_vendor/lib:/opt/ros/jazzy/lib PYTHONPATH=/home/mouha/crazyflie/ros2_ws/build/crazyflie_server_py/prefix_override:/usr/lib/python3/dist-packages/colcon_core/task/python/colcon_distutils_commands:/home/mouha/crazyflie/ros2_ws/install/crazyflie_server_py/lib/python3.12/site-packages:/home/mouha/crazyflie/ros2_ws/install/crazyflie_interfaces/lib/python3.12/site-packages:/home/mouha/crazyflie/ros2_ws/install/drive_base_msgs/lib/python3.12/site-packages:/home/mouha/crazyflie/ros2_ws/install/micro_ros_msgs/lib/python3.12/site-packages:/home/mouha/crazyflie/ros2_ws/install/crazyflie_sim/lib/python3.12/site-packages:/home/mouha/crazyflie/ros2_ws/build/crazyflie_server_py:/home/mouha/crazyflie/ros2_ws/install/crazyflie_server_py/lib/python3.12/site-packages:/home/mouha/crazyflie/ros2_ws/install/crazyflie_examples/lib/python3.12/site-packages:/home/mouha/crazyflie/ros2_ws/build/cf_led_mission:/home/mouha/crazyflie/ros2_ws/install/cf_led_mission/lib/python3.12/site-packages:/home/mouha/crazyflie/ros2_ws/build/crazyflie_py:/home/mouha/crazyflie/ros2_ws/install/crazyflie_py/lib/python3.12/site-packages:/home/mouha/ros2_ws/build/my_py_pkg:/home/mouha/ros2_ws/install/my_py_pkg/lib/python3.12/site-packages:/opt/ros/jazzy/lib/python3.12/site-packages /usr/bin/python3 -W ignore:setup.py install is deprecated -W ignore:easy_install command is deprecated setup.py develop --editable --build-directory /home/mouha/crazyflie/ros2_ws/build/crazyflie_server_py/build --no-deps symlink_data
[2.236s] DEBUG:colcon.colcon_core.event_handler.log_command:Invoked command in '/home/mouha/crazyflie/ros2_ws/build/crazyflie_sim' returned '0': CMAKE_PREFIX_PATH=/home/mouha/crazyflie/ros2_ws/install/crazyflie_interfaces:/home/mouha/crazyflie/ros2_ws/install/drive_base_msgs:/home/mouha/crazyflie/ros2_ws/install/micro_ros_setup:/home/mouha/crazyflie/ros2_ws/install/micro_ros_agent:/home/mouha/crazyflie/ros2_ws/install/micro_ros_msgs:/home/mouha/crazyflie/ros2_ws/install/crazyflie_sim:/home/mouha/crazyflie/ros2_ws/install/crazyflie_examples:/home/mouha/crazyflie/ros2_ws/install/crazyflie:/home/mouha/crazyflie/ros2_ws/install/crazyflie_description:/home/mouha/ros2_ws/install/my_cpp_pkg:/opt/ros/jazzy/opt/gz_sim_vendor:/opt/ros/jazzy/opt/gz_sensors_vendor:/opt/ros/jazzy/opt/gz_physics_vendor:/opt/ros/jazzy/opt/sdformat_vendor:/opt/ros/jazzy/opt/gz_gui_vendor:/opt/ros/jazzy/opt/gz_transport_vendor:/opt/ros/jazzy/opt/gz_rendering_vendor:/opt/ros/jazzy/opt/gz_plugin_vendor:/opt/ros/jazzy/opt/gz_fuel_tools_vendor:/opt/ros/jazzy/opt/gz_msgs_vendor:/opt/ros/jazzy/opt/gz_common_vendor:/opt/ros/jazzy/opt/gz_math_vendor:/opt/ros/jazzy/opt/gz_utils_vendor:/opt/ros/jazzy/opt/gz_tools_vendor:/opt/ros/jazzy/opt/gz_ogre_next_vendor:/opt/ros/jazzy/opt/gz_dartsim_vendor:/opt/ros/jazzy/opt/gz_cmake_vendor:/home/mouha/crazyflie/ros2_ws/install/crazyflie_server_py:/home/mouha/crazyflie/ros2_ws/install/cf_led_mission:/home/mouha/crazyflie/ros2_ws/install/crazyflie_py:/home/mouha/ros2_ws/install/my_py_pkg:/opt/ros/jazzy DEBUGINFOD_URLS=https://debuginfod.ubuntu.com LD_LIBRARY_PATH=/home/mouha/crazyflie/ros2_ws/install/crazyflie_interfaces/lib:/home/mouha/crazyflie/ros2_ws/install/drive_base_msgs/lib:/home/mouha/crazyflie/ros2_ws/install/micro_ros_agent/lib:/home/mouha/crazyflie/ros2_ws/install/micro_ros_msgs/lib:/opt/ros/jazzy/opt/gz_sim_vendor/lib:/opt/ros/jazzy/opt/gz_sensors_vendor/lib:/opt/ros/jazzy/opt/gz_physics_vendor/lib:/opt/ros/jazzy/opt/sdformat_vendor/lib:/opt/ros/jazzy/opt/rviz_ogre_vendor/lib:/opt/ros/jazzy/lib/x86_64-linux-gnu:/opt/ros/jazzy/opt/gz_gui_vendor/lib:/opt/ros/jazzy/opt/gz_transport_vendor/lib:/opt/ros/jazzy/opt/gz_rendering_vendor/lib:/opt/ros/jazzy/opt/gz_plugin_vendor/lib:/opt/ros/jazzy/opt/gz_fuel_tools_vendor/lib:/opt/ros/jazzy/opt/gz_msgs_vendor/lib:/opt/ros/jazzy/opt/gz_common_vendor/lib:/opt/ros/jazzy/opt/gz_math_vendor/lib:/opt/ros/jazzy/opt/gz_utils_vendor/lib:/opt/ros/jazzy/opt/gz_tools_vendor/lib:/opt/ros/jazzy/opt/gz_ogre_next_vendor/lib:/opt/ros/jazzy/opt/gz_dartsim_vendor/lib:/opt/ros/jazzy/opt/gz_cmake_vendor/lib:/opt/ros/jazzy/lib PYTHONPATH=/home/mouha/crazyflie/ros2_ws/install/crazyflie_interfaces/lib/python3.12/site-packages:/home/mouha/crazyflie/ros2_ws/install/drive_base_msgs/lib/python3.12/site-packages:/home/mouha/crazyflie/ros2_ws/install/micro_ros_msgs/lib/python3.12/site-packages:/home/mouha/crazyflie/ros2_ws/install/crazyflie_sim/lib/python3.12/site-packages:/home/mouha/crazyflie/ros2_ws/build/crazyflie_server_py:/home/mouha/crazyflie/ros2_ws/install/crazyflie_server_py/lib/python3.12/site-packages:/home/mouha/crazyflie/ros2_ws/install/crazyflie_examples/lib/python3.12/site-packages:/home/mouha/crazyflie/ros2_ws/build/cf_led_mission:/home/mouha/crazyflie/ros2_ws/install/cf_led_mission/lib/python3.12/site-packages:/home/mouha/crazyflie/ros2_ws/build/crazyflie_py:/home/mouha/crazyflie/ros2_ws/install/crazyflie_py/lib/python3.12/site-packages:/home/mouha/ros2_ws/build/my_py_pkg:/home/mouha/ros2_ws/install/my_py_pkg/lib/python3.12/site-packages:/opt/ros/jazzy/lib/python3.12/site-packages /usr/bin/cmake --build /home/mouha/crazyflie/ros2_ws/build/crazyflie_sim -- -j12 -l12
[2.237s] DEBUG:colcon.colcon_core.event_handler.log_command:Invoking command in '/home/mouha/crazyflie/ros2_ws/build/crazyflie_sim': CMAKE_PREFIX_PATH=/home/mouha/crazyflie/ros2_ws/install/crazyflie_interfaces:/home/mouha/crazyflie/ros2_ws/install/drive_base_msgs:/home/mouha/crazyflie/ros2_ws/install/micro_ros_setup:/home/mouha/crazyflie/ros2_ws/install/micro_ros_agent:/home/mouha/crazyflie/ros2_ws/install/micro_ros_msgs:/home/mouha/crazyflie/ros2_ws/install/crazyflie_sim:/home/mouha/crazyflie/ros2_ws/install/crazyflie_examples:/home/mouha/crazyflie/ros2_ws/install/crazyflie:/home/mouha/crazyflie/ros2_ws/install/crazyflie_description:/home/mouha/ros2_ws/install/my_cpp_pkg:/opt/ros/jazzy/opt/gz_sim_vendor:/opt/ros/jazzy/opt/gz_sensors_vendor:/opt/ros/jazzy/opt/gz_physics_vendor:/opt/ros/jazzy/opt/sdformat_vendor:/opt/ros/jazzy/opt/gz_gui_vendor:/opt/ros/jazzy/opt/gz_transport_vendor:/opt/ros/jazzy/opt/gz_rendering_vendor:/opt/ros/jazzy/opt/gz_plugin_vendor:/opt/ros/jazzy/opt/gz_fuel_tools_vendor:/opt/ros/jazzy/opt/gz_msgs_vendor:/opt/ros/jazzy/opt/gz_common_vendor:/opt/ros/jazzy/opt/gz_math_vendor:/opt/ros/jazzy/opt/gz_utils_vendor:/opt/ros/jazzy/opt/gz_tools_vendor:/opt/ros/jazzy/opt/gz_ogre_next_vendor:/opt/ros/jazzy/opt/gz_dartsim_vendor:/opt/ros/jazzy/opt/gz_cmake_vendor:/home/mouha/crazyflie/ros2_ws/install/crazyflie_server_py:/home/mouha/crazyflie/ros2_ws/install/cf_led_mission:/home/mouha/crazyflie/ros2_ws/install/crazyflie_py:/home/mouha/ros2_ws/install/my_py_pkg:/opt/ros/jazzy DEBUGINFOD_URLS=https://debuginfod.ubuntu.com LD_LIBRARY_PATH=/home/mouha/crazyflie/ros2_ws/install/crazyflie_interfaces/lib:/home/mouha/crazyflie/ros2_ws/install/drive_base_msgs/lib:/home/mouha/crazyflie/ros2_ws/install/micro_ros_agent/lib:/home/mouha/crazyflie/ros2_ws/install/micro_ros_msgs/lib:/opt/ros/jazzy/opt/gz_sim_vendor/lib:/opt/ros/jazzy/opt/gz_sensors_vendor/lib:/opt/ros/jazzy/opt/gz_physics_vendor/lib:/opt/ros/jazzy/opt/sdformat_vendor/lib:/opt/ros/jazzy/opt/rviz_ogre_vendor/lib:/opt/ros/jazzy/lib/x86_64-linux-gnu:/opt/ros/jazzy/opt/gz_gui_vendor/lib:/opt/ros/jazzy/opt/gz_transport_vendor/lib:/opt/ros/jazzy/opt/gz_rendering_vendor/lib:/opt/ros/jazzy/opt/gz_plugin_vendor/lib:/opt/ros/jazzy/opt/gz_fuel_tools_vendor/lib:/opt/ros/jazzy/opt/gz_msgs_vendor/lib:/opt/ros/jazzy/opt/gz_common_vendor/lib:/opt/ros/jazzy/opt/gz_math_vendor/lib:/opt/ros/jazzy/opt/gz_utils_vendor/lib:/opt/ros/jazzy/opt/gz_tools_vendor/lib:/opt/ros/jazzy/opt/gz_ogre_next_vendor/lib:/opt/ros/jazzy/opt/gz_dartsim_vendor/lib:/opt/ros/jazzy/opt/gz_cmake_vendor/lib:/opt/ros/jazzy/lib PYTHONPATH=/home/mouha/crazyflie/ros2_ws/install/crazyflie_interfaces/lib/python3.12/site-packages:/home/mouha/crazyflie/ros2_ws/install/drive_base_msgs/lib/python3.12/site-packages:/home/mouha/crazyflie/ros2_ws/install/micro_ros_msgs/lib/python3.12/site-packages:/home/mouha/crazyflie/ros2_ws/install/crazyflie_sim/lib/python3.12/site-packages:/home/mouha/crazyflie/ros2_ws/build/crazyflie_server_py:/home/mouha/crazyflie/ros2_ws/install/crazyflie_server_py/lib/python3.12/site-packages:/home/mouha/crazyflie/ros2_ws/install/crazyflie_examples/lib/python3.12/site-packages:/home/mouha/crazyflie/ros2_ws/build/cf_led_mission:/home/mouha/crazyflie/ros2_ws/install/cf_led_mission/lib/python3.12/site-packages:/home/mouha/crazyflie/ros2_ws/build/crazyflie_py:/home/mouha/crazyflie/ros2_ws/install/crazyflie_py/lib/python3.12/site-packages:/home/mouha/ros2_ws/build/my_py_pkg:/home/mouha/ros2_ws/install/my_py_pkg/lib/python3.12/site-packages:/opt/ros/jazzy/lib/python3.12/site-packages /usr/bin/cmake --install /home/mouha/crazyflie/ros2_ws/build/crazyflie_sim
[2.308s] Level 1:colcon.colcon_core.environment:create_environment_scripts_only(crazyflie_sim)
[2.308s] Level 1:colcon.colcon_core.environment:checking '/home/mouha/crazyflie/ros2_ws/install/crazyflie_sim' for CMake module files
[2.309s] DEBUG:colcon.colcon_core.event_handler.log_command:Invoked command in '/home/mouha/crazyflie/ros2_ws/build/crazyflie_sim' returned '0': CMAKE_PREFIX_PATH=/home/mouha/crazyflie/ros2_ws/install/crazyflie_interfaces:/home/mouha/crazyflie/ros2_ws/install/drive_base_msgs:/home/mouha/crazyflie/ros2_ws/install/micro_ros_setup:/home/mouha/crazyflie/ros2_ws/install/micro_ros_agent:/home/mouha/crazyflie/ros2_ws/install/micro_ros_msgs:/home/mouha/crazyflie/ros2_ws/install/crazyflie_sim:/home/mouha/crazyflie/ros2_ws/install/crazyflie_examples:/home/mouha/crazyflie/ros2_ws/install/crazyflie:/home/mouha/crazyflie/ros2_ws/install/crazyflie_description:/home/mouha/ros2_ws/install/my_cpp_pkg:/opt/ros/jazzy/opt/gz_sim_vendor:/opt/ros/jazzy/opt/gz_sensors_vendor:/opt/ros/jazzy/opt/gz_physics_vendor:/opt/ros/jazzy/opt/sdformat_vendor:/opt/ros/jazzy/opt/gz_gui_vendor:/opt/ros/jazzy/opt/gz_transport_vendor:/opt/ros/jazzy/opt/gz_rendering_vendor:/opt/ros/jazzy/opt/gz_plugin_vendor:/opt/ros/jazzy/opt/gz_fuel_tools_vendor:/opt/ros/jazzy/opt/gz_msgs_vendor:/opt/ros/jazzy/opt/gz_common_vendor:/opt/ros/jazzy/opt/gz_math_vendor:/opt/ros/jazzy/opt/gz_utils_vendor:/opt/ros/jazzy/opt/gz_tools_vendor:/opt/ros/jazzy/opt/gz_ogre_next_vendor:/opt/ros/jazzy/opt/gz_dartsim_vendor:/opt/ros/jazzy/opt/gz_cmake_vendor:/home/mouha/crazyflie/ros2_ws/install/crazyflie_server_py:/home/mouha/crazyflie/ros2_ws/install/cf_led_mission:/home/mouha/crazyflie/ros2_ws/install/crazyflie_py:/home/mouha/ros2_ws/install/my_py_pkg:/opt/ros/jazzy DEBUGINFOD_URLS=https://debuginfod.ubuntu.com LD_LIBRARY_PATH=/home/mouha/crazyflie/ros2_ws/install/crazyflie_interfaces/lib:/home/mouha/crazyflie/ros2_ws/install/drive_base_msgs/lib:/home/mouha/crazyflie/ros2_ws/install/micro_ros_agent/lib:/home/mouha/crazyflie/ros2_ws/install/micro_ros_msgs/lib:/opt/ros/jazzy/opt/gz_sim_vendor/lib:/opt/ros/jazzy/opt/gz_sensors_vendor/lib:/opt/ros/jazzy/opt/gz_physics_vendor/lib:/opt/ros/jazzy/opt/sdformat_vendor/lib:/opt/ros/jazzy/opt/rviz_ogre_vendor/lib:/opt/ros/jazzy/lib/x86_64-linux-gnu:/opt/ros/jazzy/opt/gz_gui_vendor/lib:/opt/ros/jazzy/opt/gz_transport_vendor/lib:/opt/ros/jazzy/opt/gz_rendering_vendor/lib:/opt/ros/jazzy/opt/gz_plugin_vendor/lib:/opt/ros/jazzy/opt/gz_fuel_tools_vendor/lib:/opt/ros/jazzy/opt/gz_msgs_vendor/lib:/opt/ros/jazzy/opt/gz_common_vendor/lib:/opt/ros/jazzy/opt/gz_math_vendor/lib:/opt/ros/jazzy/opt/gz_utils_vendor/lib:/opt/ros/jazzy/opt/gz_tools_vendor/lib:/opt/ros/jazzy/opt/gz_ogre_next_vendor/lib:/opt/ros/jazzy/opt/gz_dartsim_vendor/lib:/opt/ros/jazzy/opt/gz_cmake_vendor/lib:/opt/ros/jazzy/lib PYTHONPATH=/home/mouha/crazyflie/ros2_ws/install/crazyflie_interfaces/lib/python3.12/site-packages:/home/mouha/crazyflie/ros2_ws/install/drive_base_msgs/lib/python3.12/site-packages:/home/mouha/crazyflie/ros2_ws/install/micro_ros_msgs/lib/python3.12/site-packages:/home/mouha/crazyflie/ros2_ws/install/crazyflie_sim/lib/python3.12/site-packages:/home/mouha/crazyflie/ros2_ws/build/crazyflie_server_py:/home/mouha/crazyflie/ros2_ws/install/crazyflie_server_py/lib/python3.12/site-packages:/home/mouha/crazyflie/ros2_ws/install/crazyflie_examples/lib/python3.12/site-packages:/home/mouha/crazyflie/ros2_ws/build/cf_led_mission:/home/mouha/crazyflie/ros2_ws/install/cf_led_mission/lib/python3.12/site-packages:/home/mouha/crazyflie/ros2_ws/build/crazyflie_py:/home/mouha/crazyflie/ros2_ws/install/crazyflie_py/lib/python3.12/site-packages:/home/mouha/ros2_ws/build/my_py_pkg:/home/mouha/ros2_ws/install/my_py_pkg/lib/python3.12/site-packages:/opt/ros/jazzy/lib/python3.12/site-packages /usr/bin/cmake --install /home/mouha/crazyflie/ros2_ws/build/crazyflie_sim
[2.309s] Level 1:colcon.colcon_core.environment:checking '/home/mouha/crazyflie/ros2_ws/install/crazyflie_sim' for CMake config files
[2.309s] Level 1:colcon.colcon_core.shell:create_environment_hook('crazyflie_sim', 'cmake_prefix_path')
[2.309s] INFO:colcon.colcon_core.shell:Creating environment hook '/home/mouha/crazyflie/ros2_ws/install/crazyflie_sim/share/crazyflie_sim/hook/cmake_prefix_path.ps1'
[2.309s] INFO:colcon.colcon_core.shell:Creating environment descriptor '/home/mouha/crazyflie/ros2_ws/install/crazyflie_sim/share/crazyflie_sim/hook/cmake_prefix_path.dsv'
[2.310s] INFO:colcon.colcon_core.shell:Creating environment hook '/home/mouha/crazyflie/ros2_ws/install/crazyflie_sim/share/crazyflie_sim/hook/cmake_prefix_path.sh'
[2.310s] Level 1:colcon.colcon_core.environment:checking '/home/mouha/crazyflie/ros2_ws/install/crazyflie_sim/lib'
[2.310s] Level 1:colcon.colcon_core.environment:checking '/home/mouha/crazyflie/ros2_ws/install/crazyflie_sim/bin'
[2.310s] Level 1:colcon.colcon_core.environment:checking '/home/mouha/crazyflie/ros2_ws/install/crazyflie_sim/lib/pkgconfig/crazyflie_sim.pc'
[2.311s] Level 1:colcon.colcon_core.environment:checking '/home/mouha/crazyflie/ros2_ws/install/crazyflie_sim/lib/python3.12/site-packages'
[2.311s] Level 1:colcon.colcon_core.shell:create_environment_hook('crazyflie_sim', 'pythonpath')
[2.311s] INFO:colcon.colcon_core.shell:Creating environment hook '/home/mouha/crazyflie/ros2_ws/install/crazyflie_sim/share/crazyflie_sim/hook/pythonpath.ps1'
[2.311s] INFO:colcon.colcon_core.shell:Creating environment descriptor '/home/mouha/crazyflie/ros2_ws/install/crazyflie_sim/share/crazyflie_sim/hook/pythonpath.dsv'
[2.311s] INFO:colcon.colcon_core.shell:Creating environment hook '/home/mouha/crazyflie/ros2_ws/install/crazyflie_sim/share/crazyflie_sim/hook/pythonpath.sh'
[2.312s] Level 1:colcon.colcon_core.environment:checking '/home/mouha/crazyflie/ros2_ws/install/crazyflie_sim/bin'
[2.312s] INFO:colcon.colcon_core.shell:Creating package script '/home/mouha/crazyflie/ros2_ws/install/crazyflie_sim/share/crazyflie_sim/package.ps1'
[2.313s] INFO:colcon.colcon_core.shell:Creating package descriptor '/home/mouha/crazyflie/ros2_ws/install/crazyflie_sim/share/crazyflie_sim/package.dsv'
[2.313s] INFO:colcon.colcon_core.shell:Creating package script '/home/mouha/crazyflie/ros2_ws/install/crazyflie_sim/share/crazyflie_sim/package.sh'
[2.314s] INFO:colcon.colcon_core.shell:Creating package script '/home/mouha/crazyflie/ros2_ws/install/crazyflie_sim/share/crazyflie_sim/package.bash'
[2.314s] INFO:colcon.colcon_core.shell:Creating package script '/home/mouha/crazyflie/ros2_ws/install/crazyflie_sim/share/crazyflie_sim/package.zsh'
[2.314s] Level 1:colcon.colcon_core.environment:create_file_with_runtime_dependencies(/home/mouha/crazyflie/ros2_ws/install/crazyflie_sim/share/colcon-core/packages/crazyflie_sim)
[2.315s] Level 1:colcon.colcon_core.environment:create_environment_scripts_only(crazyflie_sim)
[2.315s] Level 1:colcon.colcon_core.environment:checking '/home/mouha/crazyflie/ros2_ws/install/crazyflie_sim' for CMake module files
[2.315s] Level 1:colcon.colcon_core.environment:checking '/home/mouha/crazyflie/ros2_ws/install/crazyflie_sim' for CMake config files
[2.315s] Level 1:colcon.colcon_core.shell:create_environment_hook('crazyflie_sim', 'cmake_prefix_path')
[2.315s] INFO:colcon.colcon_core.shell:Creating environment hook '/home/mouha/crazyflie/ros2_ws/install/crazyflie_sim/share/crazyflie_sim/hook/cmake_prefix_path.ps1'
[2.316s] INFO:colcon.colcon_core.shell:Creating environment descriptor '/home/mouha/crazyflie/ros2_ws/install/crazyflie_sim/share/crazyflie_sim/hook/cmake_prefix_path.dsv'
[2.316s] INFO:colcon.colcon_core.shell:Creating environment hook '/home/mouha/crazyflie/ros2_ws/install/crazyflie_sim/share/crazyflie_sim/hook/cmake_prefix_path.sh'
[2.316s] Level 1:colcon.colcon_core.environment:checking '/home/mouha/crazyflie/ros2_ws/install/crazyflie_sim/lib'
[2.316s] Level 1:colcon.colcon_core.environment:checking '/home/mouha/crazyflie/ros2_ws/install/crazyflie_sim/bin'
[2.316s] Level 1:colcon.colcon_core.environment:checking '/home/mouha/crazyflie/ros2_ws/install/crazyflie_sim/lib/pkgconfig/crazyflie_sim.pc'
[2.317s] Level 1:colcon.colcon_core.environment:checking '/home/mouha/crazyflie/ros2_ws/install/crazyflie_sim/lib/python3.12/site-packages'
[2.317s] Level 1:colcon.colcon_core.shell:create_environment_hook('crazyflie_sim', 'pythonpath')
[2.317s] INFO:colcon.colcon_core.shell:Creating environment hook '/home/mouha/crazyflie/ros2_ws/install/crazyflie_sim/share/crazyflie_sim/hook/pythonpath.ps1'
[2.317s] INFO:colcon.colcon_core.shell:Creating environment descriptor '/home/mouha/crazyflie/ros2_ws/install/crazyflie_sim/share/crazyflie_sim/hook/pythonpath.dsv'
[2.317s] INFO:colcon.colcon_core.shell:Creating environment hook '/home/mouha/crazyflie/ros2_ws/install/crazyflie_sim/share/crazyflie_sim/hook/pythonpath.sh'
[2.318s] Level 1:colcon.colcon_core.environment:checking '/home/mouha/crazyflie/ros2_ws/install/crazyflie_sim/bin'
[2.318s] INFO:colcon.colcon_core.shell:Creating package script '/home/mouha/crazyflie/ros2_ws/install/crazyflie_sim/share/crazyflie_sim/package.ps1'
[2.319s] INFO:colcon.colcon_core.shell:Creating package descriptor '/home/mouha/crazyflie/ros2_ws/install/crazyflie_sim/share/crazyflie_sim/package.dsv'
[2.319s] INFO:colcon.colcon_core.shell:Creating package script '/home/mouha/crazyflie/ros2_ws/install/crazyflie_sim/share/crazyflie_sim/package.sh'
[2.319s] INFO:colcon.colcon_core.shell:Creating package script '/home/mouha/crazyflie/ros2_ws/install/crazyflie_sim/share/crazyflie_sim/package.bash'
[2.320s] INFO:colcon.colcon_core.shell:Creating package script '/home/mouha/crazyflie/ros2_ws/install/crazyflie_sim/share/crazyflie_sim/package.zsh'
[2.320s] Level 1:colcon.colcon_core.environment:create_file_with_runtime_dependencies(/home/mouha/crazyflie/ros2_ws/install/crazyflie_sim/share/colcon-core/packages/crazyflie_sim)
[2.620s] DEBUG:colcon.colcon_core.event_handler.log_command:Invoked command in '/home/mouha/crazyflie/ros2_ws/build/micro_ros_agent' returned '0': CMAKE_PREFIX_PATH=/home/mouha/crazyflie/ros2_ws/install/micro_ros_msgs:/home/mouha/crazyflie/ros2_ws/install/drive_base_msgs:/home/mouha/crazyflie/ros2_ws/install/micro_ros_setup:/home/mouha/crazyflie/ros2_ws/install/micro_ros_agent:/home/mouha/crazyflie/ros2_ws/install/crazyflie_sim:/home/mouha/crazyflie/ros2_ws/install/crazyflie_examples:/home/mouha/crazyflie/ros2_ws/install/crazyflie:/home/mouha/crazyflie/ros2_ws/install/crazyflie_interfaces:/home/mouha/crazyflie/ros2_ws/install/crazyflie_description:/home/mouha/ros2_ws/install/my_cpp_pkg:/opt/ros/jazzy/opt/gz_sim_vendor:/opt/ros/jazzy/opt/gz_sensors_vendor:/opt/ros/jazzy/opt/gz_physics_vendor:/opt/ros/jazzy/opt/sdformat_vendor:/opt/ros/jazzy/opt/gz_gui_vendor:/opt/ros/jazzy/opt/gz_transport_vendor:/opt/ros/jazzy/opt/gz_rendering_vendor:/opt/ros/jazzy/opt/gz_plugin_vendor:/opt/ros/jazzy/opt/gz_fuel_tools_vendor:/opt/ros/jazzy/opt/gz_msgs_vendor:/opt/ros/jazzy/opt/gz_common_vendor:/opt/ros/jazzy/opt/gz_math_vendor:/opt/ros/jazzy/opt/gz_utils_vendor:/opt/ros/jazzy/opt/gz_tools_vendor:/opt/ros/jazzy/opt/gz_ogre_next_vendor:/opt/ros/jazzy/opt/gz_dartsim_vendor:/opt/ros/jazzy/opt/gz_cmake_vendor:/home/mouha/crazyflie/ros2_ws/install/crazyflie_server_py:/home/mouha/crazyflie/ros2_ws/install/cf_led_mission:/home/mouha/crazyflie/ros2_ws/install/crazyflie_py:/home/mouha/ros2_ws/install/my_py_pkg:/opt/ros/jazzy DEBUGINFOD_URLS=https://debuginfod.ubuntu.com LD_LIBRARY_PATH=/home/mouha/crazyflie/ros2_ws/install/micro_ros_msgs/lib:/home/mouha/crazyflie/ros2_ws/install/drive_base_msgs/lib:/home/mouha/crazyflie/ros2_ws/install/micro_ros_agent/lib:/home/mouha/crazyflie/ros2_ws/install/crazyflie_interfaces/lib:/opt/ros/jazzy/opt/gz_sim_vendor/lib:/opt/ros/jazzy/opt/gz_sensors_vendor/lib:/opt/ros/jazzy/opt/gz_physics_vendor/lib:/opt/ros/jazzy/opt/sdformat_vendor/lib:/opt/ros/jazzy/opt/rviz_ogre_vendor/lib:/opt/ros/jazzy/lib/x86_64-linux-gnu:/opt/ros/jazzy/opt/gz_gui_vendor/lib:/opt/ros/jazzy/opt/gz_transport_vendor/lib:/opt/ros/jazzy/opt/gz_rendering_vendor/lib:/opt/ros/jazzy/opt/gz_plugin_vendor/lib:/opt/ros/jazzy/opt/gz_fuel_tools_vendor/lib:/opt/ros/jazzy/opt/gz_msgs_vendor/lib:/opt/ros/jazzy/opt/gz_common_vendor/lib:/opt/ros/jazzy/opt/gz_math_vendor/lib:/opt/ros/jazzy/opt/gz_utils_vendor/lib:/opt/ros/jazzy/opt/gz_tools_vendor/lib:/opt/ros/jazzy/opt/gz_ogre_next_vendor/lib:/opt/ros/jazzy/opt/gz_dartsim_vendor/lib:/opt/ros/jazzy/opt/gz_cmake_vendor/lib:/opt/ros/jazzy/lib PYTHONPATH=/home/mouha/crazyflie/ros2_ws/install/micro_ros_msgs/lib/python3.12/site-packages:/home/mouha/crazyflie/ros2_ws/install/drive_base_msgs/lib/python3.12/site-packages:/home/mouha/crazyflie/ros2_ws/install/crazyflie_sim/lib/python3.12/site-packages:/home/mouha/crazyflie/ros2_ws/build/crazyflie_server_py:/home/mouha/crazyflie/ros2_ws/install/crazyflie_server_py/lib/python3.12/site-packages:/home/mouha/crazyflie/ros2_ws/install/crazyflie_examples/lib/python3.12/site-packages:/home/mouha/crazyflie/ros2_ws/build/cf_led_mission:/home/mouha/crazyflie/ros2_ws/install/cf_led_mission/lib/python3.12/site-packages:/home/mouha/crazyflie/ros2_ws/build/crazyflie_py:/home/mouha/crazyflie/ros2_ws/install/crazyflie_py/lib/python3.12/site-packages:/home/mouha/crazyflie/ros2_ws/install/crazyflie_interfaces/lib/python3.12/site-packages:/home/mouha/ros2_ws/build/my_py_pkg:/home/mouha/ros2_ws/install/my_py_pkg/lib/python3.12/site-packages:/opt/ros/jazzy/lib/python3.12/site-packages /usr/bin/cmake /home/mouha/crazyflie/ros2_ws/src/uros/micro-ROS-Agent/micro_ros_agent -DAMENT_CMAKE_SYMLINK_INSTALL=1 -DCMAKE_INSTALL_PREFIX=/home/mouha/crazyflie/ros2_ws/install/micro_ros_agent
[2.620s] DEBUG:colcon.colcon_core.event_handler.log_command:Invoking command in '/home/mouha/crazyflie/ros2_ws/build/micro_ros_agent': CMAKE_PREFIX_PATH=/home/mouha/crazyflie/ros2_ws/install/micro_ros_msgs:/home/mouha/crazyflie/ros2_ws/install/drive_base_msgs:/home/mouha/crazyflie/ros2_ws/install/micro_ros_setup:/home/mouha/crazyflie/ros2_ws/install/micro_ros_agent:/home/mouha/crazyflie/ros2_ws/install/crazyflie_sim:/home/mouha/crazyflie/ros2_ws/install/crazyflie_examples:/home/mouha/crazyflie/ros2_ws/install/crazyflie:/home/mouha/crazyflie/ros2_ws/install/crazyflie_interfaces:/home/mouha/crazyflie/ros2_ws/install/crazyflie_description:/home/mouha/ros2_ws/install/my_cpp_pkg:/opt/ros/jazzy/opt/gz_sim_vendor:/opt/ros/jazzy/opt/gz_sensors_vendor:/opt/ros/jazzy/opt/gz_physics_vendor:/opt/ros/jazzy/opt/sdformat_vendor:/opt/ros/jazzy/opt/gz_gui_vendor:/opt/ros/jazzy/opt/gz_transport_vendor:/opt/ros/jazzy/opt/gz_rendering_vendor:/opt/ros/jazzy/opt/gz_plugin_vendor:/opt/ros/jazzy/opt/gz_fuel_tools_vendor:/opt/ros/jazzy/opt/gz_msgs_vendor:/opt/ros/jazzy/opt/gz_common_vendor:/opt/ros/jazzy/opt/gz_math_vendor:/opt/ros/jazzy/opt/gz_utils_vendor:/opt/ros/jazzy/opt/gz_tools_vendor:/opt/ros/jazzy/opt/gz_ogre_next_vendor:/opt/ros/jazzy/opt/gz_dartsim_vendor:/opt/ros/jazzy/opt/gz_cmake_vendor:/home/mouha/crazyflie/ros2_ws/install/crazyflie_server_py:/home/mouha/crazyflie/ros2_ws/install/cf_led_mission:/home/mouha/crazyflie/ros2_ws/install/crazyflie_py:/home/mouha/ros2_ws/install/my_py_pkg:/opt/ros/jazzy DEBUGINFOD_URLS=https://debuginfod.ubuntu.com LD_LIBRARY_PATH=/home/mouha/crazyflie/ros2_ws/install/micro_ros_msgs/lib:/home/mouha/crazyflie/ros2_ws/install/drive_base_msgs/lib:/home/mouha/crazyflie/ros2_ws/install/micro_ros_agent/lib:/home/mouha/crazyflie/ros2_ws/install/crazyflie_interfaces/lib:/opt/ros/jazzy/opt/gz_sim_vendor/lib:/opt/ros/jazzy/opt/gz_sensors_vendor/lib:/opt/ros/jazzy/opt/gz_physics_vendor/lib:/opt/ros/jazzy/opt/sdformat_vendor/lib:/opt/ros/jazzy/opt/rviz_ogre_vendor/lib:/opt/ros/jazzy/lib/x86_64-linux-gnu:/opt/ros/jazzy/opt/gz_gui_vendor/lib:/opt/ros/jazzy/opt/gz_transport_vendor/lib:/opt/ros/jazzy/opt/gz_rendering_vendor/lib:/opt/ros/jazzy/opt/gz_plugin_vendor/lib:/opt/ros/jazzy/opt/gz_fuel_tools_vendor/lib:/opt/ros/jazzy/opt/gz_msgs_vendor/lib:/opt/ros/jazzy/opt/gz_common_vendor/lib:/opt/ros/jazzy/opt/gz_math_vendor/lib:/opt/ros/jazzy/opt/gz_utils_vendor/lib:/opt/ros/jazzy/opt/gz_tools_vendor/lib:/opt/ros/jazzy/opt/gz_ogre_next_vendor/lib:/opt/ros/jazzy/opt/gz_dartsim_vendor/lib:/opt/ros/jazzy/opt/gz_cmake_vendor/lib:/opt/ros/jazzy/lib PYTHONPATH=/home/mouha/crazyflie/ros2_ws/install/micro_ros_msgs/lib/python3.12/site-packages:/home/mouha/crazyflie/ros2_ws/install/drive_base_msgs/lib/python3.12/site-packages:/home/mouha/crazyflie/ros2_ws/install/crazyflie_sim/lib/python3.12/site-packages:/home/mouha/crazyflie/ros2_ws/build/crazyflie_server_py:/home/mouha/crazyflie/ros2_ws/install/crazyflie_server_py/lib/python3.12/site-packages:/home/mouha/crazyflie/ros2_ws/install/crazyflie_examples/lib/python3.12/site-packages:/home/mouha/crazyflie/ros2_ws/build/cf_led_mission:/home/mouha/crazyflie/ros2_ws/install/cf_led_mission/lib/python3.12/site-packages:/home/mouha/crazyflie/ros2_ws/build/crazyflie_py:/home/mouha/crazyflie/ros2_ws/install/crazyflie_py/lib/python3.12/site-packages:/home/mouha/crazyflie/ros2_ws/install/crazyflie_interfaces/lib/python3.12/site-packages:/home/mouha/ros2_ws/build/my_py_pkg:/home/mouha/ros2_ws/install/my_py_pkg/lib/python3.12/site-packages:/opt/ros/jazzy/lib/python3.12/site-packages /usr/bin/cmake --build /home/mouha/crazyflie/ros2_ws/build/micro_ros_agent -- -j12 -l12
[2.681s] DEBUG:colcon.colcon_core.event_handler.log_command:Invoked command in '/home/mouha/crazyflie/ros2_ws/build/micro_ros_agent' returned '0': CMAKE_PREFIX_PATH=/home/mouha/crazyflie/ros2_ws/install/micro_ros_msgs:/home/mouha/crazyflie/ros2_ws/install/drive_base_msgs:/home/mouha/crazyflie/ros2_ws/install/micro_ros_setup:/home/mouha/crazyflie/ros2_ws/install/micro_ros_agent:/home/mouha/crazyflie/ros2_ws/install/crazyflie_sim:/home/mouha/crazyflie/ros2_ws/install/crazyflie_examples:/home/mouha/crazyflie/ros2_ws/install/crazyflie:/home/mouha/crazyflie/ros2_ws/install/crazyflie_interfaces:/home/mouha/crazyflie/ros2_ws/install/crazyflie_description:/home/mouha/ros2_ws/install/my_cpp_pkg:/opt/ros/jazzy/opt/gz_sim_vendor:/opt/ros/jazzy/opt/gz_sensors_vendor:/opt/ros/jazzy/opt/gz_physics_vendor:/opt/ros/jazzy/opt/sdformat_vendor:/opt/ros/jazzy/opt/gz_gui_vendor:/opt/ros/jazzy/opt/gz_transport_vendor:/opt/ros/jazzy/opt/gz_rendering_vendor:/opt/ros/jazzy/opt/gz_plugin_vendor:/opt/ros/jazzy/opt/gz_fuel_tools_vendor:/opt/ros/jazzy/opt/gz_msgs_vendor:/opt/ros/jazzy/opt/gz_common_vendor:/opt/ros/jazzy/opt/gz_math_vendor:/opt/ros/jazzy/opt/gz_utils_vendor:/opt/ros/jazzy/opt/gz_tools_vendor:/opt/ros/jazzy/opt/gz_ogre_next_vendor:/opt/ros/jazzy/opt/gz_dartsim_vendor:/opt/ros/jazzy/opt/gz_cmake_vendor:/home/mouha/crazyflie/ros2_ws/install/crazyflie_server_py:/home/mouha/crazyflie/ros2_ws/install/cf_led_mission:/home/mouha/crazyflie/ros2_ws/install/crazyflie_py:/home/mouha/ros2_ws/install/my_py_pkg:/opt/ros/jazzy DEBUGINFOD_URLS=https://debuginfod.ubuntu.com LD_LIBRARY_PATH=/home/mouha/crazyflie/ros2_ws/install/micro_ros_msgs/lib:/home/mouha/crazyflie/ros2_ws/install/drive_base_msgs/lib:/home/mouha/crazyflie/ros2_ws/install/micro_ros_agent/lib:/home/mouha/crazyflie/ros2_ws/install/crazyflie_interfaces/lib:/opt/ros/jazzy/opt/gz_sim_vendor/lib:/opt/ros/jazzy/opt/gz_sensors_vendor/lib:/opt/ros/jazzy/opt/gz_physics_vendor/lib:/opt/ros/jazzy/opt/sdformat_vendor/lib:/opt/ros/jazzy/opt/rviz_ogre_vendor/lib:/opt/ros/jazzy/lib/x86_64-linux-gnu:/opt/ros/jazzy/opt/gz_gui_vendor/lib:/opt/ros/jazzy/opt/gz_transport_vendor/lib:/opt/ros/jazzy/opt/gz_rendering_vendor/lib:/opt/ros/jazzy/opt/gz_plugin_vendor/lib:/opt/ros/jazzy/opt/gz_fuel_tools_vendor/lib:/opt/ros/jazzy/opt/gz_msgs_vendor/lib:/opt/ros/jazzy/opt/gz_common_vendor/lib:/opt/ros/jazzy/opt/gz_math_vendor/lib:/opt/ros/jazzy/opt/gz_utils_vendor/lib:/opt/ros/jazzy/opt/gz_tools_vendor/lib:/opt/ros/jazzy/opt/gz_ogre_next_vendor/lib:/opt/ros/jazzy/opt/gz_dartsim_vendor/lib:/opt/ros/jazzy/opt/gz_cmake_vendor/lib:/opt/ros/jazzy/lib PYTHONPATH=/home/mouha/crazyflie/ros2_ws/install/micro_ros_msgs/lib/python3.12/site-packages:/home/mouha/crazyflie/ros2_ws/install/drive_base_msgs/lib/python3.12/site-packages:/home/mouha/crazyflie/ros2_ws/install/crazyflie_sim/lib/python3.12/site-packages:/home/mouha/crazyflie/ros2_ws/build/crazyflie_server_py:/home/mouha/crazyflie/ros2_ws/install/crazyflie_server_py/lib/python3.12/site-packages:/home/mouha/crazyflie/ros2_ws/install/crazyflie_examples/lib/python3.12/site-packages:/home/mouha/crazyflie/ros2_ws/build/cf_led_mission:/home/mouha/crazyflie/ros2_ws/install/cf_led_mission/lib/python3.12/site-packages:/home/mouha/crazyflie/ros2_ws/build/crazyflie_py:/home/mouha/crazyflie/ros2_ws/install/crazyflie_py/lib/python3.12/site-packages:/home/mouha/crazyflie/ros2_ws/install/crazyflie_interfaces/lib/python3.12/site-packages:/home/mouha/ros2_ws/build/my_py_pkg:/home/mouha/ros2_ws/install/my_py_pkg/lib/python3.12/site-packages:/opt/ros/jazzy/lib/python3.12/site-packages /usr/bin/cmake --build /home/mouha/crazyflie/ros2_ws/build/micro_ros_agent -- -j12 -l12
[2.682s] DEBUG:colcon.colcon_core.event_handler.log_command:Invoking command in '/home/mouha/crazyflie/ros2_ws/build/micro_ros_agent': CMAKE_PREFIX_PATH=/home/mouha/crazyflie/ros2_ws/install/micro_ros_msgs:/home/mouha/crazyflie/ros2_ws/install/drive_base_msgs:/home/mouha/crazyflie/ros2_ws/install/micro_ros_setup:/home/mouha/crazyflie/ros2_ws/install/micro_ros_agent:/home/mouha/crazyflie/ros2_ws/install/crazyflie_sim:/home/mouha/crazyflie/ros2_ws/install/crazyflie_examples:/home/mouha/crazyflie/ros2_ws/install/crazyflie:/home/mouha/crazyflie/ros2_ws/install/crazyflie_interfaces:/home/mouha/crazyflie/ros2_ws/install/crazyflie_description:/home/mouha/ros2_ws/install/my_cpp_pkg:/opt/ros/jazzy/opt/gz_sim_vendor:/opt/ros/jazzy/opt/gz_sensors_vendor:/opt/ros/jazzy/opt/gz_physics_vendor:/opt/ros/jazzy/opt/sdformat_vendor:/opt/ros/jazzy/opt/gz_gui_vendor:/opt/ros/jazzy/opt/gz_transport_vendor:/opt/ros/jazzy/opt/gz_rendering_vendor:/opt/ros/jazzy/opt/gz_plugin_vendor:/opt/ros/jazzy/opt/gz_fuel_tools_vendor:/opt/ros/jazzy/opt/gz_msgs_vendor:/opt/ros/jazzy/opt/gz_common_vendor:/opt/ros/jazzy/opt/gz_math_vendor:/opt/ros/jazzy/opt/gz_utils_vendor:/opt/ros/jazzy/opt/gz_tools_vendor:/opt/ros/jazzy/opt/gz_ogre_next_vendor:/opt/ros/jazzy/opt/gz_dartsim_vendor:/opt/ros/jazzy/opt/gz_cmake_vendor:/home/mouha/crazyflie/ros2_ws/install/crazyflie_server_py:/home/mouha/crazyflie/ros2_ws/install/cf_led_mission:/home/mouha/crazyflie/ros2_ws/install/crazyflie_py:/home/mouha/ros2_ws/install/my_py_pkg:/opt/ros/jazzy DEBUGINFOD_URLS=https://debuginfod.ubuntu.com LD_LIBRARY_PATH=/home/mouha/crazyflie/ros2_ws/install/micro_ros_msgs/lib:/home/mouha/crazyflie/ros2_ws/install/drive_base_msgs/lib:/home/mouha/crazyflie/ros2_ws/install/micro_ros_agent/lib:/home/mouha/crazyflie/ros2_ws/install/crazyflie_interfaces/lib:/opt/ros/jazzy/opt/gz_sim_vendor/lib:/opt/ros/jazzy/opt/gz_sensors_vendor/lib:/opt/ros/jazzy/opt/gz_physics_vendor/lib:/opt/ros/jazzy/opt/sdformat_vendor/lib:/opt/ros/jazzy/opt/rviz_ogre_vendor/lib:/opt/ros/jazzy/lib/x86_64-linux-gnu:/opt/ros/jazzy/opt/gz_gui_vendor/lib:/opt/ros/jazzy/opt/gz_transport_vendor/lib:/opt/ros/jazzy/opt/gz_rendering_vendor/lib:/opt/ros/jazzy/opt/gz_plugin_vendor/lib:/opt/ros/jazzy/opt/gz_fuel_tools_vendor/lib:/opt/ros/jazzy/opt/gz_msgs_vendor/lib:/opt/ros/jazzy/opt/gz_common_vendor/lib:/opt/ros/jazzy/opt/gz_math_vendor/lib:/opt/ros/jazzy/opt/gz_utils_vendor/lib:/opt/ros/jazzy/opt/gz_tools_vendor/lib:/opt/ros/jazzy/opt/gz_ogre_next_vendor/lib:/opt/ros/jazzy/opt/gz_dartsim_vendor/lib:/opt/ros/jazzy/opt/gz_cmake_vendor/lib:/opt/ros/jazzy/lib PYTHONPATH=/home/mouha/crazyflie/ros2_ws/install/micro_ros_msgs/lib/python3.12/site-packages:/home/mouha/crazyflie/ros2_ws/install/drive_base_msgs/lib/python3.12/site-packages:/home/mouha/crazyflie/ros2_ws/install/crazyflie_sim/lib/python3.12/site-packages:/home/mouha/crazyflie/ros2_ws/build/crazyflie_server_py:/home/mouha/crazyflie/ros2_ws/install/crazyflie_server_py/lib/python3.12/site-packages:/home/mouha/crazyflie/ros2_ws/install/crazyflie_examples/lib/python3.12/site-packages:/home/mouha/crazyflie/ros2_ws/build/cf_led_mission:/home/mouha/crazyflie/ros2_ws/install/cf_led_mission/lib/python3.12/site-packages:/home/mouha/crazyflie/ros2_ws/build/crazyflie_py:/home/mouha/crazyflie/ros2_ws/install/crazyflie_py/lib/python3.12/site-packages:/home/mouha/crazyflie/ros2_ws/install/crazyflie_interfaces/lib/python3.12/site-packages:/home/mouha/ros2_ws/build/my_py_pkg:/home/mouha/ros2_ws/install/my_py_pkg/lib/python3.12/site-packages:/opt/ros/jazzy/lib/python3.12/site-packages /usr/bin/cmake --install /home/mouha/crazyflie/ros2_ws/build/micro_ros_agent
[2.699s] Level 1:colcon.colcon_core.environment:create_environment_scripts_only(micro_ros_agent)
[2.699s] Level 1:colcon.colcon_core.environment:checking '/home/mouha/crazyflie/ros2_ws/install/micro_ros_agent' for CMake module files
[2.700s] DEBUG:colcon.colcon_core.event_handler.log_command:Invoked command in '/home/mouha/crazyflie/ros2_ws/build/micro_ros_agent' returned '0': CMAKE_PREFIX_PATH=/home/mouha/crazyflie/ros2_ws/install/micro_ros_msgs:/home/mouha/crazyflie/ros2_ws/install/drive_base_msgs:/home/mouha/crazyflie/ros2_ws/install/micro_ros_setup:/home/mouha/crazyflie/ros2_ws/install/micro_ros_agent:/home/mouha/crazyflie/ros2_ws/install/crazyflie_sim:/home/mouha/crazyflie/ros2_ws/install/crazyflie_examples:/home/mouha/crazyflie/ros2_ws/install/crazyflie:/home/mouha/crazyflie/ros2_ws/install/crazyflie_interfaces:/home/mouha/crazyflie/ros2_ws/install/crazyflie_description:/home/mouha/ros2_ws/install/my_cpp_pkg:/opt/ros/jazzy/opt/gz_sim_vendor:/opt/ros/jazzy/opt/gz_sensors_vendor:/opt/ros/jazzy/opt/gz_physics_vendor:/opt/ros/jazzy/opt/sdformat_vendor:/opt/ros/jazzy/opt/gz_gui_vendor:/opt/ros/jazzy/opt/gz_transport_vendor:/opt/ros/jazzy/opt/gz_rendering_vendor:/opt/ros/jazzy/opt/gz_plugin_vendor:/opt/ros/jazzy/opt/gz_fuel_tools_vendor:/opt/ros/jazzy/opt/gz_msgs_vendor:/opt/ros/jazzy/opt/gz_common_vendor:/opt/ros/jazzy/opt/gz_math_vendor:/opt/ros/jazzy/opt/gz_utils_vendor:/opt/ros/jazzy/opt/gz_tools_vendor:/opt/ros/jazzy/opt/gz_ogre_next_vendor:/opt/ros/jazzy/opt/gz_dartsim_vendor:/opt/ros/jazzy/opt/gz_cmake_vendor:/home/mouha/crazyflie/ros2_ws/install/crazyflie_server_py:/home/mouha/crazyflie/ros2_ws/install/cf_led_mission:/home/mouha/crazyflie/ros2_ws/install/crazyflie_py:/home/mouha/ros2_ws/install/my_py_pkg:/opt/ros/jazzy DEBUGINFOD_URLS=https://debuginfod.ubuntu.com LD_LIBRARY_PATH=/home/mouha/crazyflie/ros2_ws/install/micro_ros_msgs/lib:/home/mouha/crazyflie/ros2_ws/install/drive_base_msgs/lib:/home/mouha/crazyflie/ros2_ws/install/micro_ros_agent/lib:/home/mouha/crazyflie/ros2_ws/install/crazyflie_interfaces/lib:/opt/ros/jazzy/opt/gz_sim_vendor/lib:/opt/ros/jazzy/opt/gz_sensors_vendor/lib:/opt/ros/jazzy/opt/gz_physics_vendor/lib:/opt/ros/jazzy/opt/sdformat_vendor/lib:/opt/ros/jazzy/opt/rviz_ogre_vendor/lib:/opt/ros/jazzy/lib/x86_64-linux-gnu:/opt/ros/jazzy/opt/gz_gui_vendor/lib:/opt/ros/jazzy/opt/gz_transport_vendor/lib:/opt/ros/jazzy/opt/gz_rendering_vendor/lib:/opt/ros/jazzy/opt/gz_plugin_vendor/lib:/opt/ros/jazzy/opt/gz_fuel_tools_vendor/lib:/opt/ros/jazzy/opt/gz_msgs_vendor/lib:/opt/ros/jazzy/opt/gz_common_vendor/lib:/opt/ros/jazzy/opt/gz_math_vendor/lib:/opt/ros/jazzy/opt/gz_utils_vendor/lib:/opt/ros/jazzy/opt/gz_tools_vendor/lib:/opt/ros/jazzy/opt/gz_ogre_next_vendor/lib:/opt/ros/jazzy/opt/gz_dartsim_vendor/lib:/opt/ros/jazzy/opt/gz_cmake_vendor/lib:/opt/ros/jazzy/lib PYTHONPATH=/home/mouha/crazyflie/ros2_ws/install/micro_ros_msgs/lib/python3.12/site-packages:/home/mouha/crazyflie/ros2_ws/install/drive_base_msgs/lib/python3.12/site-packages:/home/mouha/crazyflie/ros2_ws/install/crazyflie_sim/lib/python3.12/site-packages:/home/mouha/crazyflie/ros2_ws/build/crazyflie_server_py:/home/mouha/crazyflie/ros2_ws/install/crazyflie_server_py/lib/python3.12/site-packages:/home/mouha/crazyflie/ros2_ws/install/crazyflie_examples/lib/python3.12/site-packages:/home/mouha/crazyflie/ros2_ws/build/cf_led_mission:/home/mouha/crazyflie/ros2_ws/install/cf_led_mission/lib/python3.12/site-packages:/home/mouha/crazyflie/ros2_ws/build/crazyflie_py:/home/mouha/crazyflie/ros2_ws/install/crazyflie_py/lib/python3.12/site-packages:/home/mouha/crazyflie/ros2_ws/install/crazyflie_interfaces/lib/python3.12/site-packages:/home/mouha/ros2_ws/build/my_py_pkg:/home/mouha/ros2_ws/install/my_py_pkg/lib/python3.12/site-packages:/opt/ros/jazzy/lib/python3.12/site-packages /usr/bin/cmake --install /home/mouha/crazyflie/ros2_ws/build/micro_ros_agent
[2.700s] Level 1:colcon.colcon_core.environment:checking '/home/mouha/crazyflie/ros2_ws/install/micro_ros_agent' for CMake config files
[2.700s] Level 1:colcon.colcon_core.shell:create_environment_hook('micro_ros_agent', 'cmake_prefix_path')
[2.700s] INFO:colcon.colcon_core.shell:Creating environment hook '/home/mouha/crazyflie/ros2_ws/install/micro_ros_agent/share/micro_ros_agent/hook/cmake_prefix_path.ps1'
[2.701s] INFO:colcon.colcon_core.shell:Creating environment descriptor '/home/mouha/crazyflie/ros2_ws/install/micro_ros_agent/share/micro_ros_agent/hook/cmake_prefix_path.dsv'
[2.701s] INFO:colcon.colcon_core.shell:Creating environment hook '/home/mouha/crazyflie/ros2_ws/install/micro_ros_agent/share/micro_ros_agent/hook/cmake_prefix_path.sh'
[2.701s] Level 1:colcon.colcon_core.environment:checking '/home/mouha/crazyflie/ros2_ws/install/micro_ros_agent/lib'
[2.701s] Level 1:colcon.colcon_core.shell:create_environment_hook('micro_ros_agent', 'ld_library_path_lib')
[2.702s] INFO:colcon.colcon_core.shell:Creating environment hook '/home/mouha/crazyflie/ros2_ws/install/micro_ros_agent/share/micro_ros_agent/hook/ld_library_path_lib.ps1'
[2.702s] INFO:colcon.colcon_core.shell:Creating environment descriptor '/home/mouha/crazyflie/ros2_ws/install/micro_ros_agent/share/micro_ros_agent/hook/ld_library_path_lib.dsv'
[2.702s] INFO:colcon.colcon_core.shell:Creating environment hook '/home/mouha/crazyflie/ros2_ws/install/micro_ros_agent/share/micro_ros_agent/hook/ld_library_path_lib.sh'
[2.702s] Level 1:colcon.colcon_core.environment:checking '/home/mouha/crazyflie/ros2_ws/install/micro_ros_agent/bin'
[2.702s] Level 1:colcon.colcon_core.environment:checking '/home/mouha/crazyflie/ros2_ws/install/micro_ros_agent/lib/pkgconfig/micro_ros_agent.pc'
[2.702s] Level 1:colcon.colcon_core.environment:checking '/home/mouha/crazyflie/ros2_ws/install/micro_ros_agent/lib/python3.12/site-packages'
[2.703s] Level 1:colcon.colcon_core.environment:checking '/home/mouha/crazyflie/ros2_ws/install/micro_ros_agent/bin'
[2.703s] INFO:colcon.colcon_core.shell:Creating package script '/home/mouha/crazyflie/ros2_ws/install/micro_ros_agent/share/micro_ros_agent/package.ps1'
[2.703s] INFO:colcon.colcon_core.shell:Creating package descriptor '/home/mouha/crazyflie/ros2_ws/install/micro_ros_agent/share/micro_ros_agent/package.dsv'
[2.703s] INFO:colcon.colcon_core.shell:Creating package script '/home/mouha/crazyflie/ros2_ws/install/micro_ros_agent/share/micro_ros_agent/package.sh'
[2.704s] INFO:colcon.colcon_core.shell:Creating package script '/home/mouha/crazyflie/ros2_ws/install/micro_ros_agent/share/micro_ros_agent/package.bash'
[2.704s] INFO:colcon.colcon_core.shell:Creating package script '/home/mouha/crazyflie/ros2_ws/install/micro_ros_agent/share/micro_ros_agent/package.zsh'
[2.704s] Level 1:colcon.colcon_core.environment:create_file_with_runtime_dependencies(/home/mouha/crazyflie/ros2_ws/install/micro_ros_agent/share/colcon-core/packages/micro_ros_agent)
[2.704s] Level 1:colcon.colcon_core.environment:create_environment_scripts_only(micro_ros_agent)
[2.704s] Level 1:colcon.colcon_core.environment:checking '/home/mouha/crazyflie/ros2_ws/install/micro_ros_agent' for CMake module files
[2.705s] Level 1:colcon.colcon_core.environment:checking '/home/mouha/crazyflie/ros2_ws/install/micro_ros_agent' for CMake config files
[2.705s] Level 1:colcon.colcon_core.shell:create_environment_hook('micro_ros_agent', 'cmake_prefix_path')
[2.705s] INFO:colcon.colcon_core.shell:Creating environment hook '/home/mouha/crazyflie/ros2_ws/install/micro_ros_agent/share/micro_ros_agent/hook/cmake_prefix_path.ps1'
[2.705s] INFO:colcon.colcon_core.shell:Creating environment descriptor '/home/mouha/crazyflie/ros2_ws/install/micro_ros_agent/share/micro_ros_agent/hook/cmake_prefix_path.dsv'
[2.705s] INFO:colcon.colcon_core.shell:Creating environment hook '/home/mouha/crazyflie/ros2_ws/install/micro_ros_agent/share/micro_ros_agent/hook/cmake_prefix_path.sh'
[2.706s] Level 1:colcon.colcon_core.environment:checking '/home/mouha/crazyflie/ros2_ws/install/micro_ros_agent/lib'
[2.706s] Level 1:colcon.colcon_core.shell:create_environment_hook('micro_ros_agent', 'ld_library_path_lib')
[2.706s] INFO:colcon.colcon_core.shell:Creating environment hook '/home/mouha/crazyflie/ros2_ws/install/micro_ros_agent/share/micro_ros_agent/hook/ld_library_path_lib.ps1'
[2.706s] INFO:colcon.colcon_core.shell:Creating environment descriptor '/home/mouha/crazyflie/ros2_ws/install/micro_ros_agent/share/micro_ros_agent/hook/ld_library_path_lib.dsv'
[2.706s] INFO:colcon.colcon_core.shell:Creating environment hook '/home/mouha/crazyflie/ros2_ws/install/micro_ros_agent/share/micro_ros_agent/hook/ld_library_path_lib.sh'
[2.706s] Level 1:colcon.colcon_core.environment:checking '/home/mouha/crazyflie/ros2_ws/install/micro_ros_agent/bin'
[2.707s] Level 1:colcon.colcon_core.environment:checking '/home/mouha/crazyflie/ros2_ws/install/micro_ros_agent/lib/pkgconfig/micro_ros_agent.pc'
[2.707s] Level 1:colcon.colcon_core.environment:checking '/home/mouha/crazyflie/ros2_ws/install/micro_ros_agent/lib/python3.12/site-packages'
[2.707s] Level 1:colcon.colcon_core.environment:checking '/home/mouha/crazyflie/ros2_ws/install/micro_ros_agent/bin'
[2.707s] INFO:colcon.colcon_core.shell:Creating package script '/home/mouha/crazyflie/ros2_ws/install/micro_ros_agent/share/micro_ros_agent/package.ps1'
[2.708s] INFO:colcon.colcon_core.shell:Creating package descriptor '/home/mouha/crazyflie/ros2_ws/install/micro_ros_agent/share/micro_ros_agent/package.dsv'
[2.708s] INFO:colcon.colcon_core.shell:Creating package script '/home/mouha/crazyflie/ros2_ws/install/micro_ros_agent/share/micro_ros_agent/package.sh'
[2.708s] INFO:colcon.colcon_core.shell:Creating package script '/home/mouha/crazyflie/ros2_ws/install/micro_ros_agent/share/micro_ros_agent/package.bash'
[2.708s] INFO:colcon.colcon_core.shell:Creating package script '/home/mouha/crazyflie/ros2_ws/install/micro_ros_agent/share/micro_ros_agent/package.zsh'
[2.709s] Level 1:colcon.colcon_core.environment:create_file_with_runtime_dependencies(/home/mouha/crazyflie/ros2_ws/install/micro_ros_agent/share/colcon-core/packages/micro_ros_agent)
[2.807s] Level 1:colcon.colcon_core.shell:create_environment_hook('crazyflie_py', 'pythonpath_develop')
[2.807s] INFO:colcon.colcon_core.shell:Creating environment hook '/home/mouha/crazyflie/ros2_ws/build/crazyflie_py/share/crazyflie_py/hook/pythonpath_develop.ps1'
[2.808s] DEBUG:colcon.colcon_core.event_handler.log_command:Invoked command in '/home/mouha/crazyflie/ros2_ws/build/crazyflie_py' returned '0': CMAKE_PREFIX_PATH=/home/mouha/crazyflie/ros2_ws/install/crazyflie_interfaces:/home/mouha/crazyflie/ros2_ws/install/drive_base_msgs:/home/mouha/crazyflie/ros2_ws/install/micro_ros_setup:/home/mouha/crazyflie/ros2_ws/install/micro_ros_agent:/home/mouha/crazyflie/ros2_ws/install/micro_ros_msgs:/home/mouha/crazyflie/ros2_ws/install/crazyflie_sim:/home/mouha/crazyflie/ros2_ws/install/crazyflie_examples:/home/mouha/crazyflie/ros2_ws/install/crazyflie:/home/mouha/crazyflie/ros2_ws/install/crazyflie_description:/home/mouha/ros2_ws/install/my_cpp_pkg:/opt/ros/jazzy/opt/gz_sim_vendor:/opt/ros/jazzy/opt/gz_sensors_vendor:/opt/ros/jazzy/opt/gz_physics_vendor:/opt/ros/jazzy/opt/sdformat_vendor:/opt/ros/jazzy/opt/gz_gui_vendor:/opt/ros/jazzy/opt/gz_transport_vendor:/opt/ros/jazzy/opt/gz_rendering_vendor:/opt/ros/jazzy/opt/gz_plugin_vendor:/opt/ros/jazzy/opt/gz_fuel_tools_vendor:/opt/ros/jazzy/opt/gz_msgs_vendor:/opt/ros/jazzy/opt/gz_common_vendor:/opt/ros/jazzy/opt/gz_math_vendor:/opt/ros/jazzy/opt/gz_utils_vendor:/opt/ros/jazzy/opt/gz_tools_vendor:/opt/ros/jazzy/opt/gz_ogre_next_vendor:/opt/ros/jazzy/opt/gz_dartsim_vendor:/opt/ros/jazzy/opt/gz_cmake_vendor DEBUGINFOD_URLS=https://debuginfod.ubuntu.com LD_LIBRARY_PATH=/home/mouha/crazyflie/ros2_ws/install/crazyflie_interfaces/lib:/home/mouha/crazyflie/ros2_ws/install/drive_base_msgs/lib:/home/mouha/crazyflie/ros2_ws/install/micro_ros_agent/lib:/home/mouha/crazyflie/ros2_ws/install/micro_ros_msgs/lib:/opt/ros/jazzy/opt/gz_sim_vendor/lib:/opt/ros/jazzy/opt/gz_sensors_vendor/lib:/opt/ros/jazzy/opt/gz_physics_vendor/lib:/opt/ros/jazzy/opt/sdformat_vendor/lib:/opt/ros/jazzy/opt/rviz_ogre_vendor/lib:/opt/ros/jazzy/lib/x86_64-linux-gnu:/opt/ros/jazzy/opt/gz_gui_vendor/lib:/opt/ros/jazzy/opt/gz_transport_vendor/lib:/opt/ros/jazzy/opt/gz_rendering_vendor/lib:/opt/ros/jazzy/opt/gz_plugin_vendor/lib:/opt/ros/jazzy/opt/gz_fuel_tools_vendor/lib:/opt/ros/jazzy/opt/gz_msgs_vendor/lib:/opt/ros/jazzy/opt/gz_common_vendor/lib:/opt/ros/jazzy/opt/gz_math_vendor/lib:/opt/ros/jazzy/opt/gz_utils_vendor/lib:/opt/ros/jazzy/opt/gz_tools_vendor/lib:/opt/ros/jazzy/opt/gz_ogre_next_vendor/lib:/opt/ros/jazzy/opt/gz_dartsim_vendor/lib:/opt/ros/jazzy/opt/gz_cmake_vendor/lib:/opt/ros/jazzy/lib PYTHONPATH=/home/mouha/crazyflie/ros2_ws/build/crazyflie_py/prefix_override:/usr/lib/python3/dist-packages/colcon_core/task/python/colcon_distutils_commands:/home/mouha/crazyflie/ros2_ws/install/crazyflie_py/lib/python3.12/site-packages:/home/mouha/crazyflie/ros2_ws/install/crazyflie_interfaces/lib/python3.12/site-packages:/home/mouha/crazyflie/ros2_ws/install/drive_base_msgs/lib/python3.12/site-packages:/home/mouha/crazyflie/ros2_ws/install/micro_ros_msgs/lib/python3.12/site-packages:/home/mouha/crazyflie/ros2_ws/install/crazyflie_sim/lib/python3.12/site-packages:/home/mouha/crazyflie/ros2_ws/build/crazyflie_server_py:/home/mouha/crazyflie/ros2_ws/install/crazyflie_server_py/lib/python3.12/site-packages:/home/mouha/crazyflie/ros2_ws/install/crazyflie_examples/lib/python3.12/site-packages:/home/mouha/crazyflie/ros2_ws/build/cf_led_mission:/home/mouha/crazyflie/ros2_ws/install/cf_led_mission/lib/python3.12/site-packages:/home/mouha/crazyflie/ros2_ws/build/crazyflie_py:/home/mouha/crazyflie/ros2_ws/install/crazyflie_py/lib/python3.12/site-packages:/home/mouha/ros2_ws/build/my_py_pkg:/home/mouha/ros2_ws/install/my_py_pkg/lib/python3.12/site-packages:/opt/ros/jazzy/lib/python3.12/site-packages /usr/bin/python3 -W ignore:setup.py install is deprecated -W ignore:easy_install command is deprecated setup.py develop --editable --build-directory /home/mouha/crazyflie/ros2_ws/build/crazyflie_py/build --no-deps symlink_data
[2.808s] INFO:colcon.colcon_core.shell:Creating environment descriptor '/home/mouha/crazyflie/ros2_ws/build/crazyflie_py/share/crazyflie_py/hook/pythonpath_develop.dsv'
[2.808s] INFO:colcon.colcon_core.shell:Creating environment hook '/home/mouha/crazyflie/ros2_ws/build/crazyflie_py/share/crazyflie_py/hook/pythonpath_develop.sh'
[2.809s] Level 1:colcon.colcon_core.environment:checking '/home/mouha/crazyflie/ros2_ws/install/crazyflie_py' for CMake module files
[2.809s] Level 1:colcon.colcon_core.environment:checking '/home/mouha/crazyflie/ros2_ws/install/crazyflie_py' for CMake config files
[2.809s] Level 1:colcon.colcon_core.environment:checking '/home/mouha/crazyflie/ros2_ws/install/crazyflie_py/lib'
[2.809s] Level 1:colcon.colcon_core.environment:checking '/home/mouha/crazyflie/ros2_ws/install/crazyflie_py/bin'
[2.809s] Level 1:colcon.colcon_core.environment:checking '/home/mouha/crazyflie/ros2_ws/install/crazyflie_py/lib/pkgconfig/crazyflie_py.pc'
[2.809s] Level 1:colcon.colcon_core.environment:checking '/home/mouha/crazyflie/ros2_ws/install/crazyflie_py/lib/python3.12/site-packages'
[2.810s] Level 1:colcon.colcon_core.shell:create_environment_hook('crazyflie_py', 'pythonpath')
[2.810s] INFO:colcon.colcon_core.shell:Creating environment hook '/home/mouha/crazyflie/ros2_ws/install/crazyflie_py/share/crazyflie_py/hook/pythonpath.ps1'
[2.810s] INFO:colcon.colcon_core.shell:Creating environment descriptor '/home/mouha/crazyflie/ros2_ws/install/crazyflie_py/share/crazyflie_py/hook/pythonpath.dsv'
[2.810s] INFO:colcon.colcon_core.shell:Creating environment hook '/home/mouha/crazyflie/ros2_ws/install/crazyflie_py/share/crazyflie_py/hook/pythonpath.sh'
[2.811s] Level 1:colcon.colcon_core.environment:checking '/home/mouha/crazyflie/ros2_ws/install/crazyflie_py/bin'
[2.811s] Level 1:colcon.colcon_core.environment:create_environment_scripts_only(crazyflie_py)
[2.811s] INFO:colcon.colcon_core.shell:Creating package script '/home/mouha/crazyflie/ros2_ws/install/crazyflie_py/share/crazyflie_py/package.ps1'
[2.811s] INFO:colcon.colcon_core.shell:Creating package descriptor '/home/mouha/crazyflie/ros2_ws/install/crazyflie_py/share/crazyflie_py/package.dsv'
[2.812s] INFO:colcon.colcon_core.shell:Creating package script '/home/mouha/crazyflie/ros2_ws/install/crazyflie_py/share/crazyflie_py/package.sh'
[2.812s] INFO:colcon.colcon_core.shell:Creating package script '/home/mouha/crazyflie/ros2_ws/install/crazyflie_py/share/crazyflie_py/package.bash'
[2.812s] INFO:colcon.colcon_core.shell:Creating package script '/home/mouha/crazyflie/ros2_ws/install/crazyflie_py/share/crazyflie_py/package.zsh'
[2.812s] Level 1:colcon.colcon_core.environment:create_file_with_runtime_dependencies(/home/mouha/crazyflie/ros2_ws/install/crazyflie_py/share/colcon-core/packages/crazyflie_py)
[2.813s] INFO:colcon.colcon_ros.task.ament_python.build:Building ROS package in '/home/mouha/crazyflie/ros2_ws/src/cf_led_mission' with build type 'ament_python'
[2.813s] Level 1:colcon.colcon_core.shell:create_environment_hook('cf_led_mission', 'ament_prefix_path')
[2.813s] INFO:colcon.colcon_core.shell:Creating environment hook '/home/mouha/crazyflie/ros2_ws/install/cf_led_mission/share/cf_led_mission/hook/ament_prefix_path.ps1'
[2.813s] INFO:colcon.colcon_core.shell:Creating environment descriptor '/home/mouha/crazyflie/ros2_ws/install/cf_led_mission/share/cf_led_mission/hook/ament_prefix_path.dsv'
[2.814s] INFO:colcon.colcon_core.shell:Creating environment hook '/home/mouha/crazyflie/ros2_ws/install/cf_led_mission/share/cf_led_mission/hook/ament_prefix_path.sh'
[2.814s] INFO:colcon.colcon_core.shell:Skip shell extension 'powershell' for command environment: Not usable outside of PowerShell
[2.814s] DEBUG:colcon.colcon_core.shell:Skip shell extension 'dsv' for command environment
[2.817s] INFO:colcon.colcon_ros.task.ament_cmake.build:Building ROS package in '/home/mouha/crazyflie/ros2_ws/src/crazyswarm2/crazyflie_examples' with build type 'ament_cmake'
[2.817s] INFO:colcon.colcon_cmake.task.cmake.build:Building CMake package in '/home/mouha/crazyflie/ros2_ws/src/crazyswarm2/crazyflie_examples'
[2.818s] INFO:colcon.colcon_core.shell:Skip shell extension 'powershell' for command environment: Not usable outside of PowerShell
[2.818s] DEBUG:colcon.colcon_core.shell:Skip shell extension 'dsv' for command environment
[3.002s] INFO:colcon.colcon_core.task.python.build:Building Python package in '/home/mouha/crazyflie/ros2_ws/src/cf_led_mission'
[3.002s] INFO:colcon.colcon_core.shell:Skip shell extension 'powershell' for command environment: Not usable outside of PowerShell
[3.002s] DEBUG:colcon.colcon_core.shell:Skip shell extension 'dsv' for command environment
[3.008s] Level 1:colcon.colcon_core.shell:create_environment_hook('crazyflie_server_py', 'pythonpath_develop')
[3.008s] DEBUG:colcon.colcon_core.event_handler.log_command:Invoking command in '/home/mouha/crazyflie/ros2_ws/build/crazyflie_examples': AMENT_PREFIX_PATH=/home/mouha/crazyflie/ros2_ws/install/crazyflie_py:/home/mouha/crazyflie/ros2_ws/install/drive_base_msgs:/home/mouha/crazyflie/ros2_ws/install/micro_ros_setup:/home/mouha/crazyflie/ros2_ws/install/micro_ros_agent:/home/mouha/crazyflie/ros2_ws/install/micro_ros_msgs:/home/mouha/crazyflie/ros2_ws/install/crazyflie_sim:/home/mouha/crazyflie/ros2_ws/install/crazyflie_server_py:/home/mouha/crazyflie/ros2_ws/install/crazyflie_examples:/home/mouha/crazyflie/ros2_ws/install/cf_led_mission:/home/mouha/crazyflie/ros2_ws/install/crazyflie:/home/mouha/crazyflie/ros2_ws/install/crazyflie_interfaces:/home/mouha/crazyflie/ros2_ws/install/crazyflie_description:/home/mouha/ros2_ws/install/my_py_pkg:/home/mouha/ros2_ws/install/my_cpp_pkg:/opt/ros/jazzy CMAKE_PREFIX_PATH=/home/mouha/crazyflie/ros2_ws/install/crazyflie_interfaces:/home/mouha/crazyflie/ros2_ws/install/drive_base_msgs:/home/mouha/crazyflie/ros2_ws/install/micro_ros_setup:/home/mouha/crazyflie/ros2_ws/install/micro_ros_agent:/home/mouha/crazyflie/ros2_ws/install/micro_ros_msgs:/home/mouha/crazyflie/ros2_ws/install/crazyflie_sim:/home/mouha/crazyflie/ros2_ws/install/crazyflie_examples:/home/mouha/crazyflie/ros2_ws/install/crazyflie:/home/mouha/crazyflie/ros2_ws/install/crazyflie_description:/home/mouha/ros2_ws/install/my_cpp_pkg:/opt/ros/jazzy/opt/gz_sim_vendor:/opt/ros/jazzy/opt/gz_sensors_vendor:/opt/ros/jazzy/opt/gz_physics_vendor:/opt/ros/jazzy/opt/sdformat_vendor:/opt/ros/jazzy/opt/gz_gui_vendor:/opt/ros/jazzy/opt/gz_transport_vendor:/opt/ros/jazzy/opt/gz_rendering_vendor:/opt/ros/jazzy/opt/gz_plugin_vendor:/opt/ros/jazzy/opt/gz_fuel_tools_vendor:/opt/ros/jazzy/opt/gz_msgs_vendor:/opt/ros/jazzy/opt/gz_common_vendor:/opt/ros/jazzy/opt/gz_math_vendor:/opt/ros/jazzy/opt/gz_utils_vendor:/opt/ros/jazzy/opt/gz_tools_vendor:/opt/ros/jazzy/opt/gz_ogre_next_vendor:/opt/ros/jazzy/opt/gz_dartsim_vendor:/opt/ros/jazzy/opt/gz_cmake_vendor:/home/mouha/crazyflie/ros2_ws/install/crazyflie_server_py:/home/mouha/crazyflie/ros2_ws/install/cf_led_mission:/home/mouha/crazyflie/ros2_ws/install/crazyflie_py:/home/mouha/ros2_ws/install/my_py_pkg:/opt/ros/jazzy DEBUGINFOD_URLS=https://debuginfod.ubuntu.com LD_LIBRARY_PATH=/home/mouha/crazyflie/ros2_ws/install/crazyflie_interfaces/lib:/home/mouha/crazyflie/ros2_ws/install/drive_base_msgs/lib:/home/mouha/crazyflie/ros2_ws/install/micro_ros_agent/lib:/home/mouha/crazyflie/ros2_ws/install/micro_ros_msgs/lib:/opt/ros/jazzy/opt/gz_sim_vendor/lib:/opt/ros/jazzy/opt/gz_sensors_vendor/lib:/opt/ros/jazzy/opt/gz_physics_vendor/lib:/opt/ros/jazzy/opt/sdformat_vendor/lib:/opt/ros/jazzy/opt/rviz_ogre_vendor/lib:/opt/ros/jazzy/lib/x86_64-linux-gnu:/opt/ros/jazzy/opt/gz_gui_vendor/lib:/opt/ros/jazzy/opt/gz_transport_vendor/lib:/opt/ros/jazzy/opt/gz_rendering_vendor/lib:/opt/ros/jazzy/opt/gz_plugin_vendor/lib:/opt/ros/jazzy/opt/gz_fuel_tools_vendor/lib:/opt/ros/jazzy/opt/gz_msgs_vendor/lib:/opt/ros/jazzy/opt/gz_common_vendor/lib:/opt/ros/jazzy/opt/gz_math_vendor/lib:/opt/ros/jazzy/opt/gz_utils_vendor/lib:/opt/ros/jazzy/opt/gz_tools_vendor/lib:/opt/ros/jazzy/opt/gz_ogre_next_vendor/lib:/opt/ros/jazzy/opt/gz_dartsim_vendor/lib:/opt/ros/jazzy/opt/gz_cmake_vendor/lib:/opt/ros/jazzy/lib PYTHONPATH=/home/mouha/crazyflie/ros2_ws/build/crazyflie_py:/home/mouha/crazyflie/ros2_ws/install/crazyflie_py/lib/python3.12/site-packages:/home/mouha/crazyflie/ros2_ws/install/crazyflie_interfaces/lib/python3.12/site-packages:/home/mouha/crazyflie/ros2_ws/install/drive_base_msgs/lib/python3.12/site-packages:/home/mouha/crazyflie/ros2_ws/install/micro_ros_msgs/lib/python3.12/site-packages:/home/mouha/crazyflie/ros2_ws/install/crazyflie_sim/lib/python3.12/site-packages:/home/mouha/crazyflie/ros2_ws/build/crazyflie_server_py:/home/mouha/crazyflie/ros2_ws/install/crazyflie_server_py/lib/python3.12/site-packages:/home/mouha/crazyflie/ros2_ws/install/crazyflie_examples/lib/python3.12/site-packages:/home/mouha/crazyflie/ros2_ws/build/cf_led_mission:/home/mouha/crazyflie/ros2_ws/install/cf_led_mission/lib/python3.12/site-packages:/home/mouha/ros2_ws/build/my_py_pkg:/home/mouha/ros2_ws/install/my_py_pkg/lib/python3.12/site-packages:/opt/ros/jazzy/lib/python3.12/site-packages /usr/bin/cmake --build /home/mouha/crazyflie/ros2_ws/build/crazyflie_examples -- -j12 -l12
[3.009s] INFO:colcon.colcon_core.shell:Creating environment hook '/home/mouha/crazyflie/ros2_ws/build/crazyflie_server_py/share/crazyflie_server_py/hook/pythonpath_develop.ps1'
[3.009s] DEBUG:colcon.colcon_core.event_handler.log_command:Invoked command in '/home/mouha/crazyflie/ros2_ws/build/crazyflie_server_py' returned '0': CMAKE_PREFIX_PATH=/home/mouha/crazyflie/ros2_ws/install/crazyflie_interfaces:/home/mouha/crazyflie/ros2_ws/install/drive_base_msgs:/home/mouha/crazyflie/ros2_ws/install/micro_ros_setup:/home/mouha/crazyflie/ros2_ws/install/micro_ros_agent:/home/mouha/crazyflie/ros2_ws/install/micro_ros_msgs:/home/mouha/crazyflie/ros2_ws/install/crazyflie_sim:/home/mouha/crazyflie/ros2_ws/install/crazyflie_examples:/home/mouha/crazyflie/ros2_ws/install/crazyflie:/home/mouha/crazyflie/ros2_ws/install/crazyflie_description:/home/mouha/ros2_ws/install/my_cpp_pkg:/opt/ros/jazzy/opt/gz_sim_vendor:/opt/ros/jazzy/opt/gz_sensors_vendor:/opt/ros/jazzy/opt/gz_physics_vendor:/opt/ros/jazzy/opt/sdformat_vendor:/opt/ros/jazzy/opt/gz_gui_vendor:/opt/ros/jazzy/opt/gz_transport_vendor:/opt/ros/jazzy/opt/gz_rendering_vendor:/opt/ros/jazzy/opt/gz_plugin_vendor:/opt/ros/jazzy/opt/gz_fuel_tools_vendor:/opt/ros/jazzy/opt/gz_msgs_vendor:/opt/ros/jazzy/opt/gz_common_vendor:/opt/ros/jazzy/opt/gz_math_vendor:/opt/ros/jazzy/opt/gz_utils_vendor:/opt/ros/jazzy/opt/gz_tools_vendor:/opt/ros/jazzy/opt/gz_ogre_next_vendor:/opt/ros/jazzy/opt/gz_dartsim_vendor:/opt/ros/jazzy/opt/gz_cmake_vendor DEBUGINFOD_URLS=https://debuginfod.ubuntu.com LD_LIBRARY_PATH=/home/mouha/crazyflie/ros2_ws/install/crazyflie_interfaces/lib:/home/mouha/crazyflie/ros2_ws/install/drive_base_msgs/lib:/home/mouha/crazyflie/ros2_ws/install/micro_ros_agent/lib:/home/mouha/crazyflie/ros2_ws/install/micro_ros_msgs/lib:/opt/ros/jazzy/opt/gz_sim_vendor/lib:/opt/ros/jazzy/opt/gz_sensors_vendor/lib:/opt/ros/jazzy/opt/gz_physics_vendor/lib:/opt/ros/jazzy/opt/sdformat_vendor/lib:/opt/ros/jazzy/opt/rviz_ogre_vendor/lib:/opt/ros/jazzy/lib/x86_64-linux-gnu:/opt/ros/jazzy/opt/gz_gui_vendor/lib:/opt/ros/jazzy/opt/gz_transport_vendor/lib:/opt/ros/jazzy/opt/gz_rendering_vendor/lib:/opt/ros/jazzy/opt/gz_plugin_vendor/lib:/opt/ros/jazzy/opt/gz_fuel_tools_vendor/lib:/opt/ros/jazzy/opt/gz_msgs_vendor/lib:/opt/ros/jazzy/opt/gz_common_vendor/lib:/opt/ros/jazzy/opt/gz_math_vendor/lib:/opt/ros/jazzy/opt/gz_utils_vendor/lib:/opt/ros/jazzy/opt/gz_tools_vendor/lib:/opt/ros/jazzy/opt/gz_ogre_next_vendor/lib:/opt/ros/jazzy/opt/gz_dartsim_vendor/lib:/opt/ros/jazzy/opt/gz_cmake_vendor/lib:/opt/ros/jazzy/lib PYTHONPATH=/home/mouha/crazyflie/ros2_ws/build/crazyflie_server_py/prefix_override:/usr/lib/python3/dist-packages/colcon_core/task/python/colcon_distutils_commands:/home/mouha/crazyflie/ros2_ws/install/crazyflie_server_py/lib/python3.12/site-packages:/home/mouha/crazyflie/ros2_ws/install/crazyflie_interfaces/lib/python3.12/site-packages:/home/mouha/crazyflie/ros2_ws/install/drive_base_msgs/lib/python3.12/site-packages:/home/mouha/crazyflie/ros2_ws/install/micro_ros_msgs/lib/python3.12/site-packages:/home/mouha/crazyflie/ros2_ws/install/crazyflie_sim/lib/python3.12/site-packages:/home/mouha/crazyflie/ros2_ws/build/crazyflie_server_py:/home/mouha/crazyflie/ros2_ws/install/crazyflie_server_py/lib/python3.12/site-packages:/home/mouha/crazyflie/ros2_ws/install/crazyflie_examples/lib/python3.12/site-packages:/home/mouha/crazyflie/ros2_ws/build/cf_led_mission:/home/mouha/crazyflie/ros2_ws/install/cf_led_mission/lib/python3.12/site-packages:/home/mouha/crazyflie/ros2_ws/build/crazyflie_py:/home/mouha/crazyflie/ros2_ws/install/crazyflie_py/lib/python3.12/site-packages:/home/mouha/ros2_ws/build/my_py_pkg:/home/mouha/ros2_ws/install/my_py_pkg/lib/python3.12/site-packages:/opt/ros/jazzy/lib/python3.12/site-packages /usr/bin/python3 -W ignore:setup.py install is deprecated -W ignore:easy_install command is deprecated setup.py develop --editable --build-directory /home/mouha/crazyflie/ros2_ws/build/crazyflie_server_py/build --no-deps symlink_data
[3.009s] INFO:colcon.colcon_core.shell:Creating environment descriptor '/home/mouha/crazyflie/ros2_ws/build/crazyflie_server_py/share/crazyflie_server_py/hook/pythonpath_develop.dsv'
[3.010s] INFO:colcon.colcon_core.shell:Creating environment hook '/home/mouha/crazyflie/ros2_ws/build/crazyflie_server_py/share/crazyflie_server_py/hook/pythonpath_develop.sh'
[3.010s] Level 1:colcon.colcon_core.environment:checking '/home/mouha/crazyflie/ros2_ws/install/crazyflie_server_py' for CMake module files
[3.010s] Level 1:colcon.colcon_core.environment:checking '/home/mouha/crazyflie/ros2_ws/install/crazyflie_server_py' for CMake config files
[3.011s] Level 1:colcon.colcon_core.environment:checking '/home/mouha/crazyflie/ros2_ws/install/crazyflie_server_py/lib'
[3.011s] Level 1:colcon.colcon_core.environment:checking '/home/mouha/crazyflie/ros2_ws/install/crazyflie_server_py/bin'
[3.011s] Level 1:colcon.colcon_core.environment:checking '/home/mouha/crazyflie/ros2_ws/install/crazyflie_server_py/lib/pkgconfig/crazyflie_server_py.pc'
[3.011s] Level 1:colcon.colcon_core.environment:checking '/home/mouha/crazyflie/ros2_ws/install/crazyflie_server_py/lib/python3.12/site-packages'
[3.011s] Level 1:colcon.colcon_core.shell:create_environment_hook('crazyflie_server_py', 'pythonpath')
[3.011s] INFO:colcon.colcon_core.shell:Creating environment hook '/home/mouha/crazyflie/ros2_ws/install/crazyflie_server_py/share/crazyflie_server_py/hook/pythonpath.ps1'
[3.011s] INFO:colcon.colcon_core.shell:Creating environment descriptor '/home/mouha/crazyflie/ros2_ws/install/crazyflie_server_py/share/crazyflie_server_py/hook/pythonpath.dsv'
[3.012s] INFO:colcon.colcon_core.shell:Creating environment hook '/home/mouha/crazyflie/ros2_ws/install/crazyflie_server_py/share/crazyflie_server_py/hook/pythonpath.sh'
[3.012s] Level 1:colcon.colcon_core.environment:checking '/home/mouha/crazyflie/ros2_ws/install/crazyflie_server_py/bin'
[3.012s] Level 1:colcon.colcon_core.environment:create_environment_scripts_only(crazyflie_server_py)
[3.012s] INFO:colcon.colcon_core.shell:Creating package script '/home/mouha/crazyflie/ros2_ws/install/crazyflie_server_py/share/crazyflie_server_py/package.ps1'
[3.013s] INFO:colcon.colcon_core.shell:Creating package descriptor '/home/mouha/crazyflie/ros2_ws/install/crazyflie_server_py/share/crazyflie_server_py/package.dsv'
[3.013s] INFO:colcon.colcon_core.shell:Creating package script '/home/mouha/crazyflie/ros2_ws/install/crazyflie_server_py/share/crazyflie_server_py/package.sh'
[3.013s] INFO:colcon.colcon_core.shell:Creating package script '/home/mouha/crazyflie/ros2_ws/install/crazyflie_server_py/share/crazyflie_server_py/package.bash'
[3.014s] INFO:colcon.colcon_core.shell:Creating package script '/home/mouha/crazyflie/ros2_ws/install/crazyflie_server_py/share/crazyflie_server_py/package.zsh'
[3.014s] Level 1:colcon.colcon_core.environment:create_file_with_runtime_dependencies(/home/mouha/crazyflie/ros2_ws/install/crazyflie_server_py/share/colcon-core/packages/crazyflie_server_py)
[3.489s] DEBUG:colcon.colcon_core.event_handler.log_command:Invoked command in '/home/mouha/crazyflie/ros2_ws/build/crazyflie_examples' returned '0': AMENT_PREFIX_PATH=/home/mouha/crazyflie/ros2_ws/install/crazyflie_py:/home/mouha/crazyflie/ros2_ws/install/drive_base_msgs:/home/mouha/crazyflie/ros2_ws/install/micro_ros_setup:/home/mouha/crazyflie/ros2_ws/install/micro_ros_agent:/home/mouha/crazyflie/ros2_ws/install/micro_ros_msgs:/home/mouha/crazyflie/ros2_ws/install/crazyflie_sim:/home/mouha/crazyflie/ros2_ws/install/crazyflie_server_py:/home/mouha/crazyflie/ros2_ws/install/crazyflie_examples:/home/mouha/crazyflie/ros2_ws/install/cf_led_mission:/home/mouha/crazyflie/ros2_ws/install/crazyflie:/home/mouha/crazyflie/ros2_ws/install/crazyflie_interfaces:/home/mouha/crazyflie/ros2_ws/install/crazyflie_description:/home/mouha/ros2_ws/install/my_py_pkg:/home/mouha/ros2_ws/install/my_cpp_pkg:/opt/ros/jazzy CMAKE_PREFIX_PATH=/home/mouha/crazyflie/ros2_ws/install/crazyflie_interfaces:/home/mouha/crazyflie/ros2_ws/install/drive_base_msgs:/home/mouha/crazyflie/ros2_ws/install/micro_ros_setup:/home/mouha/crazyflie/ros2_ws/install/micro_ros_agent:/home/mouha/crazyflie/ros2_ws/install/micro_ros_msgs:/home/mouha/crazyflie/ros2_ws/install/crazyflie_sim:/home/mouha/crazyflie/ros2_ws/install/crazyflie_examples:/home/mouha/crazyflie/ros2_ws/install/crazyflie:/home/mouha/crazyflie/ros2_ws/install/crazyflie_description:/home/mouha/ros2_ws/install/my_cpp_pkg:/opt/ros/jazzy/opt/gz_sim_vendor:/opt/ros/jazzy/opt/gz_sensors_vendor:/opt/ros/jazzy/opt/gz_physics_vendor:/opt/ros/jazzy/opt/sdformat_vendor:/opt/ros/jazzy/opt/gz_gui_vendor:/opt/ros/jazzy/opt/gz_transport_vendor:/opt/ros/jazzy/opt/gz_rendering_vendor:/opt/ros/jazzy/opt/gz_plugin_vendor:/opt/ros/jazzy/opt/gz_fuel_tools_vendor:/opt/ros/jazzy/opt/gz_msgs_vendor:/opt/ros/jazzy/opt/gz_common_vendor:/opt/ros/jazzy/opt/gz_math_vendor:/opt/ros/jazzy/opt/gz_utils_vendor:/opt/ros/jazzy/opt/gz_tools_vendor:/opt/ros/jazzy/opt/gz_ogre_next_vendor:/opt/ros/jazzy/opt/gz_dartsim_vendor:/opt/ros/jazzy/opt/gz_cmake_vendor:/home/mouha/crazyflie/ros2_ws/install/crazyflie_server_py:/home/mouha/crazyflie/ros2_ws/install/cf_led_mission:/home/mouha/crazyflie/ros2_ws/install/crazyflie_py:/home/mouha/ros2_ws/install/my_py_pkg:/opt/ros/jazzy DEBUGINFOD_URLS=https://debuginfod.ubuntu.com LD_LIBRARY_PATH=/home/mouha/crazyflie/ros2_ws/install/crazyflie_interfaces/lib:/home/mouha/crazyflie/ros2_ws/install/drive_base_msgs/lib:/home/mouha/crazyflie/ros2_ws/install/micro_ros_agent/lib:/home/mouha/crazyflie/ros2_ws/install/micro_ros_msgs/lib:/opt/ros/jazzy/opt/gz_sim_vendor/lib:/opt/ros/jazzy/opt/gz_sensors_vendor/lib:/opt/ros/jazzy/opt/gz_physics_vendor/lib:/opt/ros/jazzy/opt/sdformat_vendor/lib:/opt/ros/jazzy/opt/rviz_ogre_vendor/lib:/opt/ros/jazzy/lib/x86_64-linux-gnu:/opt/ros/jazzy/opt/gz_gui_vendor/lib:/opt/ros/jazzy/opt/gz_transport_vendor/lib:/opt/ros/jazzy/opt/gz_rendering_vendor/lib:/opt/ros/jazzy/opt/gz_plugin_vendor/lib:/opt/ros/jazzy/opt/gz_fuel_tools_vendor/lib:/opt/ros/jazzy/opt/gz_msgs_vendor/lib:/opt/ros/jazzy/opt/gz_common_vendor/lib:/opt/ros/jazzy/opt/gz_math_vendor/lib:/opt/ros/jazzy/opt/gz_utils_vendor/lib:/opt/ros/jazzy/opt/gz_tools_vendor/lib:/opt/ros/jazzy/opt/gz_ogre_next_vendor/lib:/opt/ros/jazzy/opt/gz_dartsim_vendor/lib:/opt/ros/jazzy/opt/gz_cmake_vendor/lib:/opt/ros/jazzy/lib PYTHONPATH=/home/mouha/crazyflie/ros2_ws/build/crazyflie_py:/home/mouha/crazyflie/ros2_ws/install/crazyflie_py/lib/python3.12/site-packages:/home/mouha/crazyflie/ros2_ws/install/crazyflie_interfaces/lib/python3.12/site-packages:/home/mouha/crazyflie/ros2_ws/install/drive_base_msgs/lib/python3.12/site-packages:/home/mouha/crazyflie/ros2_ws/install/micro_ros_msgs/lib/python3.12/site-packages:/home/mouha/crazyflie/ros2_ws/install/crazyflie_sim/lib/python3.12/site-packages:/home/mouha/crazyflie/ros2_ws/build/crazyflie_server_py:/home/mouha/crazyflie/ros2_ws/install/crazyflie_server_py/lib/python3.12/site-packages:/home/mouha/crazyflie/ros2_ws/install/crazyflie_examples/lib/python3.12/site-packages:/home/mouha/crazyflie/ros2_ws/build/cf_led_mission:/home/mouha/crazyflie/ros2_ws/install/cf_led_mission/lib/python3.12/site-packages:/home/mouha/ros2_ws/build/my_py_pkg:/home/mouha/ros2_ws/install/my_py_pkg/lib/python3.12/site-packages:/opt/ros/jazzy/lib/python3.12/site-packages /usr/bin/cmake --build /home/mouha/crazyflie/ros2_ws/build/crazyflie_examples -- -j12 -l12
[3.490s] DEBUG:colcon.colcon_core.event_handler.log_command:Invoking command in '/home/mouha/crazyflie/ros2_ws/build/crazyflie_examples': AMENT_PREFIX_PATH=/home/mouha/crazyflie/ros2_ws/install/crazyflie_py:/home/mouha/crazyflie/ros2_ws/install/drive_base_msgs:/home/mouha/crazyflie/ros2_ws/install/micro_ros_setup:/home/mouha/crazyflie/ros2_ws/install/micro_ros_agent:/home/mouha/crazyflie/ros2_ws/install/micro_ros_msgs:/home/mouha/crazyflie/ros2_ws/install/crazyflie_sim:/home/mouha/crazyflie/ros2_ws/install/crazyflie_server_py:/home/mouha/crazyflie/ros2_ws/install/crazyflie_examples:/home/mouha/crazyflie/ros2_ws/install/cf_led_mission:/home/mouha/crazyflie/ros2_ws/install/crazyflie:/home/mouha/crazyflie/ros2_ws/install/crazyflie_interfaces:/home/mouha/crazyflie/ros2_ws/install/crazyflie_description:/home/mouha/ros2_ws/install/my_py_pkg:/home/mouha/ros2_ws/install/my_cpp_pkg:/opt/ros/jazzy CMAKE_PREFIX_PATH=/home/mouha/crazyflie/ros2_ws/install/crazyflie_interfaces:/home/mouha/crazyflie/ros2_ws/install/drive_base_msgs:/home/mouha/crazyflie/ros2_ws/install/micro_ros_setup:/home/mouha/crazyflie/ros2_ws/install/micro_ros_agent:/home/mouha/crazyflie/ros2_ws/install/micro_ros_msgs:/home/mouha/crazyflie/ros2_ws/install/crazyflie_sim:/home/mouha/crazyflie/ros2_ws/install/crazyflie_examples:/home/mouha/crazyflie/ros2_ws/install/crazyflie:/home/mouha/crazyflie/ros2_ws/install/crazyflie_description:/home/mouha/ros2_ws/install/my_cpp_pkg:/opt/ros/jazzy/opt/gz_sim_vendor:/opt/ros/jazzy/opt/gz_sensors_vendor:/opt/ros/jazzy/opt/gz_physics_vendor:/opt/ros/jazzy/opt/sdformat_vendor:/opt/ros/jazzy/opt/gz_gui_vendor:/opt/ros/jazzy/opt/gz_transport_vendor:/opt/ros/jazzy/opt/gz_rendering_vendor:/opt/ros/jazzy/opt/gz_plugin_vendor:/opt/ros/jazzy/opt/gz_fuel_tools_vendor:/opt/ros/jazzy/opt/gz_msgs_vendor:/opt/ros/jazzy/opt/gz_common_vendor:/opt/ros/jazzy/opt/gz_math_vendor:/opt/ros/jazzy/opt/gz_utils_vendor:/opt/ros/jazzy/opt/gz_tools_vendor:/opt/ros/jazzy/opt/gz_ogre_next_vendor:/opt/ros/jazzy/opt/gz_dartsim_vendor:/opt/ros/jazzy/opt/gz_cmake_vendor:/home/mouha/crazyflie/ros2_ws/install/crazyflie_server_py:/home/mouha/crazyflie/ros2_ws/install/cf_led_mission:/home/mouha/crazyflie/ros2_ws/install/crazyflie_py:/home/mouha/ros2_ws/install/my_py_pkg:/opt/ros/jazzy DEBUGINFOD_URLS=https://debuginfod.ubuntu.com LD_LIBRARY_PATH=/home/mouha/crazyflie/ros2_ws/install/crazyflie_interfaces/lib:/home/mouha/crazyflie/ros2_ws/install/drive_base_msgs/lib:/home/mouha/crazyflie/ros2_ws/install/micro_ros_agent/lib:/home/mouha/crazyflie/ros2_ws/install/micro_ros_msgs/lib:/opt/ros/jazzy/opt/gz_sim_vendor/lib:/opt/ros/jazzy/opt/gz_sensors_vendor/lib:/opt/ros/jazzy/opt/gz_physics_vendor/lib:/opt/ros/jazzy/opt/sdformat_vendor/lib:/opt/ros/jazzy/opt/rviz_ogre_vendor/lib:/opt/ros/jazzy/lib/x86_64-linux-gnu:/opt/ros/jazzy/opt/gz_gui_vendor/lib:/opt/ros/jazzy/opt/gz_transport_vendor/lib:/opt/ros/jazzy/opt/gz_rendering_vendor/lib:/opt/ros/jazzy/opt/gz_plugin_vendor/lib:/opt/ros/jazzy/opt/gz_fuel_tools_vendor/lib:/opt/ros/jazzy/opt/gz_msgs_vendor/lib:/opt/ros/jazzy/opt/gz_common_vendor/lib:/opt/ros/jazzy/opt/gz_math_vendor/lib:/opt/ros/jazzy/opt/gz_utils_vendor/lib:/opt/ros/jazzy/opt/gz_tools_vendor/lib:/opt/ros/jazzy/opt/gz_ogre_next_vendor/lib:/opt/ros/jazzy/opt/gz_dartsim_vendor/lib:/opt/ros/jazzy/opt/gz_cmake_vendor/lib:/opt/ros/jazzy/lib PYTHONPATH=/home/mouha/crazyflie/ros2_ws/build/crazyflie_py:/home/mouha/crazyflie/ros2_ws/install/crazyflie_py/lib/python3.12/site-packages:/home/mouha/crazyflie/ros2_ws/install/crazyflie_interfaces/lib/python3.12/site-packages:/home/mouha/crazyflie/ros2_ws/install/drive_base_msgs/lib/python3.12/site-packages:/home/mouha/crazyflie/ros2_ws/install/micro_ros_msgs/lib/python3.12/site-packages:/home/mouha/crazyflie/ros2_ws/install/crazyflie_sim/lib/python3.12/site-packages:/home/mouha/crazyflie/ros2_ws/build/crazyflie_server_py:/home/mouha/crazyflie/ros2_ws/install/crazyflie_server_py/lib/python3.12/site-packages:/home/mouha/crazyflie/ros2_ws/install/crazyflie_examples/lib/python3.12/site-packages:/home/mouha/crazyflie/ros2_ws/build/cf_led_mission:/home/mouha/crazyflie/ros2_ws/install/cf_led_mission/lib/python3.12/site-packages:/home/mouha/ros2_ws/build/my_py_pkg:/home/mouha/ros2_ws/install/my_py_pkg/lib/python3.12/site-packages:/opt/ros/jazzy/lib/python3.12/site-packages /usr/bin/cmake --install /home/mouha/crazyflie/ros2_ws/build/crazyflie_examples
[3.510s] DEBUG:colcon.colcon_core.event_handler.log_command:Invoking command in '/home/mouha/crazyflie/ros2_ws/build/cf_led_mission': AMENT_PREFIX_PATH=/home/mouha/crazyflie/ros2_ws/install/crazyflie_py:/home/mouha/crazyflie/ros2_ws/install/drive_base_msgs:/home/mouha/crazyflie/ros2_ws/install/micro_ros_setup:/home/mouha/crazyflie/ros2_ws/install/micro_ros_agent:/home/mouha/crazyflie/ros2_ws/install/micro_ros_msgs:/home/mouha/crazyflie/ros2_ws/install/crazyflie_sim:/home/mouha/crazyflie/ros2_ws/install/crazyflie_server_py:/home/mouha/crazyflie/ros2_ws/install/crazyflie_examples:/home/mouha/crazyflie/ros2_ws/install/cf_led_mission:/home/mouha/crazyflie/ros2_ws/install/crazyflie:/home/mouha/crazyflie/ros2_ws/install/crazyflie_interfaces:/home/mouha/crazyflie/ros2_ws/install/crazyflie_description:/home/mouha/ros2_ws/install/my_py_pkg:/home/mouha/ros2_ws/install/my_cpp_pkg:/opt/ros/jazzy CMAKE_PREFIX_PATH=/home/mouha/crazyflie/ros2_ws/install/crazyflie_interfaces:/home/mouha/crazyflie/ros2_ws/install/drive_base_msgs:/home/mouha/crazyflie/ros2_ws/install/micro_ros_setup:/home/mouha/crazyflie/ros2_ws/install/micro_ros_agent:/home/mouha/crazyflie/ros2_ws/install/micro_ros_msgs:/home/mouha/crazyflie/ros2_ws/install/crazyflie_sim:/home/mouha/crazyflie/ros2_ws/install/crazyflie_examples:/home/mouha/crazyflie/ros2_ws/install/crazyflie:/home/mouha/crazyflie/ros2_ws/install/crazyflie_description:/home/mouha/ros2_ws/install/my_cpp_pkg:/opt/ros/jazzy/opt/gz_sim_vendor:/opt/ros/jazzy/opt/gz_sensors_vendor:/opt/ros/jazzy/opt/gz_physics_vendor:/opt/ros/jazzy/opt/sdformat_vendor:/opt/ros/jazzy/opt/gz_gui_vendor:/opt/ros/jazzy/opt/gz_transport_vendor:/opt/ros/jazzy/opt/gz_rendering_vendor:/opt/ros/jazzy/opt/gz_plugin_vendor:/opt/ros/jazzy/opt/gz_fuel_tools_vendor:/opt/ros/jazzy/opt/gz_msgs_vendor:/opt/ros/jazzy/opt/gz_common_vendor:/opt/ros/jazzy/opt/gz_math_vendor:/opt/ros/jazzy/opt/gz_utils_vendor:/opt/ros/jazzy/opt/gz_tools_vendor:/opt/ros/jazzy/opt/gz_ogre_next_vendor:/opt/ros/jazzy/opt/gz_dartsim_vendor:/opt/ros/jazzy/opt/gz_cmake_vendor DEBUGINFOD_URLS=https://debuginfod.ubuntu.com LD_LIBRARY_PATH=/home/mouha/crazyflie/ros2_ws/install/crazyflie_interfaces/lib:/home/mouha/crazyflie/ros2_ws/install/drive_base_msgs/lib:/home/mouha/crazyflie/ros2_ws/install/micro_ros_agent/lib:/home/mouha/crazyflie/ros2_ws/install/micro_ros_msgs/lib:/opt/ros/jazzy/opt/gz_sim_vendor/lib:/opt/ros/jazzy/opt/gz_sensors_vendor/lib:/opt/ros/jazzy/opt/gz_physics_vendor/lib:/opt/ros/jazzy/opt/sdformat_vendor/lib:/opt/ros/jazzy/opt/rviz_ogre_vendor/lib:/opt/ros/jazzy/lib/x86_64-linux-gnu:/opt/ros/jazzy/opt/gz_gui_vendor/lib:/opt/ros/jazzy/opt/gz_transport_vendor/lib:/opt/ros/jazzy/opt/gz_rendering_vendor/lib:/opt/ros/jazzy/opt/gz_plugin_vendor/lib:/opt/ros/jazzy/opt/gz_fuel_tools_vendor/lib:/opt/ros/jazzy/opt/gz_msgs_vendor/lib:/opt/ros/jazzy/opt/gz_common_vendor/lib:/opt/ros/jazzy/opt/gz_math_vendor/lib:/opt/ros/jazzy/opt/gz_utils_vendor/lib:/opt/ros/jazzy/opt/gz_tools_vendor/lib:/opt/ros/jazzy/opt/gz_ogre_next_vendor/lib:/opt/ros/jazzy/opt/gz_dartsim_vendor/lib:/opt/ros/jazzy/opt/gz_cmake_vendor/lib:/opt/ros/jazzy/lib PYTHONPATH=/home/mouha/crazyflie/ros2_ws/build/cf_led_mission/prefix_override:/usr/lib/python3/dist-packages/colcon_core/task/python/colcon_distutils_commands:/home/mouha/crazyflie/ros2_ws/install/cf_led_mission/lib/python3.12/site-packages:/home/mouha/crazyflie/ros2_ws/build/crazyflie_py:/home/mouha/crazyflie/ros2_ws/install/crazyflie_py/lib/python3.12/site-packages:/home/mouha/crazyflie/ros2_ws/install/crazyflie_interfaces/lib/python3.12/site-packages:/home/mouha/crazyflie/ros2_ws/install/drive_base_msgs/lib/python3.12/site-packages:/home/mouha/crazyflie/ros2_ws/install/micro_ros_msgs/lib/python3.12/site-packages:/home/mouha/crazyflie/ros2_ws/install/crazyflie_sim/lib/python3.12/site-packages:/home/mouha/crazyflie/ros2_ws/build/crazyflie_server_py:/home/mouha/crazyflie/ros2_ws/install/crazyflie_server_py/lib/python3.12/site-packages:/home/mouha/crazyflie/ros2_ws/install/crazyflie_examples/lib/python3.12/site-packages:/home/mouha/crazyflie/ros2_ws/build/cf_led_mission:/home/mouha/crazyflie/ros2_ws/install/cf_led_mission/lib/python3.12/site-packages:/home/mouha/ros2_ws/build/my_py_pkg:/home/mouha/ros2_ws/install/my_py_pkg/lib/python3.12/site-packages:/opt/ros/jazzy/lib/python3.12/site-packages /usr/bin/python3 -W ignore:setup.py install is deprecated -W ignore:easy_install command is deprecated setup.py develop --editable --build-directory /home/mouha/crazyflie/ros2_ws/build/cf_led_mission/build --no-deps symlink_data
[3.546s] Level 1:colcon.colcon_core.environment:create_environment_scripts_only(crazyflie_examples)
[3.546s] Level 1:colcon.colcon_core.environment:checking '/home/mouha/crazyflie/ros2_ws/install/crazyflie_examples' for CMake module files
[3.546s] DEBUG:colcon.colcon_core.event_handler.log_command:Invoked command in '/home/mouha/crazyflie/ros2_ws/build/crazyflie_examples' returned '0': AMENT_PREFIX_PATH=/home/mouha/crazyflie/ros2_ws/install/crazyflie_py:/home/mouha/crazyflie/ros2_ws/install/drive_base_msgs:/home/mouha/crazyflie/ros2_ws/install/micro_ros_setup:/home/mouha/crazyflie/ros2_ws/install/micro_ros_agent:/home/mouha/crazyflie/ros2_ws/install/micro_ros_msgs:/home/mouha/crazyflie/ros2_ws/install/crazyflie_sim:/home/mouha/crazyflie/ros2_ws/install/crazyflie_server_py:/home/mouha/crazyflie/ros2_ws/install/crazyflie_examples:/home/mouha/crazyflie/ros2_ws/install/cf_led_mission:/home/mouha/crazyflie/ros2_ws/install/crazyflie:/home/mouha/crazyflie/ros2_ws/install/crazyflie_interfaces:/home/mouha/crazyflie/ros2_ws/install/crazyflie_description:/home/mouha/ros2_ws/install/my_py_pkg:/home/mouha/ros2_ws/install/my_cpp_pkg:/opt/ros/jazzy CMAKE_PREFIX_PATH=/home/mouha/crazyflie/ros2_ws/install/crazyflie_interfaces:/home/mouha/crazyflie/ros2_ws/install/drive_base_msgs:/home/mouha/crazyflie/ros2_ws/install/micro_ros_setup:/home/mouha/crazyflie/ros2_ws/install/micro_ros_agent:/home/mouha/crazyflie/ros2_ws/install/micro_ros_msgs:/home/mouha/crazyflie/ros2_ws/install/crazyflie_sim:/home/mouha/crazyflie/ros2_ws/install/crazyflie_examples:/home/mouha/crazyflie/ros2_ws/install/crazyflie:/home/mouha/crazyflie/ros2_ws/install/crazyflie_description:/home/mouha/ros2_ws/install/my_cpp_pkg:/opt/ros/jazzy/opt/gz_sim_vendor:/opt/ros/jazzy/opt/gz_sensors_vendor:/opt/ros/jazzy/opt/gz_physics_vendor:/opt/ros/jazzy/opt/sdformat_vendor:/opt/ros/jazzy/opt/gz_gui_vendor:/opt/ros/jazzy/opt/gz_transport_vendor:/opt/ros/jazzy/opt/gz_rendering_vendor:/opt/ros/jazzy/opt/gz_plugin_vendor:/opt/ros/jazzy/opt/gz_fuel_tools_vendor:/opt/ros/jazzy/opt/gz_msgs_vendor:/opt/ros/jazzy/opt/gz_common_vendor:/opt/ros/jazzy/opt/gz_math_vendor:/opt/ros/jazzy/opt/gz_utils_vendor:/opt/ros/jazzy/opt/gz_tools_vendor:/opt/ros/jazzy/opt/gz_ogre_next_vendor:/opt/ros/jazzy/opt/gz_dartsim_vendor:/opt/ros/jazzy/opt/gz_cmake_vendor:/home/mouha/crazyflie/ros2_ws/install/crazyflie_server_py:/home/mouha/crazyflie/ros2_ws/install/cf_led_mission:/home/mouha/crazyflie/ros2_ws/install/crazyflie_py:/home/mouha/ros2_ws/install/my_py_pkg:/opt/ros/jazzy DEBUGINFOD_URLS=https://debuginfod.ubuntu.com LD_LIBRARY_PATH=/home/mouha/crazyflie/ros2_ws/install/crazyflie_interfaces/lib:/home/mouha/crazyflie/ros2_ws/install/drive_base_msgs/lib:/home/mouha/crazyflie/ros2_ws/install/micro_ros_agent/lib:/home/mouha/crazyflie/ros2_ws/install/micro_ros_msgs/lib:/opt/ros/jazzy/opt/gz_sim_vendor/lib:/opt/ros/jazzy/opt/gz_sensors_vendor/lib:/opt/ros/jazzy/opt/gz_physics_vendor/lib:/opt/ros/jazzy/opt/sdformat_vendor/lib:/opt/ros/jazzy/opt/rviz_ogre_vendor/lib:/opt/ros/jazzy/lib/x86_64-linux-gnu:/opt/ros/jazzy/opt/gz_gui_vendor/lib:/opt/ros/jazzy/opt/gz_transport_vendor/lib:/opt/ros/jazzy/opt/gz_rendering_vendor/lib:/opt/ros/jazzy/opt/gz_plugin_vendor/lib:/opt/ros/jazzy/opt/gz_fuel_tools_vendor/lib:/opt/ros/jazzy/opt/gz_msgs_vendor/lib:/opt/ros/jazzy/opt/gz_common_vendor/lib:/opt/ros/jazzy/opt/gz_math_vendor/lib:/opt/ros/jazzy/opt/gz_utils_vendor/lib:/opt/ros/jazzy/opt/gz_tools_vendor/lib:/opt/ros/jazzy/opt/gz_ogre_next_vendor/lib:/opt/ros/jazzy/opt/gz_dartsim_vendor/lib:/opt/ros/jazzy/opt/gz_cmake_vendor/lib:/opt/ros/jazzy/lib PYTHONPATH=/home/mouha/crazyflie/ros2_ws/build/crazyflie_py:/home/mouha/crazyflie/ros2_ws/install/crazyflie_py/lib/python3.12/site-packages:/home/mouha/crazyflie/ros2_ws/install/crazyflie_interfaces/lib/python3.12/site-packages:/home/mouha/crazyflie/ros2_ws/install/drive_base_msgs/lib/python3.12/site-packages:/home/mouha/crazyflie/ros2_ws/install/micro_ros_msgs/lib/python3.12/site-packages:/home/mouha/crazyflie/ros2_ws/install/crazyflie_sim/lib/python3.12/site-packages:/home/mouha/crazyflie/ros2_ws/build/crazyflie_server_py:/home/mouha/crazyflie/ros2_ws/install/crazyflie_server_py/lib/python3.12/site-packages:/home/mouha/crazyflie/ros2_ws/install/crazyflie_examples/lib/python3.12/site-packages:/home/mouha/crazyflie/ros2_ws/build/cf_led_mission:/home/mouha/crazyflie/ros2_ws/install/cf_led_mission/lib/python3.12/site-packages:/home/mouha/ros2_ws/build/my_py_pkg:/home/mouha/ros2_ws/install/my_py_pkg/lib/python3.12/site-packages:/opt/ros/jazzy/lib/python3.12/site-packages /usr/bin/cmake --install /home/mouha/crazyflie/ros2_ws/build/crazyflie_examples
[3.547s] Level 1:colcon.colcon_core.environment:checking '/home/mouha/crazyflie/ros2_ws/install/crazyflie_examples' for CMake config files
[3.547s] Level 1:colcon.colcon_core.shell:create_environment_hook('crazyflie_examples', 'cmake_prefix_path')
[3.547s] INFO:colcon.colcon_core.shell:Creating environment hook '/home/mouha/crazyflie/ros2_ws/install/crazyflie_examples/share/crazyflie_examples/hook/cmake_prefix_path.ps1'
[3.547s] INFO:colcon.colcon_core.shell:Creating environment descriptor '/home/mouha/crazyflie/ros2_ws/install/crazyflie_examples/share/crazyflie_examples/hook/cmake_prefix_path.dsv'
[3.548s] INFO:colcon.colcon_core.shell:Creating environment hook '/home/mouha/crazyflie/ros2_ws/install/crazyflie_examples/share/crazyflie_examples/hook/cmake_prefix_path.sh'
[3.548s] Level 1:colcon.colcon_core.environment:checking '/home/mouha/crazyflie/ros2_ws/install/crazyflie_examples/lib'
[3.548s] Level 1:colcon.colcon_core.environment:checking '/home/mouha/crazyflie/ros2_ws/install/crazyflie_examples/bin'
[3.548s] Level 1:colcon.colcon_core.environment:checking '/home/mouha/crazyflie/ros2_ws/install/crazyflie_examples/lib/pkgconfig/crazyflie_examples.pc'
[3.548s] Level 1:colcon.colcon_core.environment:checking '/home/mouha/crazyflie/ros2_ws/install/crazyflie_examples/lib/python3.12/site-packages'
[3.548s] Level 1:colcon.colcon_core.shell:create_environment_hook('crazyflie_examples', 'pythonpath')
[3.549s] INFO:colcon.colcon_core.shell:Creating environment hook '/home/mouha/crazyflie/ros2_ws/install/crazyflie_examples/share/crazyflie_examples/hook/pythonpath.ps1'
[3.549s] INFO:colcon.colcon_core.shell:Creating environment descriptor '/home/mouha/crazyflie/ros2_ws/install/crazyflie_examples/share/crazyflie_examples/hook/pythonpath.dsv'
[3.549s] INFO:colcon.colcon_core.shell:Creating environment hook '/home/mouha/crazyflie/ros2_ws/install/crazyflie_examples/share/crazyflie_examples/hook/pythonpath.sh'
[3.549s] Level 1:colcon.colcon_core.environment:checking '/home/mouha/crazyflie/ros2_ws/install/crazyflie_examples/bin'
[3.550s] INFO:colcon.colcon_core.shell:Creating package script '/home/mouha/crazyflie/ros2_ws/install/crazyflie_examples/share/crazyflie_examples/package.ps1'
[3.550s] INFO:colcon.colcon_core.shell:Creating package descriptor '/home/mouha/crazyflie/ros2_ws/install/crazyflie_examples/share/crazyflie_examples/package.dsv'
[3.550s] INFO:colcon.colcon_core.shell:Creating package script '/home/mouha/crazyflie/ros2_ws/install/crazyflie_examples/share/crazyflie_examples/package.sh'
[3.551s] INFO:colcon.colcon_core.shell:Creating package script '/home/mouha/crazyflie/ros2_ws/install/crazyflie_examples/share/crazyflie_examples/package.bash'
[3.551s] INFO:colcon.colcon_core.shell:Creating package script '/home/mouha/crazyflie/ros2_ws/install/crazyflie_examples/share/crazyflie_examples/package.zsh'
[3.551s] Level 1:colcon.colcon_core.environment:create_file_with_runtime_dependencies(/home/mouha/crazyflie/ros2_ws/install/crazyflie_examples/share/colcon-core/packages/crazyflie_examples)
[3.551s] Level 1:colcon.colcon_core.environment:create_environment_scripts_only(crazyflie_examples)
[3.552s] Level 1:colcon.colcon_core.environment:checking '/home/mouha/crazyflie/ros2_ws/install/crazyflie_examples' for CMake module files
[3.552s] Level 1:colcon.colcon_core.environment:checking '/home/mouha/crazyflie/ros2_ws/install/crazyflie_examples' for CMake config files
[3.552s] Level 1:colcon.colcon_core.shell:create_environment_hook('crazyflie_examples', 'cmake_prefix_path')
[3.552s] INFO:colcon.colcon_core.shell:Creating environment hook '/home/mouha/crazyflie/ros2_ws/install/crazyflie_examples/share/crazyflie_examples/hook/cmake_prefix_path.ps1'
[3.553s] INFO:colcon.colcon_core.shell:Creating environment descriptor '/home/mouha/crazyflie/ros2_ws/install/crazyflie_examples/share/crazyflie_examples/hook/cmake_prefix_path.dsv'
[3.553s] INFO:colcon.colcon_core.shell:Creating environment hook '/home/mouha/crazyflie/ros2_ws/install/crazyflie_examples/share/crazyflie_examples/hook/cmake_prefix_path.sh'
[3.553s] Level 1:colcon.colcon_core.environment:checking '/home/mouha/crazyflie/ros2_ws/install/crazyflie_examples/lib'
[3.553s] Level 1:colcon.colcon_core.environment:checking '/home/mouha/crazyflie/ros2_ws/install/crazyflie_examples/bin'
[3.553s] Level 1:colcon.colcon_core.environment:checking '/home/mouha/crazyflie/ros2_ws/install/crazyflie_examples/lib/pkgconfig/crazyflie_examples.pc'
[3.554s] Level 1:colcon.colcon_core.environment:checking '/home/mouha/crazyflie/ros2_ws/install/crazyflie_examples/lib/python3.12/site-packages'
[3.554s] Level 1:colcon.colcon_core.shell:create_environment_hook('crazyflie_examples', 'pythonpath')
[3.554s] INFO:colcon.colcon_core.shell:Creating environment hook '/home/mouha/crazyflie/ros2_ws/install/crazyflie_examples/share/crazyflie_examples/hook/pythonpath.ps1'
[3.554s] INFO:colcon.colcon_core.shell:Creating environment descriptor '/home/mouha/crazyflie/ros2_ws/install/crazyflie_examples/share/crazyflie_examples/hook/pythonpath.dsv'
[3.554s] INFO:colcon.colcon_core.shell:Creating environment hook '/home/mouha/crazyflie/ros2_ws/install/crazyflie_examples/share/crazyflie_examples/hook/pythonpath.sh'
[3.555s] Level 1:colcon.colcon_core.environment:checking '/home/mouha/crazyflie/ros2_ws/install/crazyflie_examples/bin'
[3.555s] INFO:colcon.colcon_core.shell:Creating package script '/home/mouha/crazyflie/ros2_ws/install/crazyflie_examples/share/crazyflie_examples/package.ps1'
[3.555s] INFO:colcon.colcon_core.shell:Creating package descriptor '/home/mouha/crazyflie/ros2_ws/install/crazyflie_examples/share/crazyflie_examples/package.dsv'
[3.556s] INFO:colcon.colcon_core.shell:Creating package script '/home/mouha/crazyflie/ros2_ws/install/crazyflie_examples/share/crazyflie_examples/package.sh'
[3.556s] INFO:colcon.colcon_core.shell:Creating package script '/home/mouha/crazyflie/ros2_ws/install/crazyflie_examples/share/crazyflie_examples/package.bash'
[3.556s] INFO:colcon.colcon_core.shell:Creating package script '/home/mouha/crazyflie/ros2_ws/install/crazyflie_examples/share/crazyflie_examples/package.zsh'
[3.556s] Level 1:colcon.colcon_core.environment:create_file_with_runtime_dependencies(/home/mouha/crazyflie/ros2_ws/install/crazyflie_examples/share/colcon-core/packages/crazyflie_examples)
[4.034s] Level 1:colcon.colcon_core.shell:create_environment_hook('cf_led_mission', 'pythonpath_develop')
[4.035s] INFO:colcon.colcon_core.shell:Creating environment hook '/home/mouha/crazyflie/ros2_ws/build/cf_led_mission/share/cf_led_mission/hook/pythonpath_develop.ps1'
[4.035s] DEBUG:colcon.colcon_core.event_handler.log_command:Invoked command in '/home/mouha/crazyflie/ros2_ws/build/cf_led_mission' returned '0': AMENT_PREFIX_PATH=/home/mouha/crazyflie/ros2_ws/install/crazyflie_py:/home/mouha/crazyflie/ros2_ws/install/drive_base_msgs:/home/mouha/crazyflie/ros2_ws/install/micro_ros_setup:/home/mouha/crazyflie/ros2_ws/install/micro_ros_agent:/home/mouha/crazyflie/ros2_ws/install/micro_ros_msgs:/home/mouha/crazyflie/ros2_ws/install/crazyflie_sim:/home/mouha/crazyflie/ros2_ws/install/crazyflie_server_py:/home/mouha/crazyflie/ros2_ws/install/crazyflie_examples:/home/mouha/crazyflie/ros2_ws/install/cf_led_mission:/home/mouha/crazyflie/ros2_ws/install/crazyflie:/home/mouha/crazyflie/ros2_ws/install/crazyflie_interfaces:/home/mouha/crazyflie/ros2_ws/install/crazyflie_description:/home/mouha/ros2_ws/install/my_py_pkg:/home/mouha/ros2_ws/install/my_cpp_pkg:/opt/ros/jazzy CMAKE_PREFIX_PATH=/home/mouha/crazyflie/ros2_ws/install/crazyflie_interfaces:/home/mouha/crazyflie/ros2_ws/install/drive_base_msgs:/home/mouha/crazyflie/ros2_ws/install/micro_ros_setup:/home/mouha/crazyflie/ros2_ws/install/micro_ros_agent:/home/mouha/crazyflie/ros2_ws/install/micro_ros_msgs:/home/mouha/crazyflie/ros2_ws/install/crazyflie_sim:/home/mouha/crazyflie/ros2_ws/install/crazyflie_examples:/home/mouha/crazyflie/ros2_ws/install/crazyflie:/home/mouha/crazyflie/ros2_ws/install/crazyflie_description:/home/mouha/ros2_ws/install/my_cpp_pkg:/opt/ros/jazzy/opt/gz_sim_vendor:/opt/ros/jazzy/opt/gz_sensors_vendor:/opt/ros/jazzy/opt/gz_physics_vendor:/opt/ros/jazzy/opt/sdformat_vendor:/opt/ros/jazzy/opt/gz_gui_vendor:/opt/ros/jazzy/opt/gz_transport_vendor:/opt/ros/jazzy/opt/gz_rendering_vendor:/opt/ros/jazzy/opt/gz_plugin_vendor:/opt/ros/jazzy/opt/gz_fuel_tools_vendor:/opt/ros/jazzy/opt/gz_msgs_vendor:/opt/ros/jazzy/opt/gz_common_vendor:/opt/ros/jazzy/opt/gz_math_vendor:/opt/ros/jazzy/opt/gz_utils_vendor:/opt/ros/jazzy/opt/gz_tools_vendor:/opt/ros/jazzy/opt/gz_ogre_next_vendor:/opt/ros/jazzy/opt/gz_dartsim_vendor:/opt/ros/jazzy/opt/gz_cmake_vendor DEBUGINFOD_URLS=https://debuginfod.ubuntu.com LD_LIBRARY_PATH=/home/mouha/crazyflie/ros2_ws/install/crazyflie_interfaces/lib:/home/mouha/crazyflie/ros2_ws/install/drive_base_msgs/lib:/home/mouha/crazyflie/ros2_ws/install/micro_ros_agent/lib:/home/mouha/crazyflie/ros2_ws/install/micro_ros_msgs/lib:/opt/ros/jazzy/opt/gz_sim_vendor/lib:/opt/ros/jazzy/opt/gz_sensors_vendor/lib:/opt/ros/jazzy/opt/gz_physics_vendor/lib:/opt/ros/jazzy/opt/sdformat_vendor/lib:/opt/ros/jazzy/opt/rviz_ogre_vendor/lib:/opt/ros/jazzy/lib/x86_64-linux-gnu:/opt/ros/jazzy/opt/gz_gui_vendor/lib:/opt/ros/jazzy/opt/gz_transport_vendor/lib:/opt/ros/jazzy/opt/gz_rendering_vendor/lib:/opt/ros/jazzy/opt/gz_plugin_vendor/lib:/opt/ros/jazzy/opt/gz_fuel_tools_vendor/lib:/opt/ros/jazzy/opt/gz_msgs_vendor/lib:/opt/ros/jazzy/opt/gz_common_vendor/lib:/opt/ros/jazzy/opt/gz_math_vendor/lib:/opt/ros/jazzy/opt/gz_utils_vendor/lib:/opt/ros/jazzy/opt/gz_tools_vendor/lib:/opt/ros/jazzy/opt/gz_ogre_next_vendor/lib:/opt/ros/jazzy/opt/gz_dartsim_vendor/lib:/opt/ros/jazzy/opt/gz_cmake_vendor/lib:/opt/ros/jazzy/lib PYTHONPATH=/home/mouha/crazyflie/ros2_ws/build/cf_led_mission/prefix_override:/usr/lib/python3/dist-packages/colcon_core/task/python/colcon_distutils_commands:/home/mouha/crazyflie/ros2_ws/install/cf_led_mission/lib/python3.12/site-packages:/home/mouha/crazyflie/ros2_ws/build/crazyflie_py:/home/mouha/crazyflie/ros2_ws/install/crazyflie_py/lib/python3.12/site-packages:/home/mouha/crazyflie/ros2_ws/install/crazyflie_interfaces/lib/python3.12/site-packages:/home/mouha/crazyflie/ros2_ws/install/drive_base_msgs/lib/python3.12/site-packages:/home/mouha/crazyflie/ros2_ws/install/micro_ros_msgs/lib/python3.12/site-packages:/home/mouha/crazyflie/ros2_ws/install/crazyflie_sim/lib/python3.12/site-packages:/home/mouha/crazyflie/ros2_ws/build/crazyflie_server_py:/home/mouha/crazyflie/ros2_ws/install/crazyflie_server_py/lib/python3.12/site-packages:/home/mouha/crazyflie/ros2_ws/install/crazyflie_examples/lib/python3.12/site-packages:/home/mouha/crazyflie/ros2_ws/build/cf_led_mission:/home/mouha/crazyflie/ros2_ws/install/cf_led_mission/lib/python3.12/site-packages:/home/mouha/ros2_ws/build/my_py_pkg:/home/mouha/ros2_ws/install/my_py_pkg/lib/python3.12/site-packages:/opt/ros/jazzy/lib/python3.12/site-packages /usr/bin/python3 -W ignore:setup.py install is deprecated -W ignore:easy_install command is deprecated setup.py develop --editable --build-directory /home/mouha/crazyflie/ros2_ws/build/cf_led_mission/build --no-deps symlink_data
[4.036s] INFO:colcon.colcon_core.shell:Creating environment descriptor '/home/mouha/crazyflie/ros2_ws/build/cf_led_mission/share/cf_led_mission/hook/pythonpath_develop.dsv'
[4.036s] INFO:colcon.colcon_core.shell:Creating environment hook '/home/mouha/crazyflie/ros2_ws/build/cf_led_mission/share/cf_led_mission/hook/pythonpath_develop.sh'
[4.036s] Level 1:colcon.colcon_core.environment:checking '/home/mouha/crazyflie/ros2_ws/install/cf_led_mission' for CMake module files
[4.037s] Level 1:colcon.colcon_core.environment:checking '/home/mouha/crazyflie/ros2_ws/install/cf_led_mission' for CMake config files
[4.037s] Level 1:colcon.colcon_core.environment:checking '/home/mouha/crazyflie/ros2_ws/install/cf_led_mission/lib'
[4.037s] Level 1:colcon.colcon_core.environment:checking '/home/mouha/crazyflie/ros2_ws/install/cf_led_mission/bin'
[4.037s] Level 1:colcon.colcon_core.environment:checking '/home/mouha/crazyflie/ros2_ws/install/cf_led_mission/lib/pkgconfig/cf_led_mission.pc'
[4.037s] Level 1:colcon.colcon_core.environment:checking '/home/mouha/crazyflie/ros2_ws/install/cf_led_mission/lib/python3.12/site-packages'
[4.037s] Level 1:colcon.colcon_core.shell:create_environment_hook('cf_led_mission', 'pythonpath')
[4.037s] INFO:colcon.colcon_core.shell:Creating environment hook '/home/mouha/crazyflie/ros2_ws/install/cf_led_mission/share/cf_led_mission/hook/pythonpath.ps1'
[4.038s] INFO:colcon.colcon_core.shell:Creating environment descriptor '/home/mouha/crazyflie/ros2_ws/install/cf_led_mission/share/cf_led_mission/hook/pythonpath.dsv'
[4.038s] INFO:colcon.colcon_core.shell:Creating environment hook '/home/mouha/crazyflie/ros2_ws/install/cf_led_mission/share/cf_led_mission/hook/pythonpath.sh'
[4.038s] Level 1:colcon.colcon_core.environment:checking '/home/mouha/crazyflie/ros2_ws/install/cf_led_mission/bin'
[4.038s] Level 1:colcon.colcon_core.environment:create_environment_scripts_only(cf_led_mission)
[4.039s] INFO:colcon.colcon_core.shell:Creating package script '/home/mouha/crazyflie/ros2_ws/install/cf_led_mission/share/cf_led_mission/package.ps1'
[4.039s] INFO:colcon.colcon_core.shell:Creating package descriptor '/home/mouha/crazyflie/ros2_ws/install/cf_led_mission/share/cf_led_mission/package.dsv'
[4.039s] INFO:colcon.colcon_core.shell:Creating package script '/home/mouha/crazyflie/ros2_ws/install/cf_led_mission/share/cf_led_mission/package.sh'
[4.039s] INFO:colcon.colcon_core.shell:Creating package script '/home/mouha/crazyflie/ros2_ws/install/cf_led_mission/share/cf_led_mission/package.bash'
[4.040s] INFO:colcon.colcon_core.shell:Creating package script '/home/mouha/crazyflie/ros2_ws/install/cf_led_mission/share/cf_led_mission/package.zsh'
[4.040s] Level 1:colcon.colcon_core.environment:create_file_with_runtime_dependencies(/home/mouha/crazyflie/ros2_ws/install/cf_led_mission/share/colcon-core/packages/cf_led_mission)
[4.040s] DEBUG:colcon.colcon_parallel_executor.executor.parallel:closing loop
[4.040s] DEBUG:colcon.colcon_parallel_executor.executor.parallel:loop closed
[4.040s] DEBUG:colcon.colcon_parallel_executor.executor.parallel:run_until_complete finished with '0'
[4.041s] DEBUG:colcon.colcon_core.event_reactor:joining thread
[4.045s] INFO:colcon.colcon_core.plugin_system:Skipping extension 'colcon_notification.desktop_notification.terminal_notifier': Not used on non-Darwin systems
[4.045s] INFO:colcon.colcon_core.plugin_system:Skipping extension 'colcon_notification.desktop_notification.win32': Not used on non-Windows systems
[4.045s] INFO:colcon.colcon_notification.desktop_notification:Sending desktop notification using 'notify2'
[4.055s] DEBUG:colcon.colcon_core.event_reactor:joined thread
[4.055s] INFO:colcon.colcon_core.shell:Creating prefix script '/home/mouha/crazyflie/ros2_ws/install/local_setup.ps1'
[4.056s] INFO:colcon.colcon_core.shell:Creating prefix util module '/home/mouha/crazyflie/ros2_ws/install/_local_setup_util_ps1.py'
[4.057s] INFO:colcon.colcon_core.shell:Creating prefix chain script '/home/mouha/crazyflie/ros2_ws/install/setup.ps1'
[4.058s] INFO:colcon.colcon_core.shell:Creating prefix script '/home/mouha/crazyflie/ros2_ws/install/local_setup.sh'
[4.058s] INFO:colcon.colcon_core.shell:Creating prefix util module '/home/mouha/crazyflie/ros2_ws/install/_local_setup_util_sh.py'
[4.059s] INFO:colcon.colcon_core.shell:Creating prefix chain script '/home/mouha/crazyflie/ros2_ws/install/setup.sh'
[4.059s] INFO:colcon.colcon_core.shell:Creating prefix script '/home/mouha/crazyflie/ros2_ws/install/local_setup.bash'
[4.060s] INFO:colcon.colcon_core.shell:Creating prefix chain script '/home/mouha/crazyflie/ros2_ws/install/setup.bash'
[4.061s] INFO:colcon.colcon_core.shell:Creating prefix script '/home/mouha/crazyflie/ros2_ws/install/local_setup.zsh'
[4.061s] INFO:colcon.colcon_core.shell:Creating prefix chain script '/home/mouha/crazyflie/ros2_ws/install/setup.zsh'
