[0.083s] DEBUG:colcon:Command line arguments: ['/usr/bin/colcon', 'build', '--symlink-install']
[0.083s] DEBUG:colcon:Parsed command line arguments: Namespace(log_base=None, log_level=None, verb_name='build', build_base='build', install_base='install', merge_install=False, symlink_install=True, test_result_base=None, continue_on_error=False, executor='parallel', parallel_workers=12, event_handlers=None, ignore_user_meta=False, metas=['./colcon.meta'], base_paths=['.'], packages_ignore=None, packages_ignore_regex=None, paths=None, packages_up_to=None, packages_up_to_regex=None, packages_above=None, packages_above_and_dependencies=None, packages_above_depth=None, packages_select_by_dep=None, packages_skip_by_dep=None, packages_skip_up_to=None, packages_select_build_failed=False, packages_skip_build_finished=False, packages_select_test_failures=False, packages_skip_test_passed=False, packages_select=None, packages_skip=None, packages_select_regex=None, packages_skip_regex=None, packages_start=None, packages_end=None, allow_overriding=[], cmake_args=None, cmake_target=None, cmake_target_skip_unavailable=False, cmake_clean_cache=False, cmake_clean_first=False, cmake_force_configure=False, ament_cmake_args=None, catkin_cmake_args=None, catkin_skip_building_tests=False, mixin_files=None, mixin=None, verb_parser=<colcon_mixin.mixin.mixin_argument.MixinArgumentDecorator object at 0x7c8c8cca22d0>, verb_extension=<colcon_core.verb.build.BuildVerb object at 0x7c8c8cca1f10>, main=<bound method BuildVerb.main of <colcon_core.verb.build.BuildVerb object at 0x7c8c8cca1f10>>, mixin_verb=('build',))
[0.112s] Level 1:colcon.colcon_core.package_discovery:discover_packages(colcon_meta) check parameters
[0.112s] Level 1:colcon.colcon_core.package_discovery:discover_packages(recursive) check parameters
[0.112s] Level 1:colcon.colcon_core.package_discovery:discover_packages(ignore) check parameters
[0.112s] Level 1:colcon.colcon_core.package_discovery:discover_packages(path) check parameters
[0.112s] Level 1:colcon.colcon_core.package_discovery:discover_packages(colcon_meta) discover
[0.112s] Level 1:colcon.colcon_core.package_discovery:discover_packages(recursive) discover
[0.112s] INFO:colcon.colcon_core.package_discovery:Crawling recursively for packages in '/home/mouha/crazyflie/ros2_ws'
[0.113s] Level 1:colcon.colcon_core.package_identification:_identify(.) by extensions ['ignore', 'ignore_ament_install']
[0.113s] Level 1:colcon.colcon_core.package_identification:_identify(.) by extension 'ignore'
[0.113s] Level 1:colcon.colcon_core.package_identification:_identify(.) by extension 'ignore_ament_install'
[0.113s] Level 1:colcon.colcon_core.package_identification:_identify(.) by extensions ['colcon_pkg']
[0.113s] Level 1:colcon.colcon_core.package_identification:_identify(.) by extension 'colcon_pkg'
[0.113s] Level 1:colcon.colcon_core.package_identification:_identify(.) by extensions ['colcon_meta']
[0.113s] Level 1:colcon.colcon_core.package_identification:_identify(.) by extension 'colcon_meta'
[0.113s] Level 1:colcon.colcon_core.package_identification:_identify(.) by extensions ['ros']
[0.113s] Level 1:colcon.colcon_core.package_identification:_identify(.) by extension 'ros'
[0.132s] Level 1:colcon.colcon_core.package_identification:_identify(.) by extensions ['cmake', 'python']
[0.132s] Level 1:colcon.colcon_core.package_identification:_identify(.) by extension 'cmake'
[0.133s] Level 1:colcon.colcon_core.package_identification:_identify(.) by extension 'python'
[0.133s] Level 1:colcon.colcon_core.package_identification:_identify(.) by extensions ['python_setup_py']
[0.133s] Level 1:colcon.colcon_core.package_identification:_identify(.) by extension 'python_setup_py'
[0.133s] Level 1:colcon.colcon_core.package_identification:_identify(build) by extensions ['ignore', 'ignore_ament_install']
[0.133s] Level 1:colcon.colcon_core.package_identification:_identify(build) by extension 'ignore'
[0.133s] Level 1:colcon.colcon_core.package_identification:_identify(build) ignored
[0.133s] Level 1:colcon.colcon_core.package_identification:_identify(install) by extensions ['ignore', 'ignore_ament_install']
[0.133s] Level 1:colcon.colcon_core.package_identification:_identify(install) by extension 'ignore'
[0.133s] Level 1:colcon.colcon_core.package_identification:_identify(install) ignored
[0.133s] Level 1:colcon.colcon_core.package_identification:_identify(log) by extensions ['ignore', 'ignore_ament_install']
[0.133s] Level 1:colcon.colcon_core.package_identification:_identify(log) by extension 'ignore'
[0.133s] Level 1:colcon.colcon_core.package_identification:_identify(log) ignored
[0.133s] Level 1:colcon.colcon_core.package_identification:_identify(src) by extensions ['ignore', 'ignore_ament_install']
[0.133s] Level 1:colcon.colcon_core.package_identification:_identify(src) by extension 'ignore'
[0.133s] Level 1:colcon.colcon_core.package_identification:_identify(src) by extension 'ignore_ament_install'
[0.133s] Level 1:colcon.colcon_core.package_identification:_identify(src) by extensions ['colcon_pkg']
[0.133s] Level 1:colcon.colcon_core.package_identification:_identify(src) by extension 'colcon_pkg'
[0.133s] Level 1:colcon.colcon_core.package_identification:_identify(src) by extensions ['colcon_meta']
[0.133s] Level 1:colcon.colcon_core.package_identification:_identify(src) by extension 'colcon_meta'
[0.133s] Level 1:colcon.colcon_core.package_identification:_identify(src) by extensions ['ros']
[0.133s] Level 1:colcon.colcon_core.package_identification:_identify(src) by extension 'ros'
[0.133s] Level 1:colcon.colcon_core.package_identification:_identify(src) by extensions ['cmake', 'python']
[0.134s] Level 1:colcon.colcon_core.package_identification:_identify(src) by extension 'cmake'
[0.134s] Level 1:colcon.colcon_core.package_identification:_identify(src) by extension 'python'
[0.134s] Level 1:colcon.colcon_core.package_identification:_identify(src) by extensions ['python_setup_py']
[0.134s] Level 1:colcon.colcon_core.package_identification:_identify(src) by extension 'python_setup_py'
[0.134s] Level 1:colcon.colcon_core.package_identification:_identify(src/cf_led_mission) by extensions ['ignore', 'ignore_ament_install']
[0.134s] Level 1:colcon.colcon_core.package_identification:_identify(src/cf_led_mission) by extension 'ignore'
[0.134s] Level 1:colcon.colcon_core.package_identification:_identify(src/cf_led_mission) by extension 'ignore_ament_install'
[0.134s] Level 1:colcon.colcon_core.package_identification:_identify(src/cf_led_mission) by extensions ['colcon_pkg']
[0.134s] Level 1:colcon.colcon_core.package_identification:_identify(src/cf_led_mission) by extension 'colcon_pkg'
[0.134s] Level 1:colcon.colcon_core.package_identification:_identify(src/cf_led_mission) by extensions ['colcon_meta']
[0.134s] Level 1:colcon.colcon_core.package_identification:_identify(src/cf_led_mission) by extension 'colcon_meta'
[0.134s] Level 1:colcon.colcon_core.package_identification:_identify(src/cf_led_mission) by extensions ['ros']
[0.134s] Level 1:colcon.colcon_core.package_identification:_identify(src/cf_led_mission) by extension 'ros'
[0.136s] DEBUG:colcon.colcon_core.package_identification:Package 'src/cf_led_mission' with type 'ros.ament_python' and name 'cf_led_mission'
[0.136s] Level 1:colcon.colcon_core.package_identification:_identify(src/crazyswarm2) by extensions ['ignore', 'ignore_ament_install']
[0.136s] Level 1:colcon.colcon_core.package_identification:_identify(src/crazyswarm2) by extension 'ignore'
[0.136s] Level 1:colcon.colcon_core.package_identification:_identify(src/crazyswarm2) by extension 'ignore_ament_install'
[0.136s] Level 1:colcon.colcon_core.package_identification:_identify(src/crazyswarm2) by extensions ['colcon_pkg']
[0.136s] Level 1:colcon.colcon_core.package_identification:_identify(src/crazyswarm2) by extension 'colcon_pkg'
[0.136s] Level 1:colcon.colcon_core.package_identification:_identify(src/crazyswarm2) by extensions ['colcon_meta']
[0.136s] Level 1:colcon.colcon_core.package_identification:_identify(src/crazyswarm2) by extension 'colcon_meta'
[0.136s] Level 1:colcon.colcon_core.package_identification:_identify(src/crazyswarm2) by extensions ['ros']
[0.136s] Level 1:colcon.colcon_core.package_identification:_identify(src/crazyswarm2) by extension 'ros'
[0.136s] Level 1:colcon.colcon_core.package_identification:_identify(src/crazyswarm2) by extensions ['cmake', 'python']
[0.136s] Level 1:colcon.colcon_core.package_identification:_identify(src/crazyswarm2) by extension 'cmake'
[0.136s] Level 1:colcon.colcon_core.package_identification:_identify(src/crazyswarm2) by extension 'python'
[0.136s] Level 1:colcon.colcon_core.package_identification:_identify(src/crazyswarm2) by extensions ['python_setup_py']
[0.136s] Level 1:colcon.colcon_core.package_identification:_identify(src/crazyswarm2) by extension 'python_setup_py'
[0.136s] Level 1:colcon.colcon_core.package_identification:_identify(src/crazyswarm2/crazyflie) by extensions ['ignore', 'ignore_ament_install']
[0.137s] Level 1:colcon.colcon_core.package_identification:_identify(src/crazyswarm2/crazyflie) by extension 'ignore'
[0.137s] Level 1:colcon.colcon_core.package_identification:_identify(src/crazyswarm2/crazyflie) by extension 'ignore_ament_install'
[0.137s] Level 1:colcon.colcon_core.package_identification:_identify(src/crazyswarm2/crazyflie) by extensions ['colcon_pkg']
[0.137s] Level 1:colcon.colcon_core.package_identification:_identify(src/crazyswarm2/crazyflie) by extension 'colcon_pkg'
[0.137s] Level 1:colcon.colcon_core.package_identification:_identify(src/crazyswarm2/crazyflie) by extensions ['colcon_meta']
[0.137s] Level 1:colcon.colcon_core.package_identification:_identify(src/crazyswarm2/crazyflie) by extension 'colcon_meta'
[0.137s] Level 1:colcon.colcon_core.package_identification:_identify(src/crazyswarm2/crazyflie) by extensions ['ros']
[0.137s] Level 1:colcon.colcon_core.package_identification:_identify(src/crazyswarm2/crazyflie) by extension 'ros'
[0.138s] DEBUG:colcon.colcon_core.package_identification:Package 'src/crazyswarm2/crazyflie' with type 'ros.ament_cmake' and name 'crazyflie'
[0.138s] Level 1:colcon.colcon_core.package_identification:_identify(src/crazyswarm2/crazyflie_description) by extensions ['ignore', 'ignore_ament_install']
[0.138s] Level 1:colcon.colcon_core.package_identification:_identify(src/crazyswarm2/crazyflie_description) by extension 'ignore'
[0.138s] Level 1:colcon.colcon_core.package_identification:_identify(src/crazyswarm2/crazyflie_description) by extension 'ignore_ament_install'
[0.138s] Level 1:colcon.colcon_core.package_identification:_identify(src/crazyswarm2/crazyflie_description) by extensions ['colcon_pkg']
[0.138s] Level 1:colcon.colcon_core.package_identification:_identify(src/crazyswarm2/crazyflie_description) by extension 'colcon_pkg'
[0.138s] Level 1:colcon.colcon_core.package_identification:_identify(src/crazyswarm2/crazyflie_description) by extensions ['colcon_meta']
[0.138s] Level 1:colcon.colcon_core.package_identification:_identify(src/crazyswarm2/crazyflie_description) by extension 'colcon_meta'
[0.138s] Level 1:colcon.colcon_core.package_identification:_identify(src/crazyswarm2/crazyflie_description) by extensions ['ros']
[0.138s] Level 1:colcon.colcon_core.package_identification:_identify(src/crazyswarm2/crazyflie_description) by extension 'ros'
[0.138s] DEBUG:colcon.colcon_core.package_identification:Package 'src/crazyswarm2/crazyflie_description' with type 'ros.ament_cmake' and name 'crazyflie_description'
[0.138s] Level 1:colcon.colcon_core.package_identification:_identify(src/crazyswarm2/crazyflie_examples) by extensions ['ignore', 'ignore_ament_install']
[0.138s] Level 1:colcon.colcon_core.package_identification:_identify(src/crazyswarm2/crazyflie_examples) by extension 'ignore'
[0.138s] Level 1:colcon.colcon_core.package_identification:_identify(src/crazyswarm2/crazyflie_examples) by extension 'ignore_ament_install'
[0.138s] Level 1:colcon.colcon_core.package_identification:_identify(src/crazyswarm2/crazyflie_examples) by extensions ['colcon_pkg']
[0.138s] Level 1:colcon.colcon_core.package_identification:_identify(src/crazyswarm2/crazyflie_examples) by extension 'colcon_pkg'
[0.138s] Level 1:colcon.colcon_core.package_identification:_identify(src/crazyswarm2/crazyflie_examples) by extensions ['colcon_meta']
[0.138s] Level 1:colcon.colcon_core.package_identification:_identify(src/crazyswarm2/crazyflie_examples) by extension 'colcon_meta'
[0.138s] Level 1:colcon.colcon_core.package_identification:_identify(src/crazyswarm2/crazyflie_examples) by extensions ['ros']
[0.138s] Level 1:colcon.colcon_core.package_identification:_identify(src/crazyswarm2/crazyflie_examples) by extension 'ros'
[0.139s] DEBUG:colcon.colcon_core.package_identification:Package 'src/crazyswarm2/crazyflie_examples' with type 'ros.ament_cmake' and name 'crazyflie_examples'
[0.139s] Level 1:colcon.colcon_core.package_identification:_identify(src/crazyswarm2/crazyflie_interfaces) by extensions ['ignore', 'ignore_ament_install']
[0.139s] Level 1:colcon.colcon_core.package_identification:_identify(src/crazyswarm2/crazyflie_interfaces) by extension 'ignore'
[0.139s] Level 1:colcon.colcon_core.package_identification:_identify(src/crazyswarm2/crazyflie_interfaces) by extension 'ignore_ament_install'
[0.139s] Level 1:colcon.colcon_core.package_identification:_identify(src/crazyswarm2/crazyflie_interfaces) by extensions ['colcon_pkg']
[0.139s] Level 1:colcon.colcon_core.package_identification:_identify(src/crazyswarm2/crazyflie_interfaces) by extension 'colcon_pkg'
[0.139s] Level 1:colcon.colcon_core.package_identification:_identify(src/crazyswarm2/crazyflie_interfaces) by extensions ['colcon_meta']
[0.139s] Level 1:colcon.colcon_core.package_identification:_identify(src/crazyswarm2/crazyflie_interfaces) by extension 'colcon_meta'
[0.139s] Level 1:colcon.colcon_core.package_identification:_identify(src/crazyswarm2/crazyflie_interfaces) by extensions ['ros']
[0.139s] Level 1:colcon.colcon_core.package_identification:_identify(src/crazyswarm2/crazyflie_interfaces) by extension 'ros'
[0.140s] DEBUG:colcon.colcon_core.package_identification:Package 'src/crazyswarm2/crazyflie_interfaces' with type 'ros.ament_cmake' and name 'crazyflie_interfaces'
[0.140s] Level 1:colcon.colcon_core.package_identification:_identify(src/crazyswarm2/crazyflie_py) by extensions ['ignore', 'ignore_ament_install']
[0.140s] Level 1:colcon.colcon_core.package_identification:_identify(src/crazyswarm2/crazyflie_py) by extension 'ignore'
[0.140s] Level 1:colcon.colcon_core.package_identification:_identify(src/crazyswarm2/crazyflie_py) by extension 'ignore_ament_install'
[0.140s] Level 1:colcon.colcon_core.package_identification:_identify(src/crazyswarm2/crazyflie_py) by extensions ['colcon_pkg']
[0.140s] Level 1:colcon.colcon_core.package_identification:_identify(src/crazyswarm2/crazyflie_py) by extension 'colcon_pkg'
[0.140s] Level 1:colcon.colcon_core.package_identification:_identify(src/crazyswarm2/crazyflie_py) by extensions ['colcon_meta']
[0.140s] Level 1:colcon.colcon_core.package_identification:_identify(src/crazyswarm2/crazyflie_py) by extension 'colcon_meta'
[0.140s] Level 1:colcon.colcon_core.package_identification:_identify(src/crazyswarm2/crazyflie_py) by extensions ['ros']
[0.140s] Level 1:colcon.colcon_core.package_identification:_identify(src/crazyswarm2/crazyflie_py) by extension 'ros'
[0.141s] DEBUG:colcon.colcon_core.package_identification:Package 'src/crazyswarm2/crazyflie_py' with type 'ros.ament_python' and name 'crazyflie_py'
[0.141s] Level 1:colcon.colcon_core.package_identification:_identify(src/crazyswarm2/crazyflie_server_py) by extensions ['ignore', 'ignore_ament_install']
[0.141s] Level 1:colcon.colcon_core.package_identification:_identify(src/crazyswarm2/crazyflie_server_py) by extension 'ignore'
[0.141s] Level 1:colcon.colcon_core.package_identification:_identify(src/crazyswarm2/crazyflie_server_py) by extension 'ignore_ament_install'
[0.141s] Level 1:colcon.colcon_core.package_identification:_identify(src/crazyswarm2/crazyflie_server_py) by extensions ['colcon_pkg']
[0.141s] Level 1:colcon.colcon_core.package_identification:_identify(src/crazyswarm2/crazyflie_server_py) by extension 'colcon_pkg'
[0.141s] Level 1:colcon.colcon_core.package_identification:_identify(src/crazyswarm2/crazyflie_server_py) by extensions ['colcon_meta']
[0.141s] Level 1:colcon.colcon_core.package_identification:_identify(src/crazyswarm2/crazyflie_server_py) by extension 'colcon_meta'
[0.141s] Level 1:colcon.colcon_core.package_identification:_identify(src/crazyswarm2/crazyflie_server_py) by extensions ['ros']
[0.141s] Level 1:colcon.colcon_core.package_identification:_identify(src/crazyswarm2/crazyflie_server_py) by extension 'ros'
[0.142s] DEBUG:colcon.colcon_core.package_identification:Package 'src/crazyswarm2/crazyflie_server_py' with type 'ros.ament_python' and name 'crazyflie_server_py'
[0.142s] Level 1:colcon.colcon_core.package_identification:_identify(src/crazyswarm2/crazyflie_sim) by extensions ['ignore', 'ignore_ament_install']
[0.142s] Level 1:colcon.colcon_core.package_identification:_identify(src/crazyswarm2/crazyflie_sim) by extension 'ignore'
[0.142s] Level 1:colcon.colcon_core.package_identification:_identify(src/crazyswarm2/crazyflie_sim) by extension 'ignore_ament_install'
[0.142s] Level 1:colcon.colcon_core.package_identification:_identify(src/crazyswarm2/crazyflie_sim) by extensions ['colcon_pkg']
[0.142s] Level 1:colcon.colcon_core.package_identification:_identify(src/crazyswarm2/crazyflie_sim) by extension 'colcon_pkg'
[0.142s] Level 1:colcon.colcon_core.package_identification:_identify(src/crazyswarm2/crazyflie_sim) by extensions ['colcon_meta']
[0.142s] Level 1:colcon.colcon_core.package_identification:_identify(src/crazyswarm2/crazyflie_sim) by extension 'colcon_meta'
[0.142s] Level 1:colcon.colcon_core.package_identification:_identify(src/crazyswarm2/crazyflie_sim) by extensions ['ros']
[0.142s] Level 1:colcon.colcon_core.package_identification:_identify(src/crazyswarm2/crazyflie_sim) by extension 'ros'
[0.143s] DEBUG:colcon.colcon_core.package_identification:Package 'src/crazyswarm2/crazyflie_sim' with type 'ros.ament_cmake' and name 'crazyflie_sim'
[0.143s] Level 1:colcon.colcon_core.package_identification:_identify(src/crazyswarm2/docs) by extensions ['ignore', 'ignore_ament_install']
[0.143s] Level 1:colcon.colcon_core.package_identification:_identify(src/crazyswarm2/docs) by extension 'ignore'
[0.143s] Level 1:colcon.colcon_core.package_identification:_identify(src/crazyswarm2/docs) by extension 'ignore_ament_install'
[0.143s] Level 1:colcon.colcon_core.package_identification:_identify(src/crazyswarm2/docs) by extensions ['colcon_pkg']
[0.143s] Level 1:colcon.colcon_core.package_identification:_identify(src/crazyswarm2/docs) by extension 'colcon_pkg'
[0.143s] Level 1:colcon.colcon_core.package_identification:_identify(src/crazyswarm2/docs) by extensions ['colcon_meta']
[0.143s] Level 1:colcon.colcon_core.package_identification:_identify(src/crazyswarm2/docs) by extension 'colcon_meta'
[0.143s] Level 1:colcon.colcon_core.package_identification:_identify(src/crazyswarm2/docs) by extensions ['ros']
[0.143s] Level 1:colcon.colcon_core.package_identification:_identify(src/crazyswarm2/docs) by extension 'ros'
[0.143s] Level 1:colcon.colcon_core.package_identification:_identify(src/crazyswarm2/docs) by extensions ['cmake', 'python']
[0.143s] Level 1:colcon.colcon_core.package_identification:_identify(src/crazyswarm2/docs) by extension 'cmake'
[0.143s] Level 1:colcon.colcon_core.package_identification:_identify(src/crazyswarm2/docs) by extension 'python'
[0.143s] Level 1:colcon.colcon_core.package_identification:_identify(src/crazyswarm2/docs) by extensions ['python_setup_py']
[0.143s] Level 1:colcon.colcon_core.package_identification:_identify(src/crazyswarm2/docs) by extension 'python_setup_py'
[0.143s] Level 1:colcon.colcon_core.package_identification:_identify(src/crazyswarm2/docs/generated) by extensions ['ignore', 'ignore_ament_install']
[0.143s] Level 1:colcon.colcon_core.package_identification:_identify(src/crazyswarm2/docs/generated) by extension 'ignore'
[0.143s] Level 1:colcon.colcon_core.package_identification:_identify(src/crazyswarm2/docs/generated) by extension 'ignore_ament_install'
[0.143s] Level 1:colcon.colcon_core.package_identification:_identify(src/crazyswarm2/docs/generated) by extensions ['colcon_pkg']
[0.143s] Level 1:colcon.colcon_core.package_identification:_identify(src/crazyswarm2/docs/generated) by extension 'colcon_pkg'
[0.143s] Level 1:colcon.colcon_core.package_identification:_identify(src/crazyswarm2/docs/generated) by extensions ['colcon_meta']
[0.143s] Level 1:colcon.colcon_core.package_identification:_identify(src/crazyswarm2/docs/generated) by extension 'colcon_meta'
[0.143s] Level 1:colcon.colcon_core.package_identification:_identify(src/crazyswarm2/docs/generated) by extensions ['ros']
[0.143s] Level 1:colcon.colcon_core.package_identification:_identify(src/crazyswarm2/docs/generated) by extension 'ros'
[0.144s] Level 1:colcon.colcon_core.package_identification:_identify(src/crazyswarm2/docs/generated) by extensions ['cmake', 'python']
[0.144s] Level 1:colcon.colcon_core.package_identification:_identify(src/crazyswarm2/docs/generated) by extension 'cmake'
[0.144s] Level 1:colcon.colcon_core.package_identification:_identify(src/crazyswarm2/docs/generated) by extension 'python'
[0.144s] Level 1:colcon.colcon_core.package_identification:_identify(src/crazyswarm2/docs/generated) by extensions ['python_setup_py']
[0.144s] Level 1:colcon.colcon_core.package_identification:_identify(src/crazyswarm2/docs/generated) by extension 'python_setup_py'
[0.144s] Level 1:colcon.colcon_core.package_identification:_identify(src/crazyswarm2/docs/howto) by extensions ['ignore', 'ignore_ament_install']
[0.144s] Level 1:colcon.colcon_core.package_identification:_identify(src/crazyswarm2/docs/howto) by extension 'ignore'
[0.144s] Level 1:colcon.colcon_core.package_identification:_identify(src/crazyswarm2/docs/howto) by extension 'ignore_ament_install'
[0.144s] Level 1:colcon.colcon_core.package_identification:_identify(src/crazyswarm2/docs/howto) by extensions ['colcon_pkg']
[0.144s] Level 1:colcon.colcon_core.package_identification:_identify(src/crazyswarm2/docs/howto) by extension 'colcon_pkg'
[0.144s] Level 1:colcon.colcon_core.package_identification:_identify(src/crazyswarm2/docs/howto) by extensions ['colcon_meta']
[0.144s] Level 1:colcon.colcon_core.package_identification:_identify(src/crazyswarm2/docs/howto) by extension 'colcon_meta'
[0.144s] Level 1:colcon.colcon_core.package_identification:_identify(src/crazyswarm2/docs/howto) by extensions ['ros']
[0.144s] Level 1:colcon.colcon_core.package_identification:_identify(src/crazyswarm2/docs/howto) by extension 'ros'
[0.144s] Level 1:colcon.colcon_core.package_identification:_identify(src/crazyswarm2/docs/howto) by extensions ['cmake', 'python']
[0.144s] Level 1:colcon.colcon_core.package_identification:_identify(src/crazyswarm2/docs/howto) by extension 'cmake'
[0.144s] Level 1:colcon.colcon_core.package_identification:_identify(src/crazyswarm2/docs/howto) by extension 'python'
[0.144s] Level 1:colcon.colcon_core.package_identification:_identify(src/crazyswarm2/docs/howto) by extensions ['python_setup_py']
[0.144s] Level 1:colcon.colcon_core.package_identification:_identify(src/crazyswarm2/docs/howto) by extension 'python_setup_py'
[0.144s] Level 1:colcon.colcon_core.package_identification:_identify(src/crazyswarm2/docs/images) by extensions ['ignore', 'ignore_ament_install']
[0.144s] Level 1:colcon.colcon_core.package_identification:_identify(src/crazyswarm2/docs/images) by extension 'ignore'
[0.144s] Level 1:colcon.colcon_core.package_identification:_identify(src/crazyswarm2/docs/images) by extension 'ignore_ament_install'
[0.144s] Level 1:colcon.colcon_core.package_identification:_identify(src/crazyswarm2/docs/images) by extensions ['colcon_pkg']
[0.144s] Level 1:colcon.colcon_core.package_identification:_identify(src/crazyswarm2/docs/images) by extension 'colcon_pkg'
[0.144s] Level 1:colcon.colcon_core.package_identification:_identify(src/crazyswarm2/docs/images) by extensions ['colcon_meta']
[0.144s] Level 1:colcon.colcon_core.package_identification:_identify(src/crazyswarm2/docs/images) by extension 'colcon_meta'
[0.144s] Level 1:colcon.colcon_core.package_identification:_identify(src/crazyswarm2/docs/images) by extensions ['ros']
[0.144s] Level 1:colcon.colcon_core.package_identification:_identify(src/crazyswarm2/docs/images) by extension 'ros'
[0.144s] Level 1:colcon.colcon_core.package_identification:_identify(src/crazyswarm2/docs/images) by extensions ['cmake', 'python']
[0.144s] Level 1:colcon.colcon_core.package_identification:_identify(src/crazyswarm2/docs/images) by extension 'cmake'
[0.145s] Level 1:colcon.colcon_core.package_identification:_identify(src/crazyswarm2/docs/images) by extension 'python'
[0.145s] Level 1:colcon.colcon_core.package_identification:_identify(src/crazyswarm2/docs/images) by extensions ['python_setup_py']
[0.145s] Level 1:colcon.colcon_core.package_identification:_identify(src/crazyswarm2/docs/images) by extension 'python_setup_py'
[0.145s] Level 1:colcon.colcon_core.package_identification:_identify(src/crazyswarm2/docs/tutorials) by extensions ['ignore', 'ignore_ament_install']
[0.145s] Level 1:colcon.colcon_core.package_identification:_identify(src/crazyswarm2/docs/tutorials) by extension 'ignore'
[0.145s] Level 1:colcon.colcon_core.package_identification:_identify(src/crazyswarm2/docs/tutorials) by extension 'ignore_ament_install'
[0.145s] Level 1:colcon.colcon_core.package_identification:_identify(src/crazyswarm2/docs/tutorials) by extensions ['colcon_pkg']
[0.145s] Level 1:colcon.colcon_core.package_identification:_identify(src/crazyswarm2/docs/tutorials) by extension 'colcon_pkg'
[0.145s] Level 1:colcon.colcon_core.package_identification:_identify(src/crazyswarm2/docs/tutorials) by extensions ['colcon_meta']
[0.145s] Level 1:colcon.colcon_core.package_identification:_identify(src/crazyswarm2/docs/tutorials) by extension 'colcon_meta'
[0.145s] Level 1:colcon.colcon_core.package_identification:_identify(src/crazyswarm2/docs/tutorials) by extensions ['ros']
[0.145s] Level 1:colcon.colcon_core.package_identification:_identify(src/crazyswarm2/docs/tutorials) by extension 'ros'
[0.145s] Level 1:colcon.colcon_core.package_identification:_identify(src/crazyswarm2/docs/tutorials) by extensions ['cmake', 'python']
[0.145s] Level 1:colcon.colcon_core.package_identification:_identify(src/crazyswarm2/docs/tutorials) by extension 'cmake'
[0.145s] Level 1:colcon.colcon_core.package_identification:_identify(src/crazyswarm2/docs/tutorials) by extension 'python'
[0.145s] Level 1:colcon.colcon_core.package_identification:_identify(src/crazyswarm2/docs/tutorials) by extensions ['python_setup_py']
[0.145s] Level 1:colcon.colcon_core.package_identification:_identify(src/crazyswarm2/docs/tutorials) by extension 'python_setup_py'
[0.145s] Level 1:colcon.colcon_core.package_identification:_identify(src/crazyswarm2/docs2) by extensions ['ignore', 'ignore_ament_install']
[0.145s] Level 1:colcon.colcon_core.package_identification:_identify(src/crazyswarm2/docs2) by extension 'ignore'
[0.145s] Level 1:colcon.colcon_core.package_identification:_identify(src/crazyswarm2/docs2) by extension 'ignore_ament_install'
[0.145s] Level 1:colcon.colcon_core.package_identification:_identify(src/crazyswarm2/docs2) by extensions ['colcon_pkg']
[0.145s] Level 1:colcon.colcon_core.package_identification:_identify(src/crazyswarm2/docs2) by extension 'colcon_pkg'
[0.145s] Level 1:colcon.colcon_core.package_identification:_identify(src/crazyswarm2/docs2) by extensions ['colcon_meta']
[0.145s] Level 1:colcon.colcon_core.package_identification:_identify(src/crazyswarm2/docs2) by extension 'colcon_meta'
[0.145s] Level 1:colcon.colcon_core.package_identification:_identify(src/crazyswarm2/docs2) by extensions ['ros']
[0.145s] Level 1:colcon.colcon_core.package_identification:_identify(src/crazyswarm2/docs2) by extension 'ros'
[0.145s] Level 1:colcon.colcon_core.package_identification:_identify(src/crazyswarm2/docs2) by extensions ['cmake', 'python']
[0.146s] Level 1:colcon.colcon_core.package_identification:_identify(src/crazyswarm2/docs2) by extension 'cmake'
[0.146s] Level 1:colcon.colcon_core.package_identification:_identify(src/crazyswarm2/docs2) by extension 'python'
[0.146s] Level 1:colcon.colcon_core.package_identification:_identify(src/crazyswarm2/docs2) by extensions ['python_setup_py']
[0.146s] Level 1:colcon.colcon_core.package_identification:_identify(src/crazyswarm2/docs2) by extension 'python_setup_py'
[0.146s] Level 1:colcon.colcon_core.package_identification:_identify(src/crazyswarm2/docs2/images) by extensions ['ignore', 'ignore_ament_install']
[0.146s] Level 1:colcon.colcon_core.package_identification:_identify(src/crazyswarm2/docs2/images) by extension 'ignore'
[0.146s] Level 1:colcon.colcon_core.package_identification:_identify(src/crazyswarm2/docs2/images) by extension 'ignore_ament_install'
[0.146s] Level 1:colcon.colcon_core.package_identification:_identify(src/crazyswarm2/docs2/images) by extensions ['colcon_pkg']
[0.146s] Level 1:colcon.colcon_core.package_identification:_identify(src/crazyswarm2/docs2/images) by extension 'colcon_pkg'
[0.146s] Level 1:colcon.colcon_core.package_identification:_identify(src/crazyswarm2/docs2/images) by extensions ['colcon_meta']
[0.146s] Level 1:colcon.colcon_core.package_identification:_identify(src/crazyswarm2/docs2/images) by extension 'colcon_meta'
[0.146s] Level 1:colcon.colcon_core.package_identification:_identify(src/crazyswarm2/docs2/images) by extensions ['ros']
[0.146s] Level 1:colcon.colcon_core.package_identification:_identify(src/crazyswarm2/docs2/images) by extension 'ros'
[0.146s] Level 1:colcon.colcon_core.package_identification:_identify(src/crazyswarm2/docs2/images) by extensions ['cmake', 'python']
[0.146s] Level 1:colcon.colcon_core.package_identification:_identify(src/crazyswarm2/docs2/images) by extension 'cmake'
[0.146s] Level 1:colcon.colcon_core.package_identification:_identify(src/crazyswarm2/docs2/images) by extension 'python'
[0.146s] Level 1:colcon.colcon_core.package_identification:_identify(src/crazyswarm2/docs2/images) by extensions ['python_setup_py']
[0.146s] Level 1:colcon.colcon_core.package_identification:_identify(src/crazyswarm2/docs2/images) by extension 'python_setup_py'
[0.146s] Level 1:colcon.colcon_core.package_identification:_identify(src/crazyswarm2/prebuilt) by extensions ['ignore', 'ignore_ament_install']
[0.146s] Level 1:colcon.colcon_core.package_identification:_identify(src/crazyswarm2/prebuilt) by extension 'ignore'
[0.146s] Level 1:colcon.colcon_core.package_identification:_identify(src/crazyswarm2/prebuilt) by extension 'ignore_ament_install'
[0.146s] Level 1:colcon.colcon_core.package_identification:_identify(src/crazyswarm2/prebuilt) by extensions ['colcon_pkg']
[0.146s] Level 1:colcon.colcon_core.package_identification:_identify(src/crazyswarm2/prebuilt) by extension 'colcon_pkg'
[0.146s] Level 1:colcon.colcon_core.package_identification:_identify(src/crazyswarm2/prebuilt) by extensions ['colcon_meta']
[0.146s] Level 1:colcon.colcon_core.package_identification:_identify(src/crazyswarm2/prebuilt) by extension 'colcon_meta'
[0.146s] Level 1:colcon.colcon_core.package_identification:_identify(src/crazyswarm2/prebuilt) by extensions ['ros']
[0.146s] Level 1:colcon.colcon_core.package_identification:_identify(src/crazyswarm2/prebuilt) by extension 'ros'
[0.146s] Level 1:colcon.colcon_core.package_identification:_identify(src/crazyswarm2/prebuilt) by extensions ['cmake', 'python']
[0.146s] Level 1:colcon.colcon_core.package_identification:_identify(src/crazyswarm2/prebuilt) by extension 'cmake'
[0.146s] Level 1:colcon.colcon_core.package_identification:_identify(src/crazyswarm2/prebuilt) by extension 'python'
[0.146s] Level 1:colcon.colcon_core.package_identification:_identify(src/crazyswarm2/prebuilt) by extensions ['python_setup_py']
[0.146s] Level 1:colcon.colcon_core.package_identification:_identify(src/crazyswarm2/prebuilt) by extension 'python_setup_py'
[0.146s] Level 1:colcon.colcon_core.package_identification:_identify(src/crazyswarm2/ros_ws) by extensions ['ignore', 'ignore_ament_install']
[0.147s] Level 1:colcon.colcon_core.package_identification:_identify(src/crazyswarm2/ros_ws) by extension 'ignore'
[0.147s] Level 1:colcon.colcon_core.package_identification:_identify(src/crazyswarm2/ros_ws) by extension 'ignore_ament_install'
[0.147s] Level 1:colcon.colcon_core.package_identification:_identify(src/crazyswarm2/ros_ws) by extensions ['colcon_pkg']
[0.147s] Level 1:colcon.colcon_core.package_identification:_identify(src/crazyswarm2/ros_ws) by extension 'colcon_pkg'
[0.147s] Level 1:colcon.colcon_core.package_identification:_identify(src/crazyswarm2/ros_ws) by extensions ['colcon_meta']
[0.147s] Level 1:colcon.colcon_core.package_identification:_identify(src/crazyswarm2/ros_ws) by extension 'colcon_meta'
[0.147s] Level 1:colcon.colcon_core.package_identification:_identify(src/crazyswarm2/ros_ws) by extensions ['ros']
[0.147s] Level 1:colcon.colcon_core.package_identification:_identify(src/crazyswarm2/ros_ws) by extension 'ros'
[0.147s] Level 1:colcon.colcon_core.package_identification:_identify(src/crazyswarm2/ros_ws) by extensions ['cmake', 'python']
[0.147s] Level 1:colcon.colcon_core.package_identification:_identify(src/crazyswarm2/ros_ws) by extension 'cmake'
[0.147s] Level 1:colcon.colcon_core.package_identification:_identify(src/crazyswarm2/ros_ws) by extension 'python'
[0.147s] Level 1:colcon.colcon_core.package_identification:_identify(src/crazyswarm2/ros_ws) by extensions ['python_setup_py']
[0.147s] Level 1:colcon.colcon_core.package_identification:_identify(src/crazyswarm2/ros_ws) by extension 'python_setup_py'
[0.147s] Level 1:colcon.colcon_core.package_identification:_identify(src/crazyswarm2/ros_ws/src) by extensions ['ignore', 'ignore_ament_install']
[0.147s] Level 1:colcon.colcon_core.package_identification:_identify(src/crazyswarm2/ros_ws/src) by extension 'ignore'
[0.147s] Level 1:colcon.colcon_core.package_identification:_identify(src/crazyswarm2/ros_ws/src) by extension 'ignore_ament_install'
[0.147s] Level 1:colcon.colcon_core.package_identification:_identify(src/crazyswarm2/ros_ws/src) by extensions ['colcon_pkg']
[0.147s] Level 1:colcon.colcon_core.package_identification:_identify(src/crazyswarm2/ros_ws/src) by extension 'colcon_pkg'
[0.147s] Level 1:colcon.colcon_core.package_identification:_identify(src/crazyswarm2/ros_ws/src) by extensions ['colcon_meta']
[0.147s] Level 1:colcon.colcon_core.package_identification:_identify(src/crazyswarm2/ros_ws/src) by extension 'colcon_meta'
[0.147s] Level 1:colcon.colcon_core.package_identification:_identify(src/crazyswarm2/ros_ws/src) by extensions ['ros']
[0.147s] Level 1:colcon.colcon_core.package_identification:_identify(src/crazyswarm2/ros_ws/src) by extension 'ros'
[0.147s] Level 1:colcon.colcon_core.package_identification:_identify(src/crazyswarm2/ros_ws/src) by extensions ['cmake', 'python']
[0.147s] Level 1:colcon.colcon_core.package_identification:_identify(src/crazyswarm2/ros_ws/src) by extension 'cmake'
[0.147s] Level 1:colcon.colcon_core.package_identification:_identify(src/crazyswarm2/ros_ws/src) by extension 'python'
[0.147s] Level 1:colcon.colcon_core.package_identification:_identify(src/crazyswarm2/ros_ws/src) by extensions ['python_setup_py']
[0.147s] Level 1:colcon.colcon_core.package_identification:_identify(src/crazyswarm2/ros_ws/src) by extension 'python_setup_py'
[0.147s] Level 1:colcon.colcon_core.package_identification:_identify(src/crazyswarm2/ros_ws/src/crazyswarm) by extensions ['ignore', 'ignore_ament_install']
[0.147s] Level 1:colcon.colcon_core.package_identification:_identify(src/crazyswarm2/ros_ws/src/crazyswarm) by extension 'ignore'
[0.147s] Level 1:colcon.colcon_core.package_identification:_identify(src/crazyswarm2/ros_ws/src/crazyswarm) by extension 'ignore_ament_install'
[0.147s] Level 1:colcon.colcon_core.package_identification:_identify(src/crazyswarm2/ros_ws/src/crazyswarm) by extensions ['colcon_pkg']
[0.147s] Level 1:colcon.colcon_core.package_identification:_identify(src/crazyswarm2/ros_ws/src/crazyswarm) by extension 'colcon_pkg'
[0.148s] Level 1:colcon.colcon_core.package_identification:_identify(src/crazyswarm2/ros_ws/src/crazyswarm) by extensions ['colcon_meta']
[0.148s] Level 1:colcon.colcon_core.package_identification:_identify(src/crazyswarm2/ros_ws/src/crazyswarm) by extension 'colcon_meta'
[0.148s] Level 1:colcon.colcon_core.package_identification:_identify(src/crazyswarm2/ros_ws/src/crazyswarm) by extensions ['ros']
[0.148s] Level 1:colcon.colcon_core.package_identification:_identify(src/crazyswarm2/ros_ws/src/crazyswarm) by extension 'ros'
[0.148s] Level 1:colcon.colcon_core.package_identification:_identify(src/crazyswarm2/ros_ws/src/crazyswarm) by extensions ['cmake', 'python']
[0.148s] Level 1:colcon.colcon_core.package_identification:_identify(src/crazyswarm2/ros_ws/src/crazyswarm) by extension 'cmake'
[0.148s] Level 1:colcon.colcon_core.package_identification:_identify(src/crazyswarm2/ros_ws/src/crazyswarm) by extension 'python'
[0.148s] Level 1:colcon.colcon_core.package_identification:_identify(src/crazyswarm2/ros_ws/src/crazyswarm) by extensions ['python_setup_py']
[0.148s] Level 1:colcon.colcon_core.package_identification:_identify(src/crazyswarm2/ros_ws/src/crazyswarm) by extension 'python_setup_py'
[0.148s] Level 1:colcon.colcon_core.package_identification:_identify(src/crazyswarm2/ros_ws/src/crazyswarm/launch) by extensions ['ignore', 'ignore_ament_install']
[0.148s] Level 1:colcon.colcon_core.package_identification:_identify(src/crazyswarm2/ros_ws/src/crazyswarm/launch) by extension 'ignore'
[0.148s] Level 1:colcon.colcon_core.package_identification:_identify(src/crazyswarm2/ros_ws/src/crazyswarm/launch) by extension 'ignore_ament_install'
[0.148s] Level 1:colcon.colcon_core.package_identification:_identify(src/crazyswarm2/ros_ws/src/crazyswarm/launch) by extensions ['colcon_pkg']
[0.148s] Level 1:colcon.colcon_core.package_identification:_identify(src/crazyswarm2/ros_ws/src/crazyswarm/launch) by extension 'colcon_pkg'
[0.148s] Level 1:colcon.colcon_core.package_identification:_identify(src/crazyswarm2/ros_ws/src/crazyswarm/launch) by extensions ['colcon_meta']
[0.148s] Level 1:colcon.colcon_core.package_identification:_identify(src/crazyswarm2/ros_ws/src/crazyswarm/launch) by extension 'colcon_meta'
[0.148s] Level 1:colcon.colcon_core.package_identification:_identify(src/crazyswarm2/ros_ws/src/crazyswarm/launch) by extensions ['ros']
[0.148s] Level 1:colcon.colcon_core.package_identification:_identify(src/crazyswarm2/ros_ws/src/crazyswarm/launch) by extension 'ros'
[0.148s] Level 1:colcon.colcon_core.package_identification:_identify(src/crazyswarm2/ros_ws/src/crazyswarm/launch) by extensions ['cmake', 'python']
[0.148s] Level 1:colcon.colcon_core.package_identification:_identify(src/crazyswarm2/ros_ws/src/crazyswarm/launch) by extension 'cmake'
[0.148s] Level 1:colcon.colcon_core.package_identification:_identify(src/crazyswarm2/ros_ws/src/crazyswarm/launch) by extension 'python'
[0.148s] Level 1:colcon.colcon_core.package_identification:_identify(src/crazyswarm2/ros_ws/src/crazyswarm/launch) by extensions ['python_setup_py']
[0.148s] Level 1:colcon.colcon_core.package_identification:_identify(src/crazyswarm2/ros_ws/src/crazyswarm/launch) by extension 'python_setup_py'
[0.148s] Level 1:colcon.colcon_core.package_identification:_identify(src/crazyswarm2/ros_ws/src/crazyswarm/scripts) by extensions ['ignore', 'ignore_ament_install']
[0.148s] Level 1:colcon.colcon_core.package_identification:_identify(src/crazyswarm2/ros_ws/src/crazyswarm/scripts) by extension 'ignore'
[0.148s] Level 1:colcon.colcon_core.package_identification:_identify(src/crazyswarm2/ros_ws/src/crazyswarm/scripts) by extension 'ignore_ament_install'
[0.148s] Level 1:colcon.colcon_core.package_identification:_identify(src/crazyswarm2/ros_ws/src/crazyswarm/scripts) by extensions ['colcon_pkg']
[0.148s] Level 1:colcon.colcon_core.package_identification:_identify(src/crazyswarm2/ros_ws/src/crazyswarm/scripts) by extension 'colcon_pkg'
[0.148s] Level 1:colcon.colcon_core.package_identification:_identify(src/crazyswarm2/ros_ws/src/crazyswarm/scripts) by extensions ['colcon_meta']
[0.148s] Level 1:colcon.colcon_core.package_identification:_identify(src/crazyswarm2/ros_ws/src/crazyswarm/scripts) by extension 'colcon_meta'
[0.148s] Level 1:colcon.colcon_core.package_identification:_identify(src/crazyswarm2/ros_ws/src/crazyswarm/scripts) by extensions ['ros']
[0.149s] Level 1:colcon.colcon_core.package_identification:_identify(src/crazyswarm2/ros_ws/src/crazyswarm/scripts) by extension 'ros'
[0.149s] Level 1:colcon.colcon_core.package_identification:_identify(src/crazyswarm2/ros_ws/src/crazyswarm/scripts) by extensions ['cmake', 'python']
[0.149s] Level 1:colcon.colcon_core.package_identification:_identify(src/crazyswarm2/ros_ws/src/crazyswarm/scripts) by extension 'cmake'
[0.149s] Level 1:colcon.colcon_core.package_identification:_identify(src/crazyswarm2/ros_ws/src/crazyswarm/scripts) by extension 'python'
[0.149s] Level 1:colcon.colcon_core.package_identification:_identify(src/crazyswarm2/ros_ws/src/crazyswarm/scripts) by extensions ['python_setup_py']
[0.149s] Level 1:colcon.colcon_core.package_identification:_identify(src/crazyswarm2/ros_ws/src/crazyswarm/scripts) by extension 'python_setup_py'
[0.149s] Level 1:colcon.colcon_core.package_identification:_identify(src/crazyswarm2/ros_ws/src/crazyswarm/scripts/crossing2_pps) by extensions ['ignore', 'ignore_ament_install']
[0.149s] Level 1:colcon.colcon_core.package_identification:_identify(src/crazyswarm2/ros_ws/src/crazyswarm/scripts/crossing2_pps) by extension 'ignore'
[0.149s] Level 1:colcon.colcon_core.package_identification:_identify(src/crazyswarm2/ros_ws/src/crazyswarm/scripts/crossing2_pps) by extension 'ignore_ament_install'
[0.149s] Level 1:colcon.colcon_core.package_identification:_identify(src/crazyswarm2/ros_ws/src/crazyswarm/scripts/crossing2_pps) by extensions ['colcon_pkg']
[0.149s] Level 1:colcon.colcon_core.package_identification:_identify(src/crazyswarm2/ros_ws/src/crazyswarm/scripts/crossing2_pps) by extension 'colcon_pkg'
[0.149s] Level 1:colcon.colcon_core.package_identification:_identify(src/crazyswarm2/ros_ws/src/crazyswarm/scripts/crossing2_pps) by extensions ['colcon_meta']
[0.149s] Level 1:colcon.colcon_core.package_identification:_identify(src/crazyswarm2/ros_ws/src/crazyswarm/scripts/crossing2_pps) by extension 'colcon_meta'
[0.149s] Level 1:colcon.colcon_core.package_identification:_identify(src/crazyswarm2/ros_ws/src/crazyswarm/scripts/crossing2_pps) by extensions ['ros']
[0.149s] Level 1:colcon.colcon_core.package_identification:_identify(src/crazyswarm2/ros_ws/src/crazyswarm/scripts/crossing2_pps) by extension 'ros'
[0.149s] Level 1:colcon.colcon_core.package_identification:_identify(src/crazyswarm2/ros_ws/src/crazyswarm/scripts/crossing2_pps) by extensions ['cmake', 'python']
[0.149s] Level 1:colcon.colcon_core.package_identification:_identify(src/crazyswarm2/ros_ws/src/crazyswarm/scripts/crossing2_pps) by extension 'cmake'
[0.149s] Level 1:colcon.colcon_core.package_identification:_identify(src/crazyswarm2/ros_ws/src/crazyswarm/scripts/crossing2_pps) by extension 'python'
[0.149s] Level 1:colcon.colcon_core.package_identification:_identify(src/crazyswarm2/ros_ws/src/crazyswarm/scripts/crossing2_pps) by extensions ['python_setup_py']
[0.149s] Level 1:colcon.colcon_core.package_identification:_identify(src/crazyswarm2/ros_ws/src/crazyswarm/scripts/crossing2_pps) by extension 'python_setup_py'
[0.149s] Level 1:colcon.colcon_core.package_identification:_identify(src/crazyswarm2/ros_ws/src/crazyswarm/scripts/crossing4_pps) by extensions ['ignore', 'ignore_ament_install']
[0.149s] Level 1:colcon.colcon_core.package_identification:_identify(src/crazyswarm2/ros_ws/src/crazyswarm/scripts/crossing4_pps) by extension 'ignore'
[0.149s] Level 1:colcon.colcon_core.package_identification:_identify(src/crazyswarm2/ros_ws/src/crazyswarm/scripts/crossing4_pps) by extension 'ignore_ament_install'
[0.149s] Level 1:colcon.colcon_core.package_identification:_identify(src/crazyswarm2/ros_ws/src/crazyswarm/scripts/crossing4_pps) by extensions ['colcon_pkg']
[0.149s] Level 1:colcon.colcon_core.package_identification:_identify(src/crazyswarm2/ros_ws/src/crazyswarm/scripts/crossing4_pps) by extension 'colcon_pkg'
[0.149s] Level 1:colcon.colcon_core.package_identification:_identify(src/crazyswarm2/ros_ws/src/crazyswarm/scripts/crossing4_pps) by extensions ['colcon_meta']
[0.149s] Level 1:colcon.colcon_core.package_identification:_identify(src/crazyswarm2/ros_ws/src/crazyswarm/scripts/crossing4_pps) by extension 'colcon_meta'
[0.149s] Level 1:colcon.colcon_core.package_identification:_identify(src/crazyswarm2/ros_ws/src/crazyswarm/scripts/crossing4_pps) by extensions ['ros']
[0.149s] Level 1:colcon.colcon_core.package_identification:_identify(src/crazyswarm2/ros_ws/src/crazyswarm/scripts/crossing4_pps) by extension 'ros'
[0.149s] Level 1:colcon.colcon_core.package_identification:_identify(src/crazyswarm2/ros_ws/src/crazyswarm/scripts/crossing4_pps) by extensions ['cmake', 'python']
[0.150s] Level 1:colcon.colcon_core.package_identification:_identify(src/crazyswarm2/ros_ws/src/crazyswarm/scripts/crossing4_pps) by extension 'cmake'
[0.150s] Level 1:colcon.colcon_core.package_identification:_identify(src/crazyswarm2/ros_ws/src/crazyswarm/scripts/crossing4_pps) by extension 'python'
[0.150s] Level 1:colcon.colcon_core.package_identification:_identify(src/crazyswarm2/ros_ws/src/crazyswarm/scripts/crossing4_pps) by extensions ['python_setup_py']
[0.150s] Level 1:colcon.colcon_core.package_identification:_identify(src/crazyswarm2/ros_ws/src/crazyswarm/scripts/crossing4_pps) by extension 'python_setup_py'
[0.150s] Level 1:colcon.colcon_core.package_identification:_identify(src/crazyswarm2/ros_ws/src/crazyswarm/scripts/sequence_trajectories) by extensions ['ignore', 'ignore_ament_install']
[0.150s] Level 1:colcon.colcon_core.package_identification:_identify(src/crazyswarm2/ros_ws/src/crazyswarm/scripts/sequence_trajectories) by extension 'ignore'
[0.150s] Level 1:colcon.colcon_core.package_identification:_identify(src/crazyswarm2/ros_ws/src/crazyswarm/scripts/sequence_trajectories) by extension 'ignore_ament_install'
[0.150s] Level 1:colcon.colcon_core.package_identification:_identify(src/crazyswarm2/ros_ws/src/crazyswarm/scripts/sequence_trajectories) by extensions ['colcon_pkg']
[0.150s] Level 1:colcon.colcon_core.package_identification:_identify(src/crazyswarm2/ros_ws/src/crazyswarm/scripts/sequence_trajectories) by extension 'colcon_pkg'
[0.150s] Level 1:colcon.colcon_core.package_identification:_identify(src/crazyswarm2/ros_ws/src/crazyswarm/scripts/sequence_trajectories) by extensions ['colcon_meta']
[0.150s] Level 1:colcon.colcon_core.package_identification:_identify(src/crazyswarm2/ros_ws/src/crazyswarm/scripts/sequence_trajectories) by extension 'colcon_meta'
[0.150s] Level 1:colcon.colcon_core.package_identification:_identify(src/crazyswarm2/ros_ws/src/crazyswarm/scripts/sequence_trajectories) by extensions ['ros']
[0.150s] Level 1:colcon.colcon_core.package_identification:_identify(src/crazyswarm2/ros_ws/src/crazyswarm/scripts/sequence_trajectories) by extension 'ros'
[0.150s] Level 1:colcon.colcon_core.package_identification:_identify(src/crazyswarm2/ros_ws/src/crazyswarm/scripts/sequence_trajectories) by extensions ['cmake', 'python']
[0.150s] Level 1:colcon.colcon_core.package_identification:_identify(src/crazyswarm2/ros_ws/src/crazyswarm/scripts/sequence_trajectories) by extension 'cmake'
[0.150s] Level 1:colcon.colcon_core.package_identification:_identify(src/crazyswarm2/ros_ws/src/crazyswarm/scripts/sequence_trajectories) by extension 'python'
[0.150s] Level 1:colcon.colcon_core.package_identification:_identify(src/crazyswarm2/ros_ws/src/crazyswarm/scripts/sequence_trajectories) by extensions ['python_setup_py']
[0.150s] Level 1:colcon.colcon_core.package_identification:_identify(src/crazyswarm2/ros_ws/src/crazyswarm/scripts/sequence_trajectories) by extension 'python_setup_py'
[0.150s] Level 1:colcon.colcon_core.package_identification:_identify(src/crazyswarm2/ros_ws/src/crazyswarm/scripts/sequence_trajectories/1) by extensions ['ignore', 'ignore_ament_install']
[0.150s] Level 1:colcon.colcon_core.package_identification:_identify(src/crazyswarm2/ros_ws/src/crazyswarm/scripts/sequence_trajectories/1) by extension 'ignore'
[0.150s] Level 1:colcon.colcon_core.package_identification:_identify(src/crazyswarm2/ros_ws/src/crazyswarm/scripts/sequence_trajectories/1) by extension 'ignore_ament_install'
[0.150s] Level 1:colcon.colcon_core.package_identification:_identify(src/crazyswarm2/ros_ws/src/crazyswarm/scripts/sequence_trajectories/1) by extensions ['colcon_pkg']
[0.150s] Level 1:colcon.colcon_core.package_identification:_identify(src/crazyswarm2/ros_ws/src/crazyswarm/scripts/sequence_trajectories/1) by extension 'colcon_pkg'
[0.150s] Level 1:colcon.colcon_core.package_identification:_identify(src/crazyswarm2/ros_ws/src/crazyswarm/scripts/sequence_trajectories/1) by extensions ['colcon_meta']
[0.150s] Level 1:colcon.colcon_core.package_identification:_identify(src/crazyswarm2/ros_ws/src/crazyswarm/scripts/sequence_trajectories/1) by extension 'colcon_meta'
[0.150s] Level 1:colcon.colcon_core.package_identification:_identify(src/crazyswarm2/ros_ws/src/crazyswarm/scripts/sequence_trajectories/1) by extensions ['ros']
[0.150s] Level 1:colcon.colcon_core.package_identification:_identify(src/crazyswarm2/ros_ws/src/crazyswarm/scripts/sequence_trajectories/1) by extension 'ros'
[0.150s] Level 1:colcon.colcon_core.package_identification:_identify(src/crazyswarm2/ros_ws/src/crazyswarm/scripts/sequence_trajectories/1) by extensions ['cmake', 'python']
[0.151s] Level 1:colcon.colcon_core.package_identification:_identify(src/crazyswarm2/ros_ws/src/crazyswarm/scripts/sequence_trajectories/1) by extension 'cmake'
[0.151s] Level 1:colcon.colcon_core.package_identification:_identify(src/crazyswarm2/ros_ws/src/crazyswarm/scripts/sequence_trajectories/1) by extension 'python'
[0.151s] Level 1:colcon.colcon_core.package_identification:_identify(src/crazyswarm2/ros_ws/src/crazyswarm/scripts/sequence_trajectories/1) by extensions ['python_setup_py']
[0.151s] Level 1:colcon.colcon_core.package_identification:_identify(src/crazyswarm2/ros_ws/src/crazyswarm/scripts/sequence_trajectories/1) by extension 'python_setup_py'
[0.151s] Level 1:colcon.colcon_core.package_identification:_identify(src/crazyswarm2/ros_ws/src/crazyswarm/scripts/sequence_trajectories/2) by extensions ['ignore', 'ignore_ament_install']
[0.151s] Level 1:colcon.colcon_core.package_identification:_identify(src/crazyswarm2/ros_ws/src/crazyswarm/scripts/sequence_trajectories/2) by extension 'ignore'
[0.151s] Level 1:colcon.colcon_core.package_identification:_identify(src/crazyswarm2/ros_ws/src/crazyswarm/scripts/sequence_trajectories/2) by extension 'ignore_ament_install'
[0.151s] Level 1:colcon.colcon_core.package_identification:_identify(src/crazyswarm2/ros_ws/src/crazyswarm/scripts/sequence_trajectories/2) by extensions ['colcon_pkg']
[0.151s] Level 1:colcon.colcon_core.package_identification:_identify(src/crazyswarm2/ros_ws/src/crazyswarm/scripts/sequence_trajectories/2) by extension 'colcon_pkg'
[0.151s] Level 1:colcon.colcon_core.package_identification:_identify(src/crazyswarm2/ros_ws/src/crazyswarm/scripts/sequence_trajectories/2) by extensions ['colcon_meta']
[0.151s] Level 1:colcon.colcon_core.package_identification:_identify(src/crazyswarm2/ros_ws/src/crazyswarm/scripts/sequence_trajectories/2) by extension 'colcon_meta'
[0.151s] Level 1:colcon.colcon_core.package_identification:_identify(src/crazyswarm2/ros_ws/src/crazyswarm/scripts/sequence_trajectories/2) by extensions ['ros']
[0.151s] Level 1:colcon.colcon_core.package_identification:_identify(src/crazyswarm2/ros_ws/src/crazyswarm/scripts/sequence_trajectories/2) by extension 'ros'
[0.151s] Level 1:colcon.colcon_core.package_identification:_identify(src/crazyswarm2/ros_ws/src/crazyswarm/scripts/sequence_trajectories/2) by extensions ['cmake', 'python']
[0.151s] Level 1:colcon.colcon_core.package_identification:_identify(src/crazyswarm2/ros_ws/src/crazyswarm/scripts/sequence_trajectories/2) by extension 'cmake'
[0.151s] Level 1:colcon.colcon_core.package_identification:_identify(src/crazyswarm2/ros_ws/src/crazyswarm/scripts/sequence_trajectories/2) by extension 'python'
[0.151s] Level 1:colcon.colcon_core.package_identification:_identify(src/crazyswarm2/ros_ws/src/crazyswarm/scripts/sequence_trajectories/2) by extensions ['python_setup_py']
[0.151s] Level 1:colcon.colcon_core.package_identification:_identify(src/crazyswarm2/ros_ws/src/crazyswarm/scripts/sequence_trajectories/2) by extension 'python_setup_py'
[0.151s] Level 1:colcon.colcon_core.package_identification:_identify(src/crazyswarm2/ros_ws/src/crazyswarm/scripts/sequence_trajectories/3) by extensions ['ignore', 'ignore_ament_install']
[0.151s] Level 1:colcon.colcon_core.package_identification:_identify(src/crazyswarm2/ros_ws/src/crazyswarm/scripts/sequence_trajectories/3) by extension 'ignore'
[0.151s] Level 1:colcon.colcon_core.package_identification:_identify(src/crazyswarm2/ros_ws/src/crazyswarm/scripts/sequence_trajectories/3) by extension 'ignore_ament_install'
[0.151s] Level 1:colcon.colcon_core.package_identification:_identify(src/crazyswarm2/ros_ws/src/crazyswarm/scripts/sequence_trajectories/3) by extensions ['colcon_pkg']
[0.151s] Level 1:colcon.colcon_core.package_identification:_identify(src/crazyswarm2/ros_ws/src/crazyswarm/scripts/sequence_trajectories/3) by extension 'colcon_pkg'
[0.151s] Level 1:colcon.colcon_core.package_identification:_identify(src/crazyswarm2/ros_ws/src/crazyswarm/scripts/sequence_trajectories/3) by extensions ['colcon_meta']
[0.151s] Level 1:colcon.colcon_core.package_identification:_identify(src/crazyswarm2/ros_ws/src/crazyswarm/scripts/sequence_trajectories/3) by extension 'colcon_meta'
[0.151s] Level 1:colcon.colcon_core.package_identification:_identify(src/crazyswarm2/ros_ws/src/crazyswarm/scripts/sequence_trajectories/3) by extensions ['ros']
[0.151s] Level 1:colcon.colcon_core.package_identification:_identify(src/crazyswarm2/ros_ws/src/crazyswarm/scripts/sequence_trajectories/3) by extension 'ros'
[0.151s] Level 1:colcon.colcon_core.package_identification:_identify(src/crazyswarm2/ros_ws/src/crazyswarm/scripts/sequence_trajectories/3) by extensions ['cmake', 'python']
[0.151s] Level 1:colcon.colcon_core.package_identification:_identify(src/crazyswarm2/ros_ws/src/crazyswarm/scripts/sequence_trajectories/3) by extension 'cmake'
[0.151s] Level 1:colcon.colcon_core.package_identification:_identify(src/crazyswarm2/ros_ws/src/crazyswarm/scripts/sequence_trajectories/3) by extension 'python'
[0.152s] Level 1:colcon.colcon_core.package_identification:_identify(src/crazyswarm2/ros_ws/src/crazyswarm/scripts/sequence_trajectories/3) by extensions ['python_setup_py']
[0.152s] Level 1:colcon.colcon_core.package_identification:_identify(src/crazyswarm2/ros_ws/src/crazyswarm/scripts/sequence_trajectories/3) by extension 'python_setup_py'
[0.152s] Level 1:colcon.colcon_core.package_identification:_identify(src/crazyswarm2/ros_ws/src/crazyswarm/scripts/sequence_trajectories/4) by extensions ['ignore', 'ignore_ament_install']
[0.152s] Level 1:colcon.colcon_core.package_identification:_identify(src/crazyswarm2/ros_ws/src/crazyswarm/scripts/sequence_trajectories/4) by extension 'ignore'
[0.152s] Level 1:colcon.colcon_core.package_identification:_identify(src/crazyswarm2/ros_ws/src/crazyswarm/scripts/sequence_trajectories/4) by extension 'ignore_ament_install'
[0.152s] Level 1:colcon.colcon_core.package_identification:_identify(src/crazyswarm2/ros_ws/src/crazyswarm/scripts/sequence_trajectories/4) by extensions ['colcon_pkg']
[0.152s] Level 1:colcon.colcon_core.package_identification:_identify(src/crazyswarm2/ros_ws/src/crazyswarm/scripts/sequence_trajectories/4) by extension 'colcon_pkg'
[0.152s] Level 1:colcon.colcon_core.package_identification:_identify(src/crazyswarm2/ros_ws/src/crazyswarm/scripts/sequence_trajectories/4) by extensions ['colcon_meta']
[0.152s] Level 1:colcon.colcon_core.package_identification:_identify(src/crazyswarm2/ros_ws/src/crazyswarm/scripts/sequence_trajectories/4) by extension 'colcon_meta'
[0.152s] Level 1:colcon.colcon_core.package_identification:_identify(src/crazyswarm2/ros_ws/src/crazyswarm/scripts/sequence_trajectories/4) by extensions ['ros']
[0.152s] Level 1:colcon.colcon_core.package_identification:_identify(src/crazyswarm2/ros_ws/src/crazyswarm/scripts/sequence_trajectories/4) by extension 'ros'
[0.152s] Level 1:colcon.colcon_core.package_identification:_identify(src/crazyswarm2/ros_ws/src/crazyswarm/scripts/sequence_trajectories/4) by extensions ['cmake', 'python']
[0.152s] Level 1:colcon.colcon_core.package_identification:_identify(src/crazyswarm2/ros_ws/src/crazyswarm/scripts/sequence_trajectories/4) by extension 'cmake'
[0.152s] Level 1:colcon.colcon_core.package_identification:_identify(src/crazyswarm2/ros_ws/src/crazyswarm/scripts/sequence_trajectories/4) by extension 'python'
[0.152s] Level 1:colcon.colcon_core.package_identification:_identify(src/crazyswarm2/ros_ws/src/crazyswarm/scripts/sequence_trajectories/4) by extensions ['python_setup_py']
[0.152s] Level 1:colcon.colcon_core.package_identification:_identify(src/crazyswarm2/ros_ws/src/crazyswarm/scripts/sequence_trajectories/4) by extension 'python_setup_py'
[0.152s] Level 1:colcon.colcon_core.package_identification:_identify(src/crazyswarm2/ros_ws/src/crazyswarm/scripts/sequence_trajectories/5) by extensions ['ignore', 'ignore_ament_install']
[0.152s] Level 1:colcon.colcon_core.package_identification:_identify(src/crazyswarm2/ros_ws/src/crazyswarm/scripts/sequence_trajectories/5) by extension 'ignore'
[0.152s] Level 1:colcon.colcon_core.package_identification:_identify(src/crazyswarm2/ros_ws/src/crazyswarm/scripts/sequence_trajectories/5) by extension 'ignore_ament_install'
[0.152s] Level 1:colcon.colcon_core.package_identification:_identify(src/crazyswarm2/ros_ws/src/crazyswarm/scripts/sequence_trajectories/5) by extensions ['colcon_pkg']
[0.152s] Level 1:colcon.colcon_core.package_identification:_identify(src/crazyswarm2/ros_ws/src/crazyswarm/scripts/sequence_trajectories/5) by extension 'colcon_pkg'
[0.152s] Level 1:colcon.colcon_core.package_identification:_identify(src/crazyswarm2/ros_ws/src/crazyswarm/scripts/sequence_trajectories/5) by extensions ['colcon_meta']
[0.153s] Level 1:colcon.colcon_core.package_identification:_identify(src/crazyswarm2/ros_ws/src/crazyswarm/scripts/sequence_trajectories/5) by extension 'colcon_meta'
[0.153s] Level 1:colcon.colcon_core.package_identification:_identify(src/crazyswarm2/ros_ws/src/crazyswarm/scripts/sequence_trajectories/5) by extensions ['ros']
[0.153s] Level 1:colcon.colcon_core.package_identification:_identify(src/crazyswarm2/ros_ws/src/crazyswarm/scripts/sequence_trajectories/5) by extension 'ros'
[0.153s] Level 1:colcon.colcon_core.package_identification:_identify(src/crazyswarm2/ros_ws/src/crazyswarm/scripts/sequence_trajectories/5) by extensions ['cmake', 'python']
[0.153s] Level 1:colcon.colcon_core.package_identification:_identify(src/crazyswarm2/ros_ws/src/crazyswarm/scripts/sequence_trajectories/5) by extension 'cmake'
[0.153s] Level 1:colcon.colcon_core.package_identification:_identify(src/crazyswarm2/ros_ws/src/crazyswarm/scripts/sequence_trajectories/5) by extension 'python'
[0.153s] Level 1:colcon.colcon_core.package_identification:_identify(src/crazyswarm2/ros_ws/src/crazyswarm/scripts/sequence_trajectories/5) by extensions ['python_setup_py']
[0.153s] Level 1:colcon.colcon_core.package_identification:_identify(src/crazyswarm2/ros_ws/src/crazyswarm/scripts/sequence_trajectories/5) by extension 'python_setup_py'
[0.153s] Level 1:colcon.colcon_core.package_identification:_identify(src/crazyswarm2/ros_ws/src/crazyswarm/scripts/sequence_trajectories/6) by extensions ['ignore', 'ignore_ament_install']
[0.153s] Level 1:colcon.colcon_core.package_identification:_identify(src/crazyswarm2/ros_ws/src/crazyswarm/scripts/sequence_trajectories/6) by extension 'ignore'
[0.153s] Level 1:colcon.colcon_core.package_identification:_identify(src/crazyswarm2/ros_ws/src/crazyswarm/scripts/sequence_trajectories/6) by extension 'ignore_ament_install'
[0.153s] Level 1:colcon.colcon_core.package_identification:_identify(src/crazyswarm2/ros_ws/src/crazyswarm/scripts/sequence_trajectories/6) by extensions ['colcon_pkg']
[0.153s] Level 1:colcon.colcon_core.package_identification:_identify(src/crazyswarm2/ros_ws/src/crazyswarm/scripts/sequence_trajectories/6) by extension 'colcon_pkg'
[0.153s] Level 1:colcon.colcon_core.package_identification:_identify(src/crazyswarm2/ros_ws/src/crazyswarm/scripts/sequence_trajectories/6) by extensions ['colcon_meta']
[0.153s] Level 1:colcon.colcon_core.package_identification:_identify(src/crazyswarm2/ros_ws/src/crazyswarm/scripts/sequence_trajectories/6) by extension 'colcon_meta'
[0.153s] Level 1:colcon.colcon_core.package_identification:_identify(src/crazyswarm2/ros_ws/src/crazyswarm/scripts/sequence_trajectories/6) by extensions ['ros']
[0.153s] Level 1:colcon.colcon_core.package_identification:_identify(src/crazyswarm2/ros_ws/src/crazyswarm/scripts/sequence_trajectories/6) by extension 'ros'
[0.153s] Level 1:colcon.colcon_core.package_identification:_identify(src/crazyswarm2/ros_ws/src/crazyswarm/scripts/sequence_trajectories/6) by extensions ['cmake', 'python']
[0.153s] Level 1:colcon.colcon_core.package_identification:_identify(src/crazyswarm2/ros_ws/src/crazyswarm/scripts/sequence_trajectories/6) by extension 'cmake'
[0.153s] Level 1:colcon.colcon_core.package_identification:_identify(src/crazyswarm2/ros_ws/src/crazyswarm/scripts/sequence_trajectories/6) by extension 'python'
[0.153s] Level 1:colcon.colcon_core.package_identification:_identify(src/crazyswarm2/ros_ws/src/crazyswarm/scripts/sequence_trajectories/6) by extensions ['python_setup_py']
[0.153s] Level 1:colcon.colcon_core.package_identification:_identify(src/crazyswarm2/ros_ws/src/crazyswarm/scripts/sequence_trajectories/6) by extension 'python_setup_py'
[0.153s] Level 1:colcon.colcon_core.package_identification:_identify(src/crazyswarm2/ros_ws/src/crazyswarm/scripts/sequence_trajectories/7) by extensions ['ignore', 'ignore_ament_install']
[0.153s] Level 1:colcon.colcon_core.package_identification:_identify(src/crazyswarm2/ros_ws/src/crazyswarm/scripts/sequence_trajectories/7) by extension 'ignore'
[0.153s] Level 1:colcon.colcon_core.package_identification:_identify(src/crazyswarm2/ros_ws/src/crazyswarm/scripts/sequence_trajectories/7) by extension 'ignore_ament_install'
[0.153s] Level 1:colcon.colcon_core.package_identification:_identify(src/crazyswarm2/ros_ws/src/crazyswarm/scripts/sequence_trajectories/7) by extensions ['colcon_pkg']
[0.153s] Level 1:colcon.colcon_core.package_identification:_identify(src/crazyswarm2/ros_ws/src/crazyswarm/scripts/sequence_trajectories/7) by extension 'colcon_pkg'
[0.153s] Level 1:colcon.colcon_core.package_identification:_identify(src/crazyswarm2/ros_ws/src/crazyswarm/scripts/sequence_trajectories/7) by extensions ['colcon_meta']
[0.154s] Level 1:colcon.colcon_core.package_identification:_identify(src/crazyswarm2/ros_ws/src/crazyswarm/scripts/sequence_trajectories/7) by extension 'colcon_meta'
[0.154s] Level 1:colcon.colcon_core.package_identification:_identify(src/crazyswarm2/ros_ws/src/crazyswarm/scripts/sequence_trajectories/7) by extensions ['ros']
[0.154s] Level 1:colcon.colcon_core.package_identification:_identify(src/crazyswarm2/ros_ws/src/crazyswarm/scripts/sequence_trajectories/7) by extension 'ros'
[0.154s] Level 1:colcon.colcon_core.package_identification:_identify(src/crazyswarm2/ros_ws/src/crazyswarm/scripts/sequence_trajectories/7) by extensions ['cmake', 'python']
[0.154s] Level 1:colcon.colcon_core.package_identification:_identify(src/crazyswarm2/ros_ws/src/crazyswarm/scripts/sequence_trajectories/7) by extension 'cmake'
[0.154s] Level 1:colcon.colcon_core.package_identification:_identify(src/crazyswarm2/ros_ws/src/crazyswarm/scripts/sequence_trajectories/7) by extension 'python'
[0.154s] Level 1:colcon.colcon_core.package_identification:_identify(src/crazyswarm2/ros_ws/src/crazyswarm/scripts/sequence_trajectories/7) by extensions ['python_setup_py']
[0.154s] Level 1:colcon.colcon_core.package_identification:_identify(src/crazyswarm2/ros_ws/src/crazyswarm/scripts/sequence_trajectories/7) by extension 'python_setup_py'
[0.154s] Level 1:colcon.colcon_core.package_identification:_identify(src/crazyswarm2/ros_ws/src/crazyswarm/scripts/swap6v_pps) by extensions ['ignore', 'ignore_ament_install']
[0.154s] Level 1:colcon.colcon_core.package_identification:_identify(src/crazyswarm2/ros_ws/src/crazyswarm/scripts/swap6v_pps) by extension 'ignore'
[0.154s] Level 1:colcon.colcon_core.package_identification:_identify(src/crazyswarm2/ros_ws/src/crazyswarm/scripts/swap6v_pps) by extension 'ignore_ament_install'
[0.154s] Level 1:colcon.colcon_core.package_identification:_identify(src/crazyswarm2/ros_ws/src/crazyswarm/scripts/swap6v_pps) by extensions ['colcon_pkg']
[0.154s] Level 1:colcon.colcon_core.package_identification:_identify(src/crazyswarm2/ros_ws/src/crazyswarm/scripts/swap6v_pps) by extension 'colcon_pkg'
[0.154s] Level 1:colcon.colcon_core.package_identification:_identify(src/crazyswarm2/ros_ws/src/crazyswarm/scripts/swap6v_pps) by extensions ['colcon_meta']
[0.154s] Level 1:colcon.colcon_core.package_identification:_identify(src/crazyswarm2/ros_ws/src/crazyswarm/scripts/swap6v_pps) by extension 'colcon_meta'
[0.154s] Level 1:colcon.colcon_core.package_identification:_identify(src/crazyswarm2/ros_ws/src/crazyswarm/scripts/swap6v_pps) by extensions ['ros']
[0.154s] Level 1:colcon.colcon_core.package_identification:_identify(src/crazyswarm2/ros_ws/src/crazyswarm/scripts/swap6v_pps) by extension 'ros'
[0.154s] Level 1:colcon.colcon_core.package_identification:_identify(src/crazyswarm2/ros_ws/src/crazyswarm/scripts/swap6v_pps) by extensions ['cmake', 'python']
[0.154s] Level 1:colcon.colcon_core.package_identification:_identify(src/crazyswarm2/ros_ws/src/crazyswarm/scripts/swap6v_pps) by extension 'cmake'
[0.154s] Level 1:colcon.colcon_core.package_identification:_identify(src/crazyswarm2/ros_ws/src/crazyswarm/scripts/swap6v_pps) by extension 'python'
[0.154s] Level 1:colcon.colcon_core.package_identification:_identify(src/crazyswarm2/ros_ws/src/crazyswarm/scripts/swap6v_pps) by extensions ['python_setup_py']
[0.154s] Level 1:colcon.colcon_core.package_identification:_identify(src/crazyswarm2/ros_ws/src/crazyswarm/scripts/swap6v_pps) by extension 'python_setup_py'
[0.154s] Level 1:colcon.colcon_core.package_identification:_identify(src/crazyswarm2/systemtests) by extensions ['ignore', 'ignore_ament_install']
[0.154s] Level 1:colcon.colcon_core.package_identification:_identify(src/crazyswarm2/systemtests) by extension 'ignore'
[0.154s] Level 1:colcon.colcon_core.package_identification:_identify(src/crazyswarm2/systemtests) by extension 'ignore_ament_install'
[0.154s] Level 1:colcon.colcon_core.package_identification:_identify(src/crazyswarm2/systemtests) by extensions ['colcon_pkg']
[0.154s] Level 1:colcon.colcon_core.package_identification:_identify(src/crazyswarm2/systemtests) by extension 'colcon_pkg'
[0.154s] Level 1:colcon.colcon_core.package_identification:_identify(src/crazyswarm2/systemtests) by extensions ['colcon_meta']
[0.154s] Level 1:colcon.colcon_core.package_identification:_identify(src/crazyswarm2/systemtests) by extension 'colcon_meta'
[0.154s] Level 1:colcon.colcon_core.package_identification:_identify(src/crazyswarm2/systemtests) by extensions ['ros']
[0.155s] Level 1:colcon.colcon_core.package_identification:_identify(src/crazyswarm2/systemtests) by extension 'ros'
[0.155s] Level 1:colcon.colcon_core.package_identification:_identify(src/crazyswarm2/systemtests) by extensions ['cmake', 'python']
[0.155s] Level 1:colcon.colcon_core.package_identification:_identify(src/crazyswarm2/systemtests) by extension 'cmake'
[0.155s] Level 1:colcon.colcon_core.package_identification:_identify(src/crazyswarm2/systemtests) by extension 'python'
[0.155s] Level 1:colcon.colcon_core.package_identification:_identify(src/crazyswarm2/systemtests) by extensions ['python_setup_py']
[0.155s] Level 1:colcon.colcon_core.package_identification:_identify(src/crazyswarm2/systemtests) by extension 'python_setup_py'
[0.155s] Level 1:colcon.colcon_core.package_identification:_identify(src/crazyswarm2/systemtests/SDplotting) by extensions ['ignore', 'ignore_ament_install']
[0.155s] Level 1:colcon.colcon_core.package_identification:_identify(src/crazyswarm2/systemtests/SDplotting) by extension 'ignore'
[0.155s] Level 1:colcon.colcon_core.package_identification:_identify(src/crazyswarm2/systemtests/SDplotting) by extension 'ignore_ament_install'
[0.155s] Level 1:colcon.colcon_core.package_identification:_identify(src/crazyswarm2/systemtests/SDplotting) by extensions ['colcon_pkg']
[0.155s] Level 1:colcon.colcon_core.package_identification:_identify(src/crazyswarm2/systemtests/SDplotting) by extension 'colcon_pkg'
[0.155s] Level 1:colcon.colcon_core.package_identification:_identify(src/crazyswarm2/systemtests/SDplotting) by extensions ['colcon_meta']
[0.155s] Level 1:colcon.colcon_core.package_identification:_identify(src/crazyswarm2/systemtests/SDplotting) by extension 'colcon_meta'
[0.155s] Level 1:colcon.colcon_core.package_identification:_identify(src/crazyswarm2/systemtests/SDplotting) by extensions ['ros']
[0.155s] Level 1:colcon.colcon_core.package_identification:_identify(src/crazyswarm2/systemtests/SDplotting) by extension 'ros'
[0.155s] Level 1:colcon.colcon_core.package_identification:_identify(src/crazyswarm2/systemtests/SDplotting) by extensions ['cmake', 'python']
[0.155s] Level 1:colcon.colcon_core.package_identification:_identify(src/crazyswarm2/systemtests/SDplotting) by extension 'cmake'
[0.155s] Level 1:colcon.colcon_core.package_identification:_identify(src/crazyswarm2/systemtests/SDplotting) by extension 'python'
[0.155s] Level 1:colcon.colcon_core.package_identification:_identify(src/crazyswarm2/systemtests/SDplotting) by extensions ['python_setup_py']
[0.155s] Level 1:colcon.colcon_core.package_identification:_identify(src/crazyswarm2/systemtests/SDplotting) by extension 'python_setup_py'
[0.155s] Level 1:colcon.colcon_core.package_discovery:discover_packages(recursive) using defaults
[0.155s] Level 1:colcon.colcon_core.package_discovery:discover_packages(ignore) discover
[0.155s] Level 1:colcon.colcon_core.package_discovery:discover_packages(ignore) using defaults
[0.155s] Level 1:colcon.colcon_core.package_discovery:discover_packages(path) discover
[0.155s] Level 1:colcon.colcon_core.package_discovery:discover_packages(path) using defaults
[0.169s] INFO:colcon.colcon_metadata.metadata.colcon_pkg:Updating descriptor of package 'src/crazyswarm2/crazyflie_py' from colcon.pkg: {'python-testing': 'pytest'}
[0.171s] Level 1:colcon.colcon_core.package_discovery:discover_packages(prefix_path) check parameters
[0.171s] Level 1:colcon.colcon_core.package_discovery:discover_packages(prefix_path) discover
[0.174s] DEBUG:colcon.colcon_installed_package_information.package_discovery:Found 2 installed packages in /home/mouha/ros2_ws/install
[0.175s] DEBUG:colcon.colcon_installed_package_information.package_discovery:Found 377 installed packages in /opt/ros/jazzy
[0.177s] Level 1:colcon.colcon_core.package_discovery:discover_packages(prefix_path) using defaults
[0.213s] Level 5:colcon.colcon_core.verb:set package 'cf_led_mission' build argument 'cmake_args' from command line to 'None'
[0.213s] Level 5:colcon.colcon_core.verb:set package 'cf_led_mission' build argument 'cmake_target' from command line to 'None'
[0.213s] Level 5:colcon.colcon_core.verb:set package 'cf_led_mission' build argument 'cmake_target_skip_unavailable' from command line to 'False'
[0.213s] Level 5:colcon.colcon_core.verb:set package 'cf_led_mission' build argument 'cmake_clean_cache' from command line to 'False'
[0.213s] Level 5:colcon.colcon_core.verb:set package 'cf_led_mission' build argument 'cmake_clean_first' from command line to 'False'
[0.213s] Level 5:colcon.colcon_core.verb:set package 'cf_led_mission' build argument 'cmake_force_configure' from command line to 'False'
[0.213s] Level 5:colcon.colcon_core.verb:set package 'cf_led_mission' build argument 'ament_cmake_args' from command line to 'None'
[0.213s] Level 5:colcon.colcon_core.verb:set package 'cf_led_mission' build argument 'catkin_cmake_args' from command line to 'None'
[0.213s] Level 5:colcon.colcon_core.verb:set package 'cf_led_mission' build argument 'catkin_skip_building_tests' from command line to 'False'
[0.213s] DEBUG:colcon.colcon_core.verb:Building package 'cf_led_mission' with the following arguments: {'ament_cmake_args': None, 'build_base': '/home/mouha/crazyflie/ros2_ws/build/cf_led_mission', 'catkin_cmake_args': None, 'catkin_skip_building_tests': False, 'cmake_args': None, 'cmake_clean_cache': False, 'cmake_clean_first': False, 'cmake_force_configure': False, 'cmake_target': None, 'cmake_target_skip_unavailable': False, 'install_base': '/home/mouha/crazyflie/ros2_ws/install/cf_led_mission', 'merge_install': False, 'path': '/home/mouha/crazyflie/ros2_ws/src/cf_led_mission', 'symlink_install': True, 'test_result_base': None}
[0.213s] Level 5:colcon.colcon_core.verb:set package 'crazyflie_description' build argument 'cmake_args' from command line to 'None'
[0.213s] Level 5:colcon.colcon_core.verb:set package 'crazyflie_description' build argument 'cmake_target' from command line to 'None'
[0.213s] Level 5:colcon.colcon_core.verb:set package 'crazyflie_description' build argument 'cmake_target_skip_unavailable' from command line to 'False'
[0.213s] Level 5:colcon.colcon_core.verb:set package 'crazyflie_description' build argument 'cmake_clean_cache' from command line to 'False'
[0.213s] Level 5:colcon.colcon_core.verb:set package 'crazyflie_description' build argument 'cmake_clean_first' from command line to 'False'
[0.213s] Level 5:colcon.colcon_core.verb:set package 'crazyflie_description' build argument 'cmake_force_configure' from command line to 'False'
[0.213s] Level 5:colcon.colcon_core.verb:set package 'crazyflie_description' build argument 'ament_cmake_args' from command line to 'None'
[0.213s] Level 5:colcon.colcon_core.verb:set package 'crazyflie_description' build argument 'catkin_cmake_args' from command line to 'None'
[0.213s] Level 5:colcon.colcon_core.verb:set package 'crazyflie_description' build argument 'catkin_skip_building_tests' from command line to 'False'
[0.213s] DEBUG:colcon.colcon_core.verb:Building package 'crazyflie_description' with the following arguments: {'ament_cmake_args': None, 'build_base': '/home/mouha/crazyflie/ros2_ws/build/crazyflie_description', 'catkin_cmake_args': None, 'catkin_skip_building_tests': False, 'cmake_args': None, 'cmake_clean_cache': False, 'cmake_clean_first': False, 'cmake_force_configure': False, 'cmake_target': None, 'cmake_target_skip_unavailable': False, 'install_base': '/home/mouha/crazyflie/ros2_ws/install/crazyflie_description', 'merge_install': False, 'path': '/home/mouha/crazyflie/ros2_ws/src/crazyswarm2/crazyflie_description', 'symlink_install': True, 'test_result_base': None}
[0.214s] Level 5:colcon.colcon_core.verb:set package 'crazyflie_interfaces' build argument 'cmake_args' from command line to 'None'
[0.214s] Level 5:colcon.colcon_core.verb:set package 'crazyflie_interfaces' build argument 'cmake_target' from command line to 'None'
[0.214s] Level 5:colcon.colcon_core.verb:set package 'crazyflie_interfaces' build argument 'cmake_target_skip_unavailable' from command line to 'False'
[0.214s] Level 5:colcon.colcon_core.verb:set package 'crazyflie_interfaces' build argument 'cmake_clean_cache' from command line to 'False'
[0.214s] Level 5:colcon.colcon_core.verb:set package 'crazyflie_interfaces' build argument 'cmake_clean_first' from command line to 'False'
[0.214s] Level 5:colcon.colcon_core.verb:set package 'crazyflie_interfaces' build argument 'cmake_force_configure' from command line to 'False'
[0.214s] Level 5:colcon.colcon_core.verb:set package 'crazyflie_interfaces' build argument 'ament_cmake_args' from command line to 'None'
[0.214s] Level 5:colcon.colcon_core.verb:set package 'crazyflie_interfaces' build argument 'catkin_cmake_args' from command line to 'None'
[0.214s] Level 5:colcon.colcon_core.verb:set package 'crazyflie_interfaces' build argument 'catkin_skip_building_tests' from command line to 'False'
[0.214s] DEBUG:colcon.colcon_core.verb:Building package 'crazyflie_interfaces' with the following arguments: {'ament_cmake_args': None, 'build_base': '/home/mouha/crazyflie/ros2_ws/build/crazyflie_interfaces', 'catkin_cmake_args': None, 'catkin_skip_building_tests': False, 'cmake_args': None, 'cmake_clean_cache': False, 'cmake_clean_first': False, 'cmake_force_configure': False, 'cmake_target': None, 'cmake_target_skip_unavailable': False, 'install_base': '/home/mouha/crazyflie/ros2_ws/install/crazyflie_interfaces', 'merge_install': False, 'path': '/home/mouha/crazyflie/ros2_ws/src/crazyswarm2/crazyflie_interfaces', 'symlink_install': True, 'test_result_base': None}
[0.214s] Level 5:colcon.colcon_core.verb:set package 'crazyflie' build argument 'cmake_args' from command line to 'None'
[0.214s] Level 5:colcon.colcon_core.verb:set package 'crazyflie' build argument 'cmake_target' from command line to 'None'
[0.214s] Level 5:colcon.colcon_core.verb:set package 'crazyflie' build argument 'cmake_target_skip_unavailable' from command line to 'False'
[0.214s] Level 5:colcon.colcon_core.verb:set package 'crazyflie' build argument 'cmake_clean_cache' from command line to 'False'
[0.214s] Level 5:colcon.colcon_core.verb:set package 'crazyflie' build argument 'cmake_clean_first' from command line to 'False'
[0.214s] Level 5:colcon.colcon_core.verb:set package 'crazyflie' build argument 'cmake_force_configure' from command line to 'False'
[0.214s] Level 5:colcon.colcon_core.verb:set package 'crazyflie' build argument 'ament_cmake_args' from command line to 'None'
[0.214s] Level 5:colcon.colcon_core.verb:set package 'crazyflie' build argument 'catkin_cmake_args' from command line to 'None'
[0.214s] Level 5:colcon.colcon_core.verb:set package 'crazyflie' build argument 'catkin_skip_building_tests' from command line to 'False'
[0.214s] DEBUG:colcon.colcon_core.verb:Building package 'crazyflie' with the following arguments: {'ament_cmake_args': None, 'build_base': '/home/mouha/crazyflie/ros2_ws/build/crazyflie', 'catkin_cmake_args': None, 'catkin_skip_building_tests': False, 'cmake_args': None, 'cmake_clean_cache': False, 'cmake_clean_first': False, 'cmake_force_configure': False, 'cmake_target': None, 'cmake_target_skip_unavailable': False, 'install_base': '/home/mouha/crazyflie/ros2_ws/install/crazyflie', 'merge_install': False, 'path': '/home/mouha/crazyflie/ros2_ws/src/crazyswarm2/crazyflie', 'symlink_install': True, 'test_result_base': None}
[0.214s] Level 5:colcon.colcon_core.verb:set package 'crazyflie_py' build argument 'cmake_args' from command line to 'None'
[0.214s] Level 5:colcon.colcon_core.verb:set package 'crazyflie_py' build argument 'cmake_target' from command line to 'None'
[0.214s] Level 5:colcon.colcon_core.verb:set package 'crazyflie_py' build argument 'cmake_target_skip_unavailable' from command line to 'False'
[0.214s] Level 5:colcon.colcon_core.verb:set package 'crazyflie_py' build argument 'cmake_clean_cache' from command line to 'False'
[0.214s] Level 5:colcon.colcon_core.verb:set package 'crazyflie_py' build argument 'cmake_clean_first' from command line to 'False'
[0.214s] Level 5:colcon.colcon_core.verb:set package 'crazyflie_py' build argument 'cmake_force_configure' from command line to 'False'
[0.214s] Level 5:colcon.colcon_core.verb:set package 'crazyflie_py' build argument 'ament_cmake_args' from command line to 'None'
[0.214s] Level 5:colcon.colcon_core.verb:set package 'crazyflie_py' build argument 'catkin_cmake_args' from command line to 'None'
[0.214s] Level 5:colcon.colcon_core.verb:set package 'crazyflie_py' build argument 'catkin_skip_building_tests' from command line to 'False'
[0.214s] DEBUG:colcon.colcon_core.verb:Building package 'crazyflie_py' with the following arguments: {'ament_cmake_args': None, 'build_base': '/home/mouha/crazyflie/ros2_ws/build/crazyflie_py', 'catkin_cmake_args': None, 'catkin_skip_building_tests': False, 'cmake_args': None, 'cmake_clean_cache': False, 'cmake_clean_first': False, 'cmake_force_configure': False, 'cmake_target': None, 'cmake_target_skip_unavailable': False, 'install_base': '/home/mouha/crazyflie/ros2_ws/install/crazyflie_py', 'merge_install': False, 'path': '/home/mouha/crazyflie/ros2_ws/src/crazyswarm2/crazyflie_py', 'symlink_install': True, 'test_result_base': None}
[0.214s] Level 5:colcon.colcon_core.verb:set package 'crazyflie_server_py' build argument 'cmake_args' from command line to 'None'
[0.214s] Level 5:colcon.colcon_core.verb:set package 'crazyflie_server_py' build argument 'cmake_target' from command line to 'None'
[0.214s] Level 5:colcon.colcon_core.verb:set package 'crazyflie_server_py' build argument 'cmake_target_skip_unavailable' from command line to 'False'
[0.214s] Level 5:colcon.colcon_core.verb:set package 'crazyflie_server_py' build argument 'cmake_clean_cache' from command line to 'False'
[0.214s] Level 5:colcon.colcon_core.verb:set package 'crazyflie_server_py' build argument 'cmake_clean_first' from command line to 'False'
[0.214s] Level 5:colcon.colcon_core.verb:set package 'crazyflie_server_py' build argument 'cmake_force_configure' from command line to 'False'
[0.214s] Level 5:colcon.colcon_core.verb:set package 'crazyflie_server_py' build argument 'ament_cmake_args' from command line to 'None'
[0.214s] Level 5:colcon.colcon_core.verb:set package 'crazyflie_server_py' build argument 'catkin_cmake_args' from command line to 'None'
[0.215s] Level 5:colcon.colcon_core.verb:set package 'crazyflie_server_py' build argument 'catkin_skip_building_tests' from command line to 'False'
[0.215s] DEBUG:colcon.colcon_core.verb:Building package 'crazyflie_server_py' with the following arguments: {'ament_cmake_args': None, 'build_base': '/home/mouha/crazyflie/ros2_ws/build/crazyflie_server_py', 'catkin_cmake_args': None, 'catkin_skip_building_tests': False, 'cmake_args': None, 'cmake_clean_cache': False, 'cmake_clean_first': False, 'cmake_force_configure': False, 'cmake_target': None, 'cmake_target_skip_unavailable': False, 'install_base': '/home/mouha/crazyflie/ros2_ws/install/crazyflie_server_py', 'merge_install': False, 'path': '/home/mouha/crazyflie/ros2_ws/src/crazyswarm2/crazyflie_server_py', 'symlink_install': True, 'test_result_base': None}
[0.215s] Level 5:colcon.colcon_core.verb:set package 'crazyflie_sim' build argument 'cmake_args' from command line to 'None'
[0.215s] Level 5:colcon.colcon_core.verb:set package 'crazyflie_sim' build argument 'cmake_target' from command line to 'None'
[0.215s] Level 5:colcon.colcon_core.verb:set package 'crazyflie_sim' build argument 'cmake_target_skip_unavailable' from command line to 'False'
[0.215s] Level 5:colcon.colcon_core.verb:set package 'crazyflie_sim' build argument 'cmake_clean_cache' from command line to 'False'
[0.215s] Level 5:colcon.colcon_core.verb:set package 'crazyflie_sim' build argument 'cmake_clean_first' from command line to 'False'
[0.215s] Level 5:colcon.colcon_core.verb:set package 'crazyflie_sim' build argument 'cmake_force_configure' from command line to 'False'
[0.215s] Level 5:colcon.colcon_core.verb:set package 'crazyflie_sim' build argument 'ament_cmake_args' from command line to 'None'
[0.215s] Level 5:colcon.colcon_core.verb:set package 'crazyflie_sim' build argument 'catkin_cmake_args' from command line to 'None'
[0.215s] Level 5:colcon.colcon_core.verb:set package 'crazyflie_sim' build argument 'catkin_skip_building_tests' from command line to 'False'
[0.215s] DEBUG:colcon.colcon_core.verb:Building package 'crazyflie_sim' with the following arguments: {'ament_cmake_args': None, 'build_base': '/home/mouha/crazyflie/ros2_ws/build/crazyflie_sim', 'catkin_cmake_args': None, 'catkin_skip_building_tests': False, 'cmake_args': None, 'cmake_clean_cache': False, 'cmake_clean_first': False, 'cmake_force_configure': False, 'cmake_target': None, 'cmake_target_skip_unavailable': False, 'install_base': '/home/mouha/crazyflie/ros2_ws/install/crazyflie_sim', 'merge_install': False, 'path': '/home/mouha/crazyflie/ros2_ws/src/crazyswarm2/crazyflie_sim', 'symlink_install': True, 'test_result_base': None}
[0.215s] Level 5:colcon.colcon_core.verb:set package 'crazyflie_examples' build argument 'cmake_args' from command line to 'None'
[0.215s] Level 5:colcon.colcon_core.verb:set package 'crazyflie_examples' build argument 'cmake_target' from command line to 'None'
[0.215s] Level 5:colcon.colcon_core.verb:set package 'crazyflie_examples' build argument 'cmake_target_skip_unavailable' from command line to 'False'
[0.215s] Level 5:colcon.colcon_core.verb:set package 'crazyflie_examples' build argument 'cmake_clean_cache' from command line to 'False'
[0.215s] Level 5:colcon.colcon_core.verb:set package 'crazyflie_examples' build argument 'cmake_clean_first' from command line to 'False'
[0.215s] Level 5:colcon.colcon_core.verb:set package 'crazyflie_examples' build argument 'cmake_force_configure' from command line to 'False'
[0.215s] Level 5:colcon.colcon_core.verb:set package 'crazyflie_examples' build argument 'ament_cmake_args' from command line to 'None'
[0.215s] Level 5:colcon.colcon_core.verb:set package 'crazyflie_examples' build argument 'catkin_cmake_args' from command line to 'None'
[0.215s] Level 5:colcon.colcon_core.verb:set package 'crazyflie_examples' build argument 'catkin_skip_building_tests' from command line to 'False'
[0.215s] DEBUG:colcon.colcon_core.verb:Building package 'crazyflie_examples' with the following arguments: {'ament_cmake_args': None, 'build_base': '/home/mouha/crazyflie/ros2_ws/build/crazyflie_examples', 'catkin_cmake_args': None, 'catkin_skip_building_tests': False, 'cmake_args': None, 'cmake_clean_cache': False, 'cmake_clean_first': False, 'cmake_force_configure': False, 'cmake_target': None, 'cmake_target_skip_unavailable': False, 'install_base': '/home/mouha/crazyflie/ros2_ws/install/crazyflie_examples', 'merge_install': False, 'path': '/home/mouha/crazyflie/ros2_ws/src/crazyswarm2/crazyflie_examples', 'symlink_install': True, 'test_result_base': None}
[0.215s] INFO:colcon.colcon_core.executor:Executing jobs using 'parallel' executor
[0.216s] DEBUG:colcon.colcon_parallel_executor.executor.parallel:run_until_complete
[0.216s] INFO:colcon.colcon_ros.task.ament_cmake.build:Building ROS package in '/home/mouha/crazyflie/ros2_ws/src/crazyswarm2/crazyflie_interfaces' with build type 'ament_cmake'
[0.216s] INFO:colcon.colcon_cmake.task.cmake.build:Building CMake package in '/home/mouha/crazyflie/ros2_ws/src/crazyswarm2/crazyflie_interfaces'
[0.218s] INFO:colcon.colcon_core.plugin_system:Skipping extension 'colcon_core.shell.bat': Not used on non-Windows systems
[0.218s] INFO:colcon.colcon_core.shell:Skip shell extension 'powershell' for command environment: Not usable outside of PowerShell
[0.218s] DEBUG:colcon.colcon_core.shell:Skip shell extension 'dsv' for command environment
[0.221s] INFO:colcon.colcon_ros.task.ament_cmake.build:Building ROS package in '/home/mouha/crazyflie/ros2_ws/src/crazyswarm2/crazyflie_description' with build type 'ament_cmake'
[0.221s] INFO:colcon.colcon_cmake.task.cmake.build:Building CMake package in '/home/mouha/crazyflie/ros2_ws/src/crazyswarm2/crazyflie_description'
[0.221s] INFO:colcon.colcon_core.shell:Skip shell extension 'powershell' for command environment: Not usable outside of PowerShell
[0.221s] DEBUG:colcon.colcon_core.shell:Skip shell extension 'dsv' for command environment
[0.223s] INFO:colcon.colcon_ros.task.ament_python.build:Building ROS package in '/home/mouha/crazyflie/ros2_ws/src/cf_led_mission' with build type 'ament_python'
[0.223s] Level 1:colcon.colcon_core.shell:create_environment_hook('cf_led_mission', 'ament_prefix_path')
[0.223s] INFO:colcon.colcon_core.shell:Creating environment hook '/home/mouha/crazyflie/ros2_ws/install/cf_led_mission/share/cf_led_mission/hook/ament_prefix_path.ps1'
[0.224s] INFO:colcon.colcon_core.shell:Creating environment descriptor '/home/mouha/crazyflie/ros2_ws/install/cf_led_mission/share/cf_led_mission/hook/ament_prefix_path.dsv'
[0.224s] INFO:colcon.colcon_core.shell:Creating environment hook '/home/mouha/crazyflie/ros2_ws/install/cf_led_mission/share/cf_led_mission/hook/ament_prefix_path.sh'
[0.225s] INFO:colcon.colcon_core.shell:Skip shell extension 'powershell' for command environment: Not usable outside of PowerShell
[0.225s] DEBUG:colcon.colcon_core.shell:Skip shell extension 'dsv' for command environment
[0.230s] DEBUG:colcon.colcon_core.event_handler.log_command:Invoking command in '/home/mouha/crazyflie/ros2_ws/build/crazyflie_interfaces': CMAKE_PREFIX_PATH=${CMAKE_PREFIX_PATH}:/home/mouha/ros2_ws/install/my_py_pkg:/opt/ros/jazzy DEBUGINFOD_URLS=https://debuginfod.ubuntu.com /usr/bin/cmake --build /home/mouha/crazyflie/ros2_ws/build/crazyflie_interfaces -- -j12 -l12
[0.231s] DEBUG:colcon.colcon_core.event_handler.log_command:Invoking command in '/home/mouha/crazyflie/ros2_ws/build/crazyflie_description': CMAKE_PREFIX_PATH=${CMAKE_PREFIX_PATH}:/home/mouha/ros2_ws/install/my_py_pkg:/opt/ros/jazzy DEBUGINFOD_URLS=https://debuginfod.ubuntu.com /usr/bin/cmake --build /home/mouha/crazyflie/ros2_ws/build/crazyflie_description -- -j12 -l12
[0.420s] INFO:colcon.colcon_core.task.python.build:Building Python package in '/home/mouha/crazyflie/ros2_ws/src/cf_led_mission'
[0.420s] INFO:colcon.colcon_core.shell:Skip shell extension 'powershell' for command environment: Not usable outside of PowerShell
[0.420s] DEBUG:colcon.colcon_core.shell:Skip shell extension 'dsv' for command environment
[0.426s] DEBUG:colcon.colcon_core.event_handler.log_command:Invoked command in '/home/mouha/crazyflie/ros2_ws/build/crazyflie_description' returned '0': CMAKE_PREFIX_PATH=${CMAKE_PREFIX_PATH}:/home/mouha/ros2_ws/install/my_py_pkg:/opt/ros/jazzy DEBUGINFOD_URLS=https://debuginfod.ubuntu.com /usr/bin/cmake --build /home/mouha/crazyflie/ros2_ws/build/crazyflie_description -- -j12 -l12
[0.434s] DEBUG:colcon.colcon_core.event_handler.log_command:Invoking command in '/home/mouha/crazyflie/ros2_ws/build/crazyflie_description': CMAKE_PREFIX_PATH=${CMAKE_PREFIX_PATH}:/home/mouha/ros2_ws/install/my_py_pkg:/opt/ros/jazzy DEBUGINFOD_URLS=https://debuginfod.ubuntu.com /usr/bin/cmake --install /home/mouha/crazyflie/ros2_ws/build/crazyflie_description
[0.452s] Level 1:colcon.colcon_core.environment:create_environment_scripts_only(crazyflie_description)
[0.454s] DEBUG:colcon.colcon_core.event_handler.log_command:Invoked command in '/home/mouha/crazyflie/ros2_ws/build/crazyflie_description' returned '0': CMAKE_PREFIX_PATH=${CMAKE_PREFIX_PATH}:/home/mouha/ros2_ws/install/my_py_pkg:/opt/ros/jazzy DEBUGINFOD_URLS=https://debuginfod.ubuntu.com /usr/bin/cmake --install /home/mouha/crazyflie/ros2_ws/build/crazyflie_description
[0.455s] Level 1:colcon.colcon_core.environment:checking '/home/mouha/crazyflie/ros2_ws/install/crazyflie_description' for CMake module files
[0.456s] Level 1:colcon.colcon_core.environment:checking '/home/mouha/crazyflie/ros2_ws/install/crazyflie_description' for CMake config files
[0.456s] Level 1:colcon.colcon_core.shell:create_environment_hook('crazyflie_description', 'cmake_prefix_path')
[0.456s] INFO:colcon.colcon_core.shell:Creating environment hook '/home/mouha/crazyflie/ros2_ws/install/crazyflie_description/share/crazyflie_description/hook/cmake_prefix_path.ps1'
[0.456s] INFO:colcon.colcon_core.shell:Creating environment descriptor '/home/mouha/crazyflie/ros2_ws/install/crazyflie_description/share/crazyflie_description/hook/cmake_prefix_path.dsv'
[0.457s] INFO:colcon.colcon_core.shell:Creating environment hook '/home/mouha/crazyflie/ros2_ws/install/crazyflie_description/share/crazyflie_description/hook/cmake_prefix_path.sh'
[0.457s] Level 1:colcon.colcon_core.environment:checking '/home/mouha/crazyflie/ros2_ws/install/crazyflie_description/bin'
[0.457s] Level 1:colcon.colcon_core.environment:checking '/home/mouha/crazyflie/ros2_ws/install/crazyflie_description/lib/pkgconfig/crazyflie_description.pc'
[0.458s] Level 1:colcon.colcon_core.environment:checking '/home/mouha/crazyflie/ros2_ws/install/crazyflie_description/lib/python3.12/site-packages'
[0.458s] Level 1:colcon.colcon_core.environment:checking '/home/mouha/crazyflie/ros2_ws/install/crazyflie_description/bin'
[0.458s] INFO:colcon.colcon_core.shell:Creating package script '/home/mouha/crazyflie/ros2_ws/install/crazyflie_description/share/crazyflie_description/package.ps1'
[0.460s] INFO:colcon.colcon_core.shell:Creating package descriptor '/home/mouha/crazyflie/ros2_ws/install/crazyflie_description/share/crazyflie_description/package.dsv'
[0.460s] INFO:colcon.colcon_core.shell:Creating package script '/home/mouha/crazyflie/ros2_ws/install/crazyflie_description/share/crazyflie_description/package.sh'
[0.461s] INFO:colcon.colcon_core.shell:Creating package script '/home/mouha/crazyflie/ros2_ws/install/crazyflie_description/share/crazyflie_description/package.bash'
[0.462s] INFO:colcon.colcon_core.shell:Creating package script '/home/mouha/crazyflie/ros2_ws/install/crazyflie_description/share/crazyflie_description/package.zsh'
[0.462s] Level 1:colcon.colcon_core.environment:create_file_with_runtime_dependencies(/home/mouha/crazyflie/ros2_ws/install/crazyflie_description/share/colcon-core/packages/crazyflie_description)
[0.463s] Level 1:colcon.colcon_core.environment:create_environment_scripts_only(crazyflie_description)
[0.464s] Level 1:colcon.colcon_core.environment:checking '/home/mouha/crazyflie/ros2_ws/install/crazyflie_description' for CMake module files
[0.464s] Level 1:colcon.colcon_core.environment:checking '/home/mouha/crazyflie/ros2_ws/install/crazyflie_description' for CMake config files
[0.464s] Level 1:colcon.colcon_core.shell:create_environment_hook('crazyflie_description', 'cmake_prefix_path')
[0.464s] INFO:colcon.colcon_core.shell:Creating environment hook '/home/mouha/crazyflie/ros2_ws/install/crazyflie_description/share/crazyflie_description/hook/cmake_prefix_path.ps1'
[0.465s] INFO:colcon.colcon_core.shell:Creating environment descriptor '/home/mouha/crazyflie/ros2_ws/install/crazyflie_description/share/crazyflie_description/hook/cmake_prefix_path.dsv'
[0.465s] INFO:colcon.colcon_core.shell:Creating environment hook '/home/mouha/crazyflie/ros2_ws/install/crazyflie_description/share/crazyflie_description/hook/cmake_prefix_path.sh'
[0.465s] Level 1:colcon.colcon_core.environment:checking '/home/mouha/crazyflie/ros2_ws/install/crazyflie_description/bin'
[0.465s] Level 1:colcon.colcon_core.environment:checking '/home/mouha/crazyflie/ros2_ws/install/crazyflie_description/lib/pkgconfig/crazyflie_description.pc'
[0.466s] Level 1:colcon.colcon_core.environment:checking '/home/mouha/crazyflie/ros2_ws/install/crazyflie_description/lib/python3.12/site-packages'
[0.466s] Level 1:colcon.colcon_core.environment:checking '/home/mouha/crazyflie/ros2_ws/install/crazyflie_description/bin'
[0.466s] INFO:colcon.colcon_core.shell:Creating package script '/home/mouha/crazyflie/ros2_ws/install/crazyflie_description/share/crazyflie_description/package.ps1'
[0.466s] INFO:colcon.colcon_core.shell:Creating package descriptor '/home/mouha/crazyflie/ros2_ws/install/crazyflie_description/share/crazyflie_description/package.dsv'
[0.467s] INFO:colcon.colcon_core.shell:Creating package script '/home/mouha/crazyflie/ros2_ws/install/crazyflie_description/share/crazyflie_description/package.sh'
[0.467s] INFO:colcon.colcon_core.shell:Creating package script '/home/mouha/crazyflie/ros2_ws/install/crazyflie_description/share/crazyflie_description/package.bash'
[0.467s] INFO:colcon.colcon_core.shell:Creating package script '/home/mouha/crazyflie/ros2_ws/install/crazyflie_description/share/crazyflie_description/package.zsh'
[0.467s] Level 1:colcon.colcon_core.environment:create_file_with_runtime_dependencies(/home/mouha/crazyflie/ros2_ws/install/crazyflie_description/share/colcon-core/packages/crazyflie_description)
[0.593s] DEBUG:colcon.colcon_core.event_handler.log_command:Invoked command in '/home/mouha/crazyflie/ros2_ws/build/crazyflie_interfaces' returned '0': CMAKE_PREFIX_PATH=${CMAKE_PREFIX_PATH}:/home/mouha/ros2_ws/install/my_py_pkg:/opt/ros/jazzy DEBUGINFOD_URLS=https://debuginfod.ubuntu.com /usr/bin/cmake --build /home/mouha/crazyflie/ros2_ws/build/crazyflie_interfaces -- -j12 -l12
[0.594s] DEBUG:colcon.colcon_core.event_handler.log_command:Invoking command in '/home/mouha/crazyflie/ros2_ws/build/crazyflie_interfaces': CMAKE_PREFIX_PATH=${CMAKE_PREFIX_PATH}:/home/mouha/ros2_ws/install/my_py_pkg:/opt/ros/jazzy DEBUGINFOD_URLS=https://debuginfod.ubuntu.com /usr/bin/cmake --install /home/mouha/crazyflie/ros2_ws/build/crazyflie_interfaces
[0.679s] Level 1:colcon.colcon_core.environment:create_environment_scripts_only(crazyflie_interfaces)
[0.680s] Level 1:colcon.colcon_core.environment:checking '/home/mouha/crazyflie/ros2_ws/install/crazyflie_interfaces' for CMake module files
[0.680s] DEBUG:colcon.colcon_core.event_handler.log_command:Invoked command in '/home/mouha/crazyflie/ros2_ws/build/crazyflie_interfaces' returned '0': CMAKE_PREFIX_PATH=${CMAKE_PREFIX_PATH}:/home/mouha/ros2_ws/install/my_py_pkg:/opt/ros/jazzy DEBUGINFOD_URLS=https://debuginfod.ubuntu.com /usr/bin/cmake --install /home/mouha/crazyflie/ros2_ws/build/crazyflie_interfaces
[0.680s] Level 1:colcon.colcon_core.environment:checking '/home/mouha/crazyflie/ros2_ws/install/crazyflie_interfaces' for CMake config files
[0.681s] Level 1:colcon.colcon_core.shell:create_environment_hook('crazyflie_interfaces', 'cmake_prefix_path')
[0.681s] INFO:colcon.colcon_core.shell:Creating environment hook '/home/mouha/crazyflie/ros2_ws/install/crazyflie_interfaces/share/crazyflie_interfaces/hook/cmake_prefix_path.ps1'
[0.681s] INFO:colcon.colcon_core.shell:Creating environment descriptor '/home/mouha/crazyflie/ros2_ws/install/crazyflie_interfaces/share/crazyflie_interfaces/hook/cmake_prefix_path.dsv'
[0.682s] INFO:colcon.colcon_core.shell:Creating environment hook '/home/mouha/crazyflie/ros2_ws/install/crazyflie_interfaces/share/crazyflie_interfaces/hook/cmake_prefix_path.sh'
[0.682s] Level 1:colcon.colcon_core.environment:checking '/home/mouha/crazyflie/ros2_ws/install/crazyflie_interfaces/lib'
[0.682s] Level 1:colcon.colcon_core.shell:create_environment_hook('crazyflie_interfaces', 'ld_library_path_lib')
[0.683s] INFO:colcon.colcon_core.shell:Creating environment hook '/home/mouha/crazyflie/ros2_ws/install/crazyflie_interfaces/share/crazyflie_interfaces/hook/ld_library_path_lib.ps1'
[0.683s] INFO:colcon.colcon_core.shell:Creating environment descriptor '/home/mouha/crazyflie/ros2_ws/install/crazyflie_interfaces/share/crazyflie_interfaces/hook/ld_library_path_lib.dsv'
[0.684s] INFO:colcon.colcon_core.shell:Creating environment hook '/home/mouha/crazyflie/ros2_ws/install/crazyflie_interfaces/share/crazyflie_interfaces/hook/ld_library_path_lib.sh'
[0.684s] Level 1:colcon.colcon_core.environment:checking '/home/mouha/crazyflie/ros2_ws/install/crazyflie_interfaces/bin'
[0.684s] Level 1:colcon.colcon_core.environment:checking '/home/mouha/crazyflie/ros2_ws/install/crazyflie_interfaces/lib/pkgconfig/crazyflie_interfaces.pc'
[0.684s] Level 1:colcon.colcon_core.environment:checking '/home/mouha/crazyflie/ros2_ws/install/crazyflie_interfaces/lib/python3.12/site-packages'
[0.684s] Level 1:colcon.colcon_core.shell:create_environment_hook('crazyflie_interfaces', 'pythonpath')
[0.684s] INFO:colcon.colcon_core.shell:Creating environment hook '/home/mouha/crazyflie/ros2_ws/install/crazyflie_interfaces/share/crazyflie_interfaces/hook/pythonpath.ps1'
[0.685s] INFO:colcon.colcon_core.shell:Creating environment descriptor '/home/mouha/crazyflie/ros2_ws/install/crazyflie_interfaces/share/crazyflie_interfaces/hook/pythonpath.dsv'
[0.685s] INFO:colcon.colcon_core.shell:Creating environment hook '/home/mouha/crazyflie/ros2_ws/install/crazyflie_interfaces/share/crazyflie_interfaces/hook/pythonpath.sh'
[0.685s] Level 1:colcon.colcon_core.environment:checking '/home/mouha/crazyflie/ros2_ws/install/crazyflie_interfaces/bin'
[0.686s] INFO:colcon.colcon_core.shell:Creating package script '/home/mouha/crazyflie/ros2_ws/install/crazyflie_interfaces/share/crazyflie_interfaces/package.ps1'
[0.686s] INFO:colcon.colcon_core.shell:Creating package descriptor '/home/mouha/crazyflie/ros2_ws/install/crazyflie_interfaces/share/crazyflie_interfaces/package.dsv'
[0.687s] INFO:colcon.colcon_core.shell:Creating package script '/home/mouha/crazyflie/ros2_ws/install/crazyflie_interfaces/share/crazyflie_interfaces/package.sh'
[0.687s] INFO:colcon.colcon_core.shell:Creating package script '/home/mouha/crazyflie/ros2_ws/install/crazyflie_interfaces/share/crazyflie_interfaces/package.bash'
[0.687s] INFO:colcon.colcon_core.shell:Creating package script '/home/mouha/crazyflie/ros2_ws/install/crazyflie_interfaces/share/crazyflie_interfaces/package.zsh'
[0.687s] Level 1:colcon.colcon_core.environment:create_file_with_runtime_dependencies(/home/mouha/crazyflie/ros2_ws/install/crazyflie_interfaces/share/colcon-core/packages/crazyflie_interfaces)
[0.688s] Level 1:colcon.colcon_core.environment:create_environment_scripts_only(crazyflie_interfaces)
[0.688s] Level 1:colcon.colcon_core.environment:checking '/home/mouha/crazyflie/ros2_ws/install/crazyflie_interfaces' for CMake module files
[0.688s] Level 1:colcon.colcon_core.environment:checking '/home/mouha/crazyflie/ros2_ws/install/crazyflie_interfaces' for CMake config files
[0.689s] Level 1:colcon.colcon_core.shell:create_environment_hook('crazyflie_interfaces', 'cmake_prefix_path')
[0.689s] INFO:colcon.colcon_core.shell:Creating environment hook '/home/mouha/crazyflie/ros2_ws/install/crazyflie_interfaces/share/crazyflie_interfaces/hook/cmake_prefix_path.ps1'
[0.689s] INFO:colcon.colcon_core.shell:Creating environment descriptor '/home/mouha/crazyflie/ros2_ws/install/crazyflie_interfaces/share/crazyflie_interfaces/hook/cmake_prefix_path.dsv'
[0.689s] INFO:colcon.colcon_core.shell:Creating environment hook '/home/mouha/crazyflie/ros2_ws/install/crazyflie_interfaces/share/crazyflie_interfaces/hook/cmake_prefix_path.sh'
[0.690s] Level 1:colcon.colcon_core.environment:checking '/home/mouha/crazyflie/ros2_ws/install/crazyflie_interfaces/lib'
[0.690s] Level 1:colcon.colcon_core.shell:create_environment_hook('crazyflie_interfaces', 'ld_library_path_lib')
[0.690s] INFO:colcon.colcon_core.shell:Creating environment hook '/home/mouha/crazyflie/ros2_ws/install/crazyflie_interfaces/share/crazyflie_interfaces/hook/ld_library_path_lib.ps1'
[0.690s] INFO:colcon.colcon_core.shell:Creating environment descriptor '/home/mouha/crazyflie/ros2_ws/install/crazyflie_interfaces/share/crazyflie_interfaces/hook/ld_library_path_lib.dsv'
[0.690s] INFO:colcon.colcon_core.shell:Creating environment hook '/home/mouha/crazyflie/ros2_ws/install/crazyflie_interfaces/share/crazyflie_interfaces/hook/ld_library_path_lib.sh'
[0.690s] Level 1:colcon.colcon_core.environment:checking '/home/mouha/crazyflie/ros2_ws/install/crazyflie_interfaces/bin'
[0.690s] Level 1:colcon.colcon_core.environment:checking '/home/mouha/crazyflie/ros2_ws/install/crazyflie_interfaces/lib/pkgconfig/crazyflie_interfaces.pc'
[0.691s] Level 1:colcon.colcon_core.environment:checking '/home/mouha/crazyflie/ros2_ws/install/crazyflie_interfaces/lib/python3.12/site-packages'
[0.691s] Level 1:colcon.colcon_core.shell:create_environment_hook('crazyflie_interfaces', 'pythonpath')
[0.691s] INFO:colcon.colcon_core.shell:Creating environment hook '/home/mouha/crazyflie/ros2_ws/install/crazyflie_interfaces/share/crazyflie_interfaces/hook/pythonpath.ps1'
[0.691s] INFO:colcon.colcon_core.shell:Creating environment descriptor '/home/mouha/crazyflie/ros2_ws/install/crazyflie_interfaces/share/crazyflie_interfaces/hook/pythonpath.dsv'
[0.691s] INFO:colcon.colcon_core.shell:Creating environment hook '/home/mouha/crazyflie/ros2_ws/install/crazyflie_interfaces/share/crazyflie_interfaces/hook/pythonpath.sh'
[0.692s] Level 1:colcon.colcon_core.environment:checking '/home/mouha/crazyflie/ros2_ws/install/crazyflie_interfaces/bin'
[0.692s] INFO:colcon.colcon_core.shell:Creating package script '/home/mouha/crazyflie/ros2_ws/install/crazyflie_interfaces/share/crazyflie_interfaces/package.ps1'
[0.692s] INFO:colcon.colcon_core.shell:Creating package descriptor '/home/mouha/crazyflie/ros2_ws/install/crazyflie_interfaces/share/crazyflie_interfaces/package.dsv'
[0.693s] INFO:colcon.colcon_core.shell:Creating package script '/home/mouha/crazyflie/ros2_ws/install/crazyflie_interfaces/share/crazyflie_interfaces/package.sh'
[0.693s] INFO:colcon.colcon_core.shell:Creating package script '/home/mouha/crazyflie/ros2_ws/install/crazyflie_interfaces/share/crazyflie_interfaces/package.bash'
[0.693s] INFO:colcon.colcon_core.shell:Creating package script '/home/mouha/crazyflie/ros2_ws/install/crazyflie_interfaces/share/crazyflie_interfaces/package.zsh'
[0.693s] Level 1:colcon.colcon_core.environment:create_file_with_runtime_dependencies(/home/mouha/crazyflie/ros2_ws/install/crazyflie_interfaces/share/colcon-core/packages/crazyflie_interfaces)
[0.694s] INFO:colcon.colcon_ros.task.ament_python.build:Building ROS package in '/home/mouha/crazyflie/ros2_ws/src/crazyswarm2/crazyflie_py' with build type 'ament_python'
[0.694s] Level 1:colcon.colcon_core.shell:create_environment_hook('crazyflie_py', 'ament_prefix_path')
[0.694s] INFO:colcon.colcon_core.shell:Creating environment hook '/home/mouha/crazyflie/ros2_ws/install/crazyflie_py/share/crazyflie_py/hook/ament_prefix_path.ps1'
[0.694s] INFO:colcon.colcon_core.shell:Creating environment descriptor '/home/mouha/crazyflie/ros2_ws/install/crazyflie_py/share/crazyflie_py/hook/ament_prefix_path.dsv'
[0.695s] INFO:colcon.colcon_core.shell:Creating environment hook '/home/mouha/crazyflie/ros2_ws/install/crazyflie_py/share/crazyflie_py/hook/ament_prefix_path.sh'
[0.695s] INFO:colcon.colcon_core.shell:Skip shell extension 'powershell' for command environment: Not usable outside of PowerShell
[0.695s] DEBUG:colcon.colcon_core.shell:Skip shell extension 'dsv' for command environment
[0.698s] INFO:colcon.colcon_ros.task.ament_cmake.build:Building ROS package in '/home/mouha/crazyflie/ros2_ws/src/crazyswarm2/crazyflie' with build type 'ament_cmake'
[0.698s] INFO:colcon.colcon_cmake.task.cmake.build:Building CMake package in '/home/mouha/crazyflie/ros2_ws/src/crazyswarm2/crazyflie'
[0.699s] INFO:colcon.colcon_core.shell:Skip shell extension 'powershell' for command environment: Not usable outside of PowerShell
[0.699s] DEBUG:colcon.colcon_core.shell:Skip shell extension 'dsv' for command environment
[0.702s] INFO:colcon.colcon_ros.task.ament_python.build:Building ROS package in '/home/mouha/crazyflie/ros2_ws/src/crazyswarm2/crazyflie_server_py' with build type 'ament_python'
[0.702s] Level 1:colcon.colcon_core.shell:create_environment_hook('crazyflie_server_py', 'ament_prefix_path')
[0.702s] INFO:colcon.colcon_core.shell:Creating environment hook '/home/mouha/crazyflie/ros2_ws/install/crazyflie_server_py/share/crazyflie_server_py/hook/ament_prefix_path.ps1'
[0.702s] INFO:colcon.colcon_core.shell:Creating environment descriptor '/home/mouha/crazyflie/ros2_ws/install/crazyflie_server_py/share/crazyflie_server_py/hook/ament_prefix_path.dsv'
[0.703s] INFO:colcon.colcon_core.shell:Creating environment hook '/home/mouha/crazyflie/ros2_ws/install/crazyflie_server_py/share/crazyflie_server_py/hook/ament_prefix_path.sh'
[0.703s] INFO:colcon.colcon_core.shell:Skip shell extension 'powershell' for command environment: Not usable outside of PowerShell
[0.703s] DEBUG:colcon.colcon_core.shell:Skip shell extension 'dsv' for command environment
[0.706s] INFO:colcon.colcon_ros.task.ament_cmake.build:Building ROS package in '/home/mouha/crazyflie/ros2_ws/src/crazyswarm2/crazyflie_sim' with build type 'ament_cmake'
[0.706s] INFO:colcon.colcon_cmake.task.cmake.build:Building CMake package in '/home/mouha/crazyflie/ros2_ws/src/crazyswarm2/crazyflie_sim'
[0.706s] INFO:colcon.colcon_core.shell:Skip shell extension 'powershell' for command environment: Not usable outside of PowerShell
[0.706s] DEBUG:colcon.colcon_core.shell:Skip shell extension 'dsv' for command environment
[0.881s] INFO:colcon.colcon_core.task.python.build:Building Python package in '/home/mouha/crazyflie/ros2_ws/src/crazyswarm2/crazyflie_py'
[0.881s] INFO:colcon.colcon_core.shell:Skip shell extension 'powershell' for command environment: Not usable outside of PowerShell
[0.881s] DEBUG:colcon.colcon_core.shell:Skip shell extension 'dsv' for command environment
[0.886s] DEBUG:colcon.colcon_core.event_handler.log_command:Invoking command in '/home/mouha/crazyflie/ros2_ws/build/crazyflie': AMENT_PREFIX_PATH=/home/mouha/crazyflie/ros2_ws/install/crazyflie_interfaces:/home/mouha/crazyflie/ros2_ws/install/crazyflie_description:${AMENT_PREFIX_PATH} CMAKE_PREFIX_PATH=/home/mouha/crazyflie/ros2_ws/install/crazyflie_interfaces:/home/mouha/crazyflie/ros2_ws/install/crazyflie_description:/home/mouha/ros2_ws/install/my_cpp_pkg:/opt/ros/jazzy/opt/gz_sim_vendor:/opt/ros/jazzy/opt/gz_sensors_vendor:/opt/ros/jazzy/opt/gz_physics_vendor:/opt/ros/jazzy/opt/sdformat_vendor:/opt/ros/jazzy/opt/gz_gui_vendor:/opt/ros/jazzy/opt/gz_transport_vendor:/opt/ros/jazzy/opt/gz_rendering_vendor:/opt/ros/jazzy/opt/gz_plugin_vendor:/opt/ros/jazzy/opt/gz_fuel_tools_vendor:/opt/ros/jazzy/opt/gz_msgs_vendor:/opt/ros/jazzy/opt/gz_common_vendor:/opt/ros/jazzy/opt/gz_math_vendor:/opt/ros/jazzy/opt/gz_utils_vendor:/opt/ros/jazzy/opt/gz_tools_vendor:/opt/ros/jazzy/opt/gz_ogre_next_vendor:/opt/ros/jazzy/opt/gz_dartsim_vendor:/opt/ros/jazzy/opt/gz_cmake_vendor:/home/mouha/ros2_ws/install/my_py_pkg:/opt/ros/jazzy DEBUGINFOD_URLS=https://debuginfod.ubuntu.com LD_LIBRARY_PATH=/home/mouha/crazyflie/ros2_ws/install/crazyflie_interfaces/lib:${LD_LIBRARY_PATH} PYTHONPATH=/home/mouha/crazyflie/ros2_ws/install/crazyflie_interfaces/lib/python3.12/site-packages:${PYTHONPATH} /usr/bin/cmake --build /home/mouha/crazyflie/ros2_ws/build/crazyflie -- -j12 -l12
[1.069s] INFO:colcon.colcon_core.task.python.build:Building Python package in '/home/mouha/crazyflie/ros2_ws/src/crazyswarm2/crazyflie_server_py'
[1.069s] INFO:colcon.colcon_core.shell:Skip shell extension 'powershell' for command environment: Not usable outside of PowerShell
[1.069s] DEBUG:colcon.colcon_core.shell:Skip shell extension 'dsv' for command environment
[1.077s] DEBUG:colcon.colcon_core.event_handler.log_command:Invoking command in '/home/mouha/crazyflie/ros2_ws/build/crazyflie_sim': AMENT_PREFIX_PATH=/home/mouha/crazyflie/ros2_ws/install/crazyflie_interfaces:${AMENT_PREFIX_PATH} CMAKE_PREFIX_PATH=/home/mouha/crazyflie/ros2_ws/install/crazyflie_interfaces:/home/mouha/ros2_ws/install/my_cpp_pkg:/opt/ros/jazzy/opt/gz_sim_vendor:/opt/ros/jazzy/opt/gz_sensors_vendor:/opt/ros/jazzy/opt/gz_physics_vendor:/opt/ros/jazzy/opt/sdformat_vendor:/opt/ros/jazzy/opt/gz_gui_vendor:/opt/ros/jazzy/opt/gz_transport_vendor:/opt/ros/jazzy/opt/gz_rendering_vendor:/opt/ros/jazzy/opt/gz_plugin_vendor:/opt/ros/jazzy/opt/gz_fuel_tools_vendor:/opt/ros/jazzy/opt/gz_msgs_vendor:/opt/ros/jazzy/opt/gz_common_vendor:/opt/ros/jazzy/opt/gz_math_vendor:/opt/ros/jazzy/opt/gz_utils_vendor:/opt/ros/jazzy/opt/gz_tools_vendor:/opt/ros/jazzy/opt/gz_ogre_next_vendor:/opt/ros/jazzy/opt/gz_dartsim_vendor:/opt/ros/jazzy/opt/gz_cmake_vendor:/home/mouha/ros2_ws/install/my_py_pkg:/opt/ros/jazzy DEBUGINFOD_URLS=https://debuginfod.ubuntu.com LD_LIBRARY_PATH=/home/mouha/crazyflie/ros2_ws/install/crazyflie_interfaces/lib:${LD_LIBRARY_PATH} PYTHONPATH=/home/mouha/crazyflie/ros2_ws/install/crazyflie_interfaces/lib/python3.12/site-packages:${PYTHONPATH} /usr/bin/cmake --build /home/mouha/crazyflie/ros2_ws/build/crazyflie_sim -- -j12 -l12
[1.078s] DEBUG:colcon.colcon_core.event_handler.log_command:Invoking command in '/home/mouha/crazyflie/ros2_ws/build/cf_led_mission': DEBUGINFOD_URLS=https://debuginfod.ubuntu.com PYTHONPATH=/home/mouha/crazyflie/ros2_ws/build/cf_led_mission/prefix_override:/usr/lib/python3/dist-packages/colcon_core/task/python/colcon_distutils_commands:/home/mouha/crazyflie/ros2_ws/install/cf_led_mission/lib/python3.12/site-packages:${PYTHONPATH} /usr/bin/python3 -W ignore:setup.py install is deprecated -W ignore:easy_install command is deprecated setup.py develop --editable --build-directory /home/mouha/crazyflie/ros2_ws/build/cf_led_mission/build --no-deps symlink_data
[1.079s] DEBUG:colcon.colcon_core.event_handler.log_command:Invoked command in '/home/mouha/crazyflie/ros2_ws/build/crazyflie' returned '0': AMENT_PREFIX_PATH=/home/mouha/crazyflie/ros2_ws/install/crazyflie_interfaces:/home/mouha/crazyflie/ros2_ws/install/crazyflie_description:${AMENT_PREFIX_PATH} CMAKE_PREFIX_PATH=/home/mouha/crazyflie/ros2_ws/install/crazyflie_interfaces:/home/mouha/crazyflie/ros2_ws/install/crazyflie_description:/home/mouha/ros2_ws/install/my_cpp_pkg:/opt/ros/jazzy/opt/gz_sim_vendor:/opt/ros/jazzy/opt/gz_sensors_vendor:/opt/ros/jazzy/opt/gz_physics_vendor:/opt/ros/jazzy/opt/sdformat_vendor:/opt/ros/jazzy/opt/gz_gui_vendor:/opt/ros/jazzy/opt/gz_transport_vendor:/opt/ros/jazzy/opt/gz_rendering_vendor:/opt/ros/jazzy/opt/gz_plugin_vendor:/opt/ros/jazzy/opt/gz_fuel_tools_vendor:/opt/ros/jazzy/opt/gz_msgs_vendor:/opt/ros/jazzy/opt/gz_common_vendor:/opt/ros/jazzy/opt/gz_math_vendor:/opt/ros/jazzy/opt/gz_utils_vendor:/opt/ros/jazzy/opt/gz_tools_vendor:/opt/ros/jazzy/opt/gz_ogre_next_vendor:/opt/ros/jazzy/opt/gz_dartsim_vendor:/opt/ros/jazzy/opt/gz_cmake_vendor:/home/mouha/ros2_ws/install/my_py_pkg:/opt/ros/jazzy DEBUGINFOD_URLS=https://debuginfod.ubuntu.com LD_LIBRARY_PATH=/home/mouha/crazyflie/ros2_ws/install/crazyflie_interfaces/lib:${LD_LIBRARY_PATH} PYTHONPATH=/home/mouha/crazyflie/ros2_ws/install/crazyflie_interfaces/lib/python3.12/site-packages:${PYTHONPATH} /usr/bin/cmake --build /home/mouha/crazyflie/ros2_ws/build/crazyflie -- -j12 -l12
[1.079s] DEBUG:colcon.colcon_core.event_handler.log_command:Invoking command in '/home/mouha/crazyflie/ros2_ws/build/crazyflie': AMENT_PREFIX_PATH=/home/mouha/crazyflie/ros2_ws/install/crazyflie_interfaces:/home/mouha/crazyflie/ros2_ws/install/crazyflie_description:${AMENT_PREFIX_PATH} CMAKE_PREFIX_PATH=/home/mouha/crazyflie/ros2_ws/install/crazyflie_interfaces:/home/mouha/crazyflie/ros2_ws/install/crazyflie_description:/home/mouha/ros2_ws/install/my_cpp_pkg:/opt/ros/jazzy/opt/gz_sim_vendor:/opt/ros/jazzy/opt/gz_sensors_vendor:/opt/ros/jazzy/opt/gz_physics_vendor:/opt/ros/jazzy/opt/sdformat_vendor:/opt/ros/jazzy/opt/gz_gui_vendor:/opt/ros/jazzy/opt/gz_transport_vendor:/opt/ros/jazzy/opt/gz_rendering_vendor:/opt/ros/jazzy/opt/gz_plugin_vendor:/opt/ros/jazzy/opt/gz_fuel_tools_vendor:/opt/ros/jazzy/opt/gz_msgs_vendor:/opt/ros/jazzy/opt/gz_common_vendor:/opt/ros/jazzy/opt/gz_math_vendor:/opt/ros/jazzy/opt/gz_utils_vendor:/opt/ros/jazzy/opt/gz_tools_vendor:/opt/ros/jazzy/opt/gz_ogre_next_vendor:/opt/ros/jazzy/opt/gz_dartsim_vendor:/opt/ros/jazzy/opt/gz_cmake_vendor:/home/mouha/ros2_ws/install/my_py_pkg:/opt/ros/jazzy DEBUGINFOD_URLS=https://debuginfod.ubuntu.com LD_LIBRARY_PATH=/home/mouha/crazyflie/ros2_ws/install/crazyflie_interfaces/lib:${LD_LIBRARY_PATH} PYTHONPATH=/home/mouha/crazyflie/ros2_ws/install/crazyflie_interfaces/lib/python3.12/site-packages:${PYTHONPATH} /usr/bin/cmake --install /home/mouha/crazyflie/ros2_ws/build/crazyflie
[1.100s] Level 1:colcon.colcon_core.environment:create_environment_scripts_only(crazyflie)
[1.100s] Level 1:colcon.colcon_core.environment:checking '/home/mouha/crazyflie/ros2_ws/install/crazyflie' for CMake module files
[1.101s] DEBUG:colcon.colcon_core.event_handler.log_command:Invoked command in '/home/mouha/crazyflie/ros2_ws/build/crazyflie' returned '0': AMENT_PREFIX_PATH=/home/mouha/crazyflie/ros2_ws/install/crazyflie_interfaces:/home/mouha/crazyflie/ros2_ws/install/crazyflie_description:${AMENT_PREFIX_PATH} CMAKE_PREFIX_PATH=/home/mouha/crazyflie/ros2_ws/install/crazyflie_interfaces:/home/mouha/crazyflie/ros2_ws/install/crazyflie_description:/home/mouha/ros2_ws/install/my_cpp_pkg:/opt/ros/jazzy/opt/gz_sim_vendor:/opt/ros/jazzy/opt/gz_sensors_vendor:/opt/ros/jazzy/opt/gz_physics_vendor:/opt/ros/jazzy/opt/sdformat_vendor:/opt/ros/jazzy/opt/gz_gui_vendor:/opt/ros/jazzy/opt/gz_transport_vendor:/opt/ros/jazzy/opt/gz_rendering_vendor:/opt/ros/jazzy/opt/gz_plugin_vendor:/opt/ros/jazzy/opt/gz_fuel_tools_vendor:/opt/ros/jazzy/opt/gz_msgs_vendor:/opt/ros/jazzy/opt/gz_common_vendor:/opt/ros/jazzy/opt/gz_math_vendor:/opt/ros/jazzy/opt/gz_utils_vendor:/opt/ros/jazzy/opt/gz_tools_vendor:/opt/ros/jazzy/opt/gz_ogre_next_vendor:/opt/ros/jazzy/opt/gz_dartsim_vendor:/opt/ros/jazzy/opt/gz_cmake_vendor:/home/mouha/ros2_ws/install/my_py_pkg:/opt/ros/jazzy DEBUGINFOD_URLS=https://debuginfod.ubuntu.com LD_LIBRARY_PATH=/home/mouha/crazyflie/ros2_ws/install/crazyflie_interfaces/lib:${LD_LIBRARY_PATH} PYTHONPATH=/home/mouha/crazyflie/ros2_ws/install/crazyflie_interfaces/lib/python3.12/site-packages:${PYTHONPATH} /usr/bin/cmake --install /home/mouha/crazyflie/ros2_ws/build/crazyflie
[1.101s] Level 1:colcon.colcon_core.environment:checking '/home/mouha/crazyflie/ros2_ws/install/crazyflie' for CMake config files
[1.101s] Level 1:colcon.colcon_core.shell:create_environment_hook('crazyflie', 'cmake_prefix_path')
[1.101s] INFO:colcon.colcon_core.shell:Creating environment hook '/home/mouha/crazyflie/ros2_ws/install/crazyflie/share/crazyflie/hook/cmake_prefix_path.ps1'
[1.102s] INFO:colcon.colcon_core.shell:Creating environment descriptor '/home/mouha/crazyflie/ros2_ws/install/crazyflie/share/crazyflie/hook/cmake_prefix_path.dsv'
[1.102s] INFO:colcon.colcon_core.shell:Creating environment hook '/home/mouha/crazyflie/ros2_ws/install/crazyflie/share/crazyflie/hook/cmake_prefix_path.sh'
[1.103s] Level 1:colcon.colcon_core.environment:checking '/home/mouha/crazyflie/ros2_ws/install/crazyflie/lib'
[1.103s] Level 1:colcon.colcon_core.environment:checking '/home/mouha/crazyflie/ros2_ws/install/crazyflie/bin'
[1.103s] Level 1:colcon.colcon_core.environment:checking '/home/mouha/crazyflie/ros2_ws/install/crazyflie/lib/pkgconfig/crazyflie.pc'
[1.103s] Level 1:colcon.colcon_core.environment:checking '/home/mouha/crazyflie/ros2_ws/install/crazyflie/lib/python3.12/site-packages'
[1.103s] Level 1:colcon.colcon_core.environment:checking '/home/mouha/crazyflie/ros2_ws/install/crazyflie/bin'
[1.104s] INFO:colcon.colcon_core.shell:Creating package script '/home/mouha/crazyflie/ros2_ws/install/crazyflie/share/crazyflie/package.ps1'
[1.104s] INFO:colcon.colcon_core.shell:Creating package descriptor '/home/mouha/crazyflie/ros2_ws/install/crazyflie/share/crazyflie/package.dsv'
[1.105s] INFO:colcon.colcon_core.shell:Creating package script '/home/mouha/crazyflie/ros2_ws/install/crazyflie/share/crazyflie/package.sh'
[1.105s] INFO:colcon.colcon_core.shell:Creating package script '/home/mouha/crazyflie/ros2_ws/install/crazyflie/share/crazyflie/package.bash'
[1.105s] INFO:colcon.colcon_core.shell:Creating package script '/home/mouha/crazyflie/ros2_ws/install/crazyflie/share/crazyflie/package.zsh'
[1.106s] Level 1:colcon.colcon_core.environment:create_file_with_runtime_dependencies(/home/mouha/crazyflie/ros2_ws/install/crazyflie/share/colcon-core/packages/crazyflie)
[1.106s] Level 1:colcon.colcon_core.environment:create_environment_scripts_only(crazyflie)
[1.106s] Level 1:colcon.colcon_core.environment:checking '/home/mouha/crazyflie/ros2_ws/install/crazyflie' for CMake module files
[1.107s] Level 1:colcon.colcon_core.environment:checking '/home/mouha/crazyflie/ros2_ws/install/crazyflie' for CMake config files
[1.107s] Level 1:colcon.colcon_core.shell:create_environment_hook('crazyflie', 'cmake_prefix_path')
[1.107s] INFO:colcon.colcon_core.shell:Creating environment hook '/home/mouha/crazyflie/ros2_ws/install/crazyflie/share/crazyflie/hook/cmake_prefix_path.ps1'
[1.108s] INFO:colcon.colcon_core.shell:Creating environment descriptor '/home/mouha/crazyflie/ros2_ws/install/crazyflie/share/crazyflie/hook/cmake_prefix_path.dsv'
[1.108s] INFO:colcon.colcon_core.shell:Creating environment hook '/home/mouha/crazyflie/ros2_ws/install/crazyflie/share/crazyflie/hook/cmake_prefix_path.sh'
[1.108s] Level 1:colcon.colcon_core.environment:checking '/home/mouha/crazyflie/ros2_ws/install/crazyflie/lib'
[1.108s] Level 1:colcon.colcon_core.environment:checking '/home/mouha/crazyflie/ros2_ws/install/crazyflie/bin'
[1.108s] Level 1:colcon.colcon_core.environment:checking '/home/mouha/crazyflie/ros2_ws/install/crazyflie/lib/pkgconfig/crazyflie.pc'
[1.109s] Level 1:colcon.colcon_core.environment:checking '/home/mouha/crazyflie/ros2_ws/install/crazyflie/lib/python3.12/site-packages'
[1.109s] Level 1:colcon.colcon_core.environment:checking '/home/mouha/crazyflie/ros2_ws/install/crazyflie/bin'
[1.109s] INFO:colcon.colcon_core.shell:Creating package script '/home/mouha/crazyflie/ros2_ws/install/crazyflie/share/crazyflie/package.ps1'
[1.110s] INFO:colcon.colcon_core.shell:Creating package descriptor '/home/mouha/crazyflie/ros2_ws/install/crazyflie/share/crazyflie/package.dsv'
[1.110s] INFO:colcon.colcon_core.shell:Creating package script '/home/mouha/crazyflie/ros2_ws/install/crazyflie/share/crazyflie/package.sh'
[1.110s] INFO:colcon.colcon_core.shell:Creating package script '/home/mouha/crazyflie/ros2_ws/install/crazyflie/share/crazyflie/package.bash'
[1.111s] INFO:colcon.colcon_core.shell:Creating package script '/home/mouha/crazyflie/ros2_ws/install/crazyflie/share/crazyflie/package.zsh'
[1.111s] Level 1:colcon.colcon_core.environment:create_file_with_runtime_dependencies(/home/mouha/crazyflie/ros2_ws/install/crazyflie/share/colcon-core/packages/crazyflie)
[1.563s] DEBUG:colcon.colcon_core.event_handler.log_command:Invoked command in '/home/mouha/crazyflie/ros2_ws/build/crazyflie_sim' returned '0': AMENT_PREFIX_PATH=/home/mouha/crazyflie/ros2_ws/install/crazyflie_interfaces:${AMENT_PREFIX_PATH} CMAKE_PREFIX_PATH=/home/mouha/crazyflie/ros2_ws/install/crazyflie_interfaces:/home/mouha/ros2_ws/install/my_cpp_pkg:/opt/ros/jazzy/opt/gz_sim_vendor:/opt/ros/jazzy/opt/gz_sensors_vendor:/opt/ros/jazzy/opt/gz_physics_vendor:/opt/ros/jazzy/opt/sdformat_vendor:/opt/ros/jazzy/opt/gz_gui_vendor:/opt/ros/jazzy/opt/gz_transport_vendor:/opt/ros/jazzy/opt/gz_rendering_vendor:/opt/ros/jazzy/opt/gz_plugin_vendor:/opt/ros/jazzy/opt/gz_fuel_tools_vendor:/opt/ros/jazzy/opt/gz_msgs_vendor:/opt/ros/jazzy/opt/gz_common_vendor:/opt/ros/jazzy/opt/gz_math_vendor:/opt/ros/jazzy/opt/gz_utils_vendor:/opt/ros/jazzy/opt/gz_tools_vendor:/opt/ros/jazzy/opt/gz_ogre_next_vendor:/opt/ros/jazzy/opt/gz_dartsim_vendor:/opt/ros/jazzy/opt/gz_cmake_vendor:/home/mouha/ros2_ws/install/my_py_pkg:/opt/ros/jazzy DEBUGINFOD_URLS=https://debuginfod.ubuntu.com LD_LIBRARY_PATH=/home/mouha/crazyflie/ros2_ws/install/crazyflie_interfaces/lib:${LD_LIBRARY_PATH} PYTHONPATH=/home/mouha/crazyflie/ros2_ws/install/crazyflie_interfaces/lib/python3.12/site-packages:${PYTHONPATH} /usr/bin/cmake --build /home/mouha/crazyflie/ros2_ws/build/crazyflie_sim -- -j12 -l12
[1.564s] DEBUG:colcon.colcon_core.event_handler.log_command:Invoking command in '/home/mouha/crazyflie/ros2_ws/build/crazyflie_sim': AMENT_PREFIX_PATH=/home/mouha/crazyflie/ros2_ws/install/crazyflie_interfaces:${AMENT_PREFIX_PATH} CMAKE_PREFIX_PATH=/home/mouha/crazyflie/ros2_ws/install/crazyflie_interfaces:/home/mouha/ros2_ws/install/my_cpp_pkg:/opt/ros/jazzy/opt/gz_sim_vendor:/opt/ros/jazzy/opt/gz_sensors_vendor:/opt/ros/jazzy/opt/gz_physics_vendor:/opt/ros/jazzy/opt/sdformat_vendor:/opt/ros/jazzy/opt/gz_gui_vendor:/opt/ros/jazzy/opt/gz_transport_vendor:/opt/ros/jazzy/opt/gz_rendering_vendor:/opt/ros/jazzy/opt/gz_plugin_vendor:/opt/ros/jazzy/opt/gz_fuel_tools_vendor:/opt/ros/jazzy/opt/gz_msgs_vendor:/opt/ros/jazzy/opt/gz_common_vendor:/opt/ros/jazzy/opt/gz_math_vendor:/opt/ros/jazzy/opt/gz_utils_vendor:/opt/ros/jazzy/opt/gz_tools_vendor:/opt/ros/jazzy/opt/gz_ogre_next_vendor:/opt/ros/jazzy/opt/gz_dartsim_vendor:/opt/ros/jazzy/opt/gz_cmake_vendor:/home/mouha/ros2_ws/install/my_py_pkg:/opt/ros/jazzy DEBUGINFOD_URLS=https://debuginfod.ubuntu.com LD_LIBRARY_PATH=/home/mouha/crazyflie/ros2_ws/install/crazyflie_interfaces/lib:${LD_LIBRARY_PATH} PYTHONPATH=/home/mouha/crazyflie/ros2_ws/install/crazyflie_interfaces/lib/python3.12/site-packages:${PYTHONPATH} /usr/bin/cmake --install /home/mouha/crazyflie/ros2_ws/build/crazyflie_sim
[1.581s] DEBUG:colcon.colcon_core.event_handler.log_command:Invoking command in '/home/mouha/crazyflie/ros2_ws/build/crazyflie_py': AMENT_PREFIX_PATH=/home/mouha/crazyflie/ros2_ws/install/crazyflie_interfaces:${AMENT_PREFIX_PATH} CMAKE_PREFIX_PATH=/home/mouha/crazyflie/ros2_ws/install/crazyflie_interfaces:${CMAKE_PREFIX_PATH} DEBUGINFOD_URLS=https://debuginfod.ubuntu.com LD_LIBRARY_PATH=/home/mouha/crazyflie/ros2_ws/install/crazyflie_interfaces/lib:${LD_LIBRARY_PATH} PYTHONPATH=/home/mouha/crazyflie/ros2_ws/build/crazyflie_py/prefix_override:/usr/lib/python3/dist-packages/colcon_core/task/python/colcon_distutils_commands:/home/mouha/crazyflie/ros2_ws/install/crazyflie_py/lib/python3.12/site-packages:/home/mouha/crazyflie/ros2_ws/install/crazyflie_interfaces/lib/python3.12/site-packages:${PYTHONPATH} /usr/bin/python3 -W ignore:setup.py install is deprecated -W ignore:easy_install command is deprecated setup.py develop --editable --build-directory /home/mouha/crazyflie/ros2_ws/build/crazyflie_py/build --no-deps symlink_data
[1.600s] DEBUG:colcon.colcon_core.event_handler.log_command:Invoking command in '/home/mouha/crazyflie/ros2_ws/build/crazyflie_server_py': AMENT_PREFIX_PATH=/home/mouha/crazyflie/ros2_ws/install/crazyflie_interfaces:${AMENT_PREFIX_PATH} CMAKE_PREFIX_PATH=/home/mouha/crazyflie/ros2_ws/install/crazyflie_interfaces:${CMAKE_PREFIX_PATH} DEBUGINFOD_URLS=https://debuginfod.ubuntu.com LD_LIBRARY_PATH=/home/mouha/crazyflie/ros2_ws/install/crazyflie_interfaces/lib:${LD_LIBRARY_PATH} PYTHONPATH=/home/mouha/crazyflie/ros2_ws/build/crazyflie_server_py/prefix_override:/usr/lib/python3/dist-packages/colcon_core/task/python/colcon_distutils_commands:/home/mouha/crazyflie/ros2_ws/install/crazyflie_server_py/lib/python3.12/site-packages:/home/mouha/crazyflie/ros2_ws/install/crazyflie_interfaces/lib/python3.12/site-packages:${PYTHONPATH} /usr/bin/python3 -W ignore:setup.py install is deprecated -W ignore:easy_install command is deprecated setup.py develop --editable --build-directory /home/mouha/crazyflie/ros2_ws/build/crazyflie_server_py/build --no-deps symlink_data
[1.622s] Level 1:colcon.colcon_core.environment:create_environment_scripts_only(crazyflie_sim)
[1.622s] Level 1:colcon.colcon_core.environment:checking '/home/mouha/crazyflie/ros2_ws/install/crazyflie_sim' for CMake module files
[1.623s] DEBUG:colcon.colcon_core.event_handler.log_command:Invoked command in '/home/mouha/crazyflie/ros2_ws/build/crazyflie_sim' returned '0': AMENT_PREFIX_PATH=/home/mouha/crazyflie/ros2_ws/install/crazyflie_interfaces:${AMENT_PREFIX_PATH} CMAKE_PREFIX_PATH=/home/mouha/crazyflie/ros2_ws/install/crazyflie_interfaces:/home/mouha/ros2_ws/install/my_cpp_pkg:/opt/ros/jazzy/opt/gz_sim_vendor:/opt/ros/jazzy/opt/gz_sensors_vendor:/opt/ros/jazzy/opt/gz_physics_vendor:/opt/ros/jazzy/opt/sdformat_vendor:/opt/ros/jazzy/opt/gz_gui_vendor:/opt/ros/jazzy/opt/gz_transport_vendor:/opt/ros/jazzy/opt/gz_rendering_vendor:/opt/ros/jazzy/opt/gz_plugin_vendor:/opt/ros/jazzy/opt/gz_fuel_tools_vendor:/opt/ros/jazzy/opt/gz_msgs_vendor:/opt/ros/jazzy/opt/gz_common_vendor:/opt/ros/jazzy/opt/gz_math_vendor:/opt/ros/jazzy/opt/gz_utils_vendor:/opt/ros/jazzy/opt/gz_tools_vendor:/opt/ros/jazzy/opt/gz_ogre_next_vendor:/opt/ros/jazzy/opt/gz_dartsim_vendor:/opt/ros/jazzy/opt/gz_cmake_vendor:/home/mouha/ros2_ws/install/my_py_pkg:/opt/ros/jazzy DEBUGINFOD_URLS=https://debuginfod.ubuntu.com LD_LIBRARY_PATH=/home/mouha/crazyflie/ros2_ws/install/crazyflie_interfaces/lib:${LD_LIBRARY_PATH} PYTHONPATH=/home/mouha/crazyflie/ros2_ws/install/crazyflie_interfaces/lib/python3.12/site-packages:${PYTHONPATH} /usr/bin/cmake --install /home/mouha/crazyflie/ros2_ws/build/crazyflie_sim
[1.623s] Level 1:colcon.colcon_core.environment:checking '/home/mouha/crazyflie/ros2_ws/install/crazyflie_sim' for CMake config files
[1.623s] Level 1:colcon.colcon_core.shell:create_environment_hook('crazyflie_sim', 'cmake_prefix_path')
[1.623s] INFO:colcon.colcon_core.shell:Creating environment hook '/home/mouha/crazyflie/ros2_ws/install/crazyflie_sim/share/crazyflie_sim/hook/cmake_prefix_path.ps1'
[1.624s] INFO:colcon.colcon_core.shell:Creating environment descriptor '/home/mouha/crazyflie/ros2_ws/install/crazyflie_sim/share/crazyflie_sim/hook/cmake_prefix_path.dsv'
[1.624s] INFO:colcon.colcon_core.shell:Creating environment hook '/home/mouha/crazyflie/ros2_ws/install/crazyflie_sim/share/crazyflie_sim/hook/cmake_prefix_path.sh'
[1.624s] Level 1:colcon.colcon_core.environment:checking '/home/mouha/crazyflie/ros2_ws/install/crazyflie_sim/lib'
[1.625s] Level 1:colcon.colcon_core.environment:checking '/home/mouha/crazyflie/ros2_ws/install/crazyflie_sim/bin'
[1.625s] Level 1:colcon.colcon_core.environment:checking '/home/mouha/crazyflie/ros2_ws/install/crazyflie_sim/lib/pkgconfig/crazyflie_sim.pc'
[1.625s] Level 1:colcon.colcon_core.environment:checking '/home/mouha/crazyflie/ros2_ws/install/crazyflie_sim/lib/python3.12/site-packages'
[1.625s] Level 1:colcon.colcon_core.shell:create_environment_hook('crazyflie_sim', 'pythonpath')
[1.625s] INFO:colcon.colcon_core.shell:Creating environment hook '/home/mouha/crazyflie/ros2_ws/install/crazyflie_sim/share/crazyflie_sim/hook/pythonpath.ps1'
[1.625s] INFO:colcon.colcon_core.shell:Creating environment descriptor '/home/mouha/crazyflie/ros2_ws/install/crazyflie_sim/share/crazyflie_sim/hook/pythonpath.dsv'
[1.625s] INFO:colcon.colcon_core.shell:Creating environment hook '/home/mouha/crazyflie/ros2_ws/install/crazyflie_sim/share/crazyflie_sim/hook/pythonpath.sh'
[1.626s] Level 1:colcon.colcon_core.environment:checking '/home/mouha/crazyflie/ros2_ws/install/crazyflie_sim/bin'
[1.626s] INFO:colcon.colcon_core.shell:Creating package script '/home/mouha/crazyflie/ros2_ws/install/crazyflie_sim/share/crazyflie_sim/package.ps1'
[1.627s] INFO:colcon.colcon_core.shell:Creating package descriptor '/home/mouha/crazyflie/ros2_ws/install/crazyflie_sim/share/crazyflie_sim/package.dsv'
[1.627s] INFO:colcon.colcon_core.shell:Creating package script '/home/mouha/crazyflie/ros2_ws/install/crazyflie_sim/share/crazyflie_sim/package.sh'
[1.627s] INFO:colcon.colcon_core.shell:Creating package script '/home/mouha/crazyflie/ros2_ws/install/crazyflie_sim/share/crazyflie_sim/package.bash'
[1.627s] INFO:colcon.colcon_core.shell:Creating package script '/home/mouha/crazyflie/ros2_ws/install/crazyflie_sim/share/crazyflie_sim/package.zsh'
[1.628s] Level 1:colcon.colcon_core.environment:create_file_with_runtime_dependencies(/home/mouha/crazyflie/ros2_ws/install/crazyflie_sim/share/colcon-core/packages/crazyflie_sim)
[1.628s] Level 1:colcon.colcon_core.environment:create_environment_scripts_only(crazyflie_sim)
[1.628s] Level 1:colcon.colcon_core.environment:checking '/home/mouha/crazyflie/ros2_ws/install/crazyflie_sim' for CMake module files
[1.629s] Level 1:colcon.colcon_core.environment:checking '/home/mouha/crazyflie/ros2_ws/install/crazyflie_sim' for CMake config files
[1.629s] Level 1:colcon.colcon_core.shell:create_environment_hook('crazyflie_sim', 'cmake_prefix_path')
[1.629s] INFO:colcon.colcon_core.shell:Creating environment hook '/home/mouha/crazyflie/ros2_ws/install/crazyflie_sim/share/crazyflie_sim/hook/cmake_prefix_path.ps1'
[1.629s] INFO:colcon.colcon_core.shell:Creating environment descriptor '/home/mouha/crazyflie/ros2_ws/install/crazyflie_sim/share/crazyflie_sim/hook/cmake_prefix_path.dsv'
[1.629s] INFO:colcon.colcon_core.shell:Creating environment hook '/home/mouha/crazyflie/ros2_ws/install/crazyflie_sim/share/crazyflie_sim/hook/cmake_prefix_path.sh'
[1.630s] Level 1:colcon.colcon_core.environment:checking '/home/mouha/crazyflie/ros2_ws/install/crazyflie_sim/lib'
[1.630s] Level 1:colcon.colcon_core.environment:checking '/home/mouha/crazyflie/ros2_ws/install/crazyflie_sim/bin'
[1.630s] Level 1:colcon.colcon_core.environment:checking '/home/mouha/crazyflie/ros2_ws/install/crazyflie_sim/lib/pkgconfig/crazyflie_sim.pc'
[1.630s] Level 1:colcon.colcon_core.environment:checking '/home/mouha/crazyflie/ros2_ws/install/crazyflie_sim/lib/python3.12/site-packages'
[1.630s] Level 1:colcon.colcon_core.shell:create_environment_hook('crazyflie_sim', 'pythonpath')
[1.630s] INFO:colcon.colcon_core.shell:Creating environment hook '/home/mouha/crazyflie/ros2_ws/install/crazyflie_sim/share/crazyflie_sim/hook/pythonpath.ps1'
[1.631s] INFO:colcon.colcon_core.shell:Creating environment descriptor '/home/mouha/crazyflie/ros2_ws/install/crazyflie_sim/share/crazyflie_sim/hook/pythonpath.dsv'
[1.631s] INFO:colcon.colcon_core.shell:Creating environment hook '/home/mouha/crazyflie/ros2_ws/install/crazyflie_sim/share/crazyflie_sim/hook/pythonpath.sh'
[1.631s] Level 1:colcon.colcon_core.environment:checking '/home/mouha/crazyflie/ros2_ws/install/crazyflie_sim/bin'
[1.631s] INFO:colcon.colcon_core.shell:Creating package script '/home/mouha/crazyflie/ros2_ws/install/crazyflie_sim/share/crazyflie_sim/package.ps1'
[1.632s] INFO:colcon.colcon_core.shell:Creating package descriptor '/home/mouha/crazyflie/ros2_ws/install/crazyflie_sim/share/crazyflie_sim/package.dsv'
[1.632s] INFO:colcon.colcon_core.shell:Creating package script '/home/mouha/crazyflie/ros2_ws/install/crazyflie_sim/share/crazyflie_sim/package.sh'
[1.633s] INFO:colcon.colcon_core.shell:Creating package script '/home/mouha/crazyflie/ros2_ws/install/crazyflie_sim/share/crazyflie_sim/package.bash'
[1.633s] INFO:colcon.colcon_core.shell:Creating package script '/home/mouha/crazyflie/ros2_ws/install/crazyflie_sim/share/crazyflie_sim/package.zsh'
[1.633s] Level 1:colcon.colcon_core.environment:create_file_with_runtime_dependencies(/home/mouha/crazyflie/ros2_ws/install/crazyflie_sim/share/colcon-core/packages/crazyflie_sim)
[1.648s] Level 1:colcon.colcon_core.shell:create_environment_hook('cf_led_mission', 'pythonpath_develop')
[1.648s] INFO:colcon.colcon_core.shell:Creating environment hook '/home/mouha/crazyflie/ros2_ws/build/cf_led_mission/share/cf_led_mission/hook/pythonpath_develop.ps1'
[1.648s] DEBUG:colcon.colcon_core.event_handler.log_command:Invoked command in '/home/mouha/crazyflie/ros2_ws/build/cf_led_mission' returned '0': DEBUGINFOD_URLS=https://debuginfod.ubuntu.com PYTHONPATH=/home/mouha/crazyflie/ros2_ws/build/cf_led_mission/prefix_override:/usr/lib/python3/dist-packages/colcon_core/task/python/colcon_distutils_commands:/home/mouha/crazyflie/ros2_ws/install/cf_led_mission/lib/python3.12/site-packages:${PYTHONPATH} /usr/bin/python3 -W ignore:setup.py install is deprecated -W ignore:easy_install command is deprecated setup.py develop --editable --build-directory /home/mouha/crazyflie/ros2_ws/build/cf_led_mission/build --no-deps symlink_data
[1.649s] INFO:colcon.colcon_core.shell:Creating environment descriptor '/home/mouha/crazyflie/ros2_ws/build/cf_led_mission/share/cf_led_mission/hook/pythonpath_develop.dsv'
[1.649s] INFO:colcon.colcon_core.shell:Creating environment hook '/home/mouha/crazyflie/ros2_ws/build/cf_led_mission/share/cf_led_mission/hook/pythonpath_develop.sh'
[1.649s] Level 1:colcon.colcon_core.environment:checking '/home/mouha/crazyflie/ros2_ws/install/cf_led_mission' for CMake module files
[1.650s] Level 1:colcon.colcon_core.environment:checking '/home/mouha/crazyflie/ros2_ws/install/cf_led_mission' for CMake config files
[1.650s] Level 1:colcon.colcon_core.environment:checking '/home/mouha/crazyflie/ros2_ws/install/cf_led_mission/lib'
[1.650s] Level 1:colcon.colcon_core.environment:checking '/home/mouha/crazyflie/ros2_ws/install/cf_led_mission/bin'
[1.650s] Level 1:colcon.colcon_core.environment:checking '/home/mouha/crazyflie/ros2_ws/install/cf_led_mission/lib/pkgconfig/cf_led_mission.pc'
[1.650s] Level 1:colcon.colcon_core.environment:checking '/home/mouha/crazyflie/ros2_ws/install/cf_led_mission/lib/python3.12/site-packages'
[1.650s] Level 1:colcon.colcon_core.shell:create_environment_hook('cf_led_mission', 'pythonpath')
[1.650s] INFO:colcon.colcon_core.shell:Creating environment hook '/home/mouha/crazyflie/ros2_ws/install/cf_led_mission/share/cf_led_mission/hook/pythonpath.ps1'
[1.651s] INFO:colcon.colcon_core.shell:Creating environment descriptor '/home/mouha/crazyflie/ros2_ws/install/cf_led_mission/share/cf_led_mission/hook/pythonpath.dsv'
[1.651s] INFO:colcon.colcon_core.shell:Creating environment hook '/home/mouha/crazyflie/ros2_ws/install/cf_led_mission/share/cf_led_mission/hook/pythonpath.sh'
[1.651s] Level 1:colcon.colcon_core.environment:checking '/home/mouha/crazyflie/ros2_ws/install/cf_led_mission/bin'
[1.651s] Level 1:colcon.colcon_core.environment:create_environment_scripts_only(cf_led_mission)
[1.652s] INFO:colcon.colcon_core.shell:Creating package script '/home/mouha/crazyflie/ros2_ws/install/cf_led_mission/share/cf_led_mission/package.ps1'
[1.652s] INFO:colcon.colcon_core.shell:Creating package descriptor '/home/mouha/crazyflie/ros2_ws/install/cf_led_mission/share/cf_led_mission/package.dsv'
[1.652s] INFO:colcon.colcon_core.shell:Creating package script '/home/mouha/crazyflie/ros2_ws/install/cf_led_mission/share/cf_led_mission/package.sh'
[1.653s] INFO:colcon.colcon_core.shell:Creating package script '/home/mouha/crazyflie/ros2_ws/install/cf_led_mission/share/cf_led_mission/package.bash'
[1.653s] INFO:colcon.colcon_core.shell:Creating package script '/home/mouha/crazyflie/ros2_ws/install/cf_led_mission/share/cf_led_mission/package.zsh'
[1.653s] Level 1:colcon.colcon_core.environment:create_file_with_runtime_dependencies(/home/mouha/crazyflie/ros2_ws/install/cf_led_mission/share/colcon-core/packages/cf_led_mission)
[2.102s] Level 1:colcon.colcon_core.shell:create_environment_hook('crazyflie_py', 'pythonpath_develop')
[2.102s] INFO:colcon.colcon_core.shell:Creating environment hook '/home/mouha/crazyflie/ros2_ws/build/crazyflie_py/share/crazyflie_py/hook/pythonpath_develop.ps1'
[2.102s] DEBUG:colcon.colcon_core.event_handler.log_command:Invoked command in '/home/mouha/crazyflie/ros2_ws/build/crazyflie_py' returned '0': AMENT_PREFIX_PATH=/home/mouha/crazyflie/ros2_ws/install/crazyflie_interfaces:${AMENT_PREFIX_PATH} CMAKE_PREFIX_PATH=/home/mouha/crazyflie/ros2_ws/install/crazyflie_interfaces:${CMAKE_PREFIX_PATH} DEBUGINFOD_URLS=https://debuginfod.ubuntu.com LD_LIBRARY_PATH=/home/mouha/crazyflie/ros2_ws/install/crazyflie_interfaces/lib:${LD_LIBRARY_PATH} PYTHONPATH=/home/mouha/crazyflie/ros2_ws/build/crazyflie_py/prefix_override:/usr/lib/python3/dist-packages/colcon_core/task/python/colcon_distutils_commands:/home/mouha/crazyflie/ros2_ws/install/crazyflie_py/lib/python3.12/site-packages:/home/mouha/crazyflie/ros2_ws/install/crazyflie_interfaces/lib/python3.12/site-packages:${PYTHONPATH} /usr/bin/python3 -W ignore:setup.py install is deprecated -W ignore:easy_install command is deprecated setup.py develop --editable --build-directory /home/mouha/crazyflie/ros2_ws/build/crazyflie_py/build --no-deps symlink_data
[2.103s] INFO:colcon.colcon_core.shell:Creating environment descriptor '/home/mouha/crazyflie/ros2_ws/build/crazyflie_py/share/crazyflie_py/hook/pythonpath_develop.dsv'
[2.103s] INFO:colcon.colcon_core.shell:Creating environment hook '/home/mouha/crazyflie/ros2_ws/build/crazyflie_py/share/crazyflie_py/hook/pythonpath_develop.sh'
[2.103s] Level 1:colcon.colcon_core.environment:checking '/home/mouha/crazyflie/ros2_ws/install/crazyflie_py' for CMake module files
[2.104s] Level 1:colcon.colcon_core.environment:checking '/home/mouha/crazyflie/ros2_ws/install/crazyflie_py' for CMake config files
[2.104s] Level 1:colcon.colcon_core.environment:checking '/home/mouha/crazyflie/ros2_ws/install/crazyflie_py/lib'
[2.104s] Level 1:colcon.colcon_core.environment:checking '/home/mouha/crazyflie/ros2_ws/install/crazyflie_py/bin'
[2.104s] Level 1:colcon.colcon_core.environment:checking '/home/mouha/crazyflie/ros2_ws/install/crazyflie_py/lib/pkgconfig/crazyflie_py.pc'
[2.104s] Level 1:colcon.colcon_core.environment:checking '/home/mouha/crazyflie/ros2_ws/install/crazyflie_py/lib/python3.12/site-packages'
[2.104s] Level 1:colcon.colcon_core.shell:create_environment_hook('crazyflie_py', 'pythonpath')
[2.104s] INFO:colcon.colcon_core.shell:Creating environment hook '/home/mouha/crazyflie/ros2_ws/install/crazyflie_py/share/crazyflie_py/hook/pythonpath.ps1'
[2.105s] INFO:colcon.colcon_core.shell:Creating environment descriptor '/home/mouha/crazyflie/ros2_ws/install/crazyflie_py/share/crazyflie_py/hook/pythonpath.dsv'
[2.105s] INFO:colcon.colcon_core.shell:Creating environment hook '/home/mouha/crazyflie/ros2_ws/install/crazyflie_py/share/crazyflie_py/hook/pythonpath.sh'
[2.106s] Level 1:colcon.colcon_core.environment:checking '/home/mouha/crazyflie/ros2_ws/install/crazyflie_py/bin'
[2.106s] Level 1:colcon.colcon_core.environment:create_environment_scripts_only(crazyflie_py)
[2.106s] INFO:colcon.colcon_core.shell:Creating package script '/home/mouha/crazyflie/ros2_ws/install/crazyflie_py/share/crazyflie_py/package.ps1'
[2.106s] INFO:colcon.colcon_core.shell:Creating package descriptor '/home/mouha/crazyflie/ros2_ws/install/crazyflie_py/share/crazyflie_py/package.dsv'
[2.106s] INFO:colcon.colcon_core.shell:Creating package script '/home/mouha/crazyflie/ros2_ws/install/crazyflie_py/share/crazyflie_py/package.sh'
[2.107s] INFO:colcon.colcon_core.shell:Creating package script '/home/mouha/crazyflie/ros2_ws/install/crazyflie_py/share/crazyflie_py/package.bash'
[2.107s] INFO:colcon.colcon_core.shell:Creating package script '/home/mouha/crazyflie/ros2_ws/install/crazyflie_py/share/crazyflie_py/package.zsh'
[2.107s] Level 1:colcon.colcon_core.environment:create_file_with_runtime_dependencies(/home/mouha/crazyflie/ros2_ws/install/crazyflie_py/share/colcon-core/packages/crazyflie_py)
[2.107s] INFO:colcon.colcon_ros.task.ament_cmake.build:Building ROS package in '/home/mouha/crazyflie/ros2_ws/src/crazyswarm2/crazyflie_examples' with build type 'ament_cmake'
[2.108s] INFO:colcon.colcon_cmake.task.cmake.build:Building CMake package in '/home/mouha/crazyflie/ros2_ws/src/crazyswarm2/crazyflie_examples'
[2.108s] INFO:colcon.colcon_core.shell:Skip shell extension 'powershell' for command environment: Not usable outside of PowerShell
[2.108s] DEBUG:colcon.colcon_core.shell:Skip shell extension 'dsv' for command environment
[2.118s] DEBUG:colcon.colcon_core.event_handler.log_command:Invoking command in '/home/mouha/crazyflie/ros2_ws/build/crazyflie_examples': AMENT_PREFIX_PATH=/home/mouha/crazyflie/ros2_ws/install/crazyflie_py:/home/mouha/crazyflie/ros2_ws/install/crazyflie_interfaces:${AMENT_PREFIX_PATH} CMAKE_PREFIX_PATH=/home/mouha/crazyflie/ros2_ws/install/crazyflie_interfaces:/home/mouha/ros2_ws/install/my_cpp_pkg:/opt/ros/jazzy/opt/gz_sim_vendor:/opt/ros/jazzy/opt/gz_sensors_vendor:/opt/ros/jazzy/opt/gz_physics_vendor:/opt/ros/jazzy/opt/sdformat_vendor:/opt/ros/jazzy/opt/gz_gui_vendor:/opt/ros/jazzy/opt/gz_transport_vendor:/opt/ros/jazzy/opt/gz_rendering_vendor:/opt/ros/jazzy/opt/gz_plugin_vendor:/opt/ros/jazzy/opt/gz_fuel_tools_vendor:/opt/ros/jazzy/opt/gz_msgs_vendor:/opt/ros/jazzy/opt/gz_common_vendor:/opt/ros/jazzy/opt/gz_math_vendor:/opt/ros/jazzy/opt/gz_utils_vendor:/opt/ros/jazzy/opt/gz_tools_vendor:/opt/ros/jazzy/opt/gz_ogre_next_vendor:/opt/ros/jazzy/opt/gz_dartsim_vendor:/opt/ros/jazzy/opt/gz_cmake_vendor:/home/mouha/ros2_ws/install/my_py_pkg:/opt/ros/jazzy DEBUGINFOD_URLS=https://debuginfod.ubuntu.com LD_LIBRARY_PATH=/home/mouha/crazyflie/ros2_ws/install/crazyflie_interfaces/lib:${LD_LIBRARY_PATH} PYTHONPATH=/home/mouha/crazyflie/ros2_ws/build/crazyflie_py:/home/mouha/crazyflie/ros2_ws/install/crazyflie_py/lib/python3.12/site-packages:/home/mouha/crazyflie/ros2_ws/install/crazyflie_interfaces/lib/python3.12/site-packages:${PYTHONPATH} /usr/bin/cmake --build /home/mouha/crazyflie/ros2_ws/build/crazyflie_examples -- -j12 -l12
[2.137s] Level 1:colcon.colcon_core.shell:create_environment_hook('crazyflie_server_py', 'pythonpath_develop')
[2.137s] INFO:colcon.colcon_core.shell:Creating environment hook '/home/mouha/crazyflie/ros2_ws/build/crazyflie_server_py/share/crazyflie_server_py/hook/pythonpath_develop.ps1'
[2.138s] DEBUG:colcon.colcon_core.event_handler.log_command:Invoked command in '/home/mouha/crazyflie/ros2_ws/build/crazyflie_server_py' returned '0': AMENT_PREFIX_PATH=/home/mouha/crazyflie/ros2_ws/install/crazyflie_interfaces:${AMENT_PREFIX_PATH} CMAKE_PREFIX_PATH=/home/mouha/crazyflie/ros2_ws/install/crazyflie_interfaces:${CMAKE_PREFIX_PATH} DEBUGINFOD_URLS=https://debuginfod.ubuntu.com LD_LIBRARY_PATH=/home/mouha/crazyflie/ros2_ws/install/crazyflie_interfaces/lib:${LD_LIBRARY_PATH} PYTHONPATH=/home/mouha/crazyflie/ros2_ws/build/crazyflie_server_py/prefix_override:/usr/lib/python3/dist-packages/colcon_core/task/python/colcon_distutils_commands:/home/mouha/crazyflie/ros2_ws/install/crazyflie_server_py/lib/python3.12/site-packages:/home/mouha/crazyflie/ros2_ws/install/crazyflie_interfaces/lib/python3.12/site-packages:${PYTHONPATH} /usr/bin/python3 -W ignore:setup.py install is deprecated -W ignore:easy_install command is deprecated setup.py develop --editable --build-directory /home/mouha/crazyflie/ros2_ws/build/crazyflie_server_py/build --no-deps symlink_data
[2.138s] INFO:colcon.colcon_core.shell:Creating environment descriptor '/home/mouha/crazyflie/ros2_ws/build/crazyflie_server_py/share/crazyflie_server_py/hook/pythonpath_develop.dsv'
[2.138s] INFO:colcon.colcon_core.shell:Creating environment hook '/home/mouha/crazyflie/ros2_ws/build/crazyflie_server_py/share/crazyflie_server_py/hook/pythonpath_develop.sh'
[2.138s] Level 1:colcon.colcon_core.environment:checking '/home/mouha/crazyflie/ros2_ws/install/crazyflie_server_py' for CMake module files
[2.139s] Level 1:colcon.colcon_core.environment:checking '/home/mouha/crazyflie/ros2_ws/install/crazyflie_server_py' for CMake config files
[2.139s] Level 1:colcon.colcon_core.environment:checking '/home/mouha/crazyflie/ros2_ws/install/crazyflie_server_py/lib'
[2.139s] Level 1:colcon.colcon_core.environment:checking '/home/mouha/crazyflie/ros2_ws/install/crazyflie_server_py/bin'
[2.139s] Level 1:colcon.colcon_core.environment:checking '/home/mouha/crazyflie/ros2_ws/install/crazyflie_server_py/lib/pkgconfig/crazyflie_server_py.pc'
[2.139s] Level 1:colcon.colcon_core.environment:checking '/home/mouha/crazyflie/ros2_ws/install/crazyflie_server_py/lib/python3.12/site-packages'
[2.139s] Level 1:colcon.colcon_core.shell:create_environment_hook('crazyflie_server_py', 'pythonpath')
[2.140s] INFO:colcon.colcon_core.shell:Creating environment hook '/home/mouha/crazyflie/ros2_ws/install/crazyflie_server_py/share/crazyflie_server_py/hook/pythonpath.ps1'
[2.140s] INFO:colcon.colcon_core.shell:Creating environment descriptor '/home/mouha/crazyflie/ros2_ws/install/crazyflie_server_py/share/crazyflie_server_py/hook/pythonpath.dsv'
[2.140s] INFO:colcon.colcon_core.shell:Creating environment hook '/home/mouha/crazyflie/ros2_ws/install/crazyflie_server_py/share/crazyflie_server_py/hook/pythonpath.sh'
[2.141s] Level 1:colcon.colcon_core.environment:checking '/home/mouha/crazyflie/ros2_ws/install/crazyflie_server_py/bin'
[2.141s] Level 1:colcon.colcon_core.environment:create_environment_scripts_only(crazyflie_server_py)
[2.141s] INFO:colcon.colcon_core.shell:Creating package script '/home/mouha/crazyflie/ros2_ws/install/crazyflie_server_py/share/crazyflie_server_py/package.ps1'
[2.141s] INFO:colcon.colcon_core.shell:Creating package descriptor '/home/mouha/crazyflie/ros2_ws/install/crazyflie_server_py/share/crazyflie_server_py/package.dsv'
[2.141s] INFO:colcon.colcon_core.shell:Creating package script '/home/mouha/crazyflie/ros2_ws/install/crazyflie_server_py/share/crazyflie_server_py/package.sh'
[2.142s] INFO:colcon.colcon_core.shell:Creating package script '/home/mouha/crazyflie/ros2_ws/install/crazyflie_server_py/share/crazyflie_server_py/package.bash'
[2.142s] INFO:colcon.colcon_core.shell:Creating package script '/home/mouha/crazyflie/ros2_ws/install/crazyflie_server_py/share/crazyflie_server_py/package.zsh'
[2.142s] Level 1:colcon.colcon_core.environment:create_file_with_runtime_dependencies(/home/mouha/crazyflie/ros2_ws/install/crazyflie_server_py/share/colcon-core/packages/crazyflie_server_py)
[2.572s] DEBUG:colcon.colcon_core.event_handler.log_command:Invoked command in '/home/mouha/crazyflie/ros2_ws/build/crazyflie_examples' returned '0': AMENT_PREFIX_PATH=/home/mouha/crazyflie/ros2_ws/install/crazyflie_py:/home/mouha/crazyflie/ros2_ws/install/crazyflie_interfaces:${AMENT_PREFIX_PATH} CMAKE_PREFIX_PATH=/home/mouha/crazyflie/ros2_ws/install/crazyflie_interfaces:/home/mouha/ros2_ws/install/my_cpp_pkg:/opt/ros/jazzy/opt/gz_sim_vendor:/opt/ros/jazzy/opt/gz_sensors_vendor:/opt/ros/jazzy/opt/gz_physics_vendor:/opt/ros/jazzy/opt/sdformat_vendor:/opt/ros/jazzy/opt/gz_gui_vendor:/opt/ros/jazzy/opt/gz_transport_vendor:/opt/ros/jazzy/opt/gz_rendering_vendor:/opt/ros/jazzy/opt/gz_plugin_vendor:/opt/ros/jazzy/opt/gz_fuel_tools_vendor:/opt/ros/jazzy/opt/gz_msgs_vendor:/opt/ros/jazzy/opt/gz_common_vendor:/opt/ros/jazzy/opt/gz_math_vendor:/opt/ros/jazzy/opt/gz_utils_vendor:/opt/ros/jazzy/opt/gz_tools_vendor:/opt/ros/jazzy/opt/gz_ogre_next_vendor:/opt/ros/jazzy/opt/gz_dartsim_vendor:/opt/ros/jazzy/opt/gz_cmake_vendor:/home/mouha/ros2_ws/install/my_py_pkg:/opt/ros/jazzy DEBUGINFOD_URLS=https://debuginfod.ubuntu.com LD_LIBRARY_PATH=/home/mouha/crazyflie/ros2_ws/install/crazyflie_interfaces/lib:${LD_LIBRARY_PATH} PYTHONPATH=/home/mouha/crazyflie/ros2_ws/build/crazyflie_py:/home/mouha/crazyflie/ros2_ws/install/crazyflie_py/lib/python3.12/site-packages:/home/mouha/crazyflie/ros2_ws/install/crazyflie_interfaces/lib/python3.12/site-packages:${PYTHONPATH} /usr/bin/cmake --build /home/mouha/crazyflie/ros2_ws/build/crazyflie_examples -- -j12 -l12
[2.573s] DEBUG:colcon.colcon_core.event_handler.log_command:Invoking command in '/home/mouha/crazyflie/ros2_ws/build/crazyflie_examples': AMENT_PREFIX_PATH=/home/mouha/crazyflie/ros2_ws/install/crazyflie_py:/home/mouha/crazyflie/ros2_ws/install/crazyflie_interfaces:${AMENT_PREFIX_PATH} CMAKE_PREFIX_PATH=/home/mouha/crazyflie/ros2_ws/install/crazyflie_interfaces:/home/mouha/ros2_ws/install/my_cpp_pkg:/opt/ros/jazzy/opt/gz_sim_vendor:/opt/ros/jazzy/opt/gz_sensors_vendor:/opt/ros/jazzy/opt/gz_physics_vendor:/opt/ros/jazzy/opt/sdformat_vendor:/opt/ros/jazzy/opt/gz_gui_vendor:/opt/ros/jazzy/opt/gz_transport_vendor:/opt/ros/jazzy/opt/gz_rendering_vendor:/opt/ros/jazzy/opt/gz_plugin_vendor:/opt/ros/jazzy/opt/gz_fuel_tools_vendor:/opt/ros/jazzy/opt/gz_msgs_vendor:/opt/ros/jazzy/opt/gz_common_vendor:/opt/ros/jazzy/opt/gz_math_vendor:/opt/ros/jazzy/opt/gz_utils_vendor:/opt/ros/jazzy/opt/gz_tools_vendor:/opt/ros/jazzy/opt/gz_ogre_next_vendor:/opt/ros/jazzy/opt/gz_dartsim_vendor:/opt/ros/jazzy/opt/gz_cmake_vendor:/home/mouha/ros2_ws/install/my_py_pkg:/opt/ros/jazzy DEBUGINFOD_URLS=https://debuginfod.ubuntu.com LD_LIBRARY_PATH=/home/mouha/crazyflie/ros2_ws/install/crazyflie_interfaces/lib:${LD_LIBRARY_PATH} PYTHONPATH=/home/mouha/crazyflie/ros2_ws/build/crazyflie_py:/home/mouha/crazyflie/ros2_ws/install/crazyflie_py/lib/python3.12/site-packages:/home/mouha/crazyflie/ros2_ws/install/crazyflie_interfaces/lib/python3.12/site-packages:${PYTHONPATH} /usr/bin/cmake --install /home/mouha/crazyflie/ros2_ws/build/crazyflie_examples
[2.625s] Level 1:colcon.colcon_core.environment:create_environment_scripts_only(crazyflie_examples)
[2.625s] Level 1:colcon.colcon_core.environment:checking '/home/mouha/crazyflie/ros2_ws/install/crazyflie_examples' for CMake module files
[2.625s] DEBUG:colcon.colcon_core.event_handler.log_command:Invoked command in '/home/mouha/crazyflie/ros2_ws/build/crazyflie_examples' returned '0': AMENT_PREFIX_PATH=/home/mouha/crazyflie/ros2_ws/install/crazyflie_py:/home/mouha/crazyflie/ros2_ws/install/crazyflie_interfaces:${AMENT_PREFIX_PATH} CMAKE_PREFIX_PATH=/home/mouha/crazyflie/ros2_ws/install/crazyflie_interfaces:/home/mouha/ros2_ws/install/my_cpp_pkg:/opt/ros/jazzy/opt/gz_sim_vendor:/opt/ros/jazzy/opt/gz_sensors_vendor:/opt/ros/jazzy/opt/gz_physics_vendor:/opt/ros/jazzy/opt/sdformat_vendor:/opt/ros/jazzy/opt/gz_gui_vendor:/opt/ros/jazzy/opt/gz_transport_vendor:/opt/ros/jazzy/opt/gz_rendering_vendor:/opt/ros/jazzy/opt/gz_plugin_vendor:/opt/ros/jazzy/opt/gz_fuel_tools_vendor:/opt/ros/jazzy/opt/gz_msgs_vendor:/opt/ros/jazzy/opt/gz_common_vendor:/opt/ros/jazzy/opt/gz_math_vendor:/opt/ros/jazzy/opt/gz_utils_vendor:/opt/ros/jazzy/opt/gz_tools_vendor:/opt/ros/jazzy/opt/gz_ogre_next_vendor:/opt/ros/jazzy/opt/gz_dartsim_vendor:/opt/ros/jazzy/opt/gz_cmake_vendor:/home/mouha/ros2_ws/install/my_py_pkg:/opt/ros/jazzy DEBUGINFOD_URLS=https://debuginfod.ubuntu.com LD_LIBRARY_PATH=/home/mouha/crazyflie/ros2_ws/install/crazyflie_interfaces/lib:${LD_LIBRARY_PATH} PYTHONPATH=/home/mouha/crazyflie/ros2_ws/build/crazyflie_py:/home/mouha/crazyflie/ros2_ws/install/crazyflie_py/lib/python3.12/site-packages:/home/mouha/crazyflie/ros2_ws/install/crazyflie_interfaces/lib/python3.12/site-packages:${PYTHONPATH} /usr/bin/cmake --install /home/mouha/crazyflie/ros2_ws/build/crazyflie_examples
[2.626s] Level 1:colcon.colcon_core.environment:checking '/home/mouha/crazyflie/ros2_ws/install/crazyflie_examples' for CMake config files
[2.626s] Level 1:colcon.colcon_core.shell:create_environment_hook('crazyflie_examples', 'cmake_prefix_path')
[2.626s] INFO:colcon.colcon_core.shell:Creating environment hook '/home/mouha/crazyflie/ros2_ws/install/crazyflie_examples/share/crazyflie_examples/hook/cmake_prefix_path.ps1'
[2.626s] INFO:colcon.colcon_core.shell:Creating environment descriptor '/home/mouha/crazyflie/ros2_ws/install/crazyflie_examples/share/crazyflie_examples/hook/cmake_prefix_path.dsv'
[2.627s] INFO:colcon.colcon_core.shell:Creating environment hook '/home/mouha/crazyflie/ros2_ws/install/crazyflie_examples/share/crazyflie_examples/hook/cmake_prefix_path.sh'
[2.627s] Level 1:colcon.colcon_core.environment:checking '/home/mouha/crazyflie/ros2_ws/install/crazyflie_examples/lib'
[2.627s] Level 1:colcon.colcon_core.environment:checking '/home/mouha/crazyflie/ros2_ws/install/crazyflie_examples/bin'
[2.627s] Level 1:colcon.colcon_core.environment:checking '/home/mouha/crazyflie/ros2_ws/install/crazyflie_examples/lib/pkgconfig/crazyflie_examples.pc'
[2.627s] Level 1:colcon.colcon_core.environment:checking '/home/mouha/crazyflie/ros2_ws/install/crazyflie_examples/lib/python3.12/site-packages'
[2.627s] Level 1:colcon.colcon_core.shell:create_environment_hook('crazyflie_examples', 'pythonpath')
[2.628s] INFO:colcon.colcon_core.shell:Creating environment hook '/home/mouha/crazyflie/ros2_ws/install/crazyflie_examples/share/crazyflie_examples/hook/pythonpath.ps1'
[2.628s] INFO:colcon.colcon_core.shell:Creating environment descriptor '/home/mouha/crazyflie/ros2_ws/install/crazyflie_examples/share/crazyflie_examples/hook/pythonpath.dsv'
[2.628s] INFO:colcon.colcon_core.shell:Creating environment hook '/home/mouha/crazyflie/ros2_ws/install/crazyflie_examples/share/crazyflie_examples/hook/pythonpath.sh'
[2.629s] Level 1:colcon.colcon_core.environment:checking '/home/mouha/crazyflie/ros2_ws/install/crazyflie_examples/bin'
[2.629s] INFO:colcon.colcon_core.shell:Creating package script '/home/mouha/crazyflie/ros2_ws/install/crazyflie_examples/share/crazyflie_examples/package.ps1'
[2.629s] INFO:colcon.colcon_core.shell:Creating package descriptor '/home/mouha/crazyflie/ros2_ws/install/crazyflie_examples/share/crazyflie_examples/package.dsv'
[2.629s] INFO:colcon.colcon_core.shell:Creating package script '/home/mouha/crazyflie/ros2_ws/install/crazyflie_examples/share/crazyflie_examples/package.sh'
[2.630s] INFO:colcon.colcon_core.shell:Creating package script '/home/mouha/crazyflie/ros2_ws/install/crazyflie_examples/share/crazyflie_examples/package.bash'
[2.630s] INFO:colcon.colcon_core.shell:Creating package script '/home/mouha/crazyflie/ros2_ws/install/crazyflie_examples/share/crazyflie_examples/package.zsh'
[2.630s] Level 1:colcon.colcon_core.environment:create_file_with_runtime_dependencies(/home/mouha/crazyflie/ros2_ws/install/crazyflie_examples/share/colcon-core/packages/crazyflie_examples)
[2.630s] Level 1:colcon.colcon_core.environment:create_environment_scripts_only(crazyflie_examples)
[2.631s] Level 1:colcon.colcon_core.environment:checking '/home/mouha/crazyflie/ros2_ws/install/crazyflie_examples' for CMake module files
[2.631s] Level 1:colcon.colcon_core.environment:checking '/home/mouha/crazyflie/ros2_ws/install/crazyflie_examples' for CMake config files
[2.631s] Level 1:colcon.colcon_core.shell:create_environment_hook('crazyflie_examples', 'cmake_prefix_path')
[2.631s] INFO:colcon.colcon_core.shell:Creating environment hook '/home/mouha/crazyflie/ros2_ws/install/crazyflie_examples/share/crazyflie_examples/hook/cmake_prefix_path.ps1'
[2.632s] INFO:colcon.colcon_core.shell:Creating environment descriptor '/home/mouha/crazyflie/ros2_ws/install/crazyflie_examples/share/crazyflie_examples/hook/cmake_prefix_path.dsv'
[2.632s] INFO:colcon.colcon_core.shell:Creating environment hook '/home/mouha/crazyflie/ros2_ws/install/crazyflie_examples/share/crazyflie_examples/hook/cmake_prefix_path.sh'
[2.632s] Level 1:colcon.colcon_core.environment:checking '/home/mouha/crazyflie/ros2_ws/install/crazyflie_examples/lib'
[2.632s] Level 1:colcon.colcon_core.environment:checking '/home/mouha/crazyflie/ros2_ws/install/crazyflie_examples/bin'
[2.632s] Level 1:colcon.colcon_core.environment:checking '/home/mouha/crazyflie/ros2_ws/install/crazyflie_examples/lib/pkgconfig/crazyflie_examples.pc'
[2.632s] Level 1:colcon.colcon_core.environment:checking '/home/mouha/crazyflie/ros2_ws/install/crazyflie_examples/lib/python3.12/site-packages'
[2.633s] Level 1:colcon.colcon_core.shell:create_environment_hook('crazyflie_examples', 'pythonpath')
[2.633s] INFO:colcon.colcon_core.shell:Creating environment hook '/home/mouha/crazyflie/ros2_ws/install/crazyflie_examples/share/crazyflie_examples/hook/pythonpath.ps1'
[2.633s] INFO:colcon.colcon_core.shell:Creating environment descriptor '/home/mouha/crazyflie/ros2_ws/install/crazyflie_examples/share/crazyflie_examples/hook/pythonpath.dsv'
[2.633s] INFO:colcon.colcon_core.shell:Creating environment hook '/home/mouha/crazyflie/ros2_ws/install/crazyflie_examples/share/crazyflie_examples/hook/pythonpath.sh'
[2.634s] Level 1:colcon.colcon_core.environment:checking '/home/mouha/crazyflie/ros2_ws/install/crazyflie_examples/bin'
[2.634s] INFO:colcon.colcon_core.shell:Creating package script '/home/mouha/crazyflie/ros2_ws/install/crazyflie_examples/share/crazyflie_examples/package.ps1'
[2.634s] INFO:colcon.colcon_core.shell:Creating package descriptor '/home/mouha/crazyflie/ros2_ws/install/crazyflie_examples/share/crazyflie_examples/package.dsv'
[2.635s] INFO:colcon.colcon_core.shell:Creating package script '/home/mouha/crazyflie/ros2_ws/install/crazyflie_examples/share/crazyflie_examples/package.sh'
[2.635s] INFO:colcon.colcon_core.shell:Creating package script '/home/mouha/crazyflie/ros2_ws/install/crazyflie_examples/share/crazyflie_examples/package.bash'
[2.635s] INFO:colcon.colcon_core.shell:Creating package script '/home/mouha/crazyflie/ros2_ws/install/crazyflie_examples/share/crazyflie_examples/package.zsh'
[2.635s] Level 1:colcon.colcon_core.environment:create_file_with_runtime_dependencies(/home/mouha/crazyflie/ros2_ws/install/crazyflie_examples/share/colcon-core/packages/crazyflie_examples)
[2.635s] DEBUG:colcon.colcon_parallel_executor.executor.parallel:closing loop
[2.636s] DEBUG:colcon.colcon_parallel_executor.executor.parallel:loop closed
[2.636s] DEBUG:colcon.colcon_parallel_executor.executor.parallel:run_until_complete finished with '0'
[2.636s] DEBUG:colcon.colcon_core.event_reactor:joining thread
[2.641s] INFO:colcon.colcon_core.plugin_system:Skipping extension 'colcon_notification.desktop_notification.terminal_notifier': Not used on non-Darwin systems
[2.641s] INFO:colcon.colcon_core.plugin_system:Skipping extension 'colcon_notification.desktop_notification.win32': Not used on non-Windows systems
[2.641s] INFO:colcon.colcon_notification.desktop_notification:Sending desktop notification using 'notify2'
[2.650s] DEBUG:colcon.colcon_core.event_reactor:joined thread
[2.650s] INFO:colcon.colcon_core.shell:Creating prefix script '/home/mouha/crazyflie/ros2_ws/install/local_setup.ps1'
[2.651s] INFO:colcon.colcon_core.shell:Creating prefix util module '/home/mouha/crazyflie/ros2_ws/install/_local_setup_util_ps1.py'
[2.651s] INFO:colcon.colcon_core.shell:Creating prefix chain script '/home/mouha/crazyflie/ros2_ws/install/setup.ps1'
[2.652s] INFO:colcon.colcon_core.shell:Creating prefix script '/home/mouha/crazyflie/ros2_ws/install/local_setup.sh'
[2.652s] INFO:colcon.colcon_core.shell:Creating prefix util module '/home/mouha/crazyflie/ros2_ws/install/_local_setup_util_sh.py'
[2.653s] INFO:colcon.colcon_core.shell:Creating prefix chain script '/home/mouha/crazyflie/ros2_ws/install/setup.sh'
[2.653s] INFO:colcon.colcon_core.shell:Creating prefix script '/home/mouha/crazyflie/ros2_ws/install/local_setup.bash'
[2.654s] INFO:colcon.colcon_core.shell:Creating prefix chain script '/home/mouha/crazyflie/ros2_ws/install/setup.bash'
[2.654s] INFO:colcon.colcon_core.shell:Creating prefix script '/home/mouha/crazyflie/ros2_ws/install/local_setup.zsh'
[2.655s] INFO:colcon.colcon_core.shell:Creating prefix chain script '/home/mouha/crazyflie/ros2_ws/install/setup.zsh'
