[0.000000] (-) TimerEvent: {}
[0.000257] (-) JobUnselected: {'identifier': 'cf_led_mission'}
[0.000289] (-) JobUnselected: {'identifier': 'crazyflie'}
[0.000325] (-) JobUnselected: {'identifier': 'crazyflie_description'}
[0.000367] (-) JobUnselected: {'identifier': 'crazyflie_examples'}
[0.000379] (-) JobUnselected: {'identifier': 'crazyflie_interfaces'}
[0.000394] (-) JobUnselected: {'identifier': 'crazyflie_py'}
[0.000409] (-) JobUnselected: {'identifier': 'crazyflie_server_py'}
[0.000420] (-) JobUnselected: {'identifier': 'crazyflie_sim'}
[0.000434] (-) JobUnselected: {'identifier': 'drive_base_msgs'}
[0.000484] (-) JobUnselected: {'identifier': 'micro_ros_setup'}
[0.000497] (micro_ros_msgs) JobQueued: {'identifier': 'micro_ros_msgs', 'dependencies': OrderedDict()}
[0.000510] (micro_ros_agent) JobQueued: {'identifier': 'micro_ros_agent', 'dependencies': OrderedDict({'micro_ros_msgs': '/home/mouha/crazyflie/ros2_ws/install/micro_ros_msgs'})}
[0.000524] (micro_ros_msgs) JobStarted: {'identifier': 'micro_ros_msgs'}
[0.006492] (micro_ros_msgs) JobProgress: {'identifier': 'micro_ros_msgs', 'progress': 'cmake'}
[0.006728] (micro_ros_msgs) Command: {'cmd': ['/usr/bin/cmake', '/home/mouha/crazyflie/ros2_ws/src/uros/micro_ros_msgs', '-DUAGENT_BUILD_EXECUTABLE=OFF', '-DUAGENT_P2P_PROFILE=OFF', '--no-warn-unused-cli', '-DCMAKE_INSTALL_PREFIX=/home/mouha/crazyflie/ros2_ws/install/micro_ros_msgs'], 'cwd': '/home/mouha/crazyflie/ros2_ws/build/micro_ros_msgs', 'env': OrderedDict({'GJS_DEBUG_TOPICS': 'JS ERROR;JS LOG', 'XDG_ACTIVATION_TOKEN': 'gnome-shell/Terminator/2522-1-mouha-TUF_TIME1250468', 'LESSOPEN': '| /usr/bin/lesspipe %s', 'GZ_SIM_RESOURCE_PATH': '/opt/ros/jazzy/share', 'LANGUAGE': 'en_GB:en', 'USER': 'mouha', 'LC_TIME': 'en_GB.UTF-8', 'GZ_CONFIG_PATH': '/opt/ros/jazzy/opt/gz_sim_vendor/share/gz:/opt/ros/jazzy/opt/sdformat_vendor/share/gz:/opt/ros/jazzy/opt/gz_gui_vendor/share/gz:/opt/ros/jazzy/opt/gz_transport_vendor/share/gz:/opt/ros/jazzy/opt/gz_rendering_vendor/share/gz:/opt/ros/jazzy/opt/gz_plugin_vendor/share/gz:/opt/ros/jazzy/opt/gz_fuel_tools_vendor/share/gz:/opt/ros/jazzy/opt/gz_msgs_vendor/share/gz:/opt/ros/jazzy/opt/gz_common_vendor/share/gz', 'XDG_SESSION_TYPE': 'wayland', 'STM32CubeMX_PATH': '/home/mouha/STM32CubeMX', 'CLUTTER_DISABLE_MIPMAPPED_TEXT': '1', 'SHLVL': '2', 'LD_LIBRARY_PATH': '/home/mouha/crazyflie/ros2_ws/install/crazyflie_interfaces/lib:/opt/ros/jazzy/opt/gz_sim_vendor/lib:/opt/ros/jazzy/opt/gz_sensors_vendor/lib:/opt/ros/jazzy/opt/gz_physics_vendor/lib:/opt/ros/jazzy/opt/sdformat_vendor/lib:/opt/ros/jazzy/opt/rviz_ogre_vendor/lib:/opt/ros/jazzy/lib/x86_64-linux-gnu:/opt/ros/jazzy/opt/gz_gui_vendor/lib:/opt/ros/jazzy/opt/gz_transport_vendor/lib:/opt/ros/jazzy/opt/gz_rendering_vendor/lib:/opt/ros/jazzy/opt/gz_plugin_vendor/lib:/opt/ros/jazzy/opt/gz_fuel_tools_vendor/lib:/opt/ros/jazzy/opt/gz_msgs_vendor/lib:/opt/ros/jazzy/opt/gz_common_vendor/lib:/opt/ros/jazzy/opt/gz_math_vendor/lib:/opt/ros/jazzy/opt/gz_utils_vendor/lib:/opt/ros/jazzy/opt/gz_tools_vendor/lib:/opt/ros/jazzy/opt/gz_ogre_next_vendor/lib:/opt/ros/jazzy/opt/gz_dartsim_vendor/lib:/opt/ros/jazzy/opt/gz_cmake_vendor/lib:/opt/ros/jazzy/lib', 'HOME': '/home/mouha', 'OLDPWD': '/home/mouha/crazyflie/ros2_ws/src', 'DESKTOP_SESSION': 'ubuntu', 'GIO_LAUNCHED_DESKTOP_FILE': '/usr/share/applications/terminator.desktop', 'ROS_PYTHON_VERSION': '3', 'GNOME_SHELL_SESSION_MODE': 'ubuntu', 'GTK_MODULES': 'gail:atk-bridge', 'LC_MONETARY': 'en_GB.UTF-8', 'MANAGERPID': '2224', 'SYSTEMD_EXEC_PID': '2522', 'GSM_SKIP_SSH_AGENT_WORKAROUND': 'true', 'DBUS_SESSION_BUS_ADDRESS': 'unix:path=/run/user/1000/bus', 'COLORTERM': 'truecolor', 'TERMINATOR_DBUS_NAME': 'net.tenshu.Terminator25ef4b219e3b005583550f2b0f9f990c3', 'GIO_LAUNCHED_DESKTOP_FILE_PID': '16393', 'DEBUGINFOD_URLS': 'https://debuginfod.ubuntu.com', 'IM_CONFIG_PHASE': '1', 'WAYLAND_DISPLAY': 'wayland-0', 'COLCON_PREFIX_PATH': '/home/mouha/crazyflie/ros2_ws/install:/home/mouha/ros2_ws/install', 'ROS_DISTRO': 'jazzy', 'LOGNAME': 'mouha', 'JOURNAL_STREAM': '10:26710', '_': '/usr/bin/colcon', 'ROS_VERSION': '2', 'MEMORY_PRESSURE_WATCH': '/sys/fs/cgroup/user.slice/user-1000.slice/user@1000.service/session.slice/org.gnome.Shell@wayland.service/memory.pressure', 'XDG_SESSION_CLASS': 'user', 'USERNAME': 'mouha', 'TERM': 'xterm-256color', 'GNOME_DESKTOP_SESSION_ID': 'this-is-deprecated', 'PATH': '/opt/ros/jazzy/opt/gz_msgs_vendor/bin:/opt/ros/jazzy/opt/gz_tools_vendor/bin:/opt/ros/jazzy/opt/gz_ogre_next_vendor/bin:/opt/ros/jazzy/bin:/home/mouha/.local/bin:/usr/local/sbin:/usr/local/bin:/usr/sbin:/usr/bin:/sbin:/bin:/usr/games:/usr/local/games:/snap/bin:/snap/bin', 'SESSION_MANAGER': 'local/mouha-TUF:@/tmp/.ICE-unix/2462,unix/mouha-TUF:/tmp/.ICE-unix/2462', 'INVOCATION_ID': 'd766796c67a3427d8e46b6b593769ef7', 'PAPERSIZE': 'a4', 'XDG_MENU_PREFIX': 'gnome-', 'LC_ADDRESS': 'en_GB.UTF-8', 'GNOME_SETUP_DISPLAY': ':1', 'XDG_RUNTIME_DIR': '/run/user/1000', 'DISPLAY': ':0', 'TERMINATOR_DBUS_PATH': '/net/tenshu/Terminator2', 'LANG': 'en_GB.UTF-8', 'XDG_CURRENT_DESKTOP': 'ubuntu:GNOME', 'LC_TELEPHONE': 'en_GB.UTF-8', 'XMODIFIERS': '@im=ibus', 'XDG_SESSION_DESKTOP': 'ubuntu', 'XAUTHORITY': '/run/user/1000/.mutter-Xwaylandauth.SFWAT3', 'LS_COLORS': 'rs=0:di=01;34:ln=01;36:mh=00:pi=40;33:so=01;35:do=01;35:bd=40;33;01:cd=40;33;01:or=40;31;01:mi=00:su=37;41:sg=30;43:ca=00:tw=30;42:ow=34;42:st=37;44:ex=01;32:*.tar=01;31:*.tgz=01;31:*.arc=01;31:*.arj=01;31:*.taz=01;31:*.lha=01;31:*.lz4=01;31:*.lzh=01;31:*.lzma=01;31:*.tlz=01;31:*.txz=01;31:*.tzo=01;31:*.t7z=01;31:*.zip=01;31:*.z=01;31:*.dz=01;31:*.gz=01;31:*.lrz=01;31:*.lz=01;31:*.lzo=01;31:*.xz=01;31:*.zst=01;31:*.tzst=01;31:*.bz2=01;31:*.bz=01;31:*.tbz=01;31:*.tbz2=01;31:*.tz=01;31:*.deb=01;31:*.rpm=01;31:*.jar=01;31:*.war=01;31:*.ear=01;31:*.sar=01;31:*.rar=01;31:*.alz=01;31:*.ace=01;31:*.zoo=01;31:*.cpio=01;31:*.7z=01;31:*.rz=01;31:*.cab=01;31:*.wim=01;31:*.swm=01;31:*.dwm=01;31:*.esd=01;31:*.avif=01;35:*.jpg=01;35:*.jpeg=01;35:*.mjpg=01;35:*.mjpeg=01;35:*.gif=01;35:*.bmp=01;35:*.pbm=01;35:*.pgm=01;35:*.ppm=01;35:*.tga=01;35:*.xbm=01;35:*.xpm=01;35:*.tif=01;35:*.tiff=01;35:*.png=01;35:*.svg=01;35:*.svgz=01;35:*.mng=01;35:*.pcx=01;35:*.mov=01;35:*.mpg=01;35:*.mpeg=01;35:*.m2v=01;35:*.mkv=01;35:*.webm=01;35:*.webp=01;35:*.ogm=01;35:*.mp4=01;35:*.m4v=01;35:*.mp4v=01;35:*.vob=01;35:*.qt=01;35:*.nuv=01;35:*.wmv=01;35:*.asf=01;35:*.rm=01;35:*.rmvb=01;35:*.flc=01;35:*.avi=01;35:*.fli=01;35:*.flv=01;35:*.gl=01;35:*.dl=01;35:*.xcf=01;35:*.xwd=01;35:*.yuv=01;35:*.cgm=01;35:*.emf=01;35:*.ogv=01;35:*.ogx=01;35:*.aac=00;36:*.au=00;36:*.flac=00;36:*.m4a=00;36:*.mid=00;36:*.midi=00;36:*.mka=00;36:*.mp3=00;36:*.mpc=00;36:*.ogg=00;36:*.ra=00;36:*.wav=00;36:*.oga=00;36:*.opus=00;36:*.spx=00;36:*.xspf=00;36:*~=00;90:*#=00;90:*.bak=00;90:*.crdownload=00;90:*.dpkg-dist=00;90:*.dpkg-new=00;90:*.dpkg-old=00;90:*.dpkg-tmp=00;90:*.old=00;90:*.orig=00;90:*.part=00;90:*.rej=00;90:*.rpmnew=00;90:*.rpmorig=00;90:*.rpmsave=00;90:*.swp=00;90:*.tmp=00;90:*.ucf-dist=00;90:*.ucf-new=00;90:*.ucf-old=00;90:', 'SSH_AUTH_SOCK': '/run/user/1000/keyring/ssh', 'AMENT_PREFIX_PATH': '/home/mouha/crazyflie/ros2_ws/install/micro_ros_setup:/home/mouha/crazyflie/ros2_ws/install/crazyflie_sim:/home/mouha/crazyflie/ros2_ws/install/crazyflie_server_py:/home/mouha/crazyflie/ros2_ws/install/crazyflie_examples:/home/mouha/crazyflie/ros2_ws/install/crazyflie_py:/home/mouha/crazyflie/ros2_ws/install/crazyflie:/home/mouha/crazyflie/ros2_ws/install/crazyflie_interfaces:/home/mouha/crazyflie/ros2_ws/install/crazyflie_description:/home/mouha/crazyflie/ros2_ws/install/cf_led_mission:/home/mouha/ros2_ws/install/my_py_pkg:/home/mouha/ros2_ws/install/my_cpp_pkg:/opt/ros/jazzy', 'SHELL': '/bin/bash', 'LC_NAME': 'en_GB.UTF-8', 'TERMINATOR_UUID': 'urn:uuid:7c048b6f-977f-4836-932f-4a361a17132b', 'QT_ACCESSIBILITY': '1', 'GDMSESSION': 'ubuntu', 'LESSCLOSE': '/usr/bin/lesspipe %s %s', 'LC_MEASUREMENT': 'en_GB.UTF-8', 'GJS_DEBUG_OUTPUT': 'stderr', 'LC_IDENTIFICATION': 'en_GB.UTF-8', 'ROS_AUTOMATIC_DISCOVERY_RANGE': 'SUBNET', 'QT_IM_MODULE': 'ibus', 'PWD': '/home/mouha/crazyflie/ros2_ws/build/micro_ros_msgs', 'LC_ALL': 'en_US.UTF-8', 'XDG_CONFIG_DIRS': '/etc/xdg/xdg-ubuntu:/etc/xdg', 'XDG_DATA_DIRS': '/usr/share/ubuntu:/usr/share/gnome:/usr/local/share/:/usr/share/:/var/lib/snapd/desktop', 'QTWEBENGINE_DICTIONARIES_PATH': '/usr/share/hunspell-bdic/', 'PYTHONPATH': '/home/mouha/ros2_ws/build/my_py_pkg:/home/mouha/crazyflie/ros2_ws/install/crazyflie_sim/lib/python3.12/site-packages:/home/mouha/crazyflie/ros2_ws/build/crazyflie_server_py:/home/mouha/crazyflie/ros2_ws/install/crazyflie_server_py/lib/python3.12/site-packages:/home/mouha/crazyflie/ros2_ws/install/crazyflie_examples/lib/python3.12/site-packages:/home/mouha/crazyflie/ros2_ws/build/crazyflie_py:/home/mouha/crazyflie/ros2_ws/install/crazyflie_py/lib/python3.12/site-packages:/home/mouha/crazyflie/ros2_ws/install/crazyflie_interfaces/lib/python3.12/site-packages:/home/mouha/crazyflie/ros2_ws/build/cf_led_mission:/home/mouha/crazyflie/ros2_ws/install/cf_led_mission/lib/python3.12/site-packages:/home/mouha/ros2_ws/install/my_py_pkg/lib/python3.12/site-packages:/opt/ros/jazzy/lib/python3.12/site-packages', 'LC_NUMERIC': 'en_GB.UTF-8', 'LC_PAPER': 'en_GB.UTF-8', 'COLCON': '1', 'MEMORY_PRESSURE_WRITE': 'c29tZSAyMDAwMDAgMjAwMDAwMAA=', 'VTE_VERSION': '7600', 'CMAKE_PREFIX_PATH': '/home/mouha/crazyflie/ros2_ws/install/micro_ros_setup:/home/mouha/crazyflie/ros2_ws/install/crazyflie_sim:/home/mouha/crazyflie/ros2_ws/install/crazyflie_examples:/home/mouha/crazyflie/ros2_ws/install/crazyflie:/home/mouha/crazyflie/ros2_ws/install/crazyflie_interfaces:/home/mouha/crazyflie/ros2_ws/install/crazyflie_description:/home/mouha/ros2_ws/install/my_cpp_pkg:/opt/ros/jazzy/opt/gz_sim_vendor:/opt/ros/jazzy/opt/gz_sensors_vendor:/opt/ros/jazzy/opt/gz_physics_vendor:/opt/ros/jazzy/opt/sdformat_vendor:/opt/ros/jazzy/opt/gz_gui_vendor:/opt/ros/jazzy/opt/gz_transport_vendor:/opt/ros/jazzy/opt/gz_rendering_vendor:/opt/ros/jazzy/opt/gz_plugin_vendor:/opt/ros/jazzy/opt/gz_fuel_tools_vendor:/opt/ros/jazzy/opt/gz_msgs_vendor:/opt/ros/jazzy/opt/gz_common_vendor:/opt/ros/jazzy/opt/gz_math_vendor:/opt/ros/jazzy/opt/gz_utils_vendor:/opt/ros/jazzy/opt/gz_tools_vendor:/opt/ros/jazzy/opt/gz_ogre_next_vendor:/opt/ros/jazzy/opt/gz_dartsim_vendor:/opt/ros/jazzy/opt/gz_cmake_vendor:/home/mouha/crazyflie/ros2_ws/install/crazyflie_server_py:/home/mouha/crazyflie/ros2_ws/install/crazyflie_py:/home/mouha/crazyflie/ros2_ws/install/cf_led_mission:/home/mouha/ros2_ws/install/my_py_pkg:/opt/ros/jazzy'}), 'shell': False}
[0.013585] (micro_ros_msgs) StdoutLine: {'line': b'Not searching for unused variables given on the command line.\n'}
[0.044347] (micro_ros_msgs) StdoutLine: {'line': b'-- The C compiler identification is GNU 13.3.0\n'}
[0.082044] (micro_ros_msgs) StdoutLine: {'line': b'-- The CXX compiler identification is GNU 13.3.0\n'}
[0.092487] (micro_ros_msgs) StdoutLine: {'line': b'-- Detecting C compiler ABI info\n'}
[0.099589] (-) TimerEvent: {}
[0.151397] (micro_ros_msgs) StdoutLine: {'line': b'-- Detecting C compiler ABI info - done\n'}
[0.158004] (micro_ros_msgs) StdoutLine: {'line': b'-- Check for working C compiler: /usr/bin/cc - skipped\n'}
[0.158149] (micro_ros_msgs) StdoutLine: {'line': b'-- Detecting C compile features\n'}
[0.158470] (micro_ros_msgs) StdoutLine: {'line': b'-- Detecting C compile features - done\n'}
[0.164690] (micro_ros_msgs) StdoutLine: {'line': b'-- Detecting CXX compiler ABI info\n'}
[0.199678] (-) TimerEvent: {}
[0.233762] (micro_ros_msgs) StdoutLine: {'line': b'-- Detecting CXX compiler ABI info - done\n'}
[0.241553] (micro_ros_msgs) StdoutLine: {'line': b'-- Check for working CXX compiler: /usr/bin/c++ - skipped\n'}
[0.241693] (micro_ros_msgs) StdoutLine: {'line': b'-- Detecting CXX compile features\n'}
[0.242075] (micro_ros_msgs) StdoutLine: {'line': b'-- Detecting CXX compile features - done\n'}
[0.245234] (micro_ros_msgs) StdoutLine: {'line': b'-- Found ament_cmake: 2.5.6 (/opt/ros/jazzy/share/ament_cmake/cmake)\n'}
[0.299764] (-) TimerEvent: {}
[0.362022] (micro_ros_msgs) StdoutLine: {'line': b'-- Found Python3: /usr/bin/python3 (found version "3.12.3") found components: Interpreter \n'}
[0.399850] (-) TimerEvent: {}
[0.450276] (micro_ros_msgs) StdoutLine: {'line': b'-- Found rosidl_default_generators: 1.6.0 (/opt/ros/jazzy/share/rosidl_default_generators/cmake)\n'}
[0.457124] (micro_ros_msgs) StdoutLine: {'line': b'-- Using all available rosidl_typesupport_c: rosidl_typesupport_fastrtps_c;rosidl_typesupport_introspection_c\n'}
[0.499952] (-) TimerEvent: {}
[0.510731] (micro_ros_msgs) StdoutLine: {'line': b'-- Using all available rosidl_typesupport_cpp: rosidl_typesupport_fastrtps_cpp;rosidl_typesupport_introspection_cpp\n'}
[0.552960] (micro_ros_msgs) StdoutLine: {'line': b'-- Found rosidl_adapter: 4.6.7 (/opt/ros/jazzy/share/rosidl_adapter/cmake)\n'}
[0.556116] (micro_ros_msgs) StdoutLine: {'line': b'-- Found ament_lint_auto: 0.17.5 (/opt/ros/jazzy/share/ament_lint_auto/cmake)\n'}
[0.600065] (-) TimerEvent: {}
[0.700292] (-) TimerEvent: {}
[0.800519] (-) TimerEvent: {}
[0.900741] (-) TimerEvent: {}
[1.000984] (-) TimerEvent: {}
[1.003455] (micro_ros_msgs) StdoutLine: {'line': b'-- Found ament_cmake_ros: 0.12.0 (/opt/ros/jazzy/share/ament_cmake_ros/cmake)\n'}
[1.101089] (-) TimerEvent: {}
[1.201315] (-) TimerEvent: {}
[1.301604] (-) TimerEvent: {}
[1.314736] (micro_ros_msgs) StdoutLine: {'line': b'-- Using all available rosidl_typesupport_c: rosidl_typesupport_fastrtps_c;rosidl_typesupport_introspection_c\n'}
[1.401690] (-) TimerEvent: {}
[1.501899] (-) TimerEvent: {}
[1.602162] (-) TimerEvent: {}
[1.702446] (-) TimerEvent: {}
[1.715978] (micro_ros_msgs) StdoutLine: {'line': b'-- Using all available rosidl_typesupport_cpp: rosidl_typesupport_fastrtps_cpp;rosidl_typesupport_introspection_cpp\n'}
[1.719674] (micro_ros_msgs) StdoutLine: {'line': b'-- Found python_cmake_module: 0.11.1 (/opt/ros/jazzy/share/python_cmake_module/cmake)\n'}
[1.802634] (-) TimerEvent: {}
[1.822910] (micro_ros_msgs) StdoutLine: {'line': b'-- Found PythonExtra: /usr/bin/python3  \n'}
[1.902723] (-) TimerEvent: {}
[2.002952] (-) TimerEvent: {}
[2.103168] (-) TimerEvent: {}
[2.187393] (micro_ros_msgs) StdoutLine: {'line': b'-- Found Python3: /usr/bin/python3 (found version "3.12.3") found components: Interpreter Development NumPy Development.Module Development.Embed \n'}
[2.203276] (-) TimerEvent: {}
[2.236338] (micro_ros_msgs) StdoutLine: {'line': b'-- Found Python3: /usr/bin/python3 (found version "3.12.3") found components: Interpreter \n'}
[2.241025] (micro_ros_msgs) StdoutLine: {'line': b"-- Added test 'copyright' to check source files copyright and LICENSE\n"}
[2.245958] (micro_ros_msgs) StdoutLine: {'line': b"-- Added test 'lint_cmake' to check CMake code style\n"}
[2.248328] (micro_ros_msgs) StdoutLine: {'line': b"-- Added test 'xmllint' to check XML markup files\n"}
[2.253921] (micro_ros_msgs) StdoutLine: {'line': b'-- Configuring done (2.2s)\n'}
[2.278462] (micro_ros_msgs) StdoutLine: {'line': b'-- Generating done (0.0s)\n'}
[2.288152] (micro_ros_msgs) StdoutLine: {'line': b'-- Build files have been written to: /home/mouha/crazyflie/ros2_ws/build/micro_ros_msgs\n'}
[2.294171] (micro_ros_msgs) CommandEnded: {'returncode': 0}
[2.294588] (micro_ros_msgs) JobProgress: {'identifier': 'micro_ros_msgs', 'progress': 'build'}
[2.294988] (micro_ros_msgs) Command: {'cmd': ['/usr/bin/cmake', '--build', '/home/mouha/crazyflie/ros2_ws/build/micro_ros_msgs', '--', '-j12', '-l12'], 'cwd': '/home/mouha/crazyflie/ros2_ws/build/micro_ros_msgs', 'env': OrderedDict({'GJS_DEBUG_TOPICS': 'JS ERROR;JS LOG', 'XDG_ACTIVATION_TOKEN': 'gnome-shell/Terminator/2522-1-mouha-TUF_TIME1250468', 'LESSOPEN': '| /usr/bin/lesspipe %s', 'GZ_SIM_RESOURCE_PATH': '/opt/ros/jazzy/share', 'LANGUAGE': 'en_GB:en', 'USER': 'mouha', 'LC_TIME': 'en_GB.UTF-8', 'GZ_CONFIG_PATH': '/opt/ros/jazzy/opt/gz_sim_vendor/share/gz:/opt/ros/jazzy/opt/sdformat_vendor/share/gz:/opt/ros/jazzy/opt/gz_gui_vendor/share/gz:/opt/ros/jazzy/opt/gz_transport_vendor/share/gz:/opt/ros/jazzy/opt/gz_rendering_vendor/share/gz:/opt/ros/jazzy/opt/gz_plugin_vendor/share/gz:/opt/ros/jazzy/opt/gz_fuel_tools_vendor/share/gz:/opt/ros/jazzy/opt/gz_msgs_vendor/share/gz:/opt/ros/jazzy/opt/gz_common_vendor/share/gz', 'XDG_SESSION_TYPE': 'wayland', 'STM32CubeMX_PATH': '/home/mouha/STM32CubeMX', 'CLUTTER_DISABLE_MIPMAPPED_TEXT': '1', 'SHLVL': '2', 'LD_LIBRARY_PATH': '/home/mouha/crazyflie/ros2_ws/install/crazyflie_interfaces/lib:/opt/ros/jazzy/opt/gz_sim_vendor/lib:/opt/ros/jazzy/opt/gz_sensors_vendor/lib:/opt/ros/jazzy/opt/gz_physics_vendor/lib:/opt/ros/jazzy/opt/sdformat_vendor/lib:/opt/ros/jazzy/opt/rviz_ogre_vendor/lib:/opt/ros/jazzy/lib/x86_64-linux-gnu:/opt/ros/jazzy/opt/gz_gui_vendor/lib:/opt/ros/jazzy/opt/gz_transport_vendor/lib:/opt/ros/jazzy/opt/gz_rendering_vendor/lib:/opt/ros/jazzy/opt/gz_plugin_vendor/lib:/opt/ros/jazzy/opt/gz_fuel_tools_vendor/lib:/opt/ros/jazzy/opt/gz_msgs_vendor/lib:/opt/ros/jazzy/opt/gz_common_vendor/lib:/opt/ros/jazzy/opt/gz_math_vendor/lib:/opt/ros/jazzy/opt/gz_utils_vendor/lib:/opt/ros/jazzy/opt/gz_tools_vendor/lib:/opt/ros/jazzy/opt/gz_ogre_next_vendor/lib:/opt/ros/jazzy/opt/gz_dartsim_vendor/lib:/opt/ros/jazzy/opt/gz_cmake_vendor/lib:/opt/ros/jazzy/lib', 'HOME': '/home/mouha', 'OLDPWD': '/home/mouha/crazyflie/ros2_ws/src', 'DESKTOP_SESSION': 'ubuntu', 'GIO_LAUNCHED_DESKTOP_FILE': '/usr/share/applications/terminator.desktop', 'ROS_PYTHON_VERSION': '3', 'GNOME_SHELL_SESSION_MODE': 'ubuntu', 'GTK_MODULES': 'gail:atk-bridge', 'LC_MONETARY': 'en_GB.UTF-8', 'MANAGERPID': '2224', 'SYSTEMD_EXEC_PID': '2522', 'GSM_SKIP_SSH_AGENT_WORKAROUND': 'true', 'DBUS_SESSION_BUS_ADDRESS': 'unix:path=/run/user/1000/bus', 'COLORTERM': 'truecolor', 'TERMINATOR_DBUS_NAME': 'net.tenshu.Terminator25ef4b219e3b005583550f2b0f9f990c3', 'GIO_LAUNCHED_DESKTOP_FILE_PID': '16393', 'DEBUGINFOD_URLS': 'https://debuginfod.ubuntu.com', 'IM_CONFIG_PHASE': '1', 'WAYLAND_DISPLAY': 'wayland-0', 'COLCON_PREFIX_PATH': '/home/mouha/crazyflie/ros2_ws/install:/home/mouha/ros2_ws/install', 'ROS_DISTRO': 'jazzy', 'LOGNAME': 'mouha', 'JOURNAL_STREAM': '10:26710', '_': '/usr/bin/colcon', 'ROS_VERSION': '2', 'MEMORY_PRESSURE_WATCH': '/sys/fs/cgroup/user.slice/user-1000.slice/user@1000.service/session.slice/org.gnome.Shell@wayland.service/memory.pressure', 'XDG_SESSION_CLASS': 'user', 'USERNAME': 'mouha', 'TERM': 'xterm-256color', 'GNOME_DESKTOP_SESSION_ID': 'this-is-deprecated', 'PATH': '/opt/ros/jazzy/opt/gz_msgs_vendor/bin:/opt/ros/jazzy/opt/gz_tools_vendor/bin:/opt/ros/jazzy/opt/gz_ogre_next_vendor/bin:/opt/ros/jazzy/bin:/home/mouha/.local/bin:/usr/local/sbin:/usr/local/bin:/usr/sbin:/usr/bin:/sbin:/bin:/usr/games:/usr/local/games:/snap/bin:/snap/bin', 'SESSION_MANAGER': 'local/mouha-TUF:@/tmp/.ICE-unix/2462,unix/mouha-TUF:/tmp/.ICE-unix/2462', 'INVOCATION_ID': 'd766796c67a3427d8e46b6b593769ef7', 'PAPERSIZE': 'a4', 'XDG_MENU_PREFIX': 'gnome-', 'LC_ADDRESS': 'en_GB.UTF-8', 'GNOME_SETUP_DISPLAY': ':1', 'XDG_RUNTIME_DIR': '/run/user/1000', 'DISPLAY': ':0', 'TERMINATOR_DBUS_PATH': '/net/tenshu/Terminator2', 'LANG': 'en_GB.UTF-8', 'XDG_CURRENT_DESKTOP': 'ubuntu:GNOME', 'LC_TELEPHONE': 'en_GB.UTF-8', 'XMODIFIERS': '@im=ibus', 'XDG_SESSION_DESKTOP': 'ubuntu', 'XAUTHORITY': '/run/user/1000/.mutter-Xwaylandauth.SFWAT3', 'LS_COLORS': 'rs=0:di=01;34:ln=01;36:mh=00:pi=40;33:so=01;35:do=01;35:bd=40;33;01:cd=40;33;01:or=40;31;01:mi=00:su=37;41:sg=30;43:ca=00:tw=30;42:ow=34;42:st=37;44:ex=01;32:*.tar=01;31:*.tgz=01;31:*.arc=01;31:*.arj=01;31:*.taz=01;31:*.lha=01;31:*.lz4=01;31:*.lzh=01;31:*.lzma=01;31:*.tlz=01;31:*.txz=01;31:*.tzo=01;31:*.t7z=01;31:*.zip=01;31:*.z=01;31:*.dz=01;31:*.gz=01;31:*.lrz=01;31:*.lz=01;31:*.lzo=01;31:*.xz=01;31:*.zst=01;31:*.tzst=01;31:*.bz2=01;31:*.bz=01;31:*.tbz=01;31:*.tbz2=01;31:*.tz=01;31:*.deb=01;31:*.rpm=01;31:*.jar=01;31:*.war=01;31:*.ear=01;31:*.sar=01;31:*.rar=01;31:*.alz=01;31:*.ace=01;31:*.zoo=01;31:*.cpio=01;31:*.7z=01;31:*.rz=01;31:*.cab=01;31:*.wim=01;31:*.swm=01;31:*.dwm=01;31:*.esd=01;31:*.avif=01;35:*.jpg=01;35:*.jpeg=01;35:*.mjpg=01;35:*.mjpeg=01;35:*.gif=01;35:*.bmp=01;35:*.pbm=01;35:*.pgm=01;35:*.ppm=01;35:*.tga=01;35:*.xbm=01;35:*.xpm=01;35:*.tif=01;35:*.tiff=01;35:*.png=01;35:*.svg=01;35:*.svgz=01;35:*.mng=01;35:*.pcx=01;35:*.mov=01;35:*.mpg=01;35:*.mpeg=01;35:*.m2v=01;35:*.mkv=01;35:*.webm=01;35:*.webp=01;35:*.ogm=01;35:*.mp4=01;35:*.m4v=01;35:*.mp4v=01;35:*.vob=01;35:*.qt=01;35:*.nuv=01;35:*.wmv=01;35:*.asf=01;35:*.rm=01;35:*.rmvb=01;35:*.flc=01;35:*.avi=01;35:*.fli=01;35:*.flv=01;35:*.gl=01;35:*.dl=01;35:*.xcf=01;35:*.xwd=01;35:*.yuv=01;35:*.cgm=01;35:*.emf=01;35:*.ogv=01;35:*.ogx=01;35:*.aac=00;36:*.au=00;36:*.flac=00;36:*.m4a=00;36:*.mid=00;36:*.midi=00;36:*.mka=00;36:*.mp3=00;36:*.mpc=00;36:*.ogg=00;36:*.ra=00;36:*.wav=00;36:*.oga=00;36:*.opus=00;36:*.spx=00;36:*.xspf=00;36:*~=00;90:*#=00;90:*.bak=00;90:*.crdownload=00;90:*.dpkg-dist=00;90:*.dpkg-new=00;90:*.dpkg-old=00;90:*.dpkg-tmp=00;90:*.old=00;90:*.orig=00;90:*.part=00;90:*.rej=00;90:*.rpmnew=00;90:*.rpmorig=00;90:*.rpmsave=00;90:*.swp=00;90:*.tmp=00;90:*.ucf-dist=00;90:*.ucf-new=00;90:*.ucf-old=00;90:', 'SSH_AUTH_SOCK': '/run/user/1000/keyring/ssh', 'AMENT_PREFIX_PATH': '/home/mouha/crazyflie/ros2_ws/install/micro_ros_setup:/home/mouha/crazyflie/ros2_ws/install/crazyflie_sim:/home/mouha/crazyflie/ros2_ws/install/crazyflie_server_py:/home/mouha/crazyflie/ros2_ws/install/crazyflie_examples:/home/mouha/crazyflie/ros2_ws/install/crazyflie_py:/home/mouha/crazyflie/ros2_ws/install/crazyflie:/home/mouha/crazyflie/ros2_ws/install/crazyflie_interfaces:/home/mouha/crazyflie/ros2_ws/install/crazyflie_description:/home/mouha/crazyflie/ros2_ws/install/cf_led_mission:/home/mouha/ros2_ws/install/my_py_pkg:/home/mouha/ros2_ws/install/my_cpp_pkg:/opt/ros/jazzy', 'SHELL': '/bin/bash', 'LC_NAME': 'en_GB.UTF-8', 'TERMINATOR_UUID': 'urn:uuid:7c048b6f-977f-4836-932f-4a361a17132b', 'QT_ACCESSIBILITY': '1', 'GDMSESSION': 'ubuntu', 'LESSCLOSE': '/usr/bin/lesspipe %s %s', 'LC_MEASUREMENT': 'en_GB.UTF-8', 'GJS_DEBUG_OUTPUT': 'stderr', 'LC_IDENTIFICATION': 'en_GB.UTF-8', 'ROS_AUTOMATIC_DISCOVERY_RANGE': 'SUBNET', 'QT_IM_MODULE': 'ibus', 'PWD': '/home/mouha/crazyflie/ros2_ws/build/micro_ros_msgs', 'LC_ALL': 'en_US.UTF-8', 'XDG_CONFIG_DIRS': '/etc/xdg/xdg-ubuntu:/etc/xdg', 'XDG_DATA_DIRS': '/usr/share/ubuntu:/usr/share/gnome:/usr/local/share/:/usr/share/:/var/lib/snapd/desktop', 'QTWEBENGINE_DICTIONARIES_PATH': '/usr/share/hunspell-bdic/', 'PYTHONPATH': '/home/mouha/ros2_ws/build/my_py_pkg:/home/mouha/crazyflie/ros2_ws/install/crazyflie_sim/lib/python3.12/site-packages:/home/mouha/crazyflie/ros2_ws/build/crazyflie_server_py:/home/mouha/crazyflie/ros2_ws/install/crazyflie_server_py/lib/python3.12/site-packages:/home/mouha/crazyflie/ros2_ws/install/crazyflie_examples/lib/python3.12/site-packages:/home/mouha/crazyflie/ros2_ws/build/crazyflie_py:/home/mouha/crazyflie/ros2_ws/install/crazyflie_py/lib/python3.12/site-packages:/home/mouha/crazyflie/ros2_ws/install/crazyflie_interfaces/lib/python3.12/site-packages:/home/mouha/crazyflie/ros2_ws/build/cf_led_mission:/home/mouha/crazyflie/ros2_ws/install/cf_led_mission/lib/python3.12/site-packages:/home/mouha/ros2_ws/install/my_py_pkg/lib/python3.12/site-packages:/opt/ros/jazzy/lib/python3.12/site-packages', 'LC_NUMERIC': 'en_GB.UTF-8', 'LC_PAPER': 'en_GB.UTF-8', 'COLCON': '1', 'MEMORY_PRESSURE_WRITE': 'c29tZSAyMDAwMDAgMjAwMDAwMAA=', 'VTE_VERSION': '7600', 'CMAKE_PREFIX_PATH': '/home/mouha/crazyflie/ros2_ws/install/micro_ros_setup:/home/mouha/crazyflie/ros2_ws/install/crazyflie_sim:/home/mouha/crazyflie/ros2_ws/install/crazyflie_examples:/home/mouha/crazyflie/ros2_ws/install/crazyflie:/home/mouha/crazyflie/ros2_ws/install/crazyflie_interfaces:/home/mouha/crazyflie/ros2_ws/install/crazyflie_description:/home/mouha/ros2_ws/install/my_cpp_pkg:/opt/ros/jazzy/opt/gz_sim_vendor:/opt/ros/jazzy/opt/gz_sensors_vendor:/opt/ros/jazzy/opt/gz_physics_vendor:/opt/ros/jazzy/opt/sdformat_vendor:/opt/ros/jazzy/opt/gz_gui_vendor:/opt/ros/jazzy/opt/gz_transport_vendor:/opt/ros/jazzy/opt/gz_rendering_vendor:/opt/ros/jazzy/opt/gz_plugin_vendor:/opt/ros/jazzy/opt/gz_fuel_tools_vendor:/opt/ros/jazzy/opt/gz_msgs_vendor:/opt/ros/jazzy/opt/gz_common_vendor:/opt/ros/jazzy/opt/gz_math_vendor:/opt/ros/jazzy/opt/gz_utils_vendor:/opt/ros/jazzy/opt/gz_tools_vendor:/opt/ros/jazzy/opt/gz_ogre_next_vendor:/opt/ros/jazzy/opt/gz_dartsim_vendor:/opt/ros/jazzy/opt/gz_cmake_vendor:/home/mouha/crazyflie/ros2_ws/install/crazyflie_server_py:/home/mouha/crazyflie/ros2_ws/install/crazyflie_py:/home/mouha/crazyflie/ros2_ws/install/cf_led_mission:/home/mouha/ros2_ws/install/my_py_pkg:/opt/ros/jazzy'}), 'shell': False}
[2.303377] (-) TimerEvent: {}
[2.334907] (micro_ros_msgs) StdoutLine: {'line': b'[  3%] \x1b[34m\x1b[1mGenerating type hashes for ROS interfaces\x1b[0m\n'}
[2.335377] (micro_ros_msgs) StdoutLine: {'line': b'[  3%] \x1b[34m\x1b[1mGenerating Rust code for ROS interfaces\x1b[0m\n'}
[2.341714] (micro_ros_msgs) StdoutLine: {'line': b'[  3%] Built target ament_cmake_python_copy_micro_ros_msgs\n'}
[2.403474] (-) TimerEvent: {}
[2.503705] (-) TimerEvent: {}
[2.533591] (micro_ros_msgs) StdoutLine: {'line': b'running egg_info\n'}
[2.534426] (micro_ros_msgs) StdoutLine: {'line': b'creating micro_ros_msgs.egg-info\n'}
[2.540581] (micro_ros_msgs) StdoutLine: {'line': b'[  3%] Built target micro_ros_msgs__rosidl_generator_type_description\n'}
[2.549860] (micro_ros_msgs) StdoutLine: {'line': b'[  5%] \x1b[34m\x1b[1mGenerating C code for ROS interfaces\x1b[0m\n'}
[2.554706] (micro_ros_msgs) StdoutLine: {'line': b'[  5%] Built target micro_ros_msgs__rs\n'}
[2.555101] (micro_ros_msgs) StdoutLine: {'line': b'writing micro_ros_msgs.egg-info/PKG-INFO\n'}
[2.555342] (micro_ros_msgs) StdoutLine: {'line': b'writing dependency_links to micro_ros_msgs.egg-info/dependency_links.txt\n'}
[2.555489] (micro_ros_msgs) StdoutLine: {'line': b'writing top-level names to micro_ros_msgs.egg-info/top_level.txt\n'}
[2.555623] (micro_ros_msgs) StdoutLine: {'line': b"writing manifest file 'micro_ros_msgs.egg-info/SOURCES.txt'\n"}
[2.559081] (micro_ros_msgs) StdoutLine: {'line': b'[  7%] \x1b[34m\x1b[1mGenerating C++ code for ROS interfaces\x1b[0m\n'}
[2.603787] (-) TimerEvent: {}
[2.623765] (micro_ros_msgs) StdoutLine: {'line': b"reading manifest file 'micro_ros_msgs.egg-info/SOURCES.txt'\n"}
[2.624230] (micro_ros_msgs) StdoutLine: {'line': b"writing manifest file 'micro_ros_msgs.egg-info/SOURCES.txt'\n"}
[2.648724] (micro_ros_msgs) StdoutLine: {'line': b'[  7%] Built target ament_cmake_python_build_micro_ros_msgs_egg\n'}
[2.703874] (-) TimerEvent: {}
[2.804108] (-) TimerEvent: {}
[2.835989] (micro_ros_msgs) StdoutLine: {'line': b'[  7%] Built target micro_ros_msgs__cpp\n'}
[2.876523] (micro_ros_msgs) StdoutLine: {'line': b'[ 12%] \x1b[32mBuilding C object CMakeFiles/micro_ros_msgs__rosidl_generator_c.dir/rosidl_generator_c/micro_ros_msgs/msg/detail/node__functions.c.o\x1b[0m\n'}
[2.876763] (micro_ros_msgs) StdoutLine: {'line': b'[ 12%] \x1b[32mBuilding C object CMakeFiles/micro_ros_msgs__rosidl_generator_c.dir/rosidl_generator_c/micro_ros_msgs/msg/detail/entity__functions.c.o\x1b[0m\n'}
[2.876855] (micro_ros_msgs) StdoutLine: {'line': b'[ 12%] \x1b[32mBuilding C object CMakeFiles/micro_ros_msgs__rosidl_generator_c.dir/rosidl_generator_c/micro_ros_msgs/msg/detail/graph__functions.c.o\x1b[0m\n'}
[2.877361] (micro_ros_msgs) StdoutLine: {'line': b'[ 14%] \x1b[32mBuilding C object CMakeFiles/micro_ros_msgs__rosidl_generator_c.dir/rosidl_generator_c/micro_ros_msgs/msg/detail/graph__description.c.o\x1b[0m\n'}
[2.877539] (micro_ros_msgs) StdoutLine: {'line': b'[ 16%] \x1b[32mBuilding C object CMakeFiles/micro_ros_msgs__rosidl_generator_c.dir/rosidl_generator_c/micro_ros_msgs/msg/detail/graph__type_support.c.o\x1b[0m\n'}
[2.877793] (micro_ros_msgs) StdoutLine: {'line': b'[ 18%] \x1b[32mBuilding C object CMakeFiles/micro_ros_msgs__rosidl_generator_c.dir/rosidl_generator_c/micro_ros_msgs/msg/detail/node__description.c.o\x1b[0m\n'}
[2.877963] (micro_ros_msgs) StdoutLine: {'line': b'[ 21%] \x1b[32mBuilding C object CMakeFiles/micro_ros_msgs__rosidl_generator_c.dir/rosidl_generator_c/micro_ros_msgs/msg/detail/node__type_support.c.o\x1b[0m\n'}
[2.878129] (micro_ros_msgs) StdoutLine: {'line': b'[ 21%] \x1b[32mBuilding C object CMakeFiles/micro_ros_msgs__rosidl_generator_c.dir/rosidl_generator_c/micro_ros_msgs/msg/detail/entity__description.c.o\x1b[0m\n'}
[2.878409] (micro_ros_msgs) StdoutLine: {'line': b'[ 23%] \x1b[32mBuilding C object CMakeFiles/micro_ros_msgs__rosidl_generator_c.dir/rosidl_generator_c/micro_ros_msgs/msg/detail/entity__type_support.c.o\x1b[0m\n'}
[2.904224] (-) TimerEvent: {}
[2.917439] (micro_ros_msgs) StdoutLine: {'line': b'[ 25%] \x1b[32m\x1b[1mLinking C shared library libmicro_ros_msgs__rosidl_generator_c.so\x1b[0m\n'}
[2.943829] (micro_ros_msgs) StdoutLine: {'line': b'[ 25%] Built target micro_ros_msgs__rosidl_generator_c\n'}
[2.951074] (micro_ros_msgs) StdoutLine: {'line': b'[ 36%] \x1b[34m\x1b[1mGenerating C introspection for ROS interfaces\x1b[0m\n'}
[2.951291] (micro_ros_msgs) StdoutLine: {'line': b'[ 36%] \x1b[34m\x1b[1mGenerating C++ type support for eProsima Fast-RTPS\x1b[0m\n'}
[2.951379] (micro_ros_msgs) StdoutLine: {'line': b'[ 36%] \x1b[34m\x1b[1mGenerating C type support for eProsima Fast-RTPS\x1b[0m\n'}
[2.951459] (micro_ros_msgs) StdoutLine: {'line': b'[ 36%] \x1b[34m\x1b[1mGenerating C++ introspection for ROS interfaces\x1b[0m\n'}
[2.951543] (micro_ros_msgs) StdoutLine: {'line': b'[ 36%] \x1b[34m\x1b[1mGenerating C++ type support dispatch for ROS interfaces\x1b[0m\n'}
[2.951620] (micro_ros_msgs) StdoutLine: {'line': b'[ 36%] \x1b[34m\x1b[1mGenerating C type support dispatch for ROS interfaces\x1b[0m\n'}
[3.004326] (-) TimerEvent: {}
[3.104593] (-) TimerEvent: {}
[3.188058] (micro_ros_msgs) StdoutLine: {'line': b'[ 41%] \x1b[32mBuilding CXX object CMakeFiles/micro_ros_msgs__rosidl_typesupport_cpp.dir/rosidl_typesupport_cpp/micro_ros_msgs/msg/entity__type_support.cpp.o\x1b[0m\n'}
[3.188335] (micro_ros_msgs) StdoutLine: {'line': b'[ 41%] \x1b[32mBuilding CXX object CMakeFiles/micro_ros_msgs__rosidl_typesupport_cpp.dir/rosidl_typesupport_cpp/micro_ros_msgs/msg/graph__type_support.cpp.o\x1b[0m\n'}
[3.188458] (micro_ros_msgs) StdoutLine: {'line': b'[ 41%] \x1b[32mBuilding CXX object CMakeFiles/micro_ros_msgs__rosidl_typesupport_cpp.dir/rosidl_typesupport_cpp/micro_ros_msgs/msg/node__type_support.cpp.o\x1b[0m\n'}
[3.195512] (micro_ros_msgs) StdoutLine: {'line': b'[ 47%] \x1b[32mBuilding CXX object CMakeFiles/micro_ros_msgs__rosidl_typesupport_c.dir/rosidl_typesupport_c/micro_ros_msgs/msg/graph__type_support.cpp.o\x1b[0m\n'}
[3.195786] (micro_ros_msgs) StdoutLine: {'line': b'[ 47%] \x1b[32mBuilding CXX object CMakeFiles/micro_ros_msgs__rosidl_typesupport_c.dir/rosidl_typesupport_c/micro_ros_msgs/msg/entity__type_support.cpp.o\x1b[0m\n'}
[3.195877] (micro_ros_msgs) StdoutLine: {'line': b'[ 47%] \x1b[32mBuilding CXX object CMakeFiles/micro_ros_msgs__rosidl_typesupport_c.dir/rosidl_typesupport_c/micro_ros_msgs/msg/node__type_support.cpp.o\x1b[0m\n'}
[3.205627] (-) TimerEvent: {}
[3.241699] (micro_ros_msgs) StdoutLine: {'line': b'[ 49%] \x1b[32mBuilding C object CMakeFiles/micro_ros_msgs__rosidl_typesupport_introspection_c.dir/rosidl_typesupport_introspection_c/micro_ros_msgs/msg/detail/entity__type_support.c.o\x1b[0m\n'}
[3.241969] (micro_ros_msgs) StdoutLine: {'line': b'[ 50%] \x1b[32mBuilding C object CMakeFiles/micro_ros_msgs__rosidl_typesupport_introspection_c.dir/rosidl_typesupport_introspection_c/micro_ros_msgs/msg/detail/graph__type_support.c.o\x1b[0m\n'}
[3.242078] (micro_ros_msgs) StdoutLine: {'line': b'[ 52%] \x1b[32mBuilding C object CMakeFiles/micro_ros_msgs__rosidl_typesupport_introspection_c.dir/rosidl_typesupport_introspection_c/micro_ros_msgs/msg/detail/node__type_support.c.o\x1b[0m\n'}
[3.248359] (micro_ros_msgs) StdoutLine: {'line': b'[ 54%] \x1b[32m\x1b[1mLinking CXX shared library libmicro_ros_msgs__rosidl_typesupport_c.so\x1b[0m\n'}
[3.250500] (micro_ros_msgs) StdoutLine: {'line': b'[ 56%] \x1b[32mBuilding CXX object CMakeFiles/micro_ros_msgs__rosidl_typesupport_introspection_cpp.dir/rosidl_typesupport_introspection_cpp/micro_ros_msgs/msg/detail/graph__type_support.cpp.o\x1b[0m\n'}
[3.251354] (micro_ros_msgs) StdoutLine: {'line': b'[ 58%] \x1b[32mBuilding CXX object CMakeFiles/micro_ros_msgs__rosidl_typesupport_introspection_cpp.dir/rosidl_typesupport_introspection_cpp/micro_ros_msgs/msg/detail/node__type_support.cpp.o\x1b[0m\n'}
[3.264248] (micro_ros_msgs) StdoutLine: {'line': b'[ 60%] \x1b[32mBuilding CXX object CMakeFiles/micro_ros_msgs__rosidl_typesupport_introspection_cpp.dir/rosidl_typesupport_introspection_cpp/micro_ros_msgs/msg/detail/entity__type_support.cpp.o\x1b[0m\n'}
[3.293065] (micro_ros_msgs) StdoutLine: {'line': b'[ 61%] \x1b[32m\x1b[1mLinking C shared library libmicro_ros_msgs__rosidl_typesupport_introspection_c.so\x1b[0m\n'}
[3.305627] (micro_ros_msgs) StdoutLine: {'line': b'[ 61%] Built target micro_ros_msgs__rosidl_typesupport_c\n'}
[3.305896] (-) TimerEvent: {}
[3.332109] (micro_ros_msgs) StdoutLine: {'line': b'[ 65%] \x1b[32mBuilding CXX object CMakeFiles/micro_ros_msgs__rosidl_typesupport_fastrtps_cpp.dir/rosidl_typesupport_fastrtps_cpp/micro_ros_msgs/msg/detail/dds_fastrtps/graph__type_support.cpp.o\x1b[0m\n'}
[3.332422] (micro_ros_msgs) StdoutLine: {'line': b'[ 65%] \x1b[32mBuilding CXX object CMakeFiles/micro_ros_msgs__rosidl_typesupport_fastrtps_cpp.dir/rosidl_typesupport_fastrtps_cpp/micro_ros_msgs/msg/detail/dds_fastrtps/node__type_support.cpp.o\x1b[0m\n'}
[3.339107] (micro_ros_msgs) StdoutLine: {'line': b'[ 67%] \x1b[32mBuilding CXX object CMakeFiles/micro_ros_msgs__rosidl_typesupport_fastrtps_cpp.dir/rosidl_typesupport_fastrtps_cpp/micro_ros_msgs/msg/detail/dds_fastrtps/entity__type_support.cpp.o\x1b[0m\n'}
[3.342298] (micro_ros_msgs) StdoutLine: {'line': b'[ 69%] \x1b[32mBuilding CXX object CMakeFiles/micro_ros_msgs__rosidl_typesupport_fastrtps_c.dir/rosidl_typesupport_fastrtps_c/micro_ros_msgs/msg/detail/node__type_support_c.cpp.o\x1b[0m\n'}
[3.344693] (micro_ros_msgs) StdoutLine: {'line': b'[ 70%] \x1b[32mBuilding CXX object CMakeFiles/micro_ros_msgs__rosidl_typesupport_fastrtps_c.dir/rosidl_typesupport_fastrtps_c/micro_ros_msgs/msg/detail/graph__type_support_c.cpp.o\x1b[0m\n'}
[3.356705] (micro_ros_msgs) StdoutLine: {'line': b'[ 70%] Built target micro_ros_msgs__rosidl_typesupport_introspection_c\n'}
[3.375650] (micro_ros_msgs) StdoutLine: {'line': b'[ 72%] \x1b[32mBuilding CXX object CMakeFiles/micro_ros_msgs__rosidl_typesupport_fastrtps_c.dir/rosidl_typesupport_fastrtps_c/micro_ros_msgs/msg/detail/entity__type_support_c.cpp.o\x1b[0m\n'}
[3.406029] (-) TimerEvent: {}
[3.508911] (-) TimerEvent: {}
[3.577769] (micro_ros_msgs) StdoutLine: {'line': b'[ 74%] \x1b[32m\x1b[1mLinking CXX shared library libmicro_ros_msgs__rosidl_typesupport_cpp.so\x1b[0m\n'}
[3.609611] (-) TimerEvent: {}
[3.625692] (micro_ros_msgs) StdoutLine: {'line': b'[ 74%] Built target micro_ros_msgs__rosidl_typesupport_cpp\n'}
[3.709734] (-) TimerEvent: {}
[3.796735] (micro_ros_msgs) StdoutLine: {'line': b'[ 76%] \x1b[32m\x1b[1mLinking CXX shared library libmicro_ros_msgs__rosidl_typesupport_introspection_cpp.so\x1b[0m\n'}
[3.809841] (-) TimerEvent: {}
[3.858926] (micro_ros_msgs) StdoutLine: {'line': b'[ 78%] \x1b[32m\x1b[1mLinking CXX shared library libmicro_ros_msgs__rosidl_typesupport_fastrtps_cpp.so\x1b[0m\n'}
[3.860113] (micro_ros_msgs) StdoutLine: {'line': b'[ 78%] Built target micro_ros_msgs__rosidl_typesupport_introspection_cpp\n'}
[3.909949] (-) TimerEvent: {}
[3.914852] (micro_ros_msgs) StdoutLine: {'line': b'[ 78%] Built target micro_ros_msgs__rosidl_typesupport_fastrtps_cpp\n'}
[3.941269] (micro_ros_msgs) StdoutLine: {'line': b'[ 80%] \x1b[32m\x1b[1mLinking CXX shared library libmicro_ros_msgs__rosidl_typesupport_fastrtps_c.so\x1b[0m\n'}
[3.993593] (micro_ros_msgs) StdoutLine: {'line': b'[ 80%] Built target micro_ros_msgs__rosidl_typesupport_fastrtps_c\n'}
[4.007869] (micro_ros_msgs) StdoutLine: {'line': b'[ 80%] Built target micro_ros_msgs\n'}
[4.010021] (-) TimerEvent: {}
[4.023802] (micro_ros_msgs) StdoutLine: {'line': b'[ 81%] \x1b[34m\x1b[1mGenerating Python code for ROS interfaces\x1b[0m\n'}
[4.110131] (-) TimerEvent: {}
[4.210355] (-) TimerEvent: {}
[4.310559] (-) TimerEvent: {}
[4.342902] (micro_ros_msgs) StdoutLine: {'line': b'[ 81%] Built target micro_ros_msgs__py\n'}
[4.359015] (micro_ros_msgs) StdoutLine: {'line': b'[ 87%] \x1b[32mBuilding C object CMakeFiles/micro_ros_msgs__rosidl_generator_py.dir/rosidl_generator_py/micro_ros_msgs/msg/_entity_s.c.o\x1b[0m\n'}
[4.359203] (micro_ros_msgs) StdoutLine: {'line': b'[ 87%] \x1b[32mBuilding C object CMakeFiles/micro_ros_msgs__rosidl_generator_py.dir/rosidl_generator_py/micro_ros_msgs/msg/_graph_s.c.o\x1b[0m\n'}
[4.359285] (micro_ros_msgs) StdoutLine: {'line': b'[ 87%] \x1b[32mBuilding C object CMakeFiles/micro_ros_msgs__rosidl_generator_py.dir/rosidl_generator_py/micro_ros_msgs/msg/_node_s.c.o\x1b[0m\n'}
[4.410670] (-) TimerEvent: {}
[4.453736] (micro_ros_msgs) StdoutLine: {'line': b'[ 89%] \x1b[32m\x1b[1mLinking C shared library libmicro_ros_msgs__rosidl_generator_py.so\x1b[0m\n'}
[4.484556] (micro_ros_msgs) StdoutLine: {'line': b'[ 89%] Built target micro_ros_msgs__rosidl_generator_py\n'}
[4.501129] (micro_ros_msgs) StdoutLine: {'line': b'[ 94%] \x1b[32mBuilding C object CMakeFiles/micro_ros_msgs_s__rosidl_typesupport_fastrtps_c.dir/rosidl_generator_py/micro_ros_msgs/_micro_ros_msgs_s.ep.rosidl_typesupport_fastrtps_c.c.o\x1b[0m\n'}
[4.501349] (micro_ros_msgs) StdoutLine: {'line': b'[ 94%] \x1b[32mBuilding C object CMakeFiles/micro_ros_msgs_s__rosidl_typesupport_c.dir/rosidl_generator_py/micro_ros_msgs/_micro_ros_msgs_s.ep.rosidl_typesupport_c.c.o\x1b[0m\n'}
[4.501620] (micro_ros_msgs) StdoutLine: {'line': b'[ 94%] \x1b[32mBuilding C object CMakeFiles/micro_ros_msgs_s__rosidl_typesupport_introspection_c.dir/rosidl_generator_py/micro_ros_msgs/_micro_ros_msgs_s.ep.rosidl_typesupport_introspection_c.c.o\x1b[0m\n'}
[4.510766] (-) TimerEvent: {}
[4.574397] (micro_ros_msgs) StdoutLine: {'line': b'[ 96%] \x1b[32m\x1b[1mLinking C shared module rosidl_generator_py/micro_ros_msgs/micro_ros_msgs_s__rosidl_typesupport_introspection_c.so\x1b[0m\n'}
[4.575689] (micro_ros_msgs) StdoutLine: {'line': b'[100%] \x1b[32m\x1b[1mLinking C shared module rosidl_generator_py/micro_ros_msgs/micro_ros_msgs_s__rosidl_typesupport_fastrtps_c.so\x1b[0m\n'}
[4.575839] (micro_ros_msgs) StdoutLine: {'line': b'[100%] \x1b[32m\x1b[1mLinking C shared module rosidl_generator_py/micro_ros_msgs/micro_ros_msgs_s__rosidl_typesupport_c.so\x1b[0m\n'}
[4.597049] (micro_ros_msgs) StdoutLine: {'line': b'[100%] Built target micro_ros_msgs_s__rosidl_typesupport_fastrtps_c\n'}
[4.597236] (micro_ros_msgs) StdoutLine: {'line': b'[100%] Built target micro_ros_msgs_s__rosidl_typesupport_introspection_c\n'}
[4.597297] (micro_ros_msgs) StdoutLine: {'line': b'[100%] Built target micro_ros_msgs_s__rosidl_typesupport_c\n'}
[4.606157] (micro_ros_msgs) CommandEnded: {'returncode': 0}
[4.606680] (micro_ros_msgs) JobProgress: {'identifier': 'micro_ros_msgs', 'progress': 'install'}
[4.610825] (-) TimerEvent: {}
[4.613358] (micro_ros_msgs) Command: {'cmd': ['/usr/bin/cmake', '--install', '/home/mouha/crazyflie/ros2_ws/build/micro_ros_msgs'], 'cwd': '/home/mouha/crazyflie/ros2_ws/build/micro_ros_msgs', 'env': OrderedDict({'GJS_DEBUG_TOPICS': 'JS ERROR;JS LOG', 'XDG_ACTIVATION_TOKEN': 'gnome-shell/Terminator/2522-1-mouha-TUF_TIME1250468', 'LESSOPEN': '| /usr/bin/lesspipe %s', 'GZ_SIM_RESOURCE_PATH': '/opt/ros/jazzy/share', 'LANGUAGE': 'en_GB:en', 'USER': 'mouha', 'LC_TIME': 'en_GB.UTF-8', 'GZ_CONFIG_PATH': '/opt/ros/jazzy/opt/gz_sim_vendor/share/gz:/opt/ros/jazzy/opt/sdformat_vendor/share/gz:/opt/ros/jazzy/opt/gz_gui_vendor/share/gz:/opt/ros/jazzy/opt/gz_transport_vendor/share/gz:/opt/ros/jazzy/opt/gz_rendering_vendor/share/gz:/opt/ros/jazzy/opt/gz_plugin_vendor/share/gz:/opt/ros/jazzy/opt/gz_fuel_tools_vendor/share/gz:/opt/ros/jazzy/opt/gz_msgs_vendor/share/gz:/opt/ros/jazzy/opt/gz_common_vendor/share/gz', 'XDG_SESSION_TYPE': 'wayland', 'STM32CubeMX_PATH': '/home/mouha/STM32CubeMX', 'CLUTTER_DISABLE_MIPMAPPED_TEXT': '1', 'SHLVL': '2', 'LD_LIBRARY_PATH': '/home/mouha/crazyflie/ros2_ws/install/crazyflie_interfaces/lib:/opt/ros/jazzy/opt/gz_sim_vendor/lib:/opt/ros/jazzy/opt/gz_sensors_vendor/lib:/opt/ros/jazzy/opt/gz_physics_vendor/lib:/opt/ros/jazzy/opt/sdformat_vendor/lib:/opt/ros/jazzy/opt/rviz_ogre_vendor/lib:/opt/ros/jazzy/lib/x86_64-linux-gnu:/opt/ros/jazzy/opt/gz_gui_vendor/lib:/opt/ros/jazzy/opt/gz_transport_vendor/lib:/opt/ros/jazzy/opt/gz_rendering_vendor/lib:/opt/ros/jazzy/opt/gz_plugin_vendor/lib:/opt/ros/jazzy/opt/gz_fuel_tools_vendor/lib:/opt/ros/jazzy/opt/gz_msgs_vendor/lib:/opt/ros/jazzy/opt/gz_common_vendor/lib:/opt/ros/jazzy/opt/gz_math_vendor/lib:/opt/ros/jazzy/opt/gz_utils_vendor/lib:/opt/ros/jazzy/opt/gz_tools_vendor/lib:/opt/ros/jazzy/opt/gz_ogre_next_vendor/lib:/opt/ros/jazzy/opt/gz_dartsim_vendor/lib:/opt/ros/jazzy/opt/gz_cmake_vendor/lib:/opt/ros/jazzy/lib', 'HOME': '/home/mouha', 'OLDPWD': '/home/mouha/crazyflie/ros2_ws/src', 'DESKTOP_SESSION': 'ubuntu', 'GIO_LAUNCHED_DESKTOP_FILE': '/usr/share/applications/terminator.desktop', 'ROS_PYTHON_VERSION': '3', 'GNOME_SHELL_SESSION_MODE': 'ubuntu', 'GTK_MODULES': 'gail:atk-bridge', 'LC_MONETARY': 'en_GB.UTF-8', 'MANAGERPID': '2224', 'SYSTEMD_EXEC_PID': '2522', 'GSM_SKIP_SSH_AGENT_WORKAROUND': 'true', 'DBUS_SESSION_BUS_ADDRESS': 'unix:path=/run/user/1000/bus', 'COLORTERM': 'truecolor', 'TERMINATOR_DBUS_NAME': 'net.tenshu.Terminator25ef4b219e3b005583550f2b0f9f990c3', 'GIO_LAUNCHED_DESKTOP_FILE_PID': '16393', 'DEBUGINFOD_URLS': 'https://debuginfod.ubuntu.com', 'IM_CONFIG_PHASE': '1', 'WAYLAND_DISPLAY': 'wayland-0', 'COLCON_PREFIX_PATH': '/home/mouha/crazyflie/ros2_ws/install:/home/mouha/ros2_ws/install', 'ROS_DISTRO': 'jazzy', 'LOGNAME': 'mouha', 'JOURNAL_STREAM': '10:26710', '_': '/usr/bin/colcon', 'ROS_VERSION': '2', 'MEMORY_PRESSURE_WATCH': '/sys/fs/cgroup/user.slice/user-1000.slice/user@1000.service/session.slice/org.gnome.Shell@wayland.service/memory.pressure', 'XDG_SESSION_CLASS': 'user', 'USERNAME': 'mouha', 'TERM': 'xterm-256color', 'GNOME_DESKTOP_SESSION_ID': 'this-is-deprecated', 'PATH': '/opt/ros/jazzy/opt/gz_msgs_vendor/bin:/opt/ros/jazzy/opt/gz_tools_vendor/bin:/opt/ros/jazzy/opt/gz_ogre_next_vendor/bin:/opt/ros/jazzy/bin:/home/mouha/.local/bin:/usr/local/sbin:/usr/local/bin:/usr/sbin:/usr/bin:/sbin:/bin:/usr/games:/usr/local/games:/snap/bin:/snap/bin', 'SESSION_MANAGER': 'local/mouha-TUF:@/tmp/.ICE-unix/2462,unix/mouha-TUF:/tmp/.ICE-unix/2462', 'INVOCATION_ID': 'd766796c67a3427d8e46b6b593769ef7', 'PAPERSIZE': 'a4', 'XDG_MENU_PREFIX': 'gnome-', 'LC_ADDRESS': 'en_GB.UTF-8', 'GNOME_SETUP_DISPLAY': ':1', 'XDG_RUNTIME_DIR': '/run/user/1000', 'DISPLAY': ':0', 'TERMINATOR_DBUS_PATH': '/net/tenshu/Terminator2', 'LANG': 'en_GB.UTF-8', 'XDG_CURRENT_DESKTOP': 'ubuntu:GNOME', 'LC_TELEPHONE': 'en_GB.UTF-8', 'XMODIFIERS': '@im=ibus', 'XDG_SESSION_DESKTOP': 'ubuntu', 'XAUTHORITY': '/run/user/1000/.mutter-Xwaylandauth.SFWAT3', 'LS_COLORS': 'rs=0:di=01;34:ln=01;36:mh=00:pi=40;33:so=01;35:do=01;35:bd=40;33;01:cd=40;33;01:or=40;31;01:mi=00:su=37;41:sg=30;43:ca=00:tw=30;42:ow=34;42:st=37;44:ex=01;32:*.tar=01;31:*.tgz=01;31:*.arc=01;31:*.arj=01;31:*.taz=01;31:*.lha=01;31:*.lz4=01;31:*.lzh=01;31:*.lzma=01;31:*.tlz=01;31:*.txz=01;31:*.tzo=01;31:*.t7z=01;31:*.zip=01;31:*.z=01;31:*.dz=01;31:*.gz=01;31:*.lrz=01;31:*.lz=01;31:*.lzo=01;31:*.xz=01;31:*.zst=01;31:*.tzst=01;31:*.bz2=01;31:*.bz=01;31:*.tbz=01;31:*.tbz2=01;31:*.tz=01;31:*.deb=01;31:*.rpm=01;31:*.jar=01;31:*.war=01;31:*.ear=01;31:*.sar=01;31:*.rar=01;31:*.alz=01;31:*.ace=01;31:*.zoo=01;31:*.cpio=01;31:*.7z=01;31:*.rz=01;31:*.cab=01;31:*.wim=01;31:*.swm=01;31:*.dwm=01;31:*.esd=01;31:*.avif=01;35:*.jpg=01;35:*.jpeg=01;35:*.mjpg=01;35:*.mjpeg=01;35:*.gif=01;35:*.bmp=01;35:*.pbm=01;35:*.pgm=01;35:*.ppm=01;35:*.tga=01;35:*.xbm=01;35:*.xpm=01;35:*.tif=01;35:*.tiff=01;35:*.png=01;35:*.svg=01;35:*.svgz=01;35:*.mng=01;35:*.pcx=01;35:*.mov=01;35:*.mpg=01;35:*.mpeg=01;35:*.m2v=01;35:*.mkv=01;35:*.webm=01;35:*.webp=01;35:*.ogm=01;35:*.mp4=01;35:*.m4v=01;35:*.mp4v=01;35:*.vob=01;35:*.qt=01;35:*.nuv=01;35:*.wmv=01;35:*.asf=01;35:*.rm=01;35:*.rmvb=01;35:*.flc=01;35:*.avi=01;35:*.fli=01;35:*.flv=01;35:*.gl=01;35:*.dl=01;35:*.xcf=01;35:*.xwd=01;35:*.yuv=01;35:*.cgm=01;35:*.emf=01;35:*.ogv=01;35:*.ogx=01;35:*.aac=00;36:*.au=00;36:*.flac=00;36:*.m4a=00;36:*.mid=00;36:*.midi=00;36:*.mka=00;36:*.mp3=00;36:*.mpc=00;36:*.ogg=00;36:*.ra=00;36:*.wav=00;36:*.oga=00;36:*.opus=00;36:*.spx=00;36:*.xspf=00;36:*~=00;90:*#=00;90:*.bak=00;90:*.crdownload=00;90:*.dpkg-dist=00;90:*.dpkg-new=00;90:*.dpkg-old=00;90:*.dpkg-tmp=00;90:*.old=00;90:*.orig=00;90:*.part=00;90:*.rej=00;90:*.rpmnew=00;90:*.rpmorig=00;90:*.rpmsave=00;90:*.swp=00;90:*.tmp=00;90:*.ucf-dist=00;90:*.ucf-new=00;90:*.ucf-old=00;90:', 'SSH_AUTH_SOCK': '/run/user/1000/keyring/ssh', 'AMENT_PREFIX_PATH': '/home/mouha/crazyflie/ros2_ws/install/micro_ros_setup:/home/mouha/crazyflie/ros2_ws/install/crazyflie_sim:/home/mouha/crazyflie/ros2_ws/install/crazyflie_server_py:/home/mouha/crazyflie/ros2_ws/install/crazyflie_examples:/home/mouha/crazyflie/ros2_ws/install/crazyflie_py:/home/mouha/crazyflie/ros2_ws/install/crazyflie:/home/mouha/crazyflie/ros2_ws/install/crazyflie_interfaces:/home/mouha/crazyflie/ros2_ws/install/crazyflie_description:/home/mouha/crazyflie/ros2_ws/install/cf_led_mission:/home/mouha/ros2_ws/install/my_py_pkg:/home/mouha/ros2_ws/install/my_cpp_pkg:/opt/ros/jazzy', 'SHELL': '/bin/bash', 'LC_NAME': 'en_GB.UTF-8', 'TERMINATOR_UUID': 'urn:uuid:7c048b6f-977f-4836-932f-4a361a17132b', 'QT_ACCESSIBILITY': '1', 'GDMSESSION': 'ubuntu', 'LESSCLOSE': '/usr/bin/lesspipe %s %s', 'LC_MEASUREMENT': 'en_GB.UTF-8', 'GJS_DEBUG_OUTPUT': 'stderr', 'LC_IDENTIFICATION': 'en_GB.UTF-8', 'ROS_AUTOMATIC_DISCOVERY_RANGE': 'SUBNET', 'QT_IM_MODULE': 'ibus', 'PWD': '/home/mouha/crazyflie/ros2_ws/build/micro_ros_msgs', 'LC_ALL': 'en_US.UTF-8', 'XDG_CONFIG_DIRS': '/etc/xdg/xdg-ubuntu:/etc/xdg', 'XDG_DATA_DIRS': '/usr/share/ubuntu:/usr/share/gnome:/usr/local/share/:/usr/share/:/var/lib/snapd/desktop', 'QTWEBENGINE_DICTIONARIES_PATH': '/usr/share/hunspell-bdic/', 'PYTHONPATH': '/home/mouha/ros2_ws/build/my_py_pkg:/home/mouha/crazyflie/ros2_ws/install/crazyflie_sim/lib/python3.12/site-packages:/home/mouha/crazyflie/ros2_ws/build/crazyflie_server_py:/home/mouha/crazyflie/ros2_ws/install/crazyflie_server_py/lib/python3.12/site-packages:/home/mouha/crazyflie/ros2_ws/install/crazyflie_examples/lib/python3.12/site-packages:/home/mouha/crazyflie/ros2_ws/build/crazyflie_py:/home/mouha/crazyflie/ros2_ws/install/crazyflie_py/lib/python3.12/site-packages:/home/mouha/crazyflie/ros2_ws/install/crazyflie_interfaces/lib/python3.12/site-packages:/home/mouha/crazyflie/ros2_ws/build/cf_led_mission:/home/mouha/crazyflie/ros2_ws/install/cf_led_mission/lib/python3.12/site-packages:/home/mouha/ros2_ws/install/my_py_pkg/lib/python3.12/site-packages:/opt/ros/jazzy/lib/python3.12/site-packages', 'LC_NUMERIC': 'en_GB.UTF-8', 'LC_PAPER': 'en_GB.UTF-8', 'COLCON': '1', 'MEMORY_PRESSURE_WRITE': 'c29tZSAyMDAwMDAgMjAwMDAwMAA=', 'VTE_VERSION': '7600', 'CMAKE_PREFIX_PATH': '/home/mouha/crazyflie/ros2_ws/install/micro_ros_setup:/home/mouha/crazyflie/ros2_ws/install/crazyflie_sim:/home/mouha/crazyflie/ros2_ws/install/crazyflie_examples:/home/mouha/crazyflie/ros2_ws/install/crazyflie:/home/mouha/crazyflie/ros2_ws/install/crazyflie_interfaces:/home/mouha/crazyflie/ros2_ws/install/crazyflie_description:/home/mouha/ros2_ws/install/my_cpp_pkg:/opt/ros/jazzy/opt/gz_sim_vendor:/opt/ros/jazzy/opt/gz_sensors_vendor:/opt/ros/jazzy/opt/gz_physics_vendor:/opt/ros/jazzy/opt/sdformat_vendor:/opt/ros/jazzy/opt/gz_gui_vendor:/opt/ros/jazzy/opt/gz_transport_vendor:/opt/ros/jazzy/opt/gz_rendering_vendor:/opt/ros/jazzy/opt/gz_plugin_vendor:/opt/ros/jazzy/opt/gz_fuel_tools_vendor:/opt/ros/jazzy/opt/gz_msgs_vendor:/opt/ros/jazzy/opt/gz_common_vendor:/opt/ros/jazzy/opt/gz_math_vendor:/opt/ros/jazzy/opt/gz_utils_vendor:/opt/ros/jazzy/opt/gz_tools_vendor:/opt/ros/jazzy/opt/gz_ogre_next_vendor:/opt/ros/jazzy/opt/gz_dartsim_vendor:/opt/ros/jazzy/opt/gz_cmake_vendor:/home/mouha/crazyflie/ros2_ws/install/crazyflie_server_py:/home/mouha/crazyflie/ros2_ws/install/crazyflie_py:/home/mouha/crazyflie/ros2_ws/install/cf_led_mission:/home/mouha/ros2_ws/install/my_py_pkg:/opt/ros/jazzy'}), 'shell': False}
[4.620012] (micro_ros_msgs) StdoutLine: {'line': b'-- Install configuration: ""\n'}
[4.620189] (micro_ros_msgs) StdoutLine: {'line': b'-- Installing: /home/mouha/crazyflie/ros2_ws/install/micro_ros_msgs/share/ament_index/resource_index/rosidl_interfaces/micro_ros_msgs\n'}
[4.620256] (micro_ros_msgs) StdoutLine: {'line': b'-- Installing: /home/mouha/crazyflie/ros2_ws/install/micro_ros_msgs/share/micro_ros_msgs/msg/Graph.json\n'}
[4.620317] (micro_ros_msgs) StdoutLine: {'line': b'-- Installing: /home/mouha/crazyflie/ros2_ws/install/micro_ros_msgs/share/micro_ros_msgs/msg/Node.json\n'}
[4.620385] (micro_ros_msgs) StdoutLine: {'line': b'-- Installing: /home/mouha/crazyflie/ros2_ws/install/micro_ros_msgs/share/micro_ros_msgs/msg/Entity.json\n'}
[4.620445] (micro_ros_msgs) StdoutLine: {'line': b'-- Installing: /home/mouha/crazyflie/ros2_ws/install/micro_ros_msgs/include/micro_ros_msgs/micro_ros_msgs\n'}
[4.620505] (micro_ros_msgs) StdoutLine: {'line': b'-- Installing: /home/mouha/crazyflie/ros2_ws/install/micro_ros_msgs/include/micro_ros_msgs/micro_ros_msgs/msg\n'}
[4.620570] (micro_ros_msgs) StdoutLine: {'line': b'-- Installing: /home/mouha/crazyflie/ros2_ws/install/micro_ros_msgs/include/micro_ros_msgs/micro_ros_msgs/msg/graph.h\n'}
[4.620636] (micro_ros_msgs) StdoutLine: {'line': b'-- Installing: /home/mouha/crazyflie/ros2_ws/install/micro_ros_msgs/include/micro_ros_msgs/micro_ros_msgs/msg/entity.h\n'}
[4.620697] (micro_ros_msgs) StdoutLine: {'line': b'-- Installing: /home/mouha/crazyflie/ros2_ws/install/micro_ros_msgs/include/micro_ros_msgs/micro_ros_msgs/msg/rosidl_generator_c__visibility_control.h\n'}
[4.620767] (micro_ros_msgs) StdoutLine: {'line': b'-- Installing: /home/mouha/crazyflie/ros2_ws/install/micro_ros_msgs/include/micro_ros_msgs/micro_ros_msgs/msg/detail\n'}
[4.620826] (micro_ros_msgs) StdoutLine: {'line': b'-- Installing: /home/mouha/crazyflie/ros2_ws/install/micro_ros_msgs/include/micro_ros_msgs/micro_ros_msgs/msg/detail/entity__type_support.h\n'}
[4.620898] (micro_ros_msgs) StdoutLine: {'line': b'-- Installing: /home/mouha/crazyflie/ros2_ws/install/micro_ros_msgs/include/micro_ros_msgs/micro_ros_msgs/msg/detail/node__functions.h\n'}
[4.620958] (micro_ros_msgs) StdoutLine: {'line': b'-- Installing: /home/mouha/crazyflie/ros2_ws/install/micro_ros_msgs/include/micro_ros_msgs/micro_ros_msgs/msg/detail/graph__type_support.c\n'}
[4.621020] (micro_ros_msgs) StdoutLine: {'line': b'-- Installing: /home/mouha/crazyflie/ros2_ws/install/micro_ros_msgs/include/micro_ros_msgs/micro_ros_msgs/msg/detail/graph__description.c\n'}
[4.621086] (micro_ros_msgs) StdoutLine: {'line': b'-- Installing: /home/mouha/crazyflie/ros2_ws/install/micro_ros_msgs/include/micro_ros_msgs/micro_ros_msgs/msg/detail/node__functions.c\n'}
[4.621145] (micro_ros_msgs) StdoutLine: {'line': b'-- Installing: /home/mouha/crazyflie/ros2_ws/install/micro_ros_msgs/include/micro_ros_msgs/micro_ros_msgs/msg/detail/graph__type_support.h\n'}
[4.621204] (micro_ros_msgs) StdoutLine: {'line': b'-- Installing: /home/mouha/crazyflie/ros2_ws/install/micro_ros_msgs/include/micro_ros_msgs/micro_ros_msgs/msg/detail/entity__functions.h\n'}
[4.621272] (micro_ros_msgs) StdoutLine: {'line': b'-- Installing: /home/mouha/crazyflie/ros2_ws/install/micro_ros_msgs/include/micro_ros_msgs/micro_ros_msgs/msg/detail/entity__type_support.c\n'}
[4.621331] (micro_ros_msgs) StdoutLine: {'line': b'-- Installing: /home/mouha/crazyflie/ros2_ws/install/micro_ros_msgs/include/micro_ros_msgs/micro_ros_msgs/msg/detail/node__type_support.c\n'}
[4.621397] (micro_ros_msgs) StdoutLine: {'line': b'-- Installing: /home/mouha/crazyflie/ros2_ws/install/micro_ros_msgs/include/micro_ros_msgs/micro_ros_msgs/msg/detail/graph__struct.h\n'}
[4.621457] (micro_ros_msgs) StdoutLine: {'line': b'-- Installing: /home/mouha/crazyflie/ros2_ws/install/micro_ros_msgs/include/micro_ros_msgs/micro_ros_msgs/msg/detail/node__struct.h\n'}
[4.621516] (micro_ros_msgs) StdoutLine: {'line': b'-- Installing: /home/mouha/crazyflie/ros2_ws/install/micro_ros_msgs/include/micro_ros_msgs/micro_ros_msgs/msg/detail/graph__functions.h\n'}
[4.621581] (micro_ros_msgs) StdoutLine: {'line': b'-- Installing: /home/mouha/crazyflie/ros2_ws/install/micro_ros_msgs/include/micro_ros_msgs/micro_ros_msgs/msg/detail/entity__functions.c\n'}
[4.621640] (micro_ros_msgs) StdoutLine: {'line': b'-- Installing: /home/mouha/crazyflie/ros2_ws/install/micro_ros_msgs/include/micro_ros_msgs/micro_ros_msgs/msg/detail/node__description.c\n'}
[4.621698] (micro_ros_msgs) StdoutLine: {'line': b'-- Installing: /home/mouha/crazyflie/ros2_ws/install/micro_ros_msgs/include/micro_ros_msgs/micro_ros_msgs/msg/detail/entity__struct.h\n'}
[4.621751] (micro_ros_msgs) StdoutLine: {'line': b'-- Installing: /home/mouha/crazyflie/ros2_ws/install/micro_ros_msgs/include/micro_ros_msgs/micro_ros_msgs/msg/detail/graph__functions.c\n'}
[4.621809] (micro_ros_msgs) StdoutLine: {'line': b'-- Installing: /home/mouha/crazyflie/ros2_ws/install/micro_ros_msgs/include/micro_ros_msgs/micro_ros_msgs/msg/detail/entity__description.c\n'}
[4.621857] (micro_ros_msgs) StdoutLine: {'line': b'-- Installing: /home/mouha/crazyflie/ros2_ws/install/micro_ros_msgs/include/micro_ros_msgs/micro_ros_msgs/msg/detail/node__type_support.h\n'}
[4.621906] (micro_ros_msgs) StdoutLine: {'line': b'-- Installing: /home/mouha/crazyflie/ros2_ws/install/micro_ros_msgs/include/micro_ros_msgs/micro_ros_msgs/msg/node.h\n'}
[4.621955] (micro_ros_msgs) StdoutLine: {'line': b'-- Installing: /home/mouha/crazyflie/ros2_ws/install/micro_ros_msgs/share/micro_ros_msgs/environment/library_path.sh\n'}
[4.622017] (micro_ros_msgs) StdoutLine: {'line': b'-- Installing: /home/mouha/crazyflie/ros2_ws/install/micro_ros_msgs/share/micro_ros_msgs/environment/library_path.dsv\n'}
[4.622091] (micro_ros_msgs) StdoutLine: {'line': b'-- Installing: /home/mouha/crazyflie/ros2_ws/install/micro_ros_msgs/lib/libmicro_ros_msgs__rosidl_generator_c.so\n'}
[4.622149] (micro_ros_msgs) StdoutLine: {'line': b'-- Set non-toolchain portion of runtime path of "/home/mouha/crazyflie/ros2_ws/install/micro_ros_msgs/lib/libmicro_ros_msgs__rosidl_generator_c.so" to ""\n'}
[4.622208] (micro_ros_msgs) StdoutLine: {'line': b'-- Up-to-date: /home/mouha/crazyflie/ros2_ws/install/micro_ros_msgs/include/micro_ros_msgs/micro_ros_msgs\n'}
[4.622266] (micro_ros_msgs) StdoutLine: {'line': b'-- Up-to-date: /home/mouha/crazyflie/ros2_ws/install/micro_ros_msgs/include/micro_ros_msgs/micro_ros_msgs/msg\n'}
[4.622323] (micro_ros_msgs) StdoutLine: {'line': b'-- Up-to-date: /home/mouha/crazyflie/ros2_ws/install/micro_ros_msgs/include/micro_ros_msgs/micro_ros_msgs/msg/detail\n'}
[4.622371] (micro_ros_msgs) StdoutLine: {'line': b'-- Installing: /home/mouha/crazyflie/ros2_ws/install/micro_ros_msgs/include/micro_ros_msgs/micro_ros_msgs/msg/detail/graph__rosidl_typesupport_fastrtps_c.h\n'}
[4.622419] (micro_ros_msgs) StdoutLine: {'line': b'-- Installing: /home/mouha/crazyflie/ros2_ws/install/micro_ros_msgs/include/micro_ros_msgs/micro_ros_msgs/msg/detail/entity__rosidl_typesupport_fastrtps_c.h\n'}
[4.622469] (micro_ros_msgs) StdoutLine: {'line': b'-- Installing: /home/mouha/crazyflie/ros2_ws/install/micro_ros_msgs/include/micro_ros_msgs/micro_ros_msgs/msg/detail/node__rosidl_typesupport_fastrtps_c.h\n'}
[4.622550] (micro_ros_msgs) StdoutLine: {'line': b'-- Installing: /home/mouha/crazyflie/ros2_ws/install/micro_ros_msgs/include/micro_ros_msgs/micro_ros_msgs/msg/rosidl_typesupport_fastrtps_c__visibility_control.h\n'}
[4.622619] (micro_ros_msgs) StdoutLine: {'line': b'-- Installing: /home/mouha/crazyflie/ros2_ws/install/micro_ros_msgs/lib/libmicro_ros_msgs__rosidl_typesupport_fastrtps_c.so\n'}
[4.622689] (micro_ros_msgs) StdoutLine: {'line': b'-- Set non-toolchain portion of runtime path of "/home/mouha/crazyflie/ros2_ws/install/micro_ros_msgs/lib/libmicro_ros_msgs__rosidl_typesupport_fastrtps_c.so" to ""\n'}
[4.622761] (micro_ros_msgs) StdoutLine: {'line': b'-- Up-to-date: /home/mouha/crazyflie/ros2_ws/install/micro_ros_msgs/include/micro_ros_msgs/micro_ros_msgs\n'}
[4.622819] (micro_ros_msgs) StdoutLine: {'line': b'-- Up-to-date: /home/mouha/crazyflie/ros2_ws/install/micro_ros_msgs/include/micro_ros_msgs/micro_ros_msgs/msg\n'}
[4.622869] (micro_ros_msgs) StdoutLine: {'line': b'-- Installing: /home/mouha/crazyflie/ros2_ws/install/micro_ros_msgs/include/micro_ros_msgs/micro_ros_msgs/msg/rosidl_typesupport_introspection_c__visibility_control.h\n'}
[4.622917] (micro_ros_msgs) StdoutLine: {'line': b'-- Up-to-date: /home/mouha/crazyflie/ros2_ws/install/micro_ros_msgs/include/micro_ros_msgs/micro_ros_msgs/msg/detail\n'}
[4.622965] (micro_ros_msgs) StdoutLine: {'line': b'-- Up-to-date: /home/mouha/crazyflie/ros2_ws/install/micro_ros_msgs/include/micro_ros_msgs/micro_ros_msgs/msg/detail/graph__type_support.c\n'}
[4.623033] (micro_ros_msgs) StdoutLine: {'line': b'-- Installing: /home/mouha/crazyflie/ros2_ws/install/micro_ros_msgs/include/micro_ros_msgs/micro_ros_msgs/msg/detail/graph__rosidl_typesupport_introspection_c.h\n'}
[4.623081] (micro_ros_msgs) StdoutLine: {'line': b'-- Installing: /home/mouha/crazyflie/ros2_ws/install/micro_ros_msgs/include/micro_ros_msgs/micro_ros_msgs/msg/detail/node__rosidl_typesupport_introspection_c.h\n'}
[4.623130] (micro_ros_msgs) StdoutLine: {'line': b'-- Up-to-date: /home/mouha/crazyflie/ros2_ws/install/micro_ros_msgs/include/micro_ros_msgs/micro_ros_msgs/msg/detail/entity__type_support.c\n'}
[4.623186] (micro_ros_msgs) StdoutLine: {'line': b'-- Up-to-date: /home/mouha/crazyflie/ros2_ws/install/micro_ros_msgs/include/micro_ros_msgs/micro_ros_msgs/msg/detail/node__type_support.c\n'}
[4.623256] (micro_ros_msgs) StdoutLine: {'line': b'-- Installing: /home/mouha/crazyflie/ros2_ws/install/micro_ros_msgs/include/micro_ros_msgs/micro_ros_msgs/msg/detail/entity__rosidl_typesupport_introspection_c.h\n'}
[4.623314] (micro_ros_msgs) StdoutLine: {'line': b'-- Installing: /home/mouha/crazyflie/ros2_ws/install/micro_ros_msgs/lib/libmicro_ros_msgs__rosidl_typesupport_introspection_c.so\n'}
[4.623394] (micro_ros_msgs) StdoutLine: {'line': b'-- Set non-toolchain portion of runtime path of "/home/mouha/crazyflie/ros2_ws/install/micro_ros_msgs/lib/libmicro_ros_msgs__rosidl_typesupport_introspection_c.so" to ""\n'}
[4.623455] (micro_ros_msgs) StdoutLine: {'line': b'-- Installing: /home/mouha/crazyflie/ros2_ws/install/micro_ros_msgs/lib/libmicro_ros_msgs__rosidl_typesupport_c.so\n'}
[4.623538] (micro_ros_msgs) StdoutLine: {'line': b'-- Set non-toolchain portion of runtime path of "/home/mouha/crazyflie/ros2_ws/install/micro_ros_msgs/lib/libmicro_ros_msgs__rosidl_typesupport_c.so" to ""\n'}
[4.623606] (micro_ros_msgs) StdoutLine: {'line': b'-- Up-to-date: /home/mouha/crazyflie/ros2_ws/install/micro_ros_msgs/include/micro_ros_msgs/micro_ros_msgs\n'}
[4.623677] (micro_ros_msgs) StdoutLine: {'line': b'-- Up-to-date: /home/mouha/crazyflie/ros2_ws/install/micro_ros_msgs/include/micro_ros_msgs/micro_ros_msgs/msg\n'}
[4.623746] (micro_ros_msgs) StdoutLine: {'line': b'-- Installing: /home/mouha/crazyflie/ros2_ws/install/micro_ros_msgs/include/micro_ros_msgs/micro_ros_msgs/msg/node.hpp\n'}
[4.623806] (micro_ros_msgs) StdoutLine: {'line': b'-- Installing: /home/mouha/crazyflie/ros2_ws/install/micro_ros_msgs/include/micro_ros_msgs/micro_ros_msgs/msg/rosidl_generator_cpp__visibility_control.hpp\n'}
[4.623872] (micro_ros_msgs) StdoutLine: {'line': b'-- Installing: /home/mouha/crazyflie/ros2_ws/install/micro_ros_msgs/include/micro_ros_msgs/micro_ros_msgs/msg/entity.hpp\n'}
[4.623932] (micro_ros_msgs) StdoutLine: {'line': b'-- Installing: /home/mouha/crazyflie/ros2_ws/install/micro_ros_msgs/include/micro_ros_msgs/micro_ros_msgs/msg/graph.hpp\n'}
[4.623990] (micro_ros_msgs) StdoutLine: {'line': b'-- Up-to-date: /home/mouha/crazyflie/ros2_ws/install/micro_ros_msgs/include/micro_ros_msgs/micro_ros_msgs/msg/detail\n'}
[4.624051] (micro_ros_msgs) StdoutLine: {'line': b'-- Installing: /home/mouha/crazyflie/ros2_ws/install/micro_ros_msgs/include/micro_ros_msgs/micro_ros_msgs/msg/detail/graph__traits.hpp\n'}
[4.624116] (micro_ros_msgs) StdoutLine: {'line': b'-- Installing: /home/mouha/crazyflie/ros2_ws/install/micro_ros_msgs/include/micro_ros_msgs/micro_ros_msgs/msg/detail/graph__struct.hpp\n'}
[4.624182] (micro_ros_msgs) StdoutLine: {'line': b'-- Installing: /home/mouha/crazyflie/ros2_ws/install/micro_ros_msgs/include/micro_ros_msgs/micro_ros_msgs/msg/detail/node__struct.hpp\n'}
[4.624242] (micro_ros_msgs) StdoutLine: {'line': b'-- Installing: /home/mouha/crazyflie/ros2_ws/install/micro_ros_msgs/include/micro_ros_msgs/micro_ros_msgs/msg/detail/entity__struct.hpp\n'}
[4.624301] (micro_ros_msgs) StdoutLine: {'line': b'-- Installing: /home/mouha/crazyflie/ros2_ws/install/micro_ros_msgs/include/micro_ros_msgs/micro_ros_msgs/msg/detail/graph__builder.hpp\n'}
[4.624363] (micro_ros_msgs) StdoutLine: {'line': b'-- Installing: /home/mouha/crazyflie/ros2_ws/install/micro_ros_msgs/include/micro_ros_msgs/micro_ros_msgs/msg/detail/node__traits.hpp\n'}
[4.624410] (micro_ros_msgs) StdoutLine: {'line': b'-- Installing: /home/mouha/crazyflie/ros2_ws/install/micro_ros_msgs/include/micro_ros_msgs/micro_ros_msgs/msg/detail/entity__type_support.hpp\n'}
[4.624460] (micro_ros_msgs) StdoutLine: {'line': b'-- Installing: /home/mouha/crazyflie/ros2_ws/install/micro_ros_msgs/include/micro_ros_msgs/micro_ros_msgs/msg/detail/node__type_support.hpp\n'}
[4.624515] (micro_ros_msgs) StdoutLine: {'line': b'-- Installing: /home/mouha/crazyflie/ros2_ws/install/micro_ros_msgs/include/micro_ros_msgs/micro_ros_msgs/msg/detail/entity__traits.hpp\n'}
[4.624571] (micro_ros_msgs) StdoutLine: {'line': b'-- Installing: /home/mouha/crazyflie/ros2_ws/install/micro_ros_msgs/include/micro_ros_msgs/micro_ros_msgs/msg/detail/graph__type_support.hpp\n'}
[4.624666] (micro_ros_msgs) StdoutLine: {'line': b'-- Installing: /home/mouha/crazyflie/ros2_ws/install/micro_ros_msgs/include/micro_ros_msgs/micro_ros_msgs/msg/detail/node__builder.hpp\n'}
[4.624738] (micro_ros_msgs) StdoutLine: {'line': b'-- Installing: /home/mouha/crazyflie/ros2_ws/install/micro_ros_msgs/include/micro_ros_msgs/micro_ros_msgs/msg/detail/entity__builder.hpp\n'}
[4.624815] (micro_ros_msgs) StdoutLine: {'line': b'-- Up-to-date: /home/mouha/crazyflie/ros2_ws/install/micro_ros_msgs/include/micro_ros_msgs/micro_ros_msgs\n'}
[4.624886] (micro_ros_msgs) StdoutLine: {'line': b'-- Up-to-date: /home/mouha/crazyflie/ros2_ws/install/micro_ros_msgs/include/micro_ros_msgs/micro_ros_msgs/msg\n'}
[4.624953] (micro_ros_msgs) StdoutLine: {'line': b'-- Installing: /home/mouha/crazyflie/ros2_ws/install/micro_ros_msgs/include/micro_ros_msgs/micro_ros_msgs/msg/rosidl_typesupport_fastrtps_cpp__visibility_control.h\n'}
[4.625012] (micro_ros_msgs) StdoutLine: {'line': b'-- Up-to-date: /home/mouha/crazyflie/ros2_ws/install/micro_ros_msgs/include/micro_ros_msgs/micro_ros_msgs/msg/detail\n'}
[4.625060] (micro_ros_msgs) StdoutLine: {'line': b'-- Installing: /home/mouha/crazyflie/ros2_ws/install/micro_ros_msgs/include/micro_ros_msgs/micro_ros_msgs/msg/detail/entity__rosidl_typesupport_fastrtps_cpp.hpp\n'}
[4.625108] (micro_ros_msgs) StdoutLine: {'line': b'-- Installing: /home/mouha/crazyflie/ros2_ws/install/micro_ros_msgs/include/micro_ros_msgs/micro_ros_msgs/msg/detail/dds_fastrtps\n'}
[4.625155] (micro_ros_msgs) StdoutLine: {'line': b'-- Installing: /home/mouha/crazyflie/ros2_ws/install/micro_ros_msgs/include/micro_ros_msgs/micro_ros_msgs/msg/detail/node__rosidl_typesupport_fastrtps_cpp.hpp\n'}
[4.625203] (micro_ros_msgs) StdoutLine: {'line': b'-- Installing: /home/mouha/crazyflie/ros2_ws/install/micro_ros_msgs/include/micro_ros_msgs/micro_ros_msgs/msg/detail/graph__rosidl_typesupport_fastrtps_cpp.hpp\n'}
[4.625253] (micro_ros_msgs) StdoutLine: {'line': b'-- Installing: /home/mouha/crazyflie/ros2_ws/install/micro_ros_msgs/lib/libmicro_ros_msgs__rosidl_typesupport_fastrtps_cpp.so\n'}
[4.625306] (micro_ros_msgs) StdoutLine: {'line': b'-- Set non-toolchain portion of runtime path of "/home/mouha/crazyflie/ros2_ws/install/micro_ros_msgs/lib/libmicro_ros_msgs__rosidl_typesupport_fastrtps_cpp.so" to ""\n'}
[4.625356] (micro_ros_msgs) StdoutLine: {'line': b'-- Up-to-date: /home/mouha/crazyflie/ros2_ws/install/micro_ros_msgs/include/micro_ros_msgs/micro_ros_msgs\n'}
[4.625406] (micro_ros_msgs) StdoutLine: {'line': b'-- Up-to-date: /home/mouha/crazyflie/ros2_ws/install/micro_ros_msgs/include/micro_ros_msgs/micro_ros_msgs/msg\n'}
[4.625456] (micro_ros_msgs) StdoutLine: {'line': b'-- Up-to-date: /home/mouha/crazyflie/ros2_ws/install/micro_ros_msgs/include/micro_ros_msgs/micro_ros_msgs/msg/detail\n'}
[4.625540] (micro_ros_msgs) StdoutLine: {'line': b'-- Installing: /home/mouha/crazyflie/ros2_ws/install/micro_ros_msgs/include/micro_ros_msgs/micro_ros_msgs/msg/detail/graph__type_support.cpp\n'}
[4.625609] (micro_ros_msgs) StdoutLine: {'line': b'-- Installing: /home/mouha/crazyflie/ros2_ws/install/micro_ros_msgs/include/micro_ros_msgs/micro_ros_msgs/msg/detail/graph__rosidl_typesupport_introspection_cpp.hpp\n'}
[4.625715] (micro_ros_msgs) StdoutLine: {'line': b'-- Installing: /home/mouha/crazyflie/ros2_ws/install/micro_ros_msgs/include/micro_ros_msgs/micro_ros_msgs/msg/detail/entity__rosidl_typesupport_introspection_cpp.hpp\n'}
[4.625798] (micro_ros_msgs) StdoutLine: {'line': b'-- Installing: /home/mouha/crazyflie/ros2_ws/install/micro_ros_msgs/include/micro_ros_msgs/micro_ros_msgs/msg/detail/entity__type_support.cpp\n'}
[4.625906] (micro_ros_msgs) StdoutLine: {'line': b'-- Installing: /home/mouha/crazyflie/ros2_ws/install/micro_ros_msgs/include/micro_ros_msgs/micro_ros_msgs/msg/detail/node__type_support.cpp\n'}
[4.626031] (micro_ros_msgs) StdoutLine: {'line': b'-- Installing: /home/mouha/crazyflie/ros2_ws/install/micro_ros_msgs/include/micro_ros_msgs/micro_ros_msgs/msg/detail/node__rosidl_typesupport_introspection_cpp.hpp\n'}
[4.626116] (micro_ros_msgs) StdoutLine: {'line': b'-- Installing: /home/mouha/crazyflie/ros2_ws/install/micro_ros_msgs/lib/libmicro_ros_msgs__rosidl_typesupport_introspection_cpp.so\n'}
[4.626200] (micro_ros_msgs) StdoutLine: {'line': b'-- Set non-toolchain portion of runtime path of "/home/mouha/crazyflie/ros2_ws/install/micro_ros_msgs/lib/libmicro_ros_msgs__rosidl_typesupport_introspection_cpp.so" to ""\n'}
[4.626347] (micro_ros_msgs) StdoutLine: {'line': b'-- Installing: /home/mouha/crazyflie/ros2_ws/install/micro_ros_msgs/lib/libmicro_ros_msgs__rosidl_typesupport_cpp.so\n'}
[4.626410] (micro_ros_msgs) StdoutLine: {'line': b'-- Set non-toolchain portion of runtime path of "/home/mouha/crazyflie/ros2_ws/install/micro_ros_msgs/lib/libmicro_ros_msgs__rosidl_typesupport_cpp.so" to ""\n'}
[4.626494] (micro_ros_msgs) StdoutLine: {'line': b'-- Installing: /home/mouha/crazyflie/ros2_ws/install/micro_ros_msgs/share/micro_ros_msgs/environment/pythonpath.sh\n'}
[4.626570] (micro_ros_msgs) StdoutLine: {'line': b'-- Installing: /home/mouha/crazyflie/ros2_ws/install/micro_ros_msgs/share/micro_ros_msgs/environment/pythonpath.dsv\n'}
[4.626623] (micro_ros_msgs) StdoutLine: {'line': b'-- Installing: /home/mouha/crazyflie/ros2_ws/install/micro_ros_msgs/lib/python3.12/site-packages/micro_ros_msgs-5.0.2-py3.12.egg-info\n'}
[4.626699] (micro_ros_msgs) StdoutLine: {'line': b'-- Installing: /home/mouha/crazyflie/ros2_ws/install/micro_ros_msgs/lib/python3.12/site-packages/micro_ros_msgs-5.0.2-py3.12.egg-info/top_level.txt\n'}
[4.626753] (micro_ros_msgs) StdoutLine: {'line': b'-- Installing: /home/mouha/crazyflie/ros2_ws/install/micro_ros_msgs/lib/python3.12/site-packages/micro_ros_msgs-5.0.2-py3.12.egg-info/SOURCES.txt\n'}
[4.626805] (micro_ros_msgs) StdoutLine: {'line': b'-- Installing: /home/mouha/crazyflie/ros2_ws/install/micro_ros_msgs/lib/python3.12/site-packages/micro_ros_msgs-5.0.2-py3.12.egg-info/PKG-INFO\n'}
[4.626857] (micro_ros_msgs) StdoutLine: {'line': b'-- Installing: /home/mouha/crazyflie/ros2_ws/install/micro_ros_msgs/lib/python3.12/site-packages/micro_ros_msgs-5.0.2-py3.12.egg-info/dependency_links.txt\n'}
[4.626909] (micro_ros_msgs) StdoutLine: {'line': b'-- Installing: /home/mouha/crazyflie/ros2_ws/install/micro_ros_msgs/lib/python3.12/site-packages/micro_ros_msgs\n'}
[4.626961] (micro_ros_msgs) StdoutLine: {'line': b'-- Installing: /home/mouha/crazyflie/ros2_ws/install/micro_ros_msgs/lib/python3.12/site-packages/micro_ros_msgs/__init__.py\n'}
[4.627013] (micro_ros_msgs) StdoutLine: {'line': b'-- Installing: /home/mouha/crazyflie/ros2_ws/install/micro_ros_msgs/lib/python3.12/site-packages/micro_ros_msgs/micro_ros_msgs_s__rosidl_typesupport_fastrtps_c.so\n'}
[4.627067] (micro_ros_msgs) StdoutLine: {'line': b'-- Installing: /home/mouha/crazyflie/ros2_ws/install/micro_ros_msgs/lib/python3.12/site-packages/micro_ros_msgs/_micro_ros_msgs_s.ep.rosidl_typesupport_fastrtps_c.c\n'}
[4.627119] (micro_ros_msgs) StdoutLine: {'line': b'-- Installing: /home/mouha/crazyflie/ros2_ws/install/micro_ros_msgs/lib/python3.12/site-packages/micro_ros_msgs/micro_ros_msgs_s__rosidl_typesupport_introspection_c.so\n'}
[4.627202] (micro_ros_msgs) StdoutLine: {'line': b'-- Installing: /home/mouha/crazyflie/ros2_ws/install/micro_ros_msgs/lib/python3.12/site-packages/micro_ros_msgs/_micro_ros_msgs_s.ep.rosidl_typesupport_c.c\n'}
[4.627252] (micro_ros_msgs) StdoutLine: {'line': b'-- Installing: /home/mouha/crazyflie/ros2_ws/install/micro_ros_msgs/lib/python3.12/site-packages/micro_ros_msgs/msg\n'}
[4.627301] (micro_ros_msgs) StdoutLine: {'line': b'-- Installing: /home/mouha/crazyflie/ros2_ws/install/micro_ros_msgs/lib/python3.12/site-packages/micro_ros_msgs/msg/__init__.py\n'}
[4.627352] (micro_ros_msgs) StdoutLine: {'line': b'-- Installing: /home/mouha/crazyflie/ros2_ws/install/micro_ros_msgs/lib/python3.12/site-packages/micro_ros_msgs/msg/_graph_s.c\n'}
[4.627403] (micro_ros_msgs) StdoutLine: {'line': b'-- Installing: /home/mouha/crazyflie/ros2_ws/install/micro_ros_msgs/lib/python3.12/site-packages/micro_ros_msgs/msg/_node_s.c\n'}
[4.627451] (micro_ros_msgs) StdoutLine: {'line': b'-- Installing: /home/mouha/crazyflie/ros2_ws/install/micro_ros_msgs/lib/python3.12/site-packages/micro_ros_msgs/msg/_graph.py\n'}
[4.627500] (micro_ros_msgs) StdoutLine: {'line': b'-- Installing: /home/mouha/crazyflie/ros2_ws/install/micro_ros_msgs/lib/python3.12/site-packages/micro_ros_msgs/msg/_entity.py\n'}
[4.627559] (micro_ros_msgs) StdoutLine: {'line': b'-- Installing: /home/mouha/crazyflie/ros2_ws/install/micro_ros_msgs/lib/python3.12/site-packages/micro_ros_msgs/msg/_node.py\n'}
[4.627608] (micro_ros_msgs) StdoutLine: {'line': b'-- Installing: /home/mouha/crazyflie/ros2_ws/install/micro_ros_msgs/lib/python3.12/site-packages/micro_ros_msgs/msg/_entity_s.c\n'}
[4.627659] (micro_ros_msgs) StdoutLine: {'line': b'-- Installing: /home/mouha/crazyflie/ros2_ws/install/micro_ros_msgs/lib/python3.12/site-packages/micro_ros_msgs/_micro_ros_msgs_s.ep.rosidl_typesupport_introspection_c.c\n'}
[4.627710] (micro_ros_msgs) StdoutLine: {'line': b'-- Installing: /home/mouha/crazyflie/ros2_ws/install/micro_ros_msgs/lib/python3.12/site-packages/micro_ros_msgs/micro_ros_msgs_s__rosidl_typesupport_c.so\n'}
[4.660890] (micro_ros_msgs) StdoutLine: {'line': b"Listing '/home/mouha/crazyflie/ros2_ws/install/micro_ros_msgs/lib/python3.12/site-packages/micro_ros_msgs'...\n"}
[4.661038] (micro_ros_msgs) StdoutLine: {'line': b"Compiling '/home/mouha/crazyflie/ros2_ws/install/micro_ros_msgs/lib/python3.12/site-packages/micro_ros_msgs/__init__.py'...\n"}
[4.661099] (micro_ros_msgs) StdoutLine: {'line': b"Listing '/home/mouha/crazyflie/ros2_ws/install/micro_ros_msgs/lib/python3.12/site-packages/micro_ros_msgs/msg'...\n"}
[4.661152] (micro_ros_msgs) StdoutLine: {'line': b"Compiling '/home/mouha/crazyflie/ros2_ws/install/micro_ros_msgs/lib/python3.12/site-packages/micro_ros_msgs/msg/__init__.py'...\n"}
[4.661202] (micro_ros_msgs) StdoutLine: {'line': b"Compiling '/home/mouha/crazyflie/ros2_ws/install/micro_ros_msgs/lib/python3.12/site-packages/micro_ros_msgs/msg/_entity.py'...\n"}
[4.661258] (micro_ros_msgs) StdoutLine: {'line': b"Compiling '/home/mouha/crazyflie/ros2_ws/install/micro_ros_msgs/lib/python3.12/site-packages/micro_ros_msgs/msg/_graph.py'...\n"}
[4.661308] (micro_ros_msgs) StdoutLine: {'line': b"Compiling '/home/mouha/crazyflie/ros2_ws/install/micro_ros_msgs/lib/python3.12/site-packages/micro_ros_msgs/msg/_node.py'...\n"}
[4.665352] (micro_ros_msgs) StdoutLine: {'line': b'-- Installing: /home/mouha/crazyflie/ros2_ws/install/micro_ros_msgs/lib/python3.12/site-packages/micro_ros_msgs/micro_ros_msgs_s__rosidl_typesupport_fastrtps_c.so\n'}
[4.665522] (micro_ros_msgs) StdoutLine: {'line': b'-- Set non-toolchain portion of runtime path of "/home/mouha/crazyflie/ros2_ws/install/micro_ros_msgs/lib/python3.12/site-packages/micro_ros_msgs/micro_ros_msgs_s__rosidl_typesupport_fastrtps_c.so" to ""\n'}
[4.665733] (micro_ros_msgs) StdoutLine: {'line': b'-- Installing: /home/mouha/crazyflie/ros2_ws/install/micro_ros_msgs/lib/python3.12/site-packages/micro_ros_msgs/micro_ros_msgs_s__rosidl_typesupport_introspection_c.so\n'}
[4.665867] (micro_ros_msgs) StdoutLine: {'line': b'-- Set non-toolchain portion of runtime path of "/home/mouha/crazyflie/ros2_ws/install/micro_ros_msgs/lib/python3.12/site-packages/micro_ros_msgs/micro_ros_msgs_s__rosidl_typesupport_introspection_c.so" to ""\n'}
[4.665986] (micro_ros_msgs) StdoutLine: {'line': b'-- Installing: /home/mouha/crazyflie/ros2_ws/install/micro_ros_msgs/lib/python3.12/site-packages/micro_ros_msgs/micro_ros_msgs_s__rosidl_typesupport_c.so\n'}
[4.666125] (micro_ros_msgs) StdoutLine: {'line': b'-- Set non-toolchain portion of runtime path of "/home/mouha/crazyflie/ros2_ws/install/micro_ros_msgs/lib/python3.12/site-packages/micro_ros_msgs/micro_ros_msgs_s__rosidl_typesupport_c.so" to ""\n'}
[4.666199] (micro_ros_msgs) StdoutLine: {'line': b'-- Installing: /home/mouha/crazyflie/ros2_ws/install/micro_ros_msgs/lib/libmicro_ros_msgs__rosidl_generator_py.so\n'}
[4.666385] (micro_ros_msgs) StdoutLine: {'line': b'-- Set non-toolchain portion of runtime path of "/home/mouha/crazyflie/ros2_ws/install/micro_ros_msgs/lib/libmicro_ros_msgs__rosidl_generator_py.so" to ""\n'}
[4.666461] (micro_ros_msgs) StdoutLine: {'line': b'-- Installing: /home/mouha/crazyflie/ros2_ws/install/micro_ros_msgs/share/ament_index/resource_index/rust_packages/micro_ros_msgs\n'}
[4.666530] (micro_ros_msgs) StdoutLine: {'line': b'-- Installing: /home/mouha/crazyflie/ros2_ws/install/micro_ros_msgs/share/micro_ros_msgs/rust\n'}
[4.666609] (micro_ros_msgs) StdoutLine: {'line': b'-- Installing: /home/mouha/crazyflie/ros2_ws/install/micro_ros_msgs/share/micro_ros_msgs/rust/Cargo.toml\n'}
[4.666679] (micro_ros_msgs) StdoutLine: {'line': b'-- Installing: /home/mouha/crazyflie/ros2_ws/install/micro_ros_msgs/share/micro_ros_msgs/rust/build.rs\n'}
[4.666748] (micro_ros_msgs) StdoutLine: {'line': b'-- Installing: /home/mouha/crazyflie/ros2_ws/install/micro_ros_msgs/share/micro_ros_msgs/rust/src\n'}
[4.666818] (micro_ros_msgs) StdoutLine: {'line': b'-- Installing: /home/mouha/crazyflie/ros2_ws/install/micro_ros_msgs/share/micro_ros_msgs/rust/src/lib.rs\n'}
[4.666887] (micro_ros_msgs) StdoutLine: {'line': b'-- Installing: /home/mouha/crazyflie/ros2_ws/install/micro_ros_msgs/share/micro_ros_msgs/rust/src/msg.rs\n'}
[4.666956] (micro_ros_msgs) StdoutLine: {'line': b'-- Installing: /home/mouha/crazyflie/ros2_ws/install/micro_ros_msgs/share/micro_ros_msgs/rust/src/msg\n'}
[4.667026] (micro_ros_msgs) StdoutLine: {'line': b'-- Installing: /home/mouha/crazyflie/ros2_ws/install/micro_ros_msgs/share/micro_ros_msgs/rust/src/msg/rmw.rs\n'}
[4.667095] (micro_ros_msgs) StdoutLine: {'line': b'-- Installing: /home/mouha/crazyflie/ros2_ws/install/micro_ros_msgs/share/micro_ros_msgs/msg/Graph.idl\n'}
[4.667160] (micro_ros_msgs) StdoutLine: {'line': b'-- Installing: /home/mouha/crazyflie/ros2_ws/install/micro_ros_msgs/share/micro_ros_msgs/msg/Node.idl\n'}
[4.667236] (micro_ros_msgs) StdoutLine: {'line': b'-- Installing: /home/mouha/crazyflie/ros2_ws/install/micro_ros_msgs/share/micro_ros_msgs/msg/Entity.idl\n'}
[4.667332] (micro_ros_msgs) StdoutLine: {'line': b'-- Installing: /home/mouha/crazyflie/ros2_ws/install/micro_ros_msgs/share/micro_ros_msgs/msg/Graph.msg\n'}
[4.667401] (micro_ros_msgs) StdoutLine: {'line': b'-- Installing: /home/mouha/crazyflie/ros2_ws/install/micro_ros_msgs/share/micro_ros_msgs/msg/Node.msg\n'}
[4.667472] (micro_ros_msgs) StdoutLine: {'line': b'-- Installing: /home/mouha/crazyflie/ros2_ws/install/micro_ros_msgs/share/micro_ros_msgs/msg/Entity.msg\n'}
[4.667565] (micro_ros_msgs) StdoutLine: {'line': b'-- Installing: /home/mouha/crazyflie/ros2_ws/install/micro_ros_msgs/share/ament_index/resource_index/package_run_dependencies/micro_ros_msgs\n'}
[4.667657] (micro_ros_msgs) StdoutLine: {'line': b'-- Installing: /home/mouha/crazyflie/ros2_ws/install/micro_ros_msgs/share/ament_index/resource_index/parent_prefix_path/micro_ros_msgs\n'}
[4.667750] (micro_ros_msgs) StdoutLine: {'line': b'-- Installing: /home/mouha/crazyflie/ros2_ws/install/micro_ros_msgs/share/micro_ros_msgs/environment/ament_prefix_path.sh\n'}
[4.667825] (micro_ros_msgs) StdoutLine: {'line': b'-- Installing: /home/mouha/crazyflie/ros2_ws/install/micro_ros_msgs/share/micro_ros_msgs/environment/ament_prefix_path.dsv\n'}
[4.667900] (micro_ros_msgs) StdoutLine: {'line': b'-- Installing: /home/mouha/crazyflie/ros2_ws/install/micro_ros_msgs/share/micro_ros_msgs/environment/path.sh\n'}
[4.667974] (micro_ros_msgs) StdoutLine: {'line': b'-- Installing: /home/mouha/crazyflie/ros2_ws/install/micro_ros_msgs/share/micro_ros_msgs/environment/path.dsv\n'}
[4.668061] (micro_ros_msgs) StdoutLine: {'line': b'-- Installing: /home/mouha/crazyflie/ros2_ws/install/micro_ros_msgs/share/micro_ros_msgs/local_setup.bash\n'}
[4.668152] (micro_ros_msgs) StdoutLine: {'line': b'-- Installing: /home/mouha/crazyflie/ros2_ws/install/micro_ros_msgs/share/micro_ros_msgs/local_setup.sh\n'}
[4.668222] (micro_ros_msgs) StdoutLine: {'line': b'-- Installing: /home/mouha/crazyflie/ros2_ws/install/micro_ros_msgs/share/micro_ros_msgs/local_setup.zsh\n'}
[4.668292] (micro_ros_msgs) StdoutLine: {'line': b'-- Installing: /home/mouha/crazyflie/ros2_ws/install/micro_ros_msgs/share/micro_ros_msgs/local_setup.dsv\n'}
[4.668370] (micro_ros_msgs) StdoutLine: {'line': b'-- Installing: /home/mouha/crazyflie/ros2_ws/install/micro_ros_msgs/share/micro_ros_msgs/package.dsv\n'}
[4.668465] (micro_ros_msgs) StdoutLine: {'line': b'-- Installing: /home/mouha/crazyflie/ros2_ws/install/micro_ros_msgs/share/ament_index/resource_index/packages/micro_ros_msgs\n'}
[4.668581] (micro_ros_msgs) StdoutLine: {'line': b'-- Installing: /home/mouha/crazyflie/ros2_ws/install/micro_ros_msgs/share/micro_ros_msgs/cmake/export_micro_ros_msgs__rosidl_generator_cExport.cmake\n'}
[4.668663] (micro_ros_msgs) StdoutLine: {'line': b'-- Installing: /home/mouha/crazyflie/ros2_ws/install/micro_ros_msgs/share/micro_ros_msgs/cmake/export_micro_ros_msgs__rosidl_generator_cExport-noconfig.cmake\n'}
[4.668754] (micro_ros_msgs) StdoutLine: {'line': b'-- Installing: /home/mouha/crazyflie/ros2_ws/install/micro_ros_msgs/share/micro_ros_msgs/cmake/export_micro_ros_msgs__rosidl_typesupport_fastrtps_cExport.cmake\n'}
[4.668833] (micro_ros_msgs) StdoutLine: {'line': b'-- Installing: /home/mouha/crazyflie/ros2_ws/install/micro_ros_msgs/share/micro_ros_msgs/cmake/export_micro_ros_msgs__rosidl_typesupport_fastrtps_cExport-noconfig.cmake\n'}
[4.668919] (micro_ros_msgs) StdoutLine: {'line': b'-- Installing: /home/mouha/crazyflie/ros2_ws/install/micro_ros_msgs/share/micro_ros_msgs/cmake/micro_ros_msgs__rosidl_typesupport_introspection_cExport.cmake\n'}
[4.668997] (micro_ros_msgs) StdoutLine: {'line': b'-- Installing: /home/mouha/crazyflie/ros2_ws/install/micro_ros_msgs/share/micro_ros_msgs/cmake/micro_ros_msgs__rosidl_typesupport_introspection_cExport-noconfig.cmake\n'}
[4.669078] (micro_ros_msgs) StdoutLine: {'line': b'-- Installing: /home/mouha/crazyflie/ros2_ws/install/micro_ros_msgs/share/micro_ros_msgs/cmake/micro_ros_msgs__rosidl_typesupport_cExport.cmake\n'}
[4.669148] (micro_ros_msgs) StdoutLine: {'line': b'-- Installing: /home/mouha/crazyflie/ros2_ws/install/micro_ros_msgs/share/micro_ros_msgs/cmake/micro_ros_msgs__rosidl_typesupport_cExport-noconfig.cmake\n'}
[4.669228] (micro_ros_msgs) StdoutLine: {'line': b'-- Installing: /home/mouha/crazyflie/ros2_ws/install/micro_ros_msgs/share/micro_ros_msgs/cmake/export_micro_ros_msgs__rosidl_generator_cppExport.cmake\n'}
[4.669309] (micro_ros_msgs) StdoutLine: {'line': b'-- Installing: /home/mouha/crazyflie/ros2_ws/install/micro_ros_msgs/share/micro_ros_msgs/cmake/export_micro_ros_msgs__rosidl_typesupport_fastrtps_cppExport.cmake\n'}
[4.669389] (micro_ros_msgs) StdoutLine: {'line': b'-- Installing: /home/mouha/crazyflie/ros2_ws/install/micro_ros_msgs/share/micro_ros_msgs/cmake/export_micro_ros_msgs__rosidl_typesupport_fastrtps_cppExport-noconfig.cmake\n'}
[4.669465] (micro_ros_msgs) StdoutLine: {'line': b'-- Installing: /home/mouha/crazyflie/ros2_ws/install/micro_ros_msgs/share/micro_ros_msgs/cmake/micro_ros_msgs__rosidl_typesupport_introspection_cppExport.cmake\n'}
[4.669547] (micro_ros_msgs) StdoutLine: {'line': b'-- Installing: /home/mouha/crazyflie/ros2_ws/install/micro_ros_msgs/share/micro_ros_msgs/cmake/micro_ros_msgs__rosidl_typesupport_introspection_cppExport-noconfig.cmake\n'}
[4.669629] (micro_ros_msgs) StdoutLine: {'line': b'-- Installing: /home/mouha/crazyflie/ros2_ws/install/micro_ros_msgs/share/micro_ros_msgs/cmake/micro_ros_msgs__rosidl_typesupport_cppExport.cmake\n'}
[4.669705] (micro_ros_msgs) StdoutLine: {'line': b'-- Installing: /home/mouha/crazyflie/ros2_ws/install/micro_ros_msgs/share/micro_ros_msgs/cmake/micro_ros_msgs__rosidl_typesupport_cppExport-noconfig.cmake\n'}
[4.669788] (micro_ros_msgs) StdoutLine: {'line': b'-- Installing: /home/mouha/crazyflie/ros2_ws/install/micro_ros_msgs/share/micro_ros_msgs/cmake/export_micro_ros_msgs__rosidl_generator_pyExport.cmake\n'}
[4.669867] (micro_ros_msgs) StdoutLine: {'line': b'-- Installing: /home/mouha/crazyflie/ros2_ws/install/micro_ros_msgs/share/micro_ros_msgs/cmake/export_micro_ros_msgs__rosidl_generator_pyExport-noconfig.cmake\n'}
[4.669937] (micro_ros_msgs) StdoutLine: {'line': b'-- Installing: /home/mouha/crazyflie/ros2_ws/install/micro_ros_msgs/share/micro_ros_msgs/cmake/rosidl_cmake-extras.cmake\n'}
[4.670007] (micro_ros_msgs) StdoutLine: {'line': b'-- Installing: /home/mouha/crazyflie/ros2_ws/install/micro_ros_msgs/share/micro_ros_msgs/cmake/ament_cmake_export_include_directories-extras.cmake\n'}
[4.670075] (micro_ros_msgs) StdoutLine: {'line': b'-- Installing: /home/mouha/crazyflie/ros2_ws/install/micro_ros_msgs/share/micro_ros_msgs/cmake/ament_cmake_export_libraries-extras.cmake\n'}
[4.670148] (micro_ros_msgs) StdoutLine: {'line': b'-- Installing: /home/mouha/crazyflie/ros2_ws/install/micro_ros_msgs/share/micro_ros_msgs/cmake/ament_cmake_export_targets-extras.cmake\n'}
[4.670219] (micro_ros_msgs) StdoutLine: {'line': b'-- Installing: /home/mouha/crazyflie/ros2_ws/install/micro_ros_msgs/share/micro_ros_msgs/cmake/rosidl_cmake_export_typesupport_targets-extras.cmake\n'}
[4.670295] (micro_ros_msgs) StdoutLine: {'line': b'-- Installing: /home/mouha/crazyflie/ros2_ws/install/micro_ros_msgs/share/micro_ros_msgs/cmake/ament_cmake_export_dependencies-extras.cmake\n'}
[4.670366] (micro_ros_msgs) StdoutLine: {'line': b'-- Installing: /home/mouha/crazyflie/ros2_ws/install/micro_ros_msgs/share/micro_ros_msgs/cmake/rosidl_cmake_export_typesupport_libraries-extras.cmake\n'}
[4.670440] (micro_ros_msgs) StdoutLine: {'line': b'-- Installing: /home/mouha/crazyflie/ros2_ws/install/micro_ros_msgs/share/micro_ros_msgs/cmake/micro_ros_msgsConfig.cmake\n'}
[4.670511] (micro_ros_msgs) StdoutLine: {'line': b'-- Installing: /home/mouha/crazyflie/ros2_ws/install/micro_ros_msgs/share/micro_ros_msgs/cmake/micro_ros_msgsConfig-version.cmake\n'}
[4.670591] (micro_ros_msgs) StdoutLine: {'line': b'-- Installing: /home/mouha/crazyflie/ros2_ws/install/micro_ros_msgs/share/micro_ros_msgs/package.xml\n'}
[4.672340] (micro_ros_msgs) CommandEnded: {'returncode': 0}
[4.686413] (micro_ros_msgs) JobEnded: {'identifier': 'micro_ros_msgs', 'rc': 0}
[4.686968] (micro_ros_agent) JobStarted: {'identifier': 'micro_ros_agent'}
[4.693217] (micro_ros_agent) JobProgress: {'identifier': 'micro_ros_agent', 'progress': 'cmake'}
[4.693506] (micro_ros_agent) Command: {'cmd': ['/usr/bin/cmake', '/home/mouha/crazyflie/ros2_ws/src/uros/micro-ROS-Agent/micro_ros_agent', '-DUAGENT_BUILD_EXECUTABLE=OFF', '-DUAGENT_P2P_PROFILE=OFF', '--no-warn-unused-cli', '-DCMAKE_INSTALL_PREFIX=/home/mouha/crazyflie/ros2_ws/install/micro_ros_agent'], 'cwd': '/home/mouha/crazyflie/ros2_ws/build/micro_ros_agent', 'env': OrderedDict({'GJS_DEBUG_TOPICS': 'JS ERROR;JS LOG', 'XDG_ACTIVATION_TOKEN': 'gnome-shell/Terminator/2522-1-mouha-TUF_TIME1250468', 'LESSOPEN': '| /usr/bin/lesspipe %s', 'GZ_SIM_RESOURCE_PATH': '/opt/ros/jazzy/share', 'LANGUAGE': 'en_GB:en', 'USER': 'mouha', 'LC_TIME': 'en_GB.UTF-8', 'GZ_CONFIG_PATH': '/opt/ros/jazzy/opt/gz_sim_vendor/share/gz:/opt/ros/jazzy/opt/sdformat_vendor/share/gz:/opt/ros/jazzy/opt/gz_gui_vendor/share/gz:/opt/ros/jazzy/opt/gz_transport_vendor/share/gz:/opt/ros/jazzy/opt/gz_rendering_vendor/share/gz:/opt/ros/jazzy/opt/gz_plugin_vendor/share/gz:/opt/ros/jazzy/opt/gz_fuel_tools_vendor/share/gz:/opt/ros/jazzy/opt/gz_msgs_vendor/share/gz:/opt/ros/jazzy/opt/gz_common_vendor/share/gz', 'XDG_SESSION_TYPE': 'wayland', 'STM32CubeMX_PATH': '/home/mouha/STM32CubeMX', 'CLUTTER_DISABLE_MIPMAPPED_TEXT': '1', 'SHLVL': '2', 'LD_LIBRARY_PATH': '/home/mouha/crazyflie/ros2_ws/install/micro_ros_msgs/lib:/home/mouha/crazyflie/ros2_ws/install/crazyflie_interfaces/lib:/opt/ros/jazzy/opt/gz_sim_vendor/lib:/opt/ros/jazzy/opt/gz_sensors_vendor/lib:/opt/ros/jazzy/opt/gz_physics_vendor/lib:/opt/ros/jazzy/opt/sdformat_vendor/lib:/opt/ros/jazzy/opt/rviz_ogre_vendor/lib:/opt/ros/jazzy/lib/x86_64-linux-gnu:/opt/ros/jazzy/opt/gz_gui_vendor/lib:/opt/ros/jazzy/opt/gz_transport_vendor/lib:/opt/ros/jazzy/opt/gz_rendering_vendor/lib:/opt/ros/jazzy/opt/gz_plugin_vendor/lib:/opt/ros/jazzy/opt/gz_fuel_tools_vendor/lib:/opt/ros/jazzy/opt/gz_msgs_vendor/lib:/opt/ros/jazzy/opt/gz_common_vendor/lib:/opt/ros/jazzy/opt/gz_math_vendor/lib:/opt/ros/jazzy/opt/gz_utils_vendor/lib:/opt/ros/jazzy/opt/gz_tools_vendor/lib:/opt/ros/jazzy/opt/gz_ogre_next_vendor/lib:/opt/ros/jazzy/opt/gz_dartsim_vendor/lib:/opt/ros/jazzy/opt/gz_cmake_vendor/lib:/opt/ros/jazzy/lib', 'HOME': '/home/mouha', 'OLDPWD': '/home/mouha/crazyflie/ros2_ws/src', 'DESKTOP_SESSION': 'ubuntu', 'GIO_LAUNCHED_DESKTOP_FILE': '/usr/share/applications/terminator.desktop', 'ROS_PYTHON_VERSION': '3', 'GNOME_SHELL_SESSION_MODE': 'ubuntu', 'GTK_MODULES': 'gail:atk-bridge', 'LC_MONETARY': 'en_GB.UTF-8', 'MANAGERPID': '2224', 'SYSTEMD_EXEC_PID': '2522', 'GSM_SKIP_SSH_AGENT_WORKAROUND': 'true', 'DBUS_SESSION_BUS_ADDRESS': 'unix:path=/run/user/1000/bus', 'COLORTERM': 'truecolor', 'TERMINATOR_DBUS_NAME': 'net.tenshu.Terminator25ef4b219e3b005583550f2b0f9f990c3', 'GIO_LAUNCHED_DESKTOP_FILE_PID': '16393', 'DEBUGINFOD_URLS': 'https://debuginfod.ubuntu.com', 'IM_CONFIG_PHASE': '1', 'WAYLAND_DISPLAY': 'wayland-0', 'COLCON_PREFIX_PATH': '/home/mouha/crazyflie/ros2_ws/install:/home/mouha/ros2_ws/install', 'ROS_DISTRO': 'jazzy', 'LOGNAME': 'mouha', 'JOURNAL_STREAM': '10:26710', '_': '/usr/bin/colcon', 'ROS_VERSION': '2', 'MEMORY_PRESSURE_WATCH': '/sys/fs/cgroup/user.slice/user-1000.slice/user@1000.service/session.slice/org.gnome.Shell@wayland.service/memory.pressure', 'XDG_SESSION_CLASS': 'user', 'USERNAME': 'mouha', 'TERM': 'xterm-256color', 'GNOME_DESKTOP_SESSION_ID': 'this-is-deprecated', 'PATH': '/opt/ros/jazzy/opt/gz_msgs_vendor/bin:/opt/ros/jazzy/opt/gz_tools_vendor/bin:/opt/ros/jazzy/opt/gz_ogre_next_vendor/bin:/opt/ros/jazzy/bin:/home/mouha/.local/bin:/usr/local/sbin:/usr/local/bin:/usr/sbin:/usr/bin:/sbin:/bin:/usr/games:/usr/local/games:/snap/bin:/snap/bin', 'SESSION_MANAGER': 'local/mouha-TUF:@/tmp/.ICE-unix/2462,unix/mouha-TUF:/tmp/.ICE-unix/2462', 'INVOCATION_ID': 'd766796c67a3427d8e46b6b593769ef7', 'PAPERSIZE': 'a4', 'XDG_MENU_PREFIX': 'gnome-', 'LC_ADDRESS': 'en_GB.UTF-8', 'GNOME_SETUP_DISPLAY': ':1', 'XDG_RUNTIME_DIR': '/run/user/1000', 'DISPLAY': ':0', 'TERMINATOR_DBUS_PATH': '/net/tenshu/Terminator2', 'LANG': 'en_GB.UTF-8', 'XDG_CURRENT_DESKTOP': 'ubuntu:GNOME', 'LC_TELEPHONE': 'en_GB.UTF-8', 'XMODIFIERS': '@im=ibus', 'XDG_SESSION_DESKTOP': 'ubuntu', 'XAUTHORITY': '/run/user/1000/.mutter-Xwaylandauth.SFWAT3', 'LS_COLORS': 'rs=0:di=01;34:ln=01;36:mh=00:pi=40;33:so=01;35:do=01;35:bd=40;33;01:cd=40;33;01:or=40;31;01:mi=00:su=37;41:sg=30;43:ca=00:tw=30;42:ow=34;42:st=37;44:ex=01;32:*.tar=01;31:*.tgz=01;31:*.arc=01;31:*.arj=01;31:*.taz=01;31:*.lha=01;31:*.lz4=01;31:*.lzh=01;31:*.lzma=01;31:*.tlz=01;31:*.txz=01;31:*.tzo=01;31:*.t7z=01;31:*.zip=01;31:*.z=01;31:*.dz=01;31:*.gz=01;31:*.lrz=01;31:*.lz=01;31:*.lzo=01;31:*.xz=01;31:*.zst=01;31:*.tzst=01;31:*.bz2=01;31:*.bz=01;31:*.tbz=01;31:*.tbz2=01;31:*.tz=01;31:*.deb=01;31:*.rpm=01;31:*.jar=01;31:*.war=01;31:*.ear=01;31:*.sar=01;31:*.rar=01;31:*.alz=01;31:*.ace=01;31:*.zoo=01;31:*.cpio=01;31:*.7z=01;31:*.rz=01;31:*.cab=01;31:*.wim=01;31:*.swm=01;31:*.dwm=01;31:*.esd=01;31:*.avif=01;35:*.jpg=01;35:*.jpeg=01;35:*.mjpg=01;35:*.mjpeg=01;35:*.gif=01;35:*.bmp=01;35:*.pbm=01;35:*.pgm=01;35:*.ppm=01;35:*.tga=01;35:*.xbm=01;35:*.xpm=01;35:*.tif=01;35:*.tiff=01;35:*.png=01;35:*.svg=01;35:*.svgz=01;35:*.mng=01;35:*.pcx=01;35:*.mov=01;35:*.mpg=01;35:*.mpeg=01;35:*.m2v=01;35:*.mkv=01;35:*.webm=01;35:*.webp=01;35:*.ogm=01;35:*.mp4=01;35:*.m4v=01;35:*.mp4v=01;35:*.vob=01;35:*.qt=01;35:*.nuv=01;35:*.wmv=01;35:*.asf=01;35:*.rm=01;35:*.rmvb=01;35:*.flc=01;35:*.avi=01;35:*.fli=01;35:*.flv=01;35:*.gl=01;35:*.dl=01;35:*.xcf=01;35:*.xwd=01;35:*.yuv=01;35:*.cgm=01;35:*.emf=01;35:*.ogv=01;35:*.ogx=01;35:*.aac=00;36:*.au=00;36:*.flac=00;36:*.m4a=00;36:*.mid=00;36:*.midi=00;36:*.mka=00;36:*.mp3=00;36:*.mpc=00;36:*.ogg=00;36:*.ra=00;36:*.wav=00;36:*.oga=00;36:*.opus=00;36:*.spx=00;36:*.xspf=00;36:*~=00;90:*#=00;90:*.bak=00;90:*.crdownload=00;90:*.dpkg-dist=00;90:*.dpkg-new=00;90:*.dpkg-old=00;90:*.dpkg-tmp=00;90:*.old=00;90:*.orig=00;90:*.part=00;90:*.rej=00;90:*.rpmnew=00;90:*.rpmorig=00;90:*.rpmsave=00;90:*.swp=00;90:*.tmp=00;90:*.ucf-dist=00;90:*.ucf-new=00;90:*.ucf-old=00;90:', 'SSH_AUTH_SOCK': '/run/user/1000/keyring/ssh', 'AMENT_PREFIX_PATH': '/home/mouha/crazyflie/ros2_ws/install/micro_ros_msgs:/home/mouha/crazyflie/ros2_ws/install/micro_ros_setup:/home/mouha/crazyflie/ros2_ws/install/crazyflie_sim:/home/mouha/crazyflie/ros2_ws/install/crazyflie_server_py:/home/mouha/crazyflie/ros2_ws/install/crazyflie_examples:/home/mouha/crazyflie/ros2_ws/install/crazyflie_py:/home/mouha/crazyflie/ros2_ws/install/crazyflie:/home/mouha/crazyflie/ros2_ws/install/crazyflie_interfaces:/home/mouha/crazyflie/ros2_ws/install/crazyflie_description:/home/mouha/crazyflie/ros2_ws/install/cf_led_mission:/home/mouha/ros2_ws/install/my_py_pkg:/home/mouha/ros2_ws/install/my_cpp_pkg:/opt/ros/jazzy', 'SHELL': '/bin/bash', 'LC_NAME': 'en_GB.UTF-8', 'TERMINATOR_UUID': 'urn:uuid:7c048b6f-977f-4836-932f-4a361a17132b', 'QT_ACCESSIBILITY': '1', 'GDMSESSION': 'ubuntu', 'LESSCLOSE': '/usr/bin/lesspipe %s %s', 'LC_MEASUREMENT': 'en_GB.UTF-8', 'GJS_DEBUG_OUTPUT': 'stderr', 'LC_IDENTIFICATION': 'en_GB.UTF-8', 'ROS_AUTOMATIC_DISCOVERY_RANGE': 'SUBNET', 'QT_IM_MODULE': 'ibus', 'PWD': '/home/mouha/crazyflie/ros2_ws/build/micro_ros_agent', 'LC_ALL': 'en_US.UTF-8', 'XDG_CONFIG_DIRS': '/etc/xdg/xdg-ubuntu:/etc/xdg', 'XDG_DATA_DIRS': '/usr/share/ubuntu:/usr/share/gnome:/usr/local/share/:/usr/share/:/var/lib/snapd/desktop', 'QTWEBENGINE_DICTIONARIES_PATH': '/usr/share/hunspell-bdic/', 'PYTHONPATH': '/home/mouha/crazyflie/ros2_ws/install/micro_ros_msgs/lib/python3.12/site-packages:/home/mouha/ros2_ws/build/my_py_pkg:/home/mouha/crazyflie/ros2_ws/install/crazyflie_sim/lib/python3.12/site-packages:/home/mouha/crazyflie/ros2_ws/build/crazyflie_server_py:/home/mouha/crazyflie/ros2_ws/install/crazyflie_server_py/lib/python3.12/site-packages:/home/mouha/crazyflie/ros2_ws/install/crazyflie_examples/lib/python3.12/site-packages:/home/mouha/crazyflie/ros2_ws/build/crazyflie_py:/home/mouha/crazyflie/ros2_ws/install/crazyflie_py/lib/python3.12/site-packages:/home/mouha/crazyflie/ros2_ws/install/crazyflie_interfaces/lib/python3.12/site-packages:/home/mouha/crazyflie/ros2_ws/build/cf_led_mission:/home/mouha/crazyflie/ros2_ws/install/cf_led_mission/lib/python3.12/site-packages:/home/mouha/ros2_ws/install/my_py_pkg/lib/python3.12/site-packages:/opt/ros/jazzy/lib/python3.12/site-packages', 'LC_NUMERIC': 'en_GB.UTF-8', 'LC_PAPER': 'en_GB.UTF-8', 'COLCON': '1', 'MEMORY_PRESSURE_WRITE': 'c29tZSAyMDAwMDAgMjAwMDAwMAA=', 'VTE_VERSION': '7600', 'CMAKE_PREFIX_PATH': '/home/mouha/crazyflie/ros2_ws/install/micro_ros_msgs:/home/mouha/crazyflie/ros2_ws/install/micro_ros_setup:/home/mouha/crazyflie/ros2_ws/install/crazyflie_sim:/home/mouha/crazyflie/ros2_ws/install/crazyflie_examples:/home/mouha/crazyflie/ros2_ws/install/crazyflie:/home/mouha/crazyflie/ros2_ws/install/crazyflie_interfaces:/home/mouha/crazyflie/ros2_ws/install/crazyflie_description:/home/mouha/ros2_ws/install/my_cpp_pkg:/opt/ros/jazzy/opt/gz_sim_vendor:/opt/ros/jazzy/opt/gz_sensors_vendor:/opt/ros/jazzy/opt/gz_physics_vendor:/opt/ros/jazzy/opt/sdformat_vendor:/opt/ros/jazzy/opt/gz_gui_vendor:/opt/ros/jazzy/opt/gz_transport_vendor:/opt/ros/jazzy/opt/gz_rendering_vendor:/opt/ros/jazzy/opt/gz_plugin_vendor:/opt/ros/jazzy/opt/gz_fuel_tools_vendor:/opt/ros/jazzy/opt/gz_msgs_vendor:/opt/ros/jazzy/opt/gz_common_vendor:/opt/ros/jazzy/opt/gz_math_vendor:/opt/ros/jazzy/opt/gz_utils_vendor:/opt/ros/jazzy/opt/gz_tools_vendor:/opt/ros/jazzy/opt/gz_ogre_next_vendor:/opt/ros/jazzy/opt/gz_dartsim_vendor:/opt/ros/jazzy/opt/gz_cmake_vendor:/home/mouha/crazyflie/ros2_ws/install/crazyflie_server_py:/home/mouha/crazyflie/ros2_ws/install/crazyflie_py:/home/mouha/crazyflie/ros2_ws/install/cf_led_mission:/home/mouha/ros2_ws/install/my_py_pkg:/opt/ros/jazzy'}), 'shell': False}
[4.699724] (micro_ros_agent) StdoutLine: {'line': b'Not searching for unused variables given on the command line.\n'}
[4.710924] (-) TimerEvent: {}
[4.742289] (micro_ros_agent) StdoutLine: {'line': b'-- The C compiler identification is GNU 13.3.0\n'}
[4.751709] (micro_ros_agent) StdoutLine: {'line': b'-- Detecting C compiler ABI info\n'}
[4.811023] (-) TimerEvent: {}
[4.815683] (micro_ros_agent) StdoutLine: {'line': b'-- Detecting C compiler ABI info - done\n'}
[4.822335] (micro_ros_agent) StdoutLine: {'line': b'-- Check for working C compiler: /usr/bin/cc - skipped\n'}
[4.822493] (micro_ros_agent) StdoutLine: {'line': b'-- Detecting C compile features\n'}
[4.822754] (micro_ros_agent) StdoutLine: {'line': b'-- Detecting C compile features - done\n'}
[4.860396] (micro_ros_agent) StdoutLine: {'line': b'-- The CXX compiler identification is GNU 13.3.0\n'}
[4.869461] (micro_ros_agent) StdoutLine: {'line': b'-- Detecting CXX compiler ABI info\n'}
[4.911142] (-) TimerEvent: {}
[4.941246] (micro_ros_agent) StdoutLine: {'line': b'-- Detecting CXX compiler ABI info - done\n'}
[4.948066] (micro_ros_agent) StdoutLine: {'line': b'-- Check for working CXX compiler: /usr/bin/c++ - skipped\n'}
[4.948262] (micro_ros_agent) StdoutLine: {'line': b'-- Detecting CXX compile features\n'}
[4.948654] (micro_ros_agent) StdoutLine: {'line': b'-- Detecting CXX compile features - done\n'}
[4.976728] (micro_ros_agent) StdoutLine: {'line': b'-- Configuring done (0.3s)\n'}
[4.978869] (micro_ros_agent) StdoutLine: {'line': b'-- Generating done (0.0s)\n'}
[4.979756] (micro_ros_agent) StdoutLine: {'line': b'-- Build files have been written to: /home/mouha/crazyflie/ros2_ws/build/micro_ros_agent\n'}
[4.982965] (micro_ros_agent) CommandEnded: {'returncode': 0}
[4.983336] (micro_ros_agent) JobProgress: {'identifier': 'micro_ros_agent', 'progress': 'build'}
[4.983597] (micro_ros_agent) Command: {'cmd': ['/usr/bin/cmake', '--build', '/home/mouha/crazyflie/ros2_ws/build/micro_ros_agent', '--', '-j12', '-l12'], 'cwd': '/home/mouha/crazyflie/ros2_ws/build/micro_ros_agent', 'env': OrderedDict({'GJS_DEBUG_TOPICS': 'JS ERROR;JS LOG', 'XDG_ACTIVATION_TOKEN': 'gnome-shell/Terminator/2522-1-mouha-TUF_TIME1250468', 'LESSOPEN': '| /usr/bin/lesspipe %s', 'GZ_SIM_RESOURCE_PATH': '/opt/ros/jazzy/share', 'LANGUAGE': 'en_GB:en', 'USER': 'mouha', 'LC_TIME': 'en_GB.UTF-8', 'GZ_CONFIG_PATH': '/opt/ros/jazzy/opt/gz_sim_vendor/share/gz:/opt/ros/jazzy/opt/sdformat_vendor/share/gz:/opt/ros/jazzy/opt/gz_gui_vendor/share/gz:/opt/ros/jazzy/opt/gz_transport_vendor/share/gz:/opt/ros/jazzy/opt/gz_rendering_vendor/share/gz:/opt/ros/jazzy/opt/gz_plugin_vendor/share/gz:/opt/ros/jazzy/opt/gz_fuel_tools_vendor/share/gz:/opt/ros/jazzy/opt/gz_msgs_vendor/share/gz:/opt/ros/jazzy/opt/gz_common_vendor/share/gz', 'XDG_SESSION_TYPE': 'wayland', 'STM32CubeMX_PATH': '/home/mouha/STM32CubeMX', 'CLUTTER_DISABLE_MIPMAPPED_TEXT': '1', 'SHLVL': '2', 'LD_LIBRARY_PATH': '/home/mouha/crazyflie/ros2_ws/install/micro_ros_msgs/lib:/home/mouha/crazyflie/ros2_ws/install/crazyflie_interfaces/lib:/opt/ros/jazzy/opt/gz_sim_vendor/lib:/opt/ros/jazzy/opt/gz_sensors_vendor/lib:/opt/ros/jazzy/opt/gz_physics_vendor/lib:/opt/ros/jazzy/opt/sdformat_vendor/lib:/opt/ros/jazzy/opt/rviz_ogre_vendor/lib:/opt/ros/jazzy/lib/x86_64-linux-gnu:/opt/ros/jazzy/opt/gz_gui_vendor/lib:/opt/ros/jazzy/opt/gz_transport_vendor/lib:/opt/ros/jazzy/opt/gz_rendering_vendor/lib:/opt/ros/jazzy/opt/gz_plugin_vendor/lib:/opt/ros/jazzy/opt/gz_fuel_tools_vendor/lib:/opt/ros/jazzy/opt/gz_msgs_vendor/lib:/opt/ros/jazzy/opt/gz_common_vendor/lib:/opt/ros/jazzy/opt/gz_math_vendor/lib:/opt/ros/jazzy/opt/gz_utils_vendor/lib:/opt/ros/jazzy/opt/gz_tools_vendor/lib:/opt/ros/jazzy/opt/gz_ogre_next_vendor/lib:/opt/ros/jazzy/opt/gz_dartsim_vendor/lib:/opt/ros/jazzy/opt/gz_cmake_vendor/lib:/opt/ros/jazzy/lib', 'HOME': '/home/mouha', 'OLDPWD': '/home/mouha/crazyflie/ros2_ws/src', 'DESKTOP_SESSION': 'ubuntu', 'GIO_LAUNCHED_DESKTOP_FILE': '/usr/share/applications/terminator.desktop', 'ROS_PYTHON_VERSION': '3', 'GNOME_SHELL_SESSION_MODE': 'ubuntu', 'GTK_MODULES': 'gail:atk-bridge', 'LC_MONETARY': 'en_GB.UTF-8', 'MANAGERPID': '2224', 'SYSTEMD_EXEC_PID': '2522', 'GSM_SKIP_SSH_AGENT_WORKAROUND': 'true', 'DBUS_SESSION_BUS_ADDRESS': 'unix:path=/run/user/1000/bus', 'COLORTERM': 'truecolor', 'TERMINATOR_DBUS_NAME': 'net.tenshu.Terminator25ef4b219e3b005583550f2b0f9f990c3', 'GIO_LAUNCHED_DESKTOP_FILE_PID': '16393', 'DEBUGINFOD_URLS': 'https://debuginfod.ubuntu.com', 'IM_CONFIG_PHASE': '1', 'WAYLAND_DISPLAY': 'wayland-0', 'COLCON_PREFIX_PATH': '/home/mouha/crazyflie/ros2_ws/install:/home/mouha/ros2_ws/install', 'ROS_DISTRO': 'jazzy', 'LOGNAME': 'mouha', 'JOURNAL_STREAM': '10:26710', '_': '/usr/bin/colcon', 'ROS_VERSION': '2', 'MEMORY_PRESSURE_WATCH': '/sys/fs/cgroup/user.slice/user-1000.slice/user@1000.service/session.slice/org.gnome.Shell@wayland.service/memory.pressure', 'XDG_SESSION_CLASS': 'user', 'USERNAME': 'mouha', 'TERM': 'xterm-256color', 'GNOME_DESKTOP_SESSION_ID': 'this-is-deprecated', 'PATH': '/opt/ros/jazzy/opt/gz_msgs_vendor/bin:/opt/ros/jazzy/opt/gz_tools_vendor/bin:/opt/ros/jazzy/opt/gz_ogre_next_vendor/bin:/opt/ros/jazzy/bin:/home/mouha/.local/bin:/usr/local/sbin:/usr/local/bin:/usr/sbin:/usr/bin:/sbin:/bin:/usr/games:/usr/local/games:/snap/bin:/snap/bin', 'SESSION_MANAGER': 'local/mouha-TUF:@/tmp/.ICE-unix/2462,unix/mouha-TUF:/tmp/.ICE-unix/2462', 'INVOCATION_ID': 'd766796c67a3427d8e46b6b593769ef7', 'PAPERSIZE': 'a4', 'XDG_MENU_PREFIX': 'gnome-', 'LC_ADDRESS': 'en_GB.UTF-8', 'GNOME_SETUP_DISPLAY': ':1', 'XDG_RUNTIME_DIR': '/run/user/1000', 'DISPLAY': ':0', 'TERMINATOR_DBUS_PATH': '/net/tenshu/Terminator2', 'LANG': 'en_GB.UTF-8', 'XDG_CURRENT_DESKTOP': 'ubuntu:GNOME', 'LC_TELEPHONE': 'en_GB.UTF-8', 'XMODIFIERS': '@im=ibus', 'XDG_SESSION_DESKTOP': 'ubuntu', 'XAUTHORITY': '/run/user/1000/.mutter-Xwaylandauth.SFWAT3', 'LS_COLORS': 'rs=0:di=01;34:ln=01;36:mh=00:pi=40;33:so=01;35:do=01;35:bd=40;33;01:cd=40;33;01:or=40;31;01:mi=00:su=37;41:sg=30;43:ca=00:tw=30;42:ow=34;42:st=37;44:ex=01;32:*.tar=01;31:*.tgz=01;31:*.arc=01;31:*.arj=01;31:*.taz=01;31:*.lha=01;31:*.lz4=01;31:*.lzh=01;31:*.lzma=01;31:*.tlz=01;31:*.txz=01;31:*.tzo=01;31:*.t7z=01;31:*.zip=01;31:*.z=01;31:*.dz=01;31:*.gz=01;31:*.lrz=01;31:*.lz=01;31:*.lzo=01;31:*.xz=01;31:*.zst=01;31:*.tzst=01;31:*.bz2=01;31:*.bz=01;31:*.tbz=01;31:*.tbz2=01;31:*.tz=01;31:*.deb=01;31:*.rpm=01;31:*.jar=01;31:*.war=01;31:*.ear=01;31:*.sar=01;31:*.rar=01;31:*.alz=01;31:*.ace=01;31:*.zoo=01;31:*.cpio=01;31:*.7z=01;31:*.rz=01;31:*.cab=01;31:*.wim=01;31:*.swm=01;31:*.dwm=01;31:*.esd=01;31:*.avif=01;35:*.jpg=01;35:*.jpeg=01;35:*.mjpg=01;35:*.mjpeg=01;35:*.gif=01;35:*.bmp=01;35:*.pbm=01;35:*.pgm=01;35:*.ppm=01;35:*.tga=01;35:*.xbm=01;35:*.xpm=01;35:*.tif=01;35:*.tiff=01;35:*.png=01;35:*.svg=01;35:*.svgz=01;35:*.mng=01;35:*.pcx=01;35:*.mov=01;35:*.mpg=01;35:*.mpeg=01;35:*.m2v=01;35:*.mkv=01;35:*.webm=01;35:*.webp=01;35:*.ogm=01;35:*.mp4=01;35:*.m4v=01;35:*.mp4v=01;35:*.vob=01;35:*.qt=01;35:*.nuv=01;35:*.wmv=01;35:*.asf=01;35:*.rm=01;35:*.rmvb=01;35:*.flc=01;35:*.avi=01;35:*.fli=01;35:*.flv=01;35:*.gl=01;35:*.dl=01;35:*.xcf=01;35:*.xwd=01;35:*.yuv=01;35:*.cgm=01;35:*.emf=01;35:*.ogv=01;35:*.ogx=01;35:*.aac=00;36:*.au=00;36:*.flac=00;36:*.m4a=00;36:*.mid=00;36:*.midi=00;36:*.mka=00;36:*.mp3=00;36:*.mpc=00;36:*.ogg=00;36:*.ra=00;36:*.wav=00;36:*.oga=00;36:*.opus=00;36:*.spx=00;36:*.xspf=00;36:*~=00;90:*#=00;90:*.bak=00;90:*.crdownload=00;90:*.dpkg-dist=00;90:*.dpkg-new=00;90:*.dpkg-old=00;90:*.dpkg-tmp=00;90:*.old=00;90:*.orig=00;90:*.part=00;90:*.rej=00;90:*.rpmnew=00;90:*.rpmorig=00;90:*.rpmsave=00;90:*.swp=00;90:*.tmp=00;90:*.ucf-dist=00;90:*.ucf-new=00;90:*.ucf-old=00;90:', 'SSH_AUTH_SOCK': '/run/user/1000/keyring/ssh', 'AMENT_PREFIX_PATH': '/home/mouha/crazyflie/ros2_ws/install/micro_ros_msgs:/home/mouha/crazyflie/ros2_ws/install/micro_ros_setup:/home/mouha/crazyflie/ros2_ws/install/crazyflie_sim:/home/mouha/crazyflie/ros2_ws/install/crazyflie_server_py:/home/mouha/crazyflie/ros2_ws/install/crazyflie_examples:/home/mouha/crazyflie/ros2_ws/install/crazyflie_py:/home/mouha/crazyflie/ros2_ws/install/crazyflie:/home/mouha/crazyflie/ros2_ws/install/crazyflie_interfaces:/home/mouha/crazyflie/ros2_ws/install/crazyflie_description:/home/mouha/crazyflie/ros2_ws/install/cf_led_mission:/home/mouha/ros2_ws/install/my_py_pkg:/home/mouha/ros2_ws/install/my_cpp_pkg:/opt/ros/jazzy', 'SHELL': '/bin/bash', 'LC_NAME': 'en_GB.UTF-8', 'TERMINATOR_UUID': 'urn:uuid:7c048b6f-977f-4836-932f-4a361a17132b', 'QT_ACCESSIBILITY': '1', 'GDMSESSION': 'ubuntu', 'LESSCLOSE': '/usr/bin/lesspipe %s %s', 'LC_MEASUREMENT': 'en_GB.UTF-8', 'GJS_DEBUG_OUTPUT': 'stderr', 'LC_IDENTIFICATION': 'en_GB.UTF-8', 'ROS_AUTOMATIC_DISCOVERY_RANGE': 'SUBNET', 'QT_IM_MODULE': 'ibus', 'PWD': '/home/mouha/crazyflie/ros2_ws/build/micro_ros_agent', 'LC_ALL': 'en_US.UTF-8', 'XDG_CONFIG_DIRS': '/etc/xdg/xdg-ubuntu:/etc/xdg', 'XDG_DATA_DIRS': '/usr/share/ubuntu:/usr/share/gnome:/usr/local/share/:/usr/share/:/var/lib/snapd/desktop', 'QTWEBENGINE_DICTIONARIES_PATH': '/usr/share/hunspell-bdic/', 'PYTHONPATH': '/home/mouha/crazyflie/ros2_ws/install/micro_ros_msgs/lib/python3.12/site-packages:/home/mouha/ros2_ws/build/my_py_pkg:/home/mouha/crazyflie/ros2_ws/install/crazyflie_sim/lib/python3.12/site-packages:/home/mouha/crazyflie/ros2_ws/build/crazyflie_server_py:/home/mouha/crazyflie/ros2_ws/install/crazyflie_server_py/lib/python3.12/site-packages:/home/mouha/crazyflie/ros2_ws/install/crazyflie_examples/lib/python3.12/site-packages:/home/mouha/crazyflie/ros2_ws/build/crazyflie_py:/home/mouha/crazyflie/ros2_ws/install/crazyflie_py/lib/python3.12/site-packages:/home/mouha/crazyflie/ros2_ws/install/crazyflie_interfaces/lib/python3.12/site-packages:/home/mouha/crazyflie/ros2_ws/build/cf_led_mission:/home/mouha/crazyflie/ros2_ws/install/cf_led_mission/lib/python3.12/site-packages:/home/mouha/ros2_ws/install/my_py_pkg/lib/python3.12/site-packages:/opt/ros/jazzy/lib/python3.12/site-packages', 'LC_NUMERIC': 'en_GB.UTF-8', 'LC_PAPER': 'en_GB.UTF-8', 'COLCON': '1', 'MEMORY_PRESSURE_WRITE': 'c29tZSAyMDAwMDAgMjAwMDAwMAA=', 'VTE_VERSION': '7600', 'CMAKE_PREFIX_PATH': '/home/mouha/crazyflie/ros2_ws/install/micro_ros_msgs:/home/mouha/crazyflie/ros2_ws/install/micro_ros_setup:/home/mouha/crazyflie/ros2_ws/install/crazyflie_sim:/home/mouha/crazyflie/ros2_ws/install/crazyflie_examples:/home/mouha/crazyflie/ros2_ws/install/crazyflie:/home/mouha/crazyflie/ros2_ws/install/crazyflie_interfaces:/home/mouha/crazyflie/ros2_ws/install/crazyflie_description:/home/mouha/ros2_ws/install/my_cpp_pkg:/opt/ros/jazzy/opt/gz_sim_vendor:/opt/ros/jazzy/opt/gz_sensors_vendor:/opt/ros/jazzy/opt/gz_physics_vendor:/opt/ros/jazzy/opt/sdformat_vendor:/opt/ros/jazzy/opt/gz_gui_vendor:/opt/ros/jazzy/opt/gz_transport_vendor:/opt/ros/jazzy/opt/gz_rendering_vendor:/opt/ros/jazzy/opt/gz_plugin_vendor:/opt/ros/jazzy/opt/gz_fuel_tools_vendor:/opt/ros/jazzy/opt/gz_msgs_vendor:/opt/ros/jazzy/opt/gz_common_vendor:/opt/ros/jazzy/opt/gz_math_vendor:/opt/ros/jazzy/opt/gz_utils_vendor:/opt/ros/jazzy/opt/gz_tools_vendor:/opt/ros/jazzy/opt/gz_ogre_next_vendor:/opt/ros/jazzy/opt/gz_dartsim_vendor:/opt/ros/jazzy/opt/gz_cmake_vendor:/home/mouha/crazyflie/ros2_ws/install/crazyflie_server_py:/home/mouha/crazyflie/ros2_ws/install/crazyflie_py:/home/mouha/crazyflie/ros2_ws/install/cf_led_mission:/home/mouha/ros2_ws/install/my_py_pkg:/opt/ros/jazzy'}), 'shell': False}
[5.011252] (-) TimerEvent: {}
[5.019476] (micro_ros_agent) StdoutLine: {'line': b"[  6%] \x1b[34m\x1b[1mCreating directories for 'xrceagent'\x1b[0m\n"}
[5.038298] (micro_ros_agent) StdoutLine: {'line': b"[ 12%] \x1b[34m\x1b[1mPerforming download step (git clone) for 'xrceagent'\x1b[0m\n"}
[5.052676] (micro_ros_agent) StderrLine: {'line': b"Cloning into 'xrceagent'...\n"}
[5.111369] (-) TimerEvent: {}
[5.211613] (-) TimerEvent: {}
[5.311835] (-) TimerEvent: {}
[5.412061] (-) TimerEvent: {}
[5.512297] (-) TimerEvent: {}
[5.612567] (-) TimerEvent: {}
[5.712831] (-) TimerEvent: {}
[5.813173] (-) TimerEvent: {}
[5.913475] (-) TimerEvent: {}
[6.013716] (-) TimerEvent: {}
[6.113969] (-) TimerEvent: {}
[6.214216] (-) TimerEvent: {}
[6.314470] (-) TimerEvent: {}
[6.414791] (-) TimerEvent: {}
[6.515137] (-) TimerEvent: {}
[6.615395] (-) TimerEvent: {}
[6.715603] (-) TimerEvent: {}
[6.815818] (-) TimerEvent: {}
[6.916063] (-) TimerEvent: {}
[7.016350] (-) TimerEvent: {}
[7.116604] (-) TimerEvent: {}
[7.216920] (-) TimerEvent: {}
[7.317163] (-) TimerEvent: {}
[7.417401] (-) TimerEvent: {}
[7.517651] (-) TimerEvent: {}
[7.617873] (-) TimerEvent: {}
[7.718181] (-) TimerEvent: {}
[7.818450] (-) TimerEvent: {}
[7.918694] (-) TimerEvent: {}
[8.018947] (-) TimerEvent: {}
[8.119166] (-) TimerEvent: {}
[8.219420] (-) TimerEvent: {}
[8.319727] (-) TimerEvent: {}
[8.420102] (-) TimerEvent: {}
[8.520484] (-) TimerEvent: {}
[8.620738] (-) TimerEvent: {}
[8.720993] (-) TimerEvent: {}
[8.821237] (-) TimerEvent: {}
[8.921514] (-) TimerEvent: {}
[9.021781] (-) TimerEvent: {}
[9.122072] (-) TimerEvent: {}
[9.222315] (-) TimerEvent: {}
[9.322598] (-) TimerEvent: {}
[9.423017] (-) TimerEvent: {}
[9.523440] (-) TimerEvent: {}
[9.623712] (-) TimerEvent: {}
[9.724068] (-) TimerEvent: {}
[9.824392] (-) TimerEvent: {}
[9.924622] (-) TimerEvent: {}
[10.024856] (-) TimerEvent: {}
[10.125143] (-) TimerEvent: {}
[10.225402] (-) TimerEvent: {}
[10.325645] (-) TimerEvent: {}
[10.425883] (-) TimerEvent: {}
[10.526150] (-) TimerEvent: {}
[10.626412] (-) TimerEvent: {}
[10.726687] (-) TimerEvent: {}
[10.826934] (-) TimerEvent: {}
[10.927183] (-) TimerEvent: {}
[11.027441] (-) TimerEvent: {}
[11.127716] (-) TimerEvent: {}
[11.228051] (-) TimerEvent: {}
[11.328327] (-) TimerEvent: {}
[11.428566] (-) TimerEvent: {}
[11.528795] (-) TimerEvent: {}
[11.629043] (-) TimerEvent: {}
[11.729309] (-) TimerEvent: {}
[11.829562] (-) TimerEvent: {}
[11.929797] (-) TimerEvent: {}
[12.030104] (-) TimerEvent: {}
[12.130462] (-) TimerEvent: {}
[12.230872] (-) TimerEvent: {}
[12.331125] (-) TimerEvent: {}
[12.431383] (-) TimerEvent: {}
[12.531731] (-) TimerEvent: {}
[12.631971] (-) TimerEvent: {}
[12.732320] (-) TimerEvent: {}
[12.832692] (-) TimerEvent: {}
[12.932938] (-) TimerEvent: {}
[13.033205] (-) TimerEvent: {}
[13.133459] (-) TimerEvent: {}
[13.233699] (-) TimerEvent: {}
[13.333944] (-) TimerEvent: {}
[13.434294] (-) TimerEvent: {}
[13.534592] (-) TimerEvent: {}
[13.635006] (-) TimerEvent: {}
[13.735292] (-) TimerEvent: {}
[13.835589] (-) TimerEvent: {}
[13.935943] (-) TimerEvent: {}
[14.036231] (-) TimerEvent: {}
[14.136571] (-) TimerEvent: {}
[14.236807] (-) TimerEvent: {}
[14.337203] (-) TimerEvent: {}
[14.437473] (-) TimerEvent: {}
[14.537702] (-) TimerEvent: {}
[14.637944] (-) TimerEvent: {}
[14.738197] (-) TimerEvent: {}
[14.838479] (-) TimerEvent: {}
[14.938731] (-) TimerEvent: {}
[15.038991] (-) TimerEvent: {}
[15.139267] (-) TimerEvent: {}
[15.239501] (-) TimerEvent: {}
[15.339913] (-) TimerEvent: {}
[15.440201] (-) TimerEvent: {}
[15.540525] (-) TimerEvent: {}
[15.640764] (-) TimerEvent: {}
[15.741083] (-) TimerEvent: {}
[15.841355] (-) TimerEvent: {}
[15.941579] (-) TimerEvent: {}
[16.041805] (-) TimerEvent: {}
[16.142055] (-) TimerEvent: {}
[16.242325] (-) TimerEvent: {}
[16.342610] (-) TimerEvent: {}
[16.442854] (-) TimerEvent: {}
[16.543188] (-) TimerEvent: {}
[16.643603] (-) TimerEvent: {}
[16.743849] (-) TimerEvent: {}
[16.844188] (-) TimerEvent: {}
[16.944440] (-) TimerEvent: {}
[17.044793] (-) TimerEvent: {}
[17.145050] (-) TimerEvent: {}
[17.245369] (-) TimerEvent: {}
[17.345607] (-) TimerEvent: {}
[17.445904] (-) TimerEvent: {}
[17.546183] (-) TimerEvent: {}
[17.646614] (-) TimerEvent: {}
[17.747031] (-) TimerEvent: {}
[17.847406] (-) TimerEvent: {}
[17.947856] (-) TimerEvent: {}
[18.048197] (-) TimerEvent: {}
[18.148525] (-) TimerEvent: {}
[18.248854] (-) TimerEvent: {}
[18.349279] (-) TimerEvent: {}
[18.449618] (-) TimerEvent: {}
[18.549952] (-) TimerEvent: {}
[18.650251] (-) TimerEvent: {}
[18.750522] (-) TimerEvent: {}
[18.850753] (-) TimerEvent: {}
[18.950986] (-) TimerEvent: {}
[19.051295] (-) TimerEvent: {}
[19.151559] (-) TimerEvent: {}
[19.251804] (-) TimerEvent: {}
[19.352083] (-) TimerEvent: {}
[19.452363] (-) TimerEvent: {}
[19.552705] (-) TimerEvent: {}
[19.652992] (-) TimerEvent: {}
[19.753288] (-) TimerEvent: {}
[19.853550] (-) TimerEvent: {}
[19.953916] (-) TimerEvent: {}
[20.054194] (-) TimerEvent: {}
[20.154623] (-) TimerEvent: {}
[20.254864] (-) TimerEvent: {}
[20.355258] (-) TimerEvent: {}
[20.455588] (-) TimerEvent: {}
[20.555948] (-) TimerEvent: {}
[20.656349] (-) TimerEvent: {}
[20.740158] (micro_ros_agent) StderrLine: {'line': b'HEAD is now at 7362281 Release v2.4.3\n'}
[20.756457] (-) TimerEvent: {}
[20.775145] (micro_ros_agent) StdoutLine: {'line': b"[ 18%] \x1b[34m\x1b[1mPerforming update step for 'xrceagent'\x1b[0m\n"}
[20.791541] (micro_ros_agent) StdoutLine: {'line': b"[ 25%] \x1b[34m\x1b[1mNo patch step for 'xrceagent'\x1b[0m\n"}
[20.808009] (micro_ros_agent) StdoutLine: {'line': b"[ 31%] \x1b[34m\x1b[1mPerforming configure step for 'xrceagent'\x1b[0m\n"}
[20.814048] (micro_ros_agent) StdoutLine: {'line': b'loading initial cache file /home/mouha/crazyflie/ros2_ws/build/micro_ros_agent/agent/tmp/xrceagent-cache-.cmake\n'}
[20.853743] (micro_ros_agent) StdoutLine: {'line': b'-- The C compiler identification is GNU 13.3.0\n'}
[20.856530] (-) TimerEvent: {}
[20.862727] (micro_ros_agent) StdoutLine: {'line': b'-- Detecting C compiler ABI info\n'}
[20.923007] (micro_ros_agent) StdoutLine: {'line': b'-- Detecting C compiler ABI info - done\n'}
[20.929617] (micro_ros_agent) StdoutLine: {'line': b'-- Check for working C compiler: /usr/bin/cc - skipped\n'}
[20.929794] (micro_ros_agent) StdoutLine: {'line': b'-- Detecting C compile features\n'}
[20.930002] (micro_ros_agent) StdoutLine: {'line': b'-- Detecting C compile features - done\n'}
[20.956629] (-) TimerEvent: {}
[20.967165] (micro_ros_agent) StdoutLine: {'line': b'-- The CXX compiler identification is GNU 13.3.0\n'}
[20.975712] (micro_ros_agent) StdoutLine: {'line': b'-- Detecting CXX compiler ABI info\n'}
[21.047666] (micro_ros_agent) StdoutLine: {'line': b'-- Detecting CXX compiler ABI info - done\n'}
[21.054231] (micro_ros_agent) StdoutLine: {'line': b'-- Check for working CXX compiler: /usr/bin/c++ - skipped\n'}
[21.054409] (micro_ros_agent) StdoutLine: {'line': b'-- Detecting CXX compile features\n'}
[21.054759] (micro_ros_agent) StdoutLine: {'line': b'-- Detecting CXX compile features - done\n'}
[21.056666] (-) TimerEvent: {}
[21.082407] (micro_ros_agent) StdoutLine: {'line': b'-- Configuring done (0.3s)\n'}
[21.084466] (micro_ros_agent) StdoutLine: {'line': b'-- Generating done (0.0s)\n'}
[21.084917] (micro_ros_agent) StdoutLine: {'line': b'-- Build files have been written to: /home/mouha/crazyflie/ros2_ws/build/micro_ros_agent/agent/src/xrceagent-build\n'}
[21.100299] (micro_ros_agent) StdoutLine: {'line': b"[ 37%] \x1b[34m\x1b[1mPerforming build step for 'xrceagent'\x1b[0m\n"}
[21.129780] (micro_ros_agent) StdoutLine: {'line': b"[  6%] \x1b[34m\x1b[1mCreating directories for 'spdlog'\x1b[0m\n"}
[21.147712] (micro_ros_agent) StdoutLine: {'line': b"[ 12%] \x1b[34m\x1b[1mPerforming download step (git clone) for 'spdlog'\x1b[0m\n"}
[21.156789] (-) TimerEvent: {}
[21.162298] (micro_ros_agent) StderrLine: {'line': b"Cloning into 'spdlog'...\n"}
[21.256947] (-) TimerEvent: {}
[21.357199] (-) TimerEvent: {}
[21.457451] (-) TimerEvent: {}
[21.557753] (-) TimerEvent: {}
[21.658060] (-) TimerEvent: {}
[21.758329] (-) TimerEvent: {}
[21.858628] (-) TimerEvent: {}
[21.958870] (-) TimerEvent: {}
[22.059219] (-) TimerEvent: {}
[22.159472] (-) TimerEvent: {}
[22.259783] (-) TimerEvent: {}
[22.360037] (-) TimerEvent: {}
[22.460270] (-) TimerEvent: {}
[22.560579] (-) TimerEvent: {}
[22.660903] (-) TimerEvent: {}
[22.761153] (-) TimerEvent: {}
[22.861405] (-) TimerEvent: {}
[22.961652] (-) TimerEvent: {}
[23.061910] (-) TimerEvent: {}
[23.162157] (-) TimerEvent: {}
[23.262404] (-) TimerEvent: {}
[23.362609] (-) TimerEvent: {}
[23.462839] (-) TimerEvent: {}
[23.563129] (-) TimerEvent: {}
[23.663376] (-) TimerEvent: {}
[23.763604] (-) TimerEvent: {}
[23.863836] (-) TimerEvent: {}
[23.964122] (-) TimerEvent: {}
[24.064364] (-) TimerEvent: {}
[24.164648] (-) TimerEvent: {}
[24.264894] (-) TimerEvent: {}
[24.365135] (-) TimerEvent: {}
[24.465379] (-) TimerEvent: {}
[24.565670] (-) TimerEvent: {}
[24.665897] (-) TimerEvent: {}
[24.766153] (-) TimerEvent: {}
[24.866400] (-) TimerEvent: {}
[24.966602] (-) TimerEvent: {}
[25.066829] (-) TimerEvent: {}
[25.167070] (-) TimerEvent: {}
[25.267309] (-) TimerEvent: {}
[25.367556] (-) TimerEvent: {}
[25.467813] (-) TimerEvent: {}
[25.568063] (-) TimerEvent: {}
[25.668308] (-) TimerEvent: {}
[25.768599] (-) TimerEvent: {}
[25.868830] (-) TimerEvent: {}
[25.969073] (-) TimerEvent: {}
[26.069373] (-) TimerEvent: {}
[26.169608] (-) TimerEvent: {}
[26.269826] (-) TimerEvent: {}
[26.370061] (-) TimerEvent: {}
[26.470309] (-) TimerEvent: {}
[26.570528] (-) TimerEvent: {}
[26.670753] (-) TimerEvent: {}
[26.770991] (-) TimerEvent: {}
[26.871292] (-) TimerEvent: {}
[26.971544] (-) TimerEvent: {}
[27.071755] (-) TimerEvent: {}
[27.171992] (-) TimerEvent: {}
[27.272232] (-) TimerEvent: {}
[27.372462] (-) TimerEvent: {}
[27.472746] (-) TimerEvent: {}
[27.572985] (-) TimerEvent: {}
[27.673238] (-) TimerEvent: {}
[27.773488] (-) TimerEvent: {}
[27.873785] (-) TimerEvent: {}
[27.974030] (-) TimerEvent: {}
[28.074322] (-) TimerEvent: {}
[28.174574] (-) TimerEvent: {}
[28.274789] (-) TimerEvent: {}
[28.375037] (-) TimerEvent: {}
[28.475294] (-) TimerEvent: {}
[28.575543] (-) TimerEvent: {}
[28.675838] (-) TimerEvent: {}
[28.776087] (-) TimerEvent: {}
[28.876379] (-) TimerEvent: {}
[28.976604] (-) TimerEvent: {}
[29.076888] (-) TimerEvent: {}
[29.177184] (-) TimerEvent: {}
[29.277429] (-) TimerEvent: {}
[29.377742] (-) TimerEvent: {}
[29.477975] (-) TimerEvent: {}
[29.578271] (-) TimerEvent: {}
[29.678517] (-) TimerEvent: {}
[29.778847] (-) TimerEvent: {}
[29.879083] (-) TimerEvent: {}
[29.979326] (-) TimerEvent: {}
[30.079570] (-) TimerEvent: {}
[30.179854] (-) TimerEvent: {}
[30.280090] (-) TimerEvent: {}
[30.380326] (-) TimerEvent: {}
[30.480573] (-) TimerEvent: {}
[30.580865] (-) TimerEvent: {}
[30.681108] (-) TimerEvent: {}
[30.781349] (-) TimerEvent: {}
[30.881603] (-) TimerEvent: {}
[30.981852] (-) TimerEvent: {}
[31.082109] (-) TimerEvent: {}
[31.182360] (-) TimerEvent: {}
[31.282607] (-) TimerEvent: {}
[31.382835] (-) TimerEvent: {}
[31.483086] (-) TimerEvent: {}
[31.583335] (-) TimerEvent: {}
[31.683585] (-) TimerEvent: {}
[31.783825] (-) TimerEvent: {}
[31.884075] (-) TimerEvent: {}
[31.984326] (-) TimerEvent: {}
[32.084570] (-) TimerEvent: {}
[32.184812] (-) TimerEvent: {}
[32.285053] (-) TimerEvent: {}
[32.385292] (-) TimerEvent: {}
[32.485539] (-) TimerEvent: {}
[32.585785] (-) TimerEvent: {}
[32.686041] (-) TimerEvent: {}
[32.786310] (-) TimerEvent: {}
[32.886571] (-) TimerEvent: {}
[32.986832] (-) TimerEvent: {}
[33.087085] (-) TimerEvent: {}
[33.187343] (-) TimerEvent: {}
[33.287611] (-) TimerEvent: {}
[33.387871] (-) TimerEvent: {}
[33.488120] (-) TimerEvent: {}
[33.588386] (-) TimerEvent: {}
[33.688599] (-) TimerEvent: {}
[33.788822] (-) TimerEvent: {}
[33.889066] (-) TimerEvent: {}
[33.989311] (-) TimerEvent: {}
[34.089574] (-) TimerEvent: {}
[34.189796] (-) TimerEvent: {}
[34.290051] (-) TimerEvent: {}
[34.390278] (-) TimerEvent: {}
[34.490515] (-) TimerEvent: {}
[34.590744] (-) TimerEvent: {}
[34.690978] (-) TimerEvent: {}
[34.791215] (-) TimerEvent: {}
[34.891477] (-) TimerEvent: {}
[34.991710] (-) TimerEvent: {}
[35.091950] (-) TimerEvent: {}
[35.192227] (-) TimerEvent: {}
[35.292468] (-) TimerEvent: {}
[35.392694] (-) TimerEvent: {}
[35.492942] (-) TimerEvent: {}
[35.593234] (-) TimerEvent: {}
[35.693472] (-) TimerEvent: {}
[35.793724] (-) TimerEvent: {}
[35.894025] (-) TimerEvent: {}
[35.994277] (-) TimerEvent: {}
[36.094516] (-) TimerEvent: {}
[36.194759] (-) TimerEvent: {}
[36.295089] (-) TimerEvent: {}
[36.395337] (-) TimerEvent: {}
[36.495587] (-) TimerEvent: {}
[36.595837] (-) TimerEvent: {}
[36.696092] (-) TimerEvent: {}
[36.796347] (-) TimerEvent: {}
[36.896592] (-) TimerEvent: {}
[36.996815] (-) TimerEvent: {}
[37.097066] (-) TimerEvent: {}
[37.197366] (-) TimerEvent: {}
[37.297670] (-) TimerEvent: {}
[37.397907] (-) TimerEvent: {}
[37.498188] (-) TimerEvent: {}
[37.598490] (-) TimerEvent: {}
[37.698730] (-) TimerEvent: {}
[37.798981] (-) TimerEvent: {}
[37.899258] (-) TimerEvent: {}
[37.999496] (-) TimerEvent: {}
[38.099751] (-) TimerEvent: {}
[38.200004] (-) TimerEvent: {}
[38.300243] (-) TimerEvent: {}
[38.400491] (-) TimerEvent: {}
[38.500761] (-) TimerEvent: {}
[38.601012] (-) TimerEvent: {}
[38.701240] (-) TimerEvent: {}
[38.801485] (-) TimerEvent: {}
[38.901808] (-) TimerEvent: {}
[39.002087] (-) TimerEvent: {}
[39.102340] (-) TimerEvent: {}
[39.202590] (-) TimerEvent: {}
[39.302819] (-) TimerEvent: {}
[39.403078] (-) TimerEvent: {}
[39.503379] (-) TimerEvent: {}
[39.603691] (-) TimerEvent: {}
[39.703995] (-) TimerEvent: {}
[39.804286] (-) TimerEvent: {}
[39.904543] (-) TimerEvent: {}
[40.004784] (-) TimerEvent: {}
[40.105042] (-) TimerEvent: {}
[40.205298] (-) TimerEvent: {}
[40.305548] (-) TimerEvent: {}
[40.405807] (-) TimerEvent: {}
[40.506044] (-) TimerEvent: {}
[40.606295] (-) TimerEvent: {}
[40.706567] (-) TimerEvent: {}
[40.806821] (-) TimerEvent: {}
[40.907095] (-) TimerEvent: {}
[41.007412] (-) TimerEvent: {}
[41.107644] (-) TimerEvent: {}
[41.207885] (-) TimerEvent: {}
[41.308164] (-) TimerEvent: {}
[41.408426] (-) TimerEvent: {}
[41.508668] (-) TimerEvent: {}
[41.608976] (-) TimerEvent: {}
[41.709276] (-) TimerEvent: {}
[41.809528] (-) TimerEvent: {}
[41.909831] (-) TimerEvent: {}
[42.010076] (-) TimerEvent: {}
[42.110381] (-) TimerEvent: {}
[42.210599] (-) TimerEvent: {}
[42.310908] (-) TimerEvent: {}
[42.411149] (-) TimerEvent: {}
[42.511442] (-) TimerEvent: {}
[42.611681] (-) TimerEvent: {}
[42.711966] (-) TimerEvent: {}
[42.812281] (-) TimerEvent: {}
[42.912553] (-) TimerEvent: {}
[43.012863] (-) TimerEvent: {}
[43.113162] (-) TimerEvent: {}
[43.213410] (-) TimerEvent: {}
[43.313647] (-) TimerEvent: {}
[43.413896] (-) TimerEvent: {}
[43.514123] (-) TimerEvent: {}
[43.614379] (-) TimerEvent: {}
[43.714683] (-) TimerEvent: {}
[43.814941] (-) TimerEvent: {}
[43.915185] (-) TimerEvent: {}
[44.015433] (-) TimerEvent: {}
[44.115743] (-) TimerEvent: {}
[44.215997] (-) TimerEvent: {}
[44.316232] (-) TimerEvent: {}
[44.416564] (-) TimerEvent: {}
[44.516794] (-) TimerEvent: {}
[44.617097] (-) TimerEvent: {}
[44.717326] (-) TimerEvent: {}
[44.817646] (-) TimerEvent: {}
[44.917893] (-) TimerEvent: {}
[45.018169] (-) TimerEvent: {}
[45.118423] (-) TimerEvent: {}
[45.218668] (-) TimerEvent: {}
[45.318908] (-) TimerEvent: {}
[45.419153] (-) TimerEvent: {}
[45.519411] (-) TimerEvent: {}
[45.619638] (-) TimerEvent: {}
[45.719906] (-) TimerEvent: {}
[45.820149] (-) TimerEvent: {}
[45.920440] (-) TimerEvent: {}
[46.020776] (-) TimerEvent: {}
[46.121030] (-) TimerEvent: {}
[46.221344] (-) TimerEvent: {}
[46.321668] (-) TimerEvent: {}
[46.421963] (-) TimerEvent: {}
[46.522211] (-) TimerEvent: {}
[46.622516] (-) TimerEvent: {}
[46.722753] (-) TimerEvent: {}
[46.822974] (-) TimerEvent: {}
[46.923198] (-) TimerEvent: {}
[47.023462] (-) TimerEvent: {}
[47.123723] (-) TimerEvent: {}
[47.223956] (-) TimerEvent: {}
[47.324204] (-) TimerEvent: {}
[47.424522] (-) TimerEvent: {}
[47.524757] (-) TimerEvent: {}
[47.625000] (-) TimerEvent: {}
[47.725286] (-) TimerEvent: {}
[47.825585] (-) TimerEvent: {}
[47.925814] (-) TimerEvent: {}
[48.026060] (-) TimerEvent: {}
[48.126310] (-) TimerEvent: {}
[48.226557] (-) TimerEvent: {}
[48.326821] (-) TimerEvent: {}
[48.427122] (-) TimerEvent: {}
[48.527421] (-) TimerEvent: {}
[48.627658] (-) TimerEvent: {}
[48.727877] (-) TimerEvent: {}
[48.828149] (-) TimerEvent: {}
[48.928396] (-) TimerEvent: {}
[49.028581] (-) TimerEvent: {}
[49.128805] (-) TimerEvent: {}
[49.229051] (-) TimerEvent: {}
[49.329302] (-) TimerEvent: {}
[49.429562] (-) TimerEvent: {}
[49.529815] (-) TimerEvent: {}
[49.630067] (-) TimerEvent: {}
[49.730359] (-) TimerEvent: {}
[49.830605] (-) TimerEvent: {}
[49.930846] (-) TimerEvent: {}
[50.031081] (-) TimerEvent: {}
[50.131346] (-) TimerEvent: {}
[50.231602] (-) TimerEvent: {}
[50.331854] (-) TimerEvent: {}
[50.432107] (-) TimerEvent: {}
[50.532367] (-) TimerEvent: {}
[50.632609] (-) TimerEvent: {}
[50.732839] (-) TimerEvent: {}
[50.833087] (-) TimerEvent: {}
[50.933316] (-) TimerEvent: {}
[51.033630] (-) TimerEvent: {}
[51.133875] (-) TimerEvent: {}
[51.234193] (-) TimerEvent: {}
[51.334490] (-) TimerEvent: {}
[51.434730] (-) TimerEvent: {}
[51.534975] (-) TimerEvent: {}
[51.635219] (-) TimerEvent: {}
[51.735472] (-) TimerEvent: {}
[51.835706] (-) TimerEvent: {}
[51.935958] (-) TimerEvent: {}
[52.036246] (-) TimerEvent: {}
[52.136575] (-) TimerEvent: {}
[52.236881] (-) TimerEvent: {}
[52.337109] (-) TimerEvent: {}
[52.437425] (-) TimerEvent: {}
[52.537661] (-) TimerEvent: {}
[52.637919] (-) TimerEvent: {}
[52.738162] (-) TimerEvent: {}
[52.838414] (-) TimerEvent: {}
[52.938648] (-) TimerEvent: {}
[53.038940] (-) TimerEvent: {}
[53.139239] (-) TimerEvent: {}
[53.239545] (-) TimerEvent: {}
[53.339846] (-) TimerEvent: {}
[53.440104] (-) TimerEvent: {}
[53.540356] (-) TimerEvent: {}
[53.640670] (-) TimerEvent: {}
[53.740917] (-) TimerEvent: {}
[53.841208] (-) TimerEvent: {}
[53.941537] (-) TimerEvent: {}
[54.041768] (-) TimerEvent: {}
[54.142023] (-) TimerEvent: {}
[54.242326] (-) TimerEvent: {}
[54.342572] (-) TimerEvent: {}
[54.442797] (-) TimerEvent: {}
[54.543087] (-) TimerEvent: {}
[54.643334] (-) TimerEvent: {}
[54.743587] (-) TimerEvent: {}
[54.843816] (-) TimerEvent: {}
[54.944098] (-) TimerEvent: {}
[55.044347] (-) TimerEvent: {}
[55.144596] (-) TimerEvent: {}
[55.244830] (-) TimerEvent: {}
[55.345134] (-) TimerEvent: {}
[55.445386] (-) TimerEvent: {}
[55.545619] (-) TimerEvent: {}
[55.645929] (-) TimerEvent: {}
[55.746186] (-) TimerEvent: {}
[55.846484] (-) TimerEvent: {}
[55.946786] (-) TimerEvent: {}
[56.047035] (-) TimerEvent: {}
[56.147342] (-) TimerEvent: {}
[56.247647] (-) TimerEvent: {}
[56.347903] (-) TimerEvent: {}
[56.448157] (-) TimerEvent: {}
[56.548412] (-) TimerEvent: {}
[56.648681] (-) TimerEvent: {}
[56.748933] (-) TimerEvent: {}
[56.849186] (-) TimerEvent: {}
[56.949423] (-) TimerEvent: {}
[57.049669] (-) TimerEvent: {}
[57.149966] (-) TimerEvent: {}
[57.250214] (-) TimerEvent: {}
[57.350512] (-) TimerEvent: {}
[57.450752] (-) TimerEvent: {}
[57.551003] (-) TimerEvent: {}
[57.651257] (-) TimerEvent: {}
[57.751499] (-) TimerEvent: {}
[57.851726] (-) TimerEvent: {}
[57.951949] (-) TimerEvent: {}
[58.052193] (-) TimerEvent: {}
[58.152437] (-) TimerEvent: {}
[58.252692] (-) TimerEvent: {}
[58.352956] (-) TimerEvent: {}
[58.453226] (-) TimerEvent: {}
[58.553470] (-) TimerEvent: {}
[58.653780] (-) TimerEvent: {}
[58.754025] (-) TimerEvent: {}
[58.854272] (-) TimerEvent: {}
[58.954508] (-) TimerEvent: {}
[59.054845] (-) TimerEvent: {}
[59.155093] (-) TimerEvent: {}
[59.255381] (-) TimerEvent: {}
[59.355604] (-) TimerEvent: {}
[59.455832] (-) TimerEvent: {}
[59.556148] (-) TimerEvent: {}
[59.656403] (-) TimerEvent: {}
[59.756658] (-) TimerEvent: {}
[59.856914] (-) TimerEvent: {}
[59.957208] (-) TimerEvent: {}
[60.057507] (-) TimerEvent: {}
[60.157739] (-) TimerEvent: {}
[60.257984] (-) TimerEvent: {}
[60.358235] (-) TimerEvent: {}
[60.458483] (-) TimerEvent: {}
[60.558712] (-) TimerEvent: {}
[60.658938] (-) TimerEvent: {}
[60.759182] (-) TimerEvent: {}
[60.859482] (-) TimerEvent: {}
[60.959728] (-) TimerEvent: {}
[61.059973] (-) TimerEvent: {}
[61.160230] (-) TimerEvent: {}
[61.260537] (-) TimerEvent: {}
[61.360772] (-) TimerEvent: {}
[61.461034] (-) TimerEvent: {}
[61.561350] (-) TimerEvent: {}
[61.661668] (-) TimerEvent: {}
[61.761932] (-) TimerEvent: {}
[61.862186] (-) TimerEvent: {}
[61.962441] (-) TimerEvent: {}
[62.062679] (-) TimerEvent: {}
[62.162910] (-) TimerEvent: {}
[62.263168] (-) TimerEvent: {}
[62.363466] (-) TimerEvent: {}
[62.463771] (-) TimerEvent: {}
[62.564076] (-) TimerEvent: {}
[62.664384] (-) TimerEvent: {}
[62.764723] (-) TimerEvent: {}
[62.864978] (-) TimerEvent: {}
[62.965208] (-) TimerEvent: {}
[63.065446] (-) TimerEvent: {}
[63.165769] (-) TimerEvent: {}
[63.266071] (-) TimerEvent: {}
[63.366322] (-) TimerEvent: {}
[63.466620] (-) TimerEvent: {}
[63.566847] (-) TimerEvent: {}
[63.667092] (-) TimerEvent: {}
[63.767348] (-) TimerEvent: {}
[63.867602] (-) TimerEvent: {}
[63.967835] (-) TimerEvent: {}
[64.068081] (-) TimerEvent: {}
[64.168308] (-) TimerEvent: {}
[64.268562] (-) TimerEvent: {}
[64.368795] (-) TimerEvent: {}
[64.469065] (-) TimerEvent: {}
[64.569315] (-) TimerEvent: {}
[64.669619] (-) TimerEvent: {}
[64.769858] (-) TimerEvent: {}
[64.870122] (-) TimerEvent: {}
[64.970400] (-) TimerEvent: {}
[65.070771] (-) TimerEvent: {}
[65.171029] (-) TimerEvent: {}
[65.271285] (-) TimerEvent: {}
[65.371553] (-) TimerEvent: {}
[65.471858] (-) TimerEvent: {}
[65.572155] (-) TimerEvent: {}
[65.672444] (-) TimerEvent: {}
[65.772724] (-) TimerEvent: {}
[65.872978] (-) TimerEvent: {}
[65.973288] (-) TimerEvent: {}
[66.073591] (-) TimerEvent: {}
[66.173917] (-) TimerEvent: {}
[66.274178] (-) TimerEvent: {}
[66.374432] (-) TimerEvent: {}
[66.474684] (-) TimerEvent: {}
[66.574935] (-) TimerEvent: {}
[66.675187] (-) TimerEvent: {}
[66.775485] (-) TimerEvent: {}
[66.875720] (-) TimerEvent: {}
[66.975993] (-) TimerEvent: {}
[67.076251] (-) TimerEvent: {}
[67.176507] (-) TimerEvent: {}
[67.276748] (-) TimerEvent: {}
[67.376996] (-) TimerEvent: {}
[67.477252] (-) TimerEvent: {}
[67.577562] (-) TimerEvent: {}
[67.677801] (-) TimerEvent: {}
[67.778051] (-) TimerEvent: {}
[67.878307] (-) TimerEvent: {}
[67.978606] (-) TimerEvent: {}
[68.078844] (-) TimerEvent: {}
[68.179086] (-) TimerEvent: {}
[68.279377] (-) TimerEvent: {}
[68.379606] (-) TimerEvent: {}
[68.479955] (-) TimerEvent: {}
[68.580205] (-) TimerEvent: {}
[68.680464] (-) TimerEvent: {}
[68.780697] (-) TimerEvent: {}
[68.880987] (-) TimerEvent: {}
[68.981235] (-) TimerEvent: {}
[69.081480] (-) TimerEvent: {}
[69.181733] (-) TimerEvent: {}
[69.281958] (-) TimerEvent: {}
[69.382203] (-) TimerEvent: {}
[69.482457] (-) TimerEvent: {}
[69.582696] (-) TimerEvent: {}
[69.682950] (-) TimerEvent: {}
[69.783183] (-) TimerEvent: {}
[69.883478] (-) TimerEvent: {}
[69.983786] (-) TimerEvent: {}
[70.084041] (-) TimerEvent: {}
[70.184341] (-) TimerEvent: {}
[70.284644] (-) TimerEvent: {}
[70.384881] (-) TimerEvent: {}
[70.485182] (-) TimerEvent: {}
[70.585431] (-) TimerEvent: {}
[70.685764] (-) TimerEvent: {}
[70.786059] (-) TimerEvent: {}
[70.886377] (-) TimerEvent: {}
[70.986673] (-) TimerEvent: {}
[71.086927] (-) TimerEvent: {}
[71.187175] (-) TimerEvent: {}
[71.287421] (-) TimerEvent: {}
[71.387728] (-) TimerEvent: {}
[71.488006] (-) TimerEvent: {}
[71.588317] (-) TimerEvent: {}
[71.688576] (-) TimerEvent: {}
[71.788810] (-) TimerEvent: {}
[71.889092] (-) TimerEvent: {}
[71.989395] (-) TimerEvent: {}
[72.089605] (-) TimerEvent: {}
[72.189835] (-) TimerEvent: {}
[72.290098] (-) TimerEvent: {}
[72.390403] (-) TimerEvent: {}
[72.490645] (-) TimerEvent: {}
[72.590898] (-) TimerEvent: {}
[72.691180] (-) TimerEvent: {}
[72.791438] (-) TimerEvent: {}
[72.891679] (-) TimerEvent: {}
[72.991934] (-) TimerEvent: {}
[73.092264] (-) TimerEvent: {}
[73.192529] (-) TimerEvent: {}
[73.292864] (-) TimerEvent: {}
[73.393115] (-) TimerEvent: {}
[73.493370] (-) TimerEvent: {}
[73.593652] (-) TimerEvent: {}
[73.693912] (-) TimerEvent: {}
[73.794188] (-) TimerEvent: {}
[73.894501] (-) TimerEvent: {}
[73.994783] (-) TimerEvent: {}
[74.095086] (-) TimerEvent: {}
[74.195317] (-) TimerEvent: {}
[74.295574] (-) TimerEvent: {}
[74.395809] (-) TimerEvent: {}
[74.496055] (-) TimerEvent: {}
[74.596318] (-) TimerEvent: {}
[74.696626] (-) TimerEvent: {}
[74.796959] (-) TimerEvent: {}
[74.897221] (-) TimerEvent: {}
[74.997526] (-) TimerEvent: {}
[75.097838] (-) TimerEvent: {}
[75.198094] (-) TimerEvent: {}
[75.298343] (-) TimerEvent: {}
[75.398658] (-) TimerEvent: {}
[75.498956] (-) TimerEvent: {}
[75.599260] (-) TimerEvent: {}
[75.699520] (-) TimerEvent: {}
[75.799789] (-) TimerEvent: {}
[75.900042] (-) TimerEvent: {}
[76.000334] (-) TimerEvent: {}
[76.100592] (-) TimerEvent: {}
[76.200823] (-) TimerEvent: {}
[76.301144] (-) TimerEvent: {}
[76.401416] (-) TimerEvent: {}
[76.501739] (-) TimerEvent: {}
[76.601992] (-) TimerEvent: {}
[76.702279] (-) TimerEvent: {}
[76.802581] (-) TimerEvent: {}
[76.902816] (-) TimerEvent: {}
[77.003076] (-) TimerEvent: {}
[77.103340] (-) TimerEvent: {}
[77.203601] (-) TimerEvent: {}
[77.303900] (-) TimerEvent: {}
[77.404207] (-) TimerEvent: {}
[77.504460] (-) TimerEvent: {}
[77.604698] (-) TimerEvent: {}
[77.705025] (-) TimerEvent: {}
[77.805282] (-) TimerEvent: {}
[77.905544] (-) TimerEvent: {}
[78.005847] (-) TimerEvent: {}
[78.106110] (-) TimerEvent: {}
[78.206411] (-) TimerEvent: {}
[78.306673] (-) TimerEvent: {}
[78.406970] (-) TimerEvent: {}
[78.507256] (-) TimerEvent: {}
[78.607516] (-) TimerEvent: {}
[78.707817] (-) TimerEvent: {}
[78.808119] (-) TimerEvent: {}
[78.908372] (-) TimerEvent: {}
[79.008672] (-) TimerEvent: {}
[79.108912] (-) TimerEvent: {}
[79.209182] (-) TimerEvent: {}
[79.309443] (-) TimerEvent: {}
[79.409716] (-) TimerEvent: {}
[79.510015] (-) TimerEvent: {}
[79.610323] (-) TimerEvent: {}
[79.710584] (-) TimerEvent: {}
[79.810822] (-) TimerEvent: {}
[79.911068] (-) TimerEvent: {}
[80.011320] (-) TimerEvent: {}
[80.111582] (-) TimerEvent: {}
[80.211809] (-) TimerEvent: {}
[80.312066] (-) TimerEvent: {}
[80.412320] (-) TimerEvent: {}
[80.512611] (-) TimerEvent: {}
[80.612844] (-) TimerEvent: {}
[80.713148] (-) TimerEvent: {}
[80.813390] (-) TimerEvent: {}
[80.913610] (-) TimerEvent: {}
[81.013849] (-) TimerEvent: {}
[81.114102] (-) TimerEvent: {}
[81.214350] (-) TimerEvent: {}
[81.314585] (-) TimerEvent: {}
[81.414837] (-) TimerEvent: {}
[81.515133] (-) TimerEvent: {}
[81.615405] (-) TimerEvent: {}
[81.715679] (-) TimerEvent: {}
[81.815937] (-) TimerEvent: {}
[81.916215] (-) TimerEvent: {}
[82.016519] (-) TimerEvent: {}
[82.116760] (-) TimerEvent: {}
[82.217003] (-) TimerEvent: {}
[82.317251] (-) TimerEvent: {}
[82.417553] (-) TimerEvent: {}
[82.517786] (-) TimerEvent: {}
[82.618041] (-) TimerEvent: {}
[82.718307] (-) TimerEvent: {}
[82.818605] (-) TimerEvent: {}
[82.918839] (-) TimerEvent: {}
[83.019086] (-) TimerEvent: {}
[83.119338] (-) TimerEvent: {}
[83.219602] (-) TimerEvent: {}
[83.319833] (-) TimerEvent: {}
[83.420124] (-) TimerEvent: {}
[83.520387] (-) TimerEvent: {}
[83.620655] (-) TimerEvent: {}
[83.720903] (-) TimerEvent: {}
[83.821159] (-) TimerEvent: {}
[83.921416] (-) TimerEvent: {}
[84.021652] (-) TimerEvent: {}
[84.121898] (-) TimerEvent: {}
[84.222139] (-) TimerEvent: {}
[84.322427] (-) TimerEvent: {}
[84.422664] (-) TimerEvent: {}
[84.522915] (-) TimerEvent: {}
[84.623221] (-) TimerEvent: {}
[84.723477] (-) TimerEvent: {}
[84.823787] (-) TimerEvent: {}
[84.924037] (-) TimerEvent: {}
[85.024355] (-) TimerEvent: {}
[85.124648] (-) TimerEvent: {}
[85.224915] (-) TimerEvent: {}
[85.325166] (-) TimerEvent: {}
[85.425422] (-) TimerEvent: {}
[85.525691] (-) TimerEvent: {}
[85.625951] (-) TimerEvent: {}
[85.726234] (-) TimerEvent: {}
[85.826500] (-) TimerEvent: {}
[85.926743] (-) TimerEvent: {}
[86.026999] (-) TimerEvent: {}
[86.127298] (-) TimerEvent: {}
[86.227528] (-) TimerEvent: {}
[86.327783] (-) TimerEvent: {}
[86.428085] (-) TimerEvent: {}
[86.528386] (-) TimerEvent: {}
[86.628665] (-) TimerEvent: {}
[86.728903] (-) TimerEvent: {}
[86.829198] (-) TimerEvent: {}
[86.929449] (-) TimerEvent: {}
[87.029774] (-) TimerEvent: {}
[87.130034] (-) TimerEvent: {}
[87.230285] (-) TimerEvent: {}
[87.330540] (-) TimerEvent: {}
[87.430772] (-) TimerEvent: {}
[87.531078] (-) TimerEvent: {}
[87.631358] (-) TimerEvent: {}
[87.731654] (-) TimerEvent: {}
[87.831909] (-) TimerEvent: {}
[87.932165] (-) TimerEvent: {}
[88.032466] (-) TimerEvent: {}
[88.132709] (-) TimerEvent: {}
[88.232954] (-) TimerEvent: {}
[88.333236] (-) TimerEvent: {}
[88.433490] (-) TimerEvent: {}
[88.533723] (-) TimerEvent: {}
[88.634017] (-) TimerEvent: {}
[88.734299] (-) TimerEvent: {}
[88.834602] (-) TimerEvent: {}
[88.934838] (-) TimerEvent: {}
[89.035130] (-) TimerEvent: {}
[89.135390] (-) TimerEvent: {}
[89.235677] (-) TimerEvent: {}
[89.335926] (-) TimerEvent: {}
[89.436179] (-) TimerEvent: {}
[89.536431] (-) TimerEvent: {}
[89.636664] (-) TimerEvent: {}
[89.736913] (-) TimerEvent: {}
[89.837173] (-) TimerEvent: {}
[89.937420] (-) TimerEvent: {}
[90.037694] (-) TimerEvent: {}
[90.137941] (-) TimerEvent: {}
[90.238185] (-) TimerEvent: {}
[90.338441] (-) TimerEvent: {}
[90.438763] (-) TimerEvent: {}
[90.539018] (-) TimerEvent: {}
[90.639307] (-) TimerEvent: {}
[90.739615] (-) TimerEvent: {}
[90.839854] (-) TimerEvent: {}
[90.940111] (-) TimerEvent: {}
[91.040365] (-) TimerEvent: {}
[91.140663] (-) TimerEvent: {}
[91.240906] (-) TimerEvent: {}
[91.341154] (-) TimerEvent: {}
[91.441408] (-) TimerEvent: {}
[91.541648] (-) TimerEvent: {}
[91.641896] (-) TimerEvent: {}
[91.742151] (-) TimerEvent: {}
[91.842402] (-) TimerEvent: {}
[91.942647] (-) TimerEvent: {}
[92.042903] (-) TimerEvent: {}
[92.143303] (-) TimerEvent: {}
[92.243582] (-) TimerEvent: {}
[92.343976] (-) TimerEvent: {}
[92.444232] (-) TimerEvent: {}
[92.544548] (-) TimerEvent: {}
[92.644784] (-) TimerEvent: {}
[92.745181] (-) TimerEvent: {}
[92.845505] (-) TimerEvent: {}
[92.945851] (-) TimerEvent: {}
[93.046117] (-) TimerEvent: {}
[93.146490] (-) TimerEvent: {}
[93.246748] (-) TimerEvent: {}
[93.347004] (-) TimerEvent: {}
[93.447278] (-) TimerEvent: {}
[93.547563] (-) TimerEvent: {}
[93.647885] (-) TimerEvent: {}
[93.748223] (-) TimerEvent: {}
[93.848641] (-) TimerEvent: {}
[93.948976] (-) TimerEvent: {}
[94.049371] (-) TimerEvent: {}
[94.149677] (-) TimerEvent: {}
[94.249944] (-) TimerEvent: {}
[94.350192] (-) TimerEvent: {}
[94.450444] (-) TimerEvent: {}
[94.550774] (-) TimerEvent: {}
[94.651047] (-) TimerEvent: {}
[94.751304] (-) TimerEvent: {}
[94.851591] (-) TimerEvent: {}
[94.951834] (-) TimerEvent: {}
[95.052111] (-) TimerEvent: {}
[95.152372] (-) TimerEvent: {}
[95.252753] (-) TimerEvent: {}
[95.353004] (-) TimerEvent: {}
[95.453288] (-) TimerEvent: {}
[95.553559] (-) TimerEvent: {}
[95.653802] (-) TimerEvent: {}
[95.754060] (-) TimerEvent: {}
[95.854392] (-) TimerEvent: {}
[95.954687] (-) TimerEvent: {}
[96.054921] (-) TimerEvent: {}
[96.155318] (-) TimerEvent: {}
[96.255723] (-) TimerEvent: {}
[96.356133] (-) TimerEvent: {}
[96.456413] (-) TimerEvent: {}
[96.556765] (-) TimerEvent: {}
[96.657016] (-) TimerEvent: {}
[96.757288] (-) TimerEvent: {}
[96.857644] (-) TimerEvent: {}
[96.957886] (-) TimerEvent: {}
[97.058208] (-) TimerEvent: {}
[97.158487] (-) TimerEvent: {}
[97.258731] (-) TimerEvent: {}
[97.359052] (-) TimerEvent: {}
[97.459323] (-) TimerEvent: {}
[97.559636] (-) TimerEvent: {}
[97.659982] (-) TimerEvent: {}
[97.760236] (-) TimerEvent: {}
[97.860630] (-) TimerEvent: {}
[97.960896] (-) TimerEvent: {}
[98.061283] (-) TimerEvent: {}
[98.161555] (-) TimerEvent: {}
[98.261952] (-) TimerEvent: {}
[98.362227] (-) TimerEvent: {}
[98.462643] (-) TimerEvent: {}
[98.562914] (-) TimerEvent: {}
[98.663322] (-) TimerEvent: {}
[98.763690] (-) TimerEvent: {}
[98.864089] (-) TimerEvent: {}
[98.964366] (-) TimerEvent: {}
[99.064785] (-) TimerEvent: {}
[99.165040] (-) TimerEvent: {}
[99.265314] (-) TimerEvent: {}
[99.365586] (-) TimerEvent: {}
[99.465909] (-) TimerEvent: {}
[99.566152] (-) TimerEvent: {}
[99.666388] (-) TimerEvent: {}
[99.766668] (-) TimerEvent: {}
[99.867014] (-) TimerEvent: {}
[99.967286] (-) TimerEvent: {}
[100.067610] (-) TimerEvent: {}
[100.167848] (-) TimerEvent: {}
[100.268107] (-) TimerEvent: {}
[100.368378] (-) TimerEvent: {}
[100.468629] (-) TimerEvent: {}
[100.568881] (-) TimerEvent: {}
[100.669139] (-) TimerEvent: {}
[100.769370] (-) TimerEvent: {}
[100.869623] (-) TimerEvent: {}
[100.969879] (-) TimerEvent: {}
[101.070124] (-) TimerEvent: {}
[101.170382] (-) TimerEvent: {}
[101.270581] (-) TimerEvent: {}
[101.370811] (-) TimerEvent: {}
[101.471074] (-) TimerEvent: {}
[101.571333] (-) TimerEvent: {}
[101.671598] (-) TimerEvent: {}
[101.771829] (-) TimerEvent: {}
[101.872090] (-) TimerEvent: {}
[101.972336] (-) TimerEvent: {}
[102.072609] (-) TimerEvent: {}
[102.172855] (-) TimerEvent: {}
[102.273138] (-) TimerEvent: {}
[102.373433] (-) TimerEvent: {}
[102.473667] (-) TimerEvent: {}
[102.573912] (-) TimerEvent: {}
[102.674168] (-) TimerEvent: {}
[102.774442] (-) TimerEvent: {}
[102.874683] (-) TimerEvent: {}
[102.974944] (-) TimerEvent: {}
[103.075219] (-) TimerEvent: {}
[103.175498] (-) TimerEvent: {}
[103.275730] (-) TimerEvent: {}
[103.375977] (-) TimerEvent: {}
[103.476251] (-) TimerEvent: {}
[103.576506] (-) TimerEvent: {}
[103.676774] (-) TimerEvent: {}
[103.777030] (-) TimerEvent: {}
[103.877316] (-) TimerEvent: {}
[103.977685] (-) TimerEvent: {}
[104.077936] (-) TimerEvent: {}
[104.178218] (-) TimerEvent: {}
[104.278466] (-) TimerEvent: {}
[104.378705] (-) TimerEvent: {}
[104.479038] (-) TimerEvent: {}
[104.579293] (-) TimerEvent: {}
[104.679548] (-) TimerEvent: {}
[104.779770] (-) TimerEvent: {}
[104.880003] (-) TimerEvent: {}
[104.980250] (-) TimerEvent: {}
[105.080521] (-) TimerEvent: {}
[105.180768] (-) TimerEvent: {}
[105.281039] (-) TimerEvent: {}
[105.381292] (-) TimerEvent: {}
[105.481530] (-) TimerEvent: {}
[105.581793] (-) TimerEvent: {}
[105.682103] (-) TimerEvent: {}
[105.782335] (-) TimerEvent: {}
[105.882624] (-) TimerEvent: {}
[105.982888] (-) TimerEvent: {}
[106.083141] (-) TimerEvent: {}
[106.183363] (-) TimerEvent: {}
[106.283612] (-) TimerEvent: {}
[106.383849] (-) TimerEvent: {}
[106.484106] (-) TimerEvent: {}
[106.584365] (-) TimerEvent: {}
[106.684699] (-) TimerEvent: {}
[106.784935] (-) TimerEvent: {}
[106.885207] (-) TimerEvent: {}
[106.985491] (-) TimerEvent: {}
[107.085745] (-) TimerEvent: {}
[107.185994] (-) TimerEvent: {}
[107.286265] (-) TimerEvent: {}
[107.386526] (-) TimerEvent: {}
[107.486768] (-) TimerEvent: {}
[107.587163] (-) TimerEvent: {}
[107.687550] (-) TimerEvent: {}
[107.787795] (-) TimerEvent: {}
[107.888044] (-) TimerEvent: {}
[107.988308] (-) TimerEvent: {}
[108.088582] (-) TimerEvent: {}
[108.188816] (-) TimerEvent: {}
[108.289079] (-) TimerEvent: {}
[108.389338] (-) TimerEvent: {}
[108.489612] (-) TimerEvent: {}
[108.589967] (-) TimerEvent: {}
[108.690331] (-) TimerEvent: {}
[108.790606] (-) TimerEvent: {}
[108.890847] (-) TimerEvent: {}
[108.991101] (-) TimerEvent: {}
[109.091505] (-) TimerEvent: {}
[109.191758] (-) TimerEvent: {}
[109.292154] (-) TimerEvent: {}
[109.392569] (-) TimerEvent: {}
[109.492918] (-) TimerEvent: {}
[109.593318] (-) TimerEvent: {}
[109.693559] (-) TimerEvent: {}
[109.793956] (-) TimerEvent: {}
[109.894222] (-) TimerEvent: {}
[109.994461] (-) TimerEvent: {}
[110.094744] (-) TimerEvent: {}
[110.194990] (-) TimerEvent: {}
[110.295323] (-) TimerEvent: {}
[110.395595] (-) TimerEvent: {}
[110.495826] (-) TimerEvent: {}
[110.596058] (-) TimerEvent: {}
[110.696331] (-) TimerEvent: {}
[110.796573] (-) TimerEvent: {}
[110.896975] (-) TimerEvent: {}
[110.997246] (-) TimerEvent: {}
[111.097502] (-) TimerEvent: {}
[111.197843] (-) TimerEvent: {}
[111.298098] (-) TimerEvent: {}
[111.398375] (-) TimerEvent: {}
[111.498684] (-) TimerEvent: {}
[111.599010] (-) TimerEvent: {}
[111.699342] (-) TimerEvent: {}
[111.799699] (-) TimerEvent: {}
[111.899950] (-) TimerEvent: {}
[112.000229] (-) TimerEvent: {}
[112.100484] (-) TimerEvent: {}
[112.200748] (-) TimerEvent: {}
[112.301020] (-) TimerEvent: {}
[112.401286] (-) TimerEvent: {}
[112.501542] (-) TimerEvent: {}
[112.601764] (-) TimerEvent: {}
[112.702013] (-) TimerEvent: {}
[112.802280] (-) TimerEvent: {}
[112.902512] (-) TimerEvent: {}
[113.002787] (-) TimerEvent: {}
[113.103036] (-) TimerEvent: {}
[113.203318] (-) TimerEvent: {}
[113.303669] (-) TimerEvent: {}
[113.403941] (-) TimerEvent: {}
[113.504216] (-) TimerEvent: {}
[113.604578] (-) TimerEvent: {}
[113.704986] (-) TimerEvent: {}
[113.805240] (-) TimerEvent: {}
[113.905629] (-) TimerEvent: {}
[114.005871] (-) TimerEvent: {}
[114.106147] (-) TimerEvent: {}
[114.206496] (-) TimerEvent: {}
[114.306840] (-) TimerEvent: {}
[114.407159] (-) TimerEvent: {}
[114.507572] (-) TimerEvent: {}
[114.607974] (-) TimerEvent: {}
[114.708243] (-) TimerEvent: {}
[114.808643] (-) TimerEvent: {}
[114.908983] (-) TimerEvent: {}
[115.009377] (-) TimerEvent: {}
[115.109714] (-) TimerEvent: {}
[115.210141] (-) TimerEvent: {}
[115.310413] (-) TimerEvent: {}
[115.410827] (-) TimerEvent: {}
[115.511135] (-) TimerEvent: {}
[115.611550] (-) TimerEvent: {}
[115.711864] (-) TimerEvent: {}
[115.812145] (-) TimerEvent: {}
[115.912410] (-) TimerEvent: {}
[116.012689] (-) TimerEvent: {}
[116.113033] (-) TimerEvent: {}
[116.213318] (-) TimerEvent: {}
[116.313610] (-) TimerEvent: {}
[116.414020] (-) TimerEvent: {}
[116.514371] (-) TimerEvent: {}
[116.614722] (-) TimerEvent: {}
[116.715058] (-) TimerEvent: {}
[116.815322] (-) TimerEvent: {}
[116.915632] (-) TimerEvent: {}
[117.015952] (-) TimerEvent: {}
[117.116194] (-) TimerEvent: {}
[117.216443] (-) TimerEvent: {}
[117.316725] (-) TimerEvent: {}
[117.416983] (-) TimerEvent: {}
[117.517229] (-) TimerEvent: {}
[117.617493] (-) TimerEvent: {}
[117.717743] (-) TimerEvent: {}
[117.818002] (-) TimerEvent: {}
[117.918271] (-) TimerEvent: {}
[118.018564] (-) TimerEvent: {}
[118.118813] (-) TimerEvent: {}
[118.219093] (-) TimerEvent: {}
[118.319347] (-) TimerEvent: {}
[118.419625] (-) TimerEvent: {}
[118.519876] (-) TimerEvent: {}
[118.620158] (-) TimerEvent: {}
[118.720480] (-) TimerEvent: {}
[118.820752] (-) TimerEvent: {}
[118.921034] (-) TimerEvent: {}
[119.021443] (-) TimerEvent: {}
[119.121690] (-) TimerEvent: {}
[119.221931] (-) TimerEvent: {}
[119.322207] (-) TimerEvent: {}
[119.422484] (-) TimerEvent: {}
[119.522730] (-) TimerEvent: {}
[119.623012] (-) TimerEvent: {}
[119.723365] (-) TimerEvent: {}
[119.823696] (-) TimerEvent: {}
[119.924060] (-) TimerEvent: {}
[120.024468] (-) TimerEvent: {}
[120.124901] (-) TimerEvent: {}
[120.225250] (-) TimerEvent: {}
[120.325600] (-) TimerEvent: {}
[120.425838] (-) TimerEvent: {}
[120.526174] (-) TimerEvent: {}
[120.626428] (-) TimerEvent: {}
[120.726700] (-) TimerEvent: {}
[120.826950] (-) TimerEvent: {}
[120.927215] (-) TimerEvent: {}
[121.027490] (-) TimerEvent: {}
[121.127737] (-) TimerEvent: {}
[121.228023] (-) TimerEvent: {}
[121.328307] (-) TimerEvent: {}
[121.428638] (-) TimerEvent: {}
[121.528875] (-) TimerEvent: {}
[121.629137] (-) TimerEvent: {}
[121.729459] (-) TimerEvent: {}
[121.829715] (-) TimerEvent: {}
[121.929992] (-) TimerEvent: {}
[122.030264] (-) TimerEvent: {}
[122.130603] (-) TimerEvent: {}
[122.230904] (-) TimerEvent: {}
[122.331221] (-) TimerEvent: {}
[122.431576] (-) TimerEvent: {}
[122.531813] (-) TimerEvent: {}
[122.632085] (-) TimerEvent: {}
[122.732325] (-) TimerEvent: {}
[122.832642] (-) TimerEvent: {}
[122.932882] (-) TimerEvent: {}
[123.033126] (-) TimerEvent: {}
[123.133378] (-) TimerEvent: {}
[123.233611] (-) TimerEvent: {}
[123.333839] (-) TimerEvent: {}
[123.434181] (-) TimerEvent: {}
[123.534457] (-) TimerEvent: {}
[123.634871] (-) TimerEvent: {}
[123.735149] (-) TimerEvent: {}
[123.835492] (-) TimerEvent: {}
[123.935854] (-) TimerEvent: {}
[124.036132] (-) TimerEvent: {}
[124.136556] (-) TimerEvent: {}
[124.236882] (-) TimerEvent: {}
[124.337147] (-) TimerEvent: {}
[124.437401] (-) TimerEvent: {}
[124.537796] (-) TimerEvent: {}
[124.638038] (-) TimerEvent: {}
[124.738327] (-) TimerEvent: {}
[124.838589] (-) TimerEvent: {}
[124.938815] (-) TimerEvent: {}
[125.039069] (-) TimerEvent: {}
[125.139307] (-) TimerEvent: {}
[125.239697] (-) TimerEvent: {}
[125.339964] (-) TimerEvent: {}
[125.440271] (-) TimerEvent: {}
[125.540607] (-) TimerEvent: {}
[125.640842] (-) TimerEvent: {}
[125.741120] (-) TimerEvent: {}
[125.841466] (-) TimerEvent: {}
[125.941846] (-) TimerEvent: {}
[126.042123] (-) TimerEvent: {}
[126.142445] (-) TimerEvent: {}
[126.242705] (-) TimerEvent: {}
[126.343024] (-) TimerEvent: {}
[126.443297] (-) TimerEvent: {}
[126.543657] (-) TimerEvent: {}
[126.643918] (-) TimerEvent: {}
[126.744323] (-) TimerEvent: {}
[126.844736] (-) TimerEvent: {}
[126.945022] (-) TimerEvent: {}
[127.045377] (-) TimerEvent: {}
[127.145706] (-) TimerEvent: {}
[127.246101] (-) TimerEvent: {}
[127.346508] (-) TimerEvent: {}
[127.446907] (-) TimerEvent: {}
[127.547167] (-) TimerEvent: {}
[127.647436] (-) TimerEvent: {}
[127.747749] (-) TimerEvent: {}
[127.848033] (-) TimerEvent: {}
[127.948391] (-) TimerEvent: {}
[128.048736] (-) TimerEvent: {}
[128.149033] (-) TimerEvent: {}
[128.249278] (-) TimerEvent: {}
[128.349548] (-) TimerEvent: {}
[128.449798] (-) TimerEvent: {}
[128.550111] (-) TimerEvent: {}
[128.650433] (-) TimerEvent: {}
[128.750751] (-) TimerEvent: {}
[128.851010] (-) TimerEvent: {}
[128.951337] (-) TimerEvent: {}
[129.051660] (-) TimerEvent: {}
[129.152016] (-) TimerEvent: {}
[129.252293] (-) TimerEvent: {}
[129.352554] (-) TimerEvent: {}
[129.452796] (-) TimerEvent: {}
[129.553114] (-) TimerEvent: {}
[129.653379] (-) TimerEvent: {}
[129.753650] (-) TimerEvent: {}
[129.853888] (-) TimerEvent: {}
[129.954138] (-) TimerEvent: {}
[130.054383] (-) TimerEvent: {}
[130.154704] (-) TimerEvent: {}
[130.254982] (-) TimerEvent: {}
[130.355238] (-) TimerEvent: {}
[130.455585] (-) TimerEvent: {}
[130.555823] (-) TimerEvent: {}
[130.656089] (-) TimerEvent: {}
[130.756356] (-) TimerEvent: {}
[130.856707] (-) TimerEvent: {}
[130.956958] (-) TimerEvent: {}
[131.057231] (-) TimerEvent: {}
[131.157583] (-) TimerEvent: {}
[131.257923] (-) TimerEvent: {}
[131.358181] (-) TimerEvent: {}
[131.458446] (-) TimerEvent: {}
[131.558707] (-) TimerEvent: {}
[131.659103] (-) TimerEvent: {}
[131.759386] (-) TimerEvent: {}
[131.859780] (-) TimerEvent: {}
[131.960064] (-) TimerEvent: {}
[132.060413] (-) TimerEvent: {}
[132.160663] (-) TimerEvent: {}
[132.261062] (-) TimerEvent: {}
[132.361336] (-) TimerEvent: {}
[132.461737] (-) TimerEvent: {}
[132.562089] (-) TimerEvent: {}
[132.662436] (-) TimerEvent: {}
[132.762772] (-) TimerEvent: {}
[132.863176] (-) TimerEvent: {}
[132.963442] (-) TimerEvent: {}
[133.063714] (-) TimerEvent: {}
[133.163964] (-) TimerEvent: {}
[133.264363] (-) TimerEvent: {}
[133.364709] (-) TimerEvent: {}
[133.465055] (-) TimerEvent: {}
[133.565463] (-) TimerEvent: {}
[133.665787] (-) TimerEvent: {}
[133.766110] (-) TimerEvent: {}
[133.866344] (-) TimerEvent: {}
[133.966602] (-) TimerEvent: {}
[134.066838] (-) TimerEvent: {}
[134.167102] (-) TimerEvent: {}
[134.267363] (-) TimerEvent: {}
[134.367624] (-) TimerEvent: {}
[134.467869] (-) TimerEvent: {}
[134.568147] (-) TimerEvent: {}
[134.668417] (-) TimerEvent: {}
[134.768683] (-) TimerEvent: {}
[134.868928] (-) TimerEvent: {}
[134.969208] (-) TimerEvent: {}
[135.069485] (-) TimerEvent: {}
[135.169762] (-) TimerEvent: {}
[135.270043] (-) TimerEvent: {}
[135.370323] (-) TimerEvent: {}
[135.470700] (-) TimerEvent: {}
[135.571070] (-) TimerEvent: {}
[135.671339] (-) TimerEvent: {}
[135.771648] (-) TimerEvent: {}
[135.871897] (-) TimerEvent: {}
[135.972152] (-) TimerEvent: {}
[136.072418] (-) TimerEvent: {}
[136.172676] (-) TimerEvent: {}
[136.272941] (-) TimerEvent: {}
[136.373191] (-) TimerEvent: {}
[136.473512] (-) TimerEvent: {}
[136.573760] (-) TimerEvent: {}
[136.674112] (-) TimerEvent: {}
[136.774418] (-) TimerEvent: {}
[136.874688] (-) TimerEvent: {}
[136.974994] (-) TimerEvent: {}
[137.075305] (-) TimerEvent: {}
[137.175634] (-) TimerEvent: {}
[137.275902] (-) TimerEvent: {}
[137.376306] (-) TimerEvent: {}
[137.476645] (-) TimerEvent: {}
[137.576928] (-) TimerEvent: {}
[137.677271] (-) TimerEvent: {}
[137.777538] (-) TimerEvent: {}
[137.877855] (-) TimerEvent: {}
[137.978124] (-) TimerEvent: {}
[138.078397] (-) TimerEvent: {}
[138.178720] (-) TimerEvent: {}
[138.278997] (-) TimerEvent: {}
[138.379274] (-) TimerEvent: {}
[138.479649] (-) TimerEvent: {}
[138.580002] (-) TimerEvent: {}
[138.680282] (-) TimerEvent: {}
[138.780669] (-) TimerEvent: {}
[138.881030] (-) TimerEvent: {}
[138.981287] (-) TimerEvent: {}
[139.081562] (-) TimerEvent: {}
[139.181962] (-) TimerEvent: {}
[139.282233] (-) TimerEvent: {}
[139.382508] (-) TimerEvent: {}
[139.482756] (-) TimerEvent: {}
[139.583009] (-) TimerEvent: {}
[139.683318] (-) TimerEvent: {}
[139.783679] (-) TimerEvent: {}
[139.883927] (-) TimerEvent: {}
[139.984193] (-) TimerEvent: {}
[140.084497] (-) TimerEvent: {}
[140.184764] (-) TimerEvent: {}
[140.285000] (-) TimerEvent: {}
[140.385274] (-) TimerEvent: {}
[140.485497] (-) TimerEvent: {}
[140.585746] (-) TimerEvent: {}
[140.686021] (-) TimerEvent: {}
[140.786298] (-) TimerEvent: {}
[140.886585] (-) TimerEvent: {}
[140.986823] (-) TimerEvent: {}
[141.087120] (-) TimerEvent: {}
[141.187407] (-) TimerEvent: {}
[141.287817] (-) TimerEvent: {}
[141.388217] (-) TimerEvent: {}
[141.488633] (-) TimerEvent: {}
[141.588881] (-) TimerEvent: {}
[141.689297] (-) TimerEvent: {}
[141.789664] (-) TimerEvent: {}
[141.889907] (-) TimerEvent: {}
[141.990176] (-) TimerEvent: {}
[142.090483] (-) TimerEvent: {}
[142.190722] (-) TimerEvent: {}
[142.291055] (-) TimerEvent: {}
[142.391325] (-) TimerEvent: {}
[142.491713] (-) TimerEvent: {}
[142.591983] (-) TimerEvent: {}
[142.692385] (-) TimerEvent: {}
[142.792793] (-) TimerEvent: {}
[142.893067] (-) TimerEvent: {}
[142.993472] (-) TimerEvent: {}
[143.093734] (-) TimerEvent: {}
[143.194148] (-) TimerEvent: {}
[143.294419] (-) TimerEvent: {}
[143.394821] (-) TimerEvent: {}
[143.495103] (-) TimerEvent: {}
[143.595383] (-) TimerEvent: {}
[143.695644] (-) TimerEvent: {}
[143.796000] (-) TimerEvent: {}
[143.896300] (-) TimerEvent: {}
[143.996674] (-) TimerEvent: {}
[144.096950] (-) TimerEvent: {}
[144.197221] (-) TimerEvent: {}
[144.297493] (-) TimerEvent: {}
[144.397759] (-) TimerEvent: {}
[144.498085] (-) TimerEvent: {}
[144.598411] (-) TimerEvent: {}
[144.698733] (-) TimerEvent: {}
[144.799152] (-) TimerEvent: {}
[144.899472] (-) TimerEvent: {}
[144.999754] (-) TimerEvent: {}
[145.100012] (-) TimerEvent: {}
[145.200255] (-) TimerEvent: {}
[145.300511] (-) TimerEvent: {}
[145.400778] (-) TimerEvent: {}
[145.501068] (-) TimerEvent: {}
[145.601349] (-) TimerEvent: {}
[145.701702] (-) TimerEvent: {}
[145.801965] (-) TimerEvent: {}
[145.902300] (-) TimerEvent: {}
[146.002672] (-) TimerEvent: {}
[146.102934] (-) TimerEvent: {}
[146.203252] (-) TimerEvent: {}
[146.303509] (-) TimerEvent: {}
[146.403767] (-) TimerEvent: {}
[146.504015] (-) TimerEvent: {}
[146.604318] (-) TimerEvent: {}
[146.704632] (-) TimerEvent: {}
[146.804868] (-) TimerEvent: {}
[146.905131] (-) TimerEvent: {}
[147.005371] (-) TimerEvent: {}
[147.105629] (-) TimerEvent: {}
[147.205863] (-) TimerEvent: {}
[147.306137] (-) TimerEvent: {}
[147.406409] (-) TimerEvent: {}
[147.506665] (-) TimerEvent: {}
[147.606918] (-) TimerEvent: {}
[147.707218] (-) TimerEvent: {}
[147.807483] (-) TimerEvent: {}
[147.907704] (-) TimerEvent: {}
[148.008059] (-) TimerEvent: {}
[148.108358] (-) TimerEvent: {}
[148.208687] (-) TimerEvent: {}
[148.308968] (-) TimerEvent: {}
[148.409454] (-) TimerEvent: {}
[148.509881] (-) TimerEvent: {}
[148.610189] (-) TimerEvent: {}
[148.710499] (-) TimerEvent: {}
[148.810781] (-) TimerEvent: {}
[148.911039] (-) TimerEvent: {}
[149.011315] (-) TimerEvent: {}
[149.111589] (-) TimerEvent: {}
[149.211847] (-) TimerEvent: {}
[149.312116] (-) TimerEvent: {}
[149.412396] (-) TimerEvent: {}
[149.512639] (-) TimerEvent: {}
[149.612925] (-) TimerEvent: {}
[149.713180] (-) TimerEvent: {}
[149.813466] (-) TimerEvent: {}
[149.913706] (-) TimerEvent: {}
[150.013962] (-) TimerEvent: {}
[150.114195] (-) TimerEvent: {}
[150.214465] (-) TimerEvent: {}
[150.314735] (-) TimerEvent: {}
[150.414973] (-) TimerEvent: {}
[150.515209] (-) TimerEvent: {}
[150.615455] (-) TimerEvent: {}
[150.715704] (-) TimerEvent: {}
[150.815954] (-) TimerEvent: {}
[150.916199] (-) TimerEvent: {}
[151.016458] (-) TimerEvent: {}
[151.116736] (-) TimerEvent: {}
[151.216969] (-) TimerEvent: {}
[151.317200] (-) TimerEvent: {}
[151.417447] (-) TimerEvent: {}
[151.517691] (-) TimerEvent: {}
[151.617941] (-) TimerEvent: {}
[151.718191] (-) TimerEvent: {}
[151.818434] (-) TimerEvent: {}
[151.918762] (-) TimerEvent: {}
[152.019048] (-) TimerEvent: {}
[152.119321] (-) TimerEvent: {}
[152.219557] (-) TimerEvent: {}
[152.319795] (-) TimerEvent: {}
[152.420108] (-) TimerEvent: {}
[152.520382] (-) TimerEvent: {}
[152.620608] (-) TimerEvent: {}
[152.720856] (-) TimerEvent: {}
[152.821137] (-) TimerEvent: {}
[152.921471] (-) TimerEvent: {}
[153.021731] (-) TimerEvent: {}
[153.122004] (-) TimerEvent: {}
[153.222235] (-) TimerEvent: {}
[153.322491] (-) TimerEvent: {}
[153.422757] (-) TimerEvent: {}
[153.523034] (-) TimerEvent: {}
[153.623306] (-) TimerEvent: {}
[153.723582] (-) TimerEvent: {}
[153.823824] (-) TimerEvent: {}
[153.924070] (-) TimerEvent: {}
[154.024346] (-) TimerEvent: {}
[154.124667] (-) TimerEvent: {}
[154.225002] (-) TimerEvent: {}
[154.325291] (-) TimerEvent: {}
[154.425590] (-) TimerEvent: {}
[154.525842] (-) TimerEvent: {}
[154.626137] (-) TimerEvent: {}
[154.726528] (-) TimerEvent: {}
[154.826881] (-) TimerEvent: {}
[154.927150] (-) TimerEvent: {}
[155.027420] (-) TimerEvent: {}
[155.127682] (-) TimerEvent: {}
[155.227942] (-) TimerEvent: {}
[155.328215] (-) TimerEvent: {}
[155.428478] (-) TimerEvent: {}
[155.528743] (-) TimerEvent: {}
[155.629011] (-) TimerEvent: {}
[155.729278] (-) TimerEvent: {}
[155.829535] (-) TimerEvent: {}
[155.929788] (-) TimerEvent: {}
[156.030073] (-) TimerEvent: {}
[156.130457] (-) TimerEvent: {}
[156.230733] (-) TimerEvent: {}
[156.331007] (-) TimerEvent: {}
[156.431311] (-) TimerEvent: {}
[156.531595] (-) TimerEvent: {}
[156.631925] (-) TimerEvent: {}
[156.732220] (-) TimerEvent: {}
[156.832476] (-) TimerEvent: {}
[156.932745] (-) TimerEvent: {}
[157.033130] (-) TimerEvent: {}
[157.133403] (-) TimerEvent: {}
[157.233679] (-) TimerEvent: {}
[157.333989] (-) TimerEvent: {}
[157.434332] (-) TimerEvent: {}
[157.534619] (-) TimerEvent: {}
[157.634864] (-) TimerEvent: {}
[157.735138] (-) TimerEvent: {}
[157.835396] (-) TimerEvent: {}
[157.935666] (-) TimerEvent: {}
[158.035911] (-) TimerEvent: {}
[158.136164] (-) TimerEvent: {}
[158.236440] (-) TimerEvent: {}
[158.336690] (-) TimerEvent: {}
[158.436953] (-) TimerEvent: {}
[158.537211] (-) TimerEvent: {}
[158.637451] (-) TimerEvent: {}
[158.737716] (-) TimerEvent: {}
[158.837978] (-) TimerEvent: {}
[158.938314] (-) TimerEvent: {}
[159.038552] (-) TimerEvent: {}
[159.138803] (-) TimerEvent: {}
[159.239056] (-) TimerEvent: {}
[159.339288] (-) TimerEvent: {}
[159.439638] (-) TimerEvent: {}
[159.539953] (-) TimerEvent: {}
[159.640225] (-) TimerEvent: {}
[159.740477] (-) TimerEvent: {}
[159.840798] (-) TimerEvent: {}
[159.941067] (-) TimerEvent: {}
[160.041334] (-) TimerEvent: {}
[160.141602] (-) TimerEvent: {}
[160.241834] (-) TimerEvent: {}
[160.342101] (-) TimerEvent: {}
[160.442363] (-) TimerEvent: {}
[160.542616] (-) TimerEvent: {}
[160.642914] (-) TimerEvent: {}
[160.743181] (-) TimerEvent: {}
[160.843451] (-) TimerEvent: {}
[160.943698] (-) TimerEvent: {}
[161.043932] (-) TimerEvent: {}
[161.144210] (-) TimerEvent: {}
[161.244471] (-) TimerEvent: {}
[161.344713] (-) TimerEvent: {}
[161.444939] (-) TimerEvent: {}
[161.545258] (-) TimerEvent: {}
[161.645555] (-) TimerEvent: {}
[161.745788] (-) TimerEvent: {}
[161.846067] (-) TimerEvent: {}
[161.946329] (-) TimerEvent: {}
[162.046603] (-) TimerEvent: {}
[162.146868] (-) TimerEvent: {}
[162.247125] (-) TimerEvent: {}
[162.347391] (-) TimerEvent: {}
[162.447644] (-) TimerEvent: {}
[162.547949] (-) TimerEvent: {}
[162.648245] (-) TimerEvent: {}
[162.748514] (-) TimerEvent: {}
[162.848813] (-) TimerEvent: {}
[162.949099] (-) TimerEvent: {}
[163.049382] (-) TimerEvent: {}
[163.149627] (-) TimerEvent: {}
[163.249883] (-) TimerEvent: {}
[163.350162] (-) TimerEvent: {}
[163.450427] (-) TimerEvent: {}
[163.550703] (-) TimerEvent: {}
[163.651010] (-) TimerEvent: {}
[163.751329] (-) TimerEvent: {}
[163.851645] (-) TimerEvent: {}
[163.951902] (-) TimerEvent: {}
[164.052164] (-) TimerEvent: {}
[164.152442] (-) TimerEvent: {}
[164.252799] (-) TimerEvent: {}
[164.353078] (-) TimerEvent: {}
[164.453320] (-) TimerEvent: {}
[164.553604] (-) TimerEvent: {}
[164.653875] (-) TimerEvent: {}
[164.754164] (-) TimerEvent: {}
[164.854447] (-) TimerEvent: {}
[164.954711] (-) TimerEvent: {}
[165.054962] (-) TimerEvent: {}
[165.155268] (-) TimerEvent: {}
[165.255546] (-) TimerEvent: {}
[165.355785] (-) TimerEvent: {}
[165.456063] (-) TimerEvent: {}
[165.556330] (-) TimerEvent: {}
[165.656590] (-) TimerEvent: {}
[165.756853] (-) TimerEvent: {}
[165.857119] (-) TimerEvent: {}
[165.957389] (-) TimerEvent: {}
[166.057618] (-) TimerEvent: {}
[166.157865] (-) TimerEvent: {}
[166.258125] (-) TimerEvent: {}
[166.358404] (-) TimerEvent: {}
[166.458647] (-) TimerEvent: {}
[166.558915] (-) TimerEvent: {}
[166.659195] (-) TimerEvent: {}
[166.759431] (-) TimerEvent: {}
[166.859688] (-) TimerEvent: {}
[166.959989] (-) TimerEvent: {}
[167.060231] (-) TimerEvent: {}
[167.160512] (-) TimerEvent: {}
[167.260760] (-) TimerEvent: {}
[167.361033] (-) TimerEvent: {}
[167.461340] (-) TimerEvent: {}
[167.561619] (-) TimerEvent: {}
[167.661930] (-) TimerEvent: {}
[167.762191] (-) TimerEvent: {}
[167.862474] (-) TimerEvent: {}
[167.962736] (-) TimerEvent: {}
[168.063040] (-) TimerEvent: {}
[168.163327] (-) TimerEvent: {}
[168.263573] (-) TimerEvent: {}
[168.363841] (-) TimerEvent: {}
[168.464104] (-) TimerEvent: {}
[168.564374] (-) TimerEvent: {}
[168.664665] (-) TimerEvent: {}
[168.764917] (-) TimerEvent: {}
[168.865180] (-) TimerEvent: {}
[168.965465] (-) TimerEvent: {}
[169.065703] (-) TimerEvent: {}
[169.165954] (-) TimerEvent: {}
[169.266258] (-) TimerEvent: {}
[169.366616] (-) TimerEvent: {}
[169.466881] (-) TimerEvent: {}
[169.567143] (-) TimerEvent: {}
[169.667409] (-) TimerEvent: {}
[169.767691] (-) TimerEvent: {}
[169.867969] (-) TimerEvent: {}
[169.968219] (-) TimerEvent: {}
[170.068526] (-) TimerEvent: {}
[170.168788] (-) TimerEvent: {}
[170.269069] (-) TimerEvent: {}
[170.369343] (-) TimerEvent: {}
[170.469626] (-) TimerEvent: {}
[170.569947] (-) TimerEvent: {}
[170.670222] (-) TimerEvent: {}
[170.770509] (-) TimerEvent: {}
[170.870784] (-) TimerEvent: {}
[170.971036] (-) TimerEvent: {}
[171.071328] (-) TimerEvent: {}
[171.171625] (-) TimerEvent: {}
[171.271892] (-) TimerEvent: {}
[171.372161] (-) TimerEvent: {}
[171.472469] (-) TimerEvent: {}
[171.572761] (-) TimerEvent: {}
[171.673036] (-) TimerEvent: {}
[171.773379] (-) TimerEvent: {}
[171.873642] (-) TimerEvent: {}
[171.973948] (-) TimerEvent: {}
[172.074218] (-) TimerEvent: {}
[172.174488] (-) TimerEvent: {}
[172.274744] (-) TimerEvent: {}
[172.375050] (-) TimerEvent: {}
[172.475334] (-) TimerEvent: {}
[172.575608] (-) TimerEvent: {}
[172.675894] (-) TimerEvent: {}
[172.776248] (-) TimerEvent: {}
[172.876500] (-) TimerEvent: {}
[172.976761] (-) TimerEvent: {}
[173.077030] (-) TimerEvent: {}
[173.177283] (-) TimerEvent: {}
[173.277601] (-) TimerEvent: {}
[173.377839] (-) TimerEvent: {}
[173.478164] (-) TimerEvent: {}
[173.578423] (-) TimerEvent: {}
[173.678708] (-) TimerEvent: {}
[173.779005] (-) TimerEvent: {}
[173.879270] (-) TimerEvent: {}
[173.979577] (-) TimerEvent: {}
[174.079827] (-) TimerEvent: {}
[174.180105] (-) TimerEvent: {}
[174.280404] (-) TimerEvent: {}
[174.380663] (-) TimerEvent: {}
[174.480929] (-) TimerEvent: {}
[174.581191] (-) TimerEvent: {}
[174.681468] (-) TimerEvent: {}
[174.781718] (-) TimerEvent: {}
[174.881996] (-) TimerEvent: {}
[174.982285] (-) TimerEvent: {}
[175.082585] (-) TimerEvent: {}
[175.182833] (-) TimerEvent: {}
[175.283104] (-) TimerEvent: {}
[175.383378] (-) TimerEvent: {}
[175.483607] (-) TimerEvent: {}
[175.583907] (-) TimerEvent: {}
[175.684155] (-) TimerEvent: {}
[175.784457] (-) TimerEvent: {}
[175.884745] (-) TimerEvent: {}
[175.985005] (-) TimerEvent: {}
[176.085283] (-) TimerEvent: {}
[176.185584] (-) TimerEvent: {}
[176.285844] (-) TimerEvent: {}
[176.386171] (-) TimerEvent: {}
[176.486443] (-) TimerEvent: {}
[176.586687] (-) TimerEvent: {}
[176.686925] (-) TimerEvent: {}
[176.787193] (-) TimerEvent: {}
[176.887454] (-) TimerEvent: {}
[176.987712] (-) TimerEvent: {}
[177.087972] (-) TimerEvent: {}
[177.188231] (-) TimerEvent: {}
[177.288508] (-) TimerEvent: {}
[177.388768] (-) TimerEvent: {}
[177.489035] (-) TimerEvent: {}
[177.589287] (-) TimerEvent: {}
[177.689555] (-) TimerEvent: {}
[177.789793] (-) TimerEvent: {}
[177.890038] (-) TimerEvent: {}
[177.990316] (-) TimerEvent: {}
[178.090595] (-) TimerEvent: {}
[178.190829] (-) TimerEvent: {}
[178.291121] (-) TimerEvent: {}
[178.391393] (-) TimerEvent: {}
[178.491694] (-) TimerEvent: {}
[178.591945] (-) TimerEvent: {}
[178.692219] (-) TimerEvent: {}
[178.792478] (-) TimerEvent: {}
[178.892750] (-) TimerEvent: {}
[178.993044] (-) TimerEvent: {}
[179.093284] (-) TimerEvent: {}
[179.193560] (-) TimerEvent: {}
[179.293841] (-) TimerEvent: {}
[179.394138] (-) TimerEvent: {}
[179.494410] (-) TimerEvent: {}
[179.594657] (-) TimerEvent: {}
[179.694899] (-) TimerEvent: {}
[179.795165] (-) TimerEvent: {}
[179.895425] (-) TimerEvent: {}
[179.995703] (-) TimerEvent: {}
[180.095996] (-) TimerEvent: {}
[180.196291] (-) TimerEvent: {}
[180.296572] (-) TimerEvent: {}
[180.396809] (-) TimerEvent: {}
[180.497070] (-) TimerEvent: {}
[180.597325] (-) TimerEvent: {}
[180.697584] (-) TimerEvent: {}
[180.797853] (-) TimerEvent: {}
[180.898191] (-) TimerEvent: {}
[180.998702] (-) TimerEvent: {}
[181.098963] (-) TimerEvent: {}
[181.199225] (-) TimerEvent: {}
[181.299564] (-) TimerEvent: {}
[181.399919] (-) TimerEvent: {}
[181.500176] (-) TimerEvent: {}
[181.600451] (-) TimerEvent: {}
[181.700794] (-) TimerEvent: {}
[181.801089] (-) TimerEvent: {}
[181.901411] (-) TimerEvent: {}
[182.001647] (-) TimerEvent: {}
[182.101900] (-) TimerEvent: {}
[182.202173] (-) TimerEvent: {}
[182.302430] (-) TimerEvent: {}
[182.402708] (-) TimerEvent: {}
[182.503064] (-) TimerEvent: {}
[182.603407] (-) TimerEvent: {}
[182.703686] (-) TimerEvent: {}
[182.803927] (-) TimerEvent: {}
[182.904161] (-) TimerEvent: {}
[183.004423] (-) TimerEvent: {}
[183.104759] (-) TimerEvent: {}
[183.205011] (-) TimerEvent: {}
[183.305278] (-) TimerEvent: {}
[183.405523] (-) TimerEvent: {}
[183.505796] (-) TimerEvent: {}
[183.606064] (-) TimerEvent: {}
[183.706351] (-) TimerEvent: {}
[183.806630] (-) TimerEvent: {}
[183.907068] (-) TimerEvent: {}
[184.007402] (-) TimerEvent: {}
[184.107806] (-) TimerEvent: {}
[184.208038] (-) TimerEvent: {}
[184.308299] (-) TimerEvent: {}
[184.408675] (-) TimerEvent: {}
[184.509006] (-) TimerEvent: {}
[184.609334] (-) TimerEvent: {}
[184.709584] (-) TimerEvent: {}
[184.809827] (-) TimerEvent: {}
[184.910184] (-) TimerEvent: {}
[185.010593] (-) TimerEvent: {}
[185.110850] (-) TimerEvent: {}
[185.211104] (-) TimerEvent: {}
[185.311356] (-) TimerEvent: {}
[185.411623] (-) TimerEvent: {}
[185.511867] (-) TimerEvent: {}
[185.612164] (-) TimerEvent: {}
[185.712420] (-) TimerEvent: {}
[185.812803] (-) TimerEvent: {}
[185.913051] (-) TimerEvent: {}
[186.013271] (-) TimerEvent: {}
[186.113515] (-) TimerEvent: {}
[186.213807] (-) TimerEvent: {}
[186.314063] (-) TimerEvent: {}
[186.414355] (-) TimerEvent: {}
[186.514620] (-) TimerEvent: {}
[186.614844] (-) TimerEvent: {}
[186.715087] (-) TimerEvent: {}
[186.815384] (-) TimerEvent: {}
[186.915616] (-) TimerEvent: {}
[187.015858] (-) TimerEvent: {}
[187.116123] (-) TimerEvent: {}
[187.216351] (-) TimerEvent: {}
[187.316635] (-) TimerEvent: {}
[187.416904] (-) TimerEvent: {}
[187.517155] (-) TimerEvent: {}
[187.617394] (-) TimerEvent: {}
[187.717581] (-) TimerEvent: {}
[187.817811] (-) TimerEvent: {}
[187.918074] (-) TimerEvent: {}
[188.018341] (-) TimerEvent: {}
[188.118594] (-) TimerEvent: {}
[188.218823] (-) TimerEvent: {}
[188.319077] (-) TimerEvent: {}
[188.419370] (-) TimerEvent: {}
[188.519661] (-) TimerEvent: {}
[188.619903] (-) TimerEvent: {}
[188.720191] (-) TimerEvent: {}
[188.820435] (-) TimerEvent: {}
[188.920715] (-) TimerEvent: {}
[189.020976] (-) TimerEvent: {}
[189.121256] (-) TimerEvent: {}
[189.221509] (-) TimerEvent: {}
[189.321746] (-) TimerEvent: {}
[189.422002] (-) TimerEvent: {}
[189.522244] (-) TimerEvent: {}
[189.622502] (-) TimerEvent: {}
[189.722737] (-) TimerEvent: {}
[189.822984] (-) TimerEvent: {}
[189.923245] (-) TimerEvent: {}
[190.023497] (-) TimerEvent: {}
[190.123778] (-) TimerEvent: {}
[190.224059] (-) TimerEvent: {}
[190.324318] (-) TimerEvent: {}
[190.424583] (-) TimerEvent: {}
[190.524847] (-) TimerEvent: {}
[190.625165] (-) TimerEvent: {}
[190.725439] (-) TimerEvent: {}
[190.825680] (-) TimerEvent: {}
[190.925928] (-) TimerEvent: {}
[191.026277] (-) TimerEvent: {}
[191.126554] (-) TimerEvent: {}
[191.226791] (-) TimerEvent: {}
[191.327041] (-) TimerEvent: {}
[191.427305] (-) TimerEvent: {}
[191.527709] (-) TimerEvent: {}
[191.627984] (-) TimerEvent: {}
[191.728251] (-) TimerEvent: {}
[191.828507] (-) TimerEvent: {}
[191.928760] (-) TimerEvent: {}
[192.029034] (-) TimerEvent: {}
[192.129352] (-) TimerEvent: {}
[192.229604] (-) TimerEvent: {}
[192.329841] (-) TimerEvent: {}
[192.430093] (-) TimerEvent: {}
[192.530345] (-) TimerEvent: {}
[192.630705] (-) TimerEvent: {}
[192.730964] (-) TimerEvent: {}
[192.831219] (-) TimerEvent: {}
[192.931481] (-) TimerEvent: {}
[193.031698] (-) TimerEvent: {}
[193.131936] (-) TimerEvent: {}
[193.232223] (-) TimerEvent: {}
[193.332490] (-) TimerEvent: {}
[193.432735] (-) TimerEvent: {}
[193.533037] (-) TimerEvent: {}
[193.633309] (-) TimerEvent: {}
[193.733573] (-) TimerEvent: {}
[193.833832] (-) TimerEvent: {}
[193.934185] (-) TimerEvent: {}
[194.034519] (-) TimerEvent: {}
[194.134788] (-) TimerEvent: {}
[194.235061] (-) TimerEvent: {}
[194.335425] (-) TimerEvent: {}
[194.435727] (-) TimerEvent: {}
[194.535969] (-) TimerEvent: {}
[194.636224] (-) TimerEvent: {}
[194.736457] (-) TimerEvent: {}
[194.836727] (-) TimerEvent: {}
[194.936968] (-) TimerEvent: {}
[195.037239] (-) TimerEvent: {}
[195.137566] (-) TimerEvent: {}
[195.237802] (-) TimerEvent: {}
[195.338066] (-) TimerEvent: {}
[195.438314] (-) TimerEvent: {}
[195.538589] (-) TimerEvent: {}
[195.638835] (-) TimerEvent: {}
[195.739101] (-) TimerEvent: {}
[195.839328] (-) TimerEvent: {}
[195.939649] (-) TimerEvent: {}
[196.039934] (-) TimerEvent: {}
[196.140192] (-) TimerEvent: {}
[196.240435] (-) TimerEvent: {}
[196.340714] (-) TimerEvent: {}
[196.440975] (-) TimerEvent: {}
[196.541216] (-) TimerEvent: {}
[196.641488] (-) TimerEvent: {}
[196.741860] (-) TimerEvent: {}
[196.842134] (-) TimerEvent: {}
[196.942402] (-) TimerEvent: {}
[197.042648] (-) TimerEvent: {}
[197.142898] (-) TimerEvent: {}
[197.243166] (-) TimerEvent: {}
[197.343441] (-) TimerEvent: {}
[197.443703] (-) TimerEvent: {}
[197.543993] (-) TimerEvent: {}
[197.644226] (-) TimerEvent: {}
[197.744458] (-) TimerEvent: {}
[197.844693] (-) TimerEvent: {}
[197.944924] (-) TimerEvent: {}
[198.045192] (-) TimerEvent: {}
[198.145465] (-) TimerEvent: {}
[198.245719] (-) TimerEvent: {}
[198.345966] (-) TimerEvent: {}
[198.446241] (-) TimerEvent: {}
[198.546523] (-) TimerEvent: {}
[198.646785] (-) TimerEvent: {}
[198.747018] (-) TimerEvent: {}
[198.847302] (-) TimerEvent: {}
[198.947678] (-) TimerEvent: {}
[199.047920] (-) TimerEvent: {}
[199.148192] (-) TimerEvent: {}
[199.248610] (-) TimerEvent: {}
[199.348874] (-) TimerEvent: {}
[199.449231] (-) TimerEvent: {}
[199.549517] (-) TimerEvent: {}
[199.649773] (-) TimerEvent: {}
[199.750125] (-) TimerEvent: {}
[199.850387] (-) TimerEvent: {}
[199.950687] (-) TimerEvent: {}
[200.050967] (-) TimerEvent: {}
[200.151222] (-) TimerEvent: {}
[200.251475] (-) TimerEvent: {}
[200.351730] (-) TimerEvent: {}
[200.451975] (-) TimerEvent: {}
[200.552236] (-) TimerEvent: {}
[200.652487] (-) TimerEvent: {}
[200.752758] (-) TimerEvent: {}
[200.853018] (-) TimerEvent: {}
[200.953289] (-) TimerEvent: {}
[201.053565] (-) TimerEvent: {}
[201.153903] (-) TimerEvent: {}
[201.254204] (-) TimerEvent: {}
[201.354461] (-) TimerEvent: {}
[201.454701] (-) TimerEvent: {}
[201.554965] (-) TimerEvent: {}
[201.655385] (-) TimerEvent: {}
[201.755622] (-) TimerEvent: {}
[201.855908] (-) TimerEvent: {}
[201.956174] (-) TimerEvent: {}
[202.056448] (-) TimerEvent: {}
[202.156850] (-) TimerEvent: {}
[202.257212] (-) TimerEvent: {}
[202.357515] (-) TimerEvent: {}
[202.457775] (-) TimerEvent: {}
[202.558051] (-) TimerEvent: {}
[202.658388] (-) TimerEvent: {}
[202.758584] (-) TimerEvent: {}
[202.858817] (-) TimerEvent: {}
[202.959083] (-) TimerEvent: {}
[203.059361] (-) TimerEvent: {}
[203.159710] (-) TimerEvent: {}
[203.259985] (-) TimerEvent: {}
[203.360332] (-) TimerEvent: {}
[203.460657] (-) TimerEvent: {}
[203.560917] (-) TimerEvent: {}
[203.661220] (-) TimerEvent: {}
[203.761488] (-) TimerEvent: {}
[203.861725] (-) TimerEvent: {}
[203.961993] (-) TimerEvent: {}
[204.062238] (-) TimerEvent: {}
[204.162527] (-) TimerEvent: {}
[204.262784] (-) TimerEvent: {}
[204.363095] (-) TimerEvent: {}
[204.463450] (-) TimerEvent: {}
[204.563710] (-) TimerEvent: {}
[204.664062] (-) TimerEvent: {}
[204.764415] (-) TimerEvent: {}
[204.864670] (-) TimerEvent: {}
[204.965018] (-) TimerEvent: {}
[205.065311] (-) TimerEvent: {}
[205.165596] (-) TimerEvent: {}
[205.265932] (-) TimerEvent: {}
[205.366275] (-) TimerEvent: {}
[205.466548] (-) TimerEvent: {}
[205.566795] (-) TimerEvent: {}
[205.667144] (-) TimerEvent: {}
[205.767486] (-) TimerEvent: {}
[205.867745] (-) TimerEvent: {}
[205.968041] (-) TimerEvent: {}
[206.068281] (-) TimerEvent: {}
[206.168666] (-) TimerEvent: {}
[206.269022] (-) TimerEvent: {}
[206.369300] (-) TimerEvent: {}
[206.469668] (-) TimerEvent: {}
[206.569906] (-) TimerEvent: {}
[206.670307] (-) TimerEvent: {}
[206.770597] (-) TimerEvent: {}
[206.870836] (-) TimerEvent: {}
[206.971160] (-) TimerEvent: {}
[207.071427] (-) TimerEvent: {}
[207.171710] (-) TimerEvent: {}
[207.271958] (-) TimerEvent: {}
[207.372220] (-) TimerEvent: {}
[207.472487] (-) TimerEvent: {}
[207.572719] (-) TimerEvent: {}
[207.672965] (-) TimerEvent: {}
[207.773196] (-) TimerEvent: {}
[207.873446] (-) TimerEvent: {}
[207.973712] (-) TimerEvent: {}
[208.073959] (-) TimerEvent: {}
[208.174296] (-) TimerEvent: {}
[208.274530] (-) TimerEvent: {}
[208.374848] (-) TimerEvent: {}
[208.475113] (-) TimerEvent: {}
[208.575351] (-) TimerEvent: {}
[208.675618] (-) TimerEvent: {}
[208.775842] (-) TimerEvent: {}
[208.876104] (-) TimerEvent: {}
[208.976368] (-) TimerEvent: {}
[209.076614] (-) TimerEvent: {}
[209.176850] (-) TimerEvent: {}
[209.277121] (-) TimerEvent: {}
[209.377356] (-) TimerEvent: {}
[209.477640] (-) TimerEvent: {}
[209.577891] (-) TimerEvent: {}
[209.678155] (-) TimerEvent: {}
[209.778472] (-) TimerEvent: {}
[209.878720] (-) TimerEvent: {}
[209.978952] (-) TimerEvent: {}
[210.079214] (-) TimerEvent: {}
[210.179579] (-) TimerEvent: {}
[210.279899] (-) TimerEvent: {}
[210.380250] (-) TimerEvent: {}
[210.480486] (-) TimerEvent: {}
[210.580809] (-) TimerEvent: {}
[210.681067] (-) TimerEvent: {}
[210.781333] (-) TimerEvent: {}
[210.881595] (-) TimerEvent: {}
[210.981824] (-) TimerEvent: {}
[211.082069] (-) TimerEvent: {}
[211.182429] (-) TimerEvent: {}
[211.282781] (-) TimerEvent: {}
[211.383046] (-) TimerEvent: {}
[211.483293] (-) TimerEvent: {}
[211.583557] (-) TimerEvent: {}
[211.683886] (-) TimerEvent: {}
[211.784119] (-) TimerEvent: {}
[211.884442] (-) TimerEvent: {}
[211.984686] (-) TimerEvent: {}
[212.084938] (-) TimerEvent: {}
[212.185195] (-) TimerEvent: {}
[212.285558] (-) TimerEvent: {}
[212.385809] (-) TimerEvent: {}
[212.486083] (-) TimerEvent: {}
[212.586356] (-) TimerEvent: {}
[212.686605] (-) TimerEvent: {}
[212.786922] (-) TimerEvent: {}
[212.887261] (-) TimerEvent: {}
[212.987618] (-) TimerEvent: {}
[213.087945] (-) TimerEvent: {}
[213.188210] (-) TimerEvent: {}
[213.288447] (-) TimerEvent: {}
[213.388683] (-) TimerEvent: {}
[213.488921] (-) TimerEvent: {}
[213.589189] (-) TimerEvent: {}
[213.689449] (-) TimerEvent: {}
[213.789691] (-) TimerEvent: {}
[213.889929] (-) TimerEvent: {}
[213.990346] (-) TimerEvent: {}
[214.090614] (-) TimerEvent: {}
[214.190865] (-) TimerEvent: {}
[214.291131] (-) TimerEvent: {}
[214.391404] (-) TimerEvent: {}
[214.491641] (-) TimerEvent: {}
[214.591870] (-) TimerEvent: {}
[214.692130] (-) TimerEvent: {}
[214.792400] (-) TimerEvent: {}
[214.892674] (-) TimerEvent: {}
[214.992939] (-) TimerEvent: {}
[215.093210] (-) TimerEvent: {}
[215.193549] (-) TimerEvent: {}
[215.293807] (-) TimerEvent: {}
[215.394146] (-) TimerEvent: {}
[215.494424] (-) TimerEvent: {}
[215.594697] (-) TimerEvent: {}
[215.694940] (-) TimerEvent: {}
[215.795284] (-) TimerEvent: {}
[215.895573] (-) TimerEvent: {}
[215.995816] (-) TimerEvent: {}
[216.096144] (-) TimerEvent: {}
[216.196485] (-) TimerEvent: {}
[216.296753] (-) TimerEvent: {}
[216.397037] (-) TimerEvent: {}
[216.497265] (-) TimerEvent: {}
[216.597486] (-) TimerEvent: {}
[216.697716] (-) TimerEvent: {}
[216.797963] (-) TimerEvent: {}
[216.898232] (-) TimerEvent: {}
[216.998612] (-) TimerEvent: {}
[217.098853] (-) TimerEvent: {}
[217.199122] (-) TimerEvent: {}
[217.299398] (-) TimerEvent: {}
[217.399623] (-) TimerEvent: {}
[217.499854] (-) TimerEvent: {}
[217.600136] (-) TimerEvent: {}
[217.700461] (-) TimerEvent: {}
[217.800711] (-) TimerEvent: {}
[217.900991] (-) TimerEvent: {}
[218.001252] (-) TimerEvent: {}
[218.101504] (-) TimerEvent: {}
[218.201763] (-) TimerEvent: {}
[218.302028] (-) TimerEvent: {}
[218.402261] (-) TimerEvent: {}
[218.502525] (-) TimerEvent: {}
[218.602759] (-) TimerEvent: {}
[218.702987] (-) TimerEvent: {}
[218.803273] (-) TimerEvent: {}
[218.903516] (-) TimerEvent: {}
[219.003744] (-) TimerEvent: {}
[219.103990] (-) TimerEvent: {}
[219.204239] (-) TimerEvent: {}
[219.304490] (-) TimerEvent: {}
[219.404738] (-) TimerEvent: {}
[219.505013] (-) TimerEvent: {}
[219.605255] (-) TimerEvent: {}
[219.705540] (-) TimerEvent: {}
[219.805760] (-) TimerEvent: {}
[219.906005] (-) TimerEvent: {}
[220.006263] (-) TimerEvent: {}
[220.106492] (-) TimerEvent: {}
[220.206815] (-) TimerEvent: {}
[220.307138] (-) TimerEvent: {}
[220.407379] (-) TimerEvent: {}
[220.507676] (-) TimerEvent: {}
[220.607903] (-) TimerEvent: {}
[220.708219] (-) TimerEvent: {}
[220.808579] (-) TimerEvent: {}
[220.908884] (-) TimerEvent: {}
[221.009123] (-) TimerEvent: {}
[221.109378] (-) TimerEvent: {}
[221.209621] (-) TimerEvent: {}
[221.309844] (-) TimerEvent: {}
[221.410077] (-) TimerEvent: {}
[221.510357] (-) TimerEvent: {}
[221.610603] (-) TimerEvent: {}
[221.710840] (-) TimerEvent: {}
[221.811063] (-) TimerEvent: {}
[221.911294] (-) TimerEvent: {}
[222.011519] (-) TimerEvent: {}
[222.111898] (-) TimerEvent: {}
[222.212165] (-) TimerEvent: {}
[222.312410] (-) TimerEvent: {}
[222.412645] (-) TimerEvent: {}
[222.512935] (-) TimerEvent: {}
[222.613206] (-) TimerEvent: {}
[222.713441] (-) TimerEvent: {}
[222.813663] (-) TimerEvent: {}
[222.913915] (-) TimerEvent: {}
[223.014150] (-) TimerEvent: {}
[223.114436] (-) TimerEvent: {}
[223.214667] (-) TimerEvent: {}
[223.314904] (-) TimerEvent: {}
[223.415154] (-) TimerEvent: {}
[223.515372] (-) TimerEvent: {}
[223.615610] (-) TimerEvent: {}
[223.715828] (-) TimerEvent: {}
[223.816078] (-) TimerEvent: {}
[223.916329] (-) TimerEvent: {}
[224.016700] (-) TimerEvent: {}
[224.116970] (-) TimerEvent: {}
[224.217195] (-) TimerEvent: {}
[224.317446] (-) TimerEvent: {}
[224.417910] (-) TimerEvent: {}
[224.518182] (-) TimerEvent: {}
[224.618527] (-) TimerEvent: {}
[224.718862] (-) TimerEvent: {}
[224.819136] (-) TimerEvent: {}
[224.919616] (-) TimerEvent: {}
[225.019837] (-) TimerEvent: {}
[225.120135] (-) TimerEvent: {}
[225.220387] (-) TimerEvent: {}
[225.320667] (-) TimerEvent: {}
[225.421270] (-) TimerEvent: {}
[225.521536] (-) TimerEvent: {}
[225.621753] (-) TimerEvent: {}
[225.722008] (-) TimerEvent: {}
[225.822255] (-) TimerEvent: {}
[225.922672] (-) TimerEvent: {}
[226.022913] (-) TimerEvent: {}
[226.123194] (-) TimerEvent: {}
[226.223444] (-) TimerEvent: {}
[226.323804] (-) TimerEvent: {}
[226.424130] (-) TimerEvent: {}
[226.524376] (-) TimerEvent: {}
[226.624616] (-) TimerEvent: {}
[226.724841] (-) TimerEvent: {}
[226.825176] (-) TimerEvent: {}
[226.925646] (-) TimerEvent: {}
[227.025964] (-) TimerEvent: {}
[227.126298] (-) TimerEvent: {}
[227.226551] (-) TimerEvent: {}
[227.326777] (-) TimerEvent: {}
[227.427106] (-) TimerEvent: {}
[227.527372] (-) TimerEvent: {}
[227.627615] (-) TimerEvent: {}
[227.727842] (-) TimerEvent: {}
[227.828619] (-) TimerEvent: {}
[227.928956] (-) TimerEvent: {}
[228.029215] (-) TimerEvent: {}
[228.129468] (-) TimerEvent: {}
[228.229778] (-) TimerEvent: {}
[228.330021] (-) TimerEvent: {}
[228.430294] (-) TimerEvent: {}
[228.530569] (-) TimerEvent: {}
[228.630797] (-) TimerEvent: {}
[228.731054] (-) TimerEvent: {}
[228.831314] (-) TimerEvent: {}
[228.931675] (-) TimerEvent: {}
[229.031926] (-) TimerEvent: {}
[229.132169] (-) TimerEvent: {}
[229.232433] (-) TimerEvent: {}
[229.332662] (-) TimerEvent: {}
[229.432902] (-) TimerEvent: {}
[229.533143] (-) TimerEvent: {}
[229.633497] (-) TimerEvent: {}
[229.733844] (-) TimerEvent: {}
[229.834103] (-) TimerEvent: {}
[229.934342] (-) TimerEvent: {}
[230.034593] (-) TimerEvent: {}
[230.134797] (-) TimerEvent: {}
[230.235032] (-) TimerEvent: {}
[230.335255] (-) TimerEvent: {}
[230.435575] (-) TimerEvent: {}
[230.535842] (-) TimerEvent: {}
[230.636158] (-) TimerEvent: {}
[230.736483] (-) TimerEvent: {}
[230.836724] (-) TimerEvent: {}
[230.936937] (-) TimerEvent: {}
[231.037184] (-) TimerEvent: {}
[231.137492] (-) TimerEvent: {}
[231.237738] (-) TimerEvent: {}
[231.337993] (-) TimerEvent: {}
[231.438310] (-) TimerEvent: {}
[231.538628] (-) TimerEvent: {}
[231.638855] (-) TimerEvent: {}
[231.739156] (-) TimerEvent: {}
[231.839424] (-) TimerEvent: {}
[231.939734] (-) TimerEvent: {}
[232.039968] (-) TimerEvent: {}
[232.140221] (-) TimerEvent: {}
[232.240555] (-) TimerEvent: {}
[232.340789] (-) TimerEvent: {}
[232.441069] (-) TimerEvent: {}
[232.541308] (-) TimerEvent: {}
[232.641556] (-) TimerEvent: {}
[232.741855] (-) TimerEvent: {}
[232.842115] (-) TimerEvent: {}
[232.942363] (-) TimerEvent: {}
[233.042615] (-) TimerEvent: {}
[233.142859] (-) TimerEvent: {}
[233.243147] (-) TimerEvent: {}
[233.343423] (-) TimerEvent: {}
[233.443654] (-) TimerEvent: {}
[233.543918] (-) TimerEvent: {}
[233.644180] (-) TimerEvent: {}
[233.744442] (-) TimerEvent: {}
[233.844669] (-) TimerEvent: {}
[233.944913] (-) TimerEvent: {}
[234.045260] (-) TimerEvent: {}
[234.145537] (-) TimerEvent: {}
[234.245767] (-) TimerEvent: {}
[234.346015] (-) TimerEvent: {}
[234.446261] (-) TimerEvent: {}
[234.546510] (-) TimerEvent: {}
[234.646752] (-) TimerEvent: {}
[234.747019] (-) TimerEvent: {}
[234.847298] (-) TimerEvent: {}
[234.947586] (-) TimerEvent: {}
[235.047903] (-) TimerEvent: {}
[235.148312] (-) TimerEvent: {}
[235.248645] (-) TimerEvent: {}
[235.348898] (-) TimerEvent: {}
[235.449143] (-) TimerEvent: {}
[235.549422] (-) TimerEvent: {}
[235.649708] (-) TimerEvent: {}
[235.750042] (-) TimerEvent: {}
[235.850311] (-) TimerEvent: {}
[235.950720] (-) TimerEvent: {}
[236.050994] (-) TimerEvent: {}
[236.151245] (-) TimerEvent: {}
[236.251494] (-) TimerEvent: {}
[236.351737] (-) TimerEvent: {}
[236.451967] (-) TimerEvent: {}
[236.552235] (-) TimerEvent: {}
[236.652458] (-) TimerEvent: {}
[236.752786] (-) TimerEvent: {}
[236.853025] (-) TimerEvent: {}
[236.953300] (-) TimerEvent: {}
[237.053592] (-) TimerEvent: {}
[237.153895] (-) TimerEvent: {}
[237.254247] (-) TimerEvent: {}
[237.354497] (-) TimerEvent: {}
[237.454766] (-) TimerEvent: {}
[237.555028] (-) TimerEvent: {}
[237.655302] (-) TimerEvent: {}
[237.755545] (-) TimerEvent: {}
[237.855759] (-) TimerEvent: {}
[237.956006] (-) TimerEvent: {}
[238.056288] (-) TimerEvent: {}
[238.156546] (-) TimerEvent: {}
[238.256867] (-) TimerEvent: {}
[238.357129] (-) TimerEvent: {}
[238.457385] (-) TimerEvent: {}
[238.557721] (-) TimerEvent: {}
[238.657982] (-) TimerEvent: {}
[238.758224] (-) TimerEvent: {}
[238.858476] (-) TimerEvent: {}
[238.958706] (-) TimerEvent: {}
[239.058951] (-) TimerEvent: {}
[239.159273] (-) TimerEvent: {}
[239.259590] (-) TimerEvent: {}
[239.359812] (-) TimerEvent: {}
[239.460053] (-) TimerEvent: {}
[239.560261] (-) TimerEvent: {}
[239.660511] (-) TimerEvent: {}
[239.760817] (-) TimerEvent: {}
[239.861122] (-) TimerEvent: {}
[239.961372] (-) TimerEvent: {}
[240.061660] (-) TimerEvent: {}
[240.161925] (-) TimerEvent: {}
[240.262183] (-) TimerEvent: {}
[240.362413] (-) TimerEvent: {}
[240.462694] (-) TimerEvent: {}
[240.563013] (-) TimerEvent: {}
[240.663271] (-) TimerEvent: {}
[240.763550] (-) TimerEvent: {}
[240.863783] (-) TimerEvent: {}
[240.964049] (-) TimerEvent: {}
[241.064330] (-) TimerEvent: {}
[241.164602] (-) TimerEvent: {}
[241.264859] (-) TimerEvent: {}
[241.365121] (-) TimerEvent: {}
[241.465359] (-) TimerEvent: {}
[241.565625] (-) TimerEvent: {}
[241.665887] (-) TimerEvent: {}
[241.766155] (-) TimerEvent: {}
[241.866395] (-) TimerEvent: {}
[241.966617] (-) TimerEvent: {}
[242.066839] (-) TimerEvent: {}
[242.167167] (-) TimerEvent: {}
[242.267491] (-) TimerEvent: {}
[242.367729] (-) TimerEvent: {}
[242.467981] (-) TimerEvent: {}
[242.568287] (-) TimerEvent: {}
[242.668603] (-) TimerEvent: {}
[242.768855] (-) TimerEvent: {}
[242.869130] (-) TimerEvent: {}
[242.969425] (-) TimerEvent: {}
[243.069673] (-) TimerEvent: {}
[243.169980] (-) TimerEvent: {}
[243.270310] (-) TimerEvent: {}
[243.370577] (-) TimerEvent: {}
[243.470814] (-) TimerEvent: {}
[243.571148] (-) TimerEvent: {}
[243.671418] (-) TimerEvent: {}
[243.771741] (-) TimerEvent: {}
[243.872008] (-) TimerEvent: {}
[243.972256] (-) TimerEvent: {}
[244.072494] (-) TimerEvent: {}
[244.172800] (-) TimerEvent: {}
[244.273077] (-) TimerEvent: {}
[244.373320] (-) TimerEvent: {}
[244.473566] (-) TimerEvent: {}
[244.573824] (-) TimerEvent: {}
[244.674083] (-) TimerEvent: {}
[244.774379] (-) TimerEvent: {}
[244.874581] (-) TimerEvent: {}
[244.974841] (-) TimerEvent: {}
[245.075076] (-) TimerEvent: {}
[245.175440] (-) TimerEvent: {}
[245.275682] (-) TimerEvent: {}
[245.375933] (-) TimerEvent: {}
[245.476183] (-) TimerEvent: {}
[245.576421] (-) TimerEvent: {}
[245.676667] (-) TimerEvent: {}
[245.776929] (-) TimerEvent: {}
[245.877198] (-) TimerEvent: {}
[245.977430] (-) TimerEvent: {}
[246.077699] (-) TimerEvent: {}
[246.178015] (-) TimerEvent: {}
[246.278291] (-) TimerEvent: {}
[246.378551] (-) TimerEvent: {}
[246.478784] (-) TimerEvent: {}
[246.579063] (-) TimerEvent: {}
[246.679390] (-) TimerEvent: {}
[246.779619] (-) TimerEvent: {}
[246.879847] (-) TimerEvent: {}
[246.980130] (-) TimerEvent: {}
[247.080435] (-) TimerEvent: {}
[247.180942] (-) TimerEvent: {}
[247.281208] (-) TimerEvent: {}
[247.381522] (-) TimerEvent: {}
[247.481858] (-) TimerEvent: {}
[247.582097] (-) TimerEvent: {}
[247.682573] (-) TimerEvent: {}
[247.782937] (-) TimerEvent: {}
[247.883210] (-) TimerEvent: {}
[247.983467] (-) TimerEvent: {}
[248.083865] (-) TimerEvent: {}
[248.184348] (-) TimerEvent: {}
[248.284616] (-) TimerEvent: {}
[248.384994] (-) TimerEvent: {}
[248.485232] (-) TimerEvent: {}
[248.585499] (-) TimerEvent: {}
[248.685853] (-) TimerEvent: {}
[248.786187] (-) TimerEvent: {}
[248.886447] (-) TimerEvent: {}
[248.986700] (-) TimerEvent: {}
[249.086999] (-) TimerEvent: {}
[249.187381] (-) TimerEvent: {}
[249.287611] (-) TimerEvent: {}
[249.387840] (-) TimerEvent: {}
[249.488103] (-) TimerEvent: {}
[249.588331] (-) TimerEvent: {}
[249.688575] (-) TimerEvent: {}
[249.788857] (-) TimerEvent: {}
[249.889107] (-) TimerEvent: {}
[249.989373] (-) TimerEvent: {}
[250.089614] (-) TimerEvent: {}
[250.189850] (-) TimerEvent: {}
[250.290158] (-) TimerEvent: {}
[250.390411] (-) TimerEvent: {}
[250.490713] (-) TimerEvent: {}
[250.590944] (-) TimerEvent: {}
[250.691224] (-) TimerEvent: {}
[250.791489] (-) TimerEvent: {}
[250.891709] (-) TimerEvent: {}
[250.991954] (-) TimerEvent: {}
[251.092213] (-) TimerEvent: {}
[251.192480] (-) TimerEvent: {}
[251.292725] (-) TimerEvent: {}
[251.392954] (-) TimerEvent: {}
[251.493211] (-) TimerEvent: {}
[251.593476] (-) TimerEvent: {}
[251.693843] (-) TimerEvent: {}
[251.794105] (-) TimerEvent: {}
[251.894367] (-) TimerEvent: {}
[251.994692] (-) TimerEvent: {}
[252.094946] (-) TimerEvent: {}
[252.195291] (-) TimerEvent: {}
[252.295550] (-) TimerEvent: {}
[252.395789] (-) TimerEvent: {}
[252.496042] (-) TimerEvent: {}
[252.596614] (-) TimerEvent: {}
[252.696845] (-) TimerEvent: {}
[252.797062] (-) TimerEvent: {}
[252.897312] (-) TimerEvent: {}
[252.997651] (-) TimerEvent: {}
[253.097891] (-) TimerEvent: {}
[253.198187] (-) TimerEvent: {}
[253.298441] (-) TimerEvent: {}
[253.398673] (-) TimerEvent: {}
[253.498896] (-) TimerEvent: {}
[253.599137] (-) TimerEvent: {}
[253.699394] (-) TimerEvent: {}
[253.799711] (-) TimerEvent: {}
[253.900025] (-) TimerEvent: {}
[254.000269] (-) TimerEvent: {}
[254.100517] (-) TimerEvent: {}
[254.200751] (-) TimerEvent: {}
[254.300995] (-) TimerEvent: {}
[254.401270] (-) TimerEvent: {}
[254.501541] (-) TimerEvent: {}
[254.601769] (-) TimerEvent: {}
[254.702030] (-) TimerEvent: {}
[254.802265] (-) TimerEvent: {}
[254.902519] (-) TimerEvent: {}
[255.002759] (-) TimerEvent: {}
[255.103050] (-) TimerEvent: {}
[255.203355] (-) TimerEvent: {}
[255.303605] (-) TimerEvent: {}
[255.403836] (-) TimerEvent: {}
[255.504100] (-) TimerEvent: {}
[255.604363] (-) TimerEvent: {}
[255.704597] (-) TimerEvent: {}
[255.804816] (-) TimerEvent: {}
[255.905074] (-) TimerEvent: {}
[256.005301] (-) TimerEvent: {}
[256.105548] (-) TimerEvent: {}
[256.205766] (-) TimerEvent: {}
[256.306011] (-) TimerEvent: {}
[256.406238] (-) TimerEvent: {}
[256.506487] (-) TimerEvent: {}
[256.606736] (-) TimerEvent: {}
[256.706999] (-) TimerEvent: {}
[256.807240] (-) TimerEvent: {}
[256.907497] (-) TimerEvent: {}
[257.007747] (-) TimerEvent: {}
[257.107988] (-) TimerEvent: {}
[257.208253] (-) TimerEvent: {}
[257.308574] (-) TimerEvent: {}
[257.408813] (-) TimerEvent: {}
[257.509076] (-) TimerEvent: {}
[257.609317] (-) TimerEvent: {}
[257.709603] (-) TimerEvent: {}
[257.809892] (-) TimerEvent: {}
[257.910170] (-) TimerEvent: {}
[258.010486] (-) TimerEvent: {}
[258.110718] (-) TimerEvent: {}
[258.211072] (-) TimerEvent: {}
[258.311402] (-) TimerEvent: {}
[258.411625] (-) TimerEvent: {}
[258.511874] (-) TimerEvent: {}
[258.612103] (-) TimerEvent: {}
[258.712361] (-) TimerEvent: {}
[258.812703] (-) TimerEvent: {}
[258.913103] (-) TimerEvent: {}
[259.013445] (-) TimerEvent: {}
[259.113689] (-) TimerEvent: {}
[259.214081] (-) TimerEvent: {}
[259.314452] (-) TimerEvent: {}
[259.414713] (-) TimerEvent: {}
[259.514987] (-) TimerEvent: {}
[259.615227] (-) TimerEvent: {}
[259.715454] (-) TimerEvent: {}
[259.815716] (-) TimerEvent: {}
[259.915989] (-) TimerEvent: {}
[260.016255] (-) TimerEvent: {}
[260.116527] (-) TimerEvent: {}
[260.216908] (-) TimerEvent: {}
[260.317244] (-) TimerEvent: {}
[260.417526] (-) TimerEvent: {}
[260.517853] (-) TimerEvent: {}
[260.618109] (-) TimerEvent: {}
[260.718452] (-) TimerEvent: {}
[260.818808] (-) TimerEvent: {}
[260.919151] (-) TimerEvent: {}
[261.019406] (-) TimerEvent: {}
[261.119632] (-) TimerEvent: {}
[261.219928] (-) TimerEvent: {}
[261.320269] (-) TimerEvent: {}
[261.420551] (-) TimerEvent: {}
[261.520801] (-) TimerEvent: {}
[261.621103] (-) TimerEvent: {}
[261.721378] (-) TimerEvent: {}
[261.821708] (-) TimerEvent: {}
[261.921998] (-) TimerEvent: {}
[262.022279] (-) TimerEvent: {}
[262.122514] (-) TimerEvent: {}
[262.222823] (-) TimerEvent: {}
[262.323147] (-) TimerEvent: {}
[262.423427] (-) TimerEvent: {}
[262.523759] (-) TimerEvent: {}
[262.624035] (-) TimerEvent: {}
[262.724317] (-) TimerEvent: {}
[262.824673] (-) TimerEvent: {}
[262.924947] (-) TimerEvent: {}
[263.025314] (-) TimerEvent: {}
[263.125672] (-) TimerEvent: {}
[263.225984] (-) TimerEvent: {}
[263.326218] (-) TimerEvent: {}
[263.426444] (-) TimerEvent: {}
[263.526664] (-) TimerEvent: {}
[263.626897] (-) TimerEvent: {}
[263.727171] (-) TimerEvent: {}
[263.827426] (-) TimerEvent: {}
[263.927737] (-) TimerEvent: {}
[264.027976] (-) TimerEvent: {}
[264.128217] (-) TimerEvent: {}
[264.228445] (-) TimerEvent: {}
[264.328674] (-) TimerEvent: {}
[264.428926] (-) TimerEvent: {}
[264.529249] (-) TimerEvent: {}
[264.629515] (-) TimerEvent: {}
[264.729737] (-) TimerEvent: {}
[264.830069] (-) TimerEvent: {}
[264.930338] (-) TimerEvent: {}
[265.030656] (-) TimerEvent: {}
[265.131114] (-) TimerEvent: {}
[265.231452] (-) TimerEvent: {}
[265.331831] (-) TimerEvent: {}
[265.432116] (-) TimerEvent: {}
[265.532406] (-) TimerEvent: {}
[265.632810] (-) TimerEvent: {}
[265.733162] (-) TimerEvent: {}
[265.833423] (-) TimerEvent: {}
[265.933665] (-) TimerEvent: {}
[266.033923] (-) TimerEvent: {}
[266.134186] (-) TimerEvent: {}
[266.234457] (-) TimerEvent: {}
[266.334791] (-) TimerEvent: {}
[266.435071] (-) TimerEvent: {}
[266.535427] (-) TimerEvent: {}
[266.635712] (-) TimerEvent: {}
[266.735950] (-) TimerEvent: {}
[266.836203] (-) TimerEvent: {}
[266.936450] (-) TimerEvent: {}
[267.036698] (-) TimerEvent: {}
[267.136942] (-) TimerEvent: {}
[267.237182] (-) TimerEvent: {}
[267.337410] (-) TimerEvent: {}
[267.437647] (-) TimerEvent: {}
[267.537890] (-) TimerEvent: {}
[267.638139] (-) TimerEvent: {}
[267.738383] (-) TimerEvent: {}
[267.838582] (-) TimerEvent: {}
[267.938808] (-) TimerEvent: {}
[268.039060] (-) TimerEvent: {}
[268.139320] (-) TimerEvent: {}
[268.239678] (-) TimerEvent: {}
[268.339949] (-) TimerEvent: {}
[268.440200] (-) TimerEvent: {}
[268.540452] (-) TimerEvent: {}
[268.640672] (-) TimerEvent: {}
[268.740850] (-) TimerEvent: {}
[268.841077] (-) TimerEvent: {}
[268.941323] (-) TimerEvent: {}
[269.041662] (-) TimerEvent: {}
[269.142012] (-) TimerEvent: {}
[269.242313] (-) TimerEvent: {}
[269.342596] (-) TimerEvent: {}
[269.442994] (-) TimerEvent: {}
[269.543332] (-) TimerEvent: {}
[269.643750] (-) TimerEvent: {}
[269.744092] (-) TimerEvent: {}
[269.844418] (-) TimerEvent: {}
[269.944964] (-) TimerEvent: {}
[270.045212] (-) TimerEvent: {}
[270.145558] (-) TimerEvent: {}
[270.245788] (-) TimerEvent: {}
[270.346061] (-) TimerEvent: {}
[270.446435] (-) TimerEvent: {}
[270.546669] (-) TimerEvent: {}
[270.646886] (-) TimerEvent: {}
[270.747129] (-) TimerEvent: {}
[270.847363] (-) TimerEvent: {}
[270.947639] (-) TimerEvent: {}
[271.047883] (-) TimerEvent: {}
[271.148145] (-) TimerEvent: {}
[271.248469] (-) TimerEvent: {}
[271.348739] (-) TimerEvent: {}
[271.449079] (-) TimerEvent: {}
[271.549393] (-) TimerEvent: {}
[271.649738] (-) TimerEvent: {}
[271.750048] (-) TimerEvent: {}
[271.850295] (-) TimerEvent: {}
[271.950558] (-) TimerEvent: {}
[272.050801] (-) TimerEvent: {}
[272.151054] (-) TimerEvent: {}
[272.251325] (-) TimerEvent: {}
[272.351587] (-) TimerEvent: {}
[272.451840] (-) TimerEvent: {}
[272.552129] (-) TimerEvent: {}
[272.652429] (-) TimerEvent: {}
[272.752756] (-) TimerEvent: {}
[272.853023] (-) TimerEvent: {}
[272.953279] (-) TimerEvent: {}
[273.053605] (-) TimerEvent: {}
[273.153866] (-) TimerEvent: {}
[273.254190] (-) TimerEvent: {}
[273.354455] (-) TimerEvent: {}
[273.454717] (-) TimerEvent: {}
[273.554973] (-) TimerEvent: {}
[273.655229] (-) TimerEvent: {}
[273.755497] (-) TimerEvent: {}
[273.855723] (-) TimerEvent: {}
[273.955985] (-) TimerEvent: {}
[274.056246] (-) TimerEvent: {}
[274.156488] (-) TimerEvent: {}
[274.256879] (-) TimerEvent: {}
[274.357139] (-) TimerEvent: {}
[274.457401] (-) TimerEvent: {}
[274.557715] (-) TimerEvent: {}
[274.657978] (-) TimerEvent: {}
[274.758358] (-) TimerEvent: {}
[274.858629] (-) TimerEvent: {}
[274.958938] (-) TimerEvent: {}
[275.059189] (-) TimerEvent: {}
[275.159471] (-) TimerEvent: {}
[275.259725] (-) TimerEvent: {}
[275.359978] (-) TimerEvent: {}
[275.460238] (-) TimerEvent: {}
[275.560553] (-) TimerEvent: {}
[275.660846] (-) TimerEvent: {}
[275.761146] (-) TimerEvent: {}
[275.861457] (-) TimerEvent: {}
[275.961819] (-) TimerEvent: {}
[276.062084] (-) TimerEvent: {}
[276.162341] (-) TimerEvent: {}
[276.262651] (-) TimerEvent: {}
[276.363063] (-) TimerEvent: {}
[276.463411] (-) TimerEvent: {}
[276.563760] (-) TimerEvent: {}
[276.664024] (-) TimerEvent: {}
[276.764336] (-) TimerEvent: {}
[276.864596] (-) TimerEvent: {}
[276.964881] (-) TimerEvent: {}
[277.065161] (-) TimerEvent: {}
[277.165455] (-) TimerEvent: {}
[277.265691] (-) TimerEvent: {}
[277.365950] (-) TimerEvent: {}
[277.466247] (-) TimerEvent: {}
[277.566487] (-) TimerEvent: {}
[277.666736] (-) TimerEvent: {}
[277.767100] (-) TimerEvent: {}
[277.867355] (-) TimerEvent: {}
[277.967676] (-) TimerEvent: {}
[278.068014] (-) TimerEvent: {}
[278.168273] (-) TimerEvent: {}
[278.268570] (-) TimerEvent: {}
[278.368830] (-) TimerEvent: {}
[278.469092] (-) TimerEvent: {}
[278.569323] (-) TimerEvent: {}
[278.669637] (-) TimerEvent: {}
[278.769891] (-) TimerEvent: {}
[278.870141] (-) TimerEvent: {}
[278.970469] (-) TimerEvent: {}
[279.070781] (-) TimerEvent: {}
[279.171046] (-) TimerEvent: {}
[279.271399] (-) TimerEvent: {}
[279.371658] (-) TimerEvent: {}
[279.471919] (-) TimerEvent: {}
[279.572217] (-) TimerEvent: {}
[279.672563] (-) TimerEvent: {}
[279.772797] (-) TimerEvent: {}
[279.873113] (-) TimerEvent: {}
[279.973391] (-) TimerEvent: {}
[280.073622] (-) TimerEvent: {}
[280.173956] (-) TimerEvent: {}
[280.274221] (-) TimerEvent: {}
[280.374492] (-) TimerEvent: {}
[280.474829] (-) TimerEvent: {}
[280.575068] (-) TimerEvent: {}
[280.675391] (-) TimerEvent: {}
[280.775721] (-) TimerEvent: {}
[280.875974] (-) TimerEvent: {}
[280.976240] (-) TimerEvent: {}
[281.076500] (-) TimerEvent: {}
[281.176734] (-) TimerEvent: {}
[281.277022] (-) TimerEvent: {}
[281.377262] (-) TimerEvent: {}
[281.477573] (-) TimerEvent: {}
[281.577808] (-) TimerEvent: {}
[281.678059] (-) TimerEvent: {}
[281.778308] (-) TimerEvent: {}
[281.878597] (-) TimerEvent: {}
[281.978895] (-) TimerEvent: {}
[282.079148] (-) TimerEvent: {}
[282.179439] (-) TimerEvent: {}
[282.279676] (-) TimerEvent: {}
[282.379992] (-) TimerEvent: {}
[282.480275] (-) TimerEvent: {}
[282.580554] (-) TimerEvent: {}
[282.680810] (-) TimerEvent: {}
[282.781214] (-) TimerEvent: {}
[282.881512] (-) TimerEvent: {}
[282.981766] (-) TimerEvent: {}
[283.082040] (-) TimerEvent: {}
[283.182311] (-) TimerEvent: {}
[283.282635] (-) TimerEvent: {}
[283.382993] (-) TimerEvent: {}
[283.483259] (-) TimerEvent: {}
[283.583589] (-) TimerEvent: {}
[283.683834] (-) TimerEvent: {}
[283.784084] (-) TimerEvent: {}
[283.884347] (-) TimerEvent: {}
[283.984690] (-) TimerEvent: {}
[284.084949] (-) TimerEvent: {}
[284.185263] (-) TimerEvent: {}
[284.285589] (-) TimerEvent: {}
[284.385908] (-) TimerEvent: {}
[284.486211] (-) TimerEvent: {}
[284.586468] (-) TimerEvent: {}
[284.686742] (-) TimerEvent: {}
[284.787097] (-) TimerEvent: {}
[284.887397] (-) TimerEvent: {}
[284.987619] (-) TimerEvent: {}
[285.087948] (-) TimerEvent: {}
[285.188206] (-) TimerEvent: {}
[285.288470] (-) TimerEvent: {}
[285.388812] (-) TimerEvent: {}
[285.489124] (-) TimerEvent: {}
[285.589432] (-) TimerEvent: {}
[285.689800] (-) TimerEvent: {}
[285.790107] (-) TimerEvent: {}
[285.890412] (-) TimerEvent: {}
[285.990767] (-) TimerEvent: {}
[286.091085] (-) TimerEvent: {}
[286.191390] (-) TimerEvent: {}
[286.291773] (-) TimerEvent: {}
[286.392033] (-) TimerEvent: {}
[286.492277] (-) TimerEvent: {}
[286.592593] (-) TimerEvent: {}
[286.692832] (-) TimerEvent: {}
[286.793084] (-) TimerEvent: {}
[286.893402] (-) TimerEvent: {}
[286.993725] (-) TimerEvent: {}
[287.094052] (-) TimerEvent: {}
[287.194376] (-) TimerEvent: {}
[287.294714] (-) TimerEvent: {}
[287.394977] (-) TimerEvent: {}
[287.495224] (-) TimerEvent: {}
[287.595500] (-) TimerEvent: {}
[287.695757] (-) TimerEvent: {}
[287.795999] (-) TimerEvent: {}
[287.896250] (-) TimerEvent: {}
[287.996496] (-) TimerEvent: {}
[288.096749] (-) TimerEvent: {}
[288.197071] (-) TimerEvent: {}
[288.297322] (-) TimerEvent: {}
[288.397570] (-) TimerEvent: {}
[288.497807] (-) TimerEvent: {}
[288.598081] (-) TimerEvent: {}
[288.698339] (-) TimerEvent: {}
[288.798651] (-) TimerEvent: {}
[288.898953] (-) TimerEvent: {}
[288.999269] (-) TimerEvent: {}
[289.099508] (-) TimerEvent: {}
[289.199772] (-) TimerEvent: {}
[289.300031] (-) TimerEvent: {}
[289.400333] (-) TimerEvent: {}
[289.500726] (-) TimerEvent: {}
[289.600985] (-) TimerEvent: {}
[289.701240] (-) TimerEvent: {}
[289.801521] (-) TimerEvent: {}
[289.901764] (-) TimerEvent: {}
[290.002059] (-) TimerEvent: {}
[290.102392] (-) TimerEvent: {}
[290.202647] (-) TimerEvent: {}
[290.302914] (-) TimerEvent: {}
[290.403236] (-) TimerEvent: {}
[290.503486] (-) TimerEvent: {}
[290.603763] (-) TimerEvent: {}
[290.704110] (-) TimerEvent: {}
[290.804360] (-) TimerEvent: {}
[290.904681] (-) TimerEvent: {}
[291.004923] (-) TimerEvent: {}
[291.105230] (-) TimerEvent: {}
[291.205498] (-) TimerEvent: {}
[291.305739] (-) TimerEvent: {}
[291.406017] (-) TimerEvent: {}
[291.506302] (-) TimerEvent: {}
[291.606611] (-) TimerEvent: {}
[291.707039] (-) TimerEvent: {}
[291.807381] (-) TimerEvent: {}
[291.907601] (-) TimerEvent: {}
[292.007904] (-) TimerEvent: {}
[292.108219] (-) TimerEvent: {}
[292.208828] (-) TimerEvent: {}
[292.309081] (-) TimerEvent: {}
[292.409332] (-) TimerEvent: {}
[292.509584] (-) TimerEvent: {}
[292.609891] (-) TimerEvent: {}
[292.710446] (-) TimerEvent: {}
[292.810716] (-) TimerEvent: {}
[292.910959] (-) TimerEvent: {}
[293.011216] (-) TimerEvent: {}
[293.111515] (-) TimerEvent: {}
[293.211854] (-) TimerEvent: {}
[293.312118] (-) TimerEvent: {}
[293.412379] (-) TimerEvent: {}
[293.512782] (-) TimerEvent: {}
[293.613190] (-) TimerEvent: {}
[293.713576] (-) TimerEvent: {}
[293.813897] (-) TimerEvent: {}
[293.914157] (-) TimerEvent: {}
[294.014489] (-) TimerEvent: {}
[294.114740] (-) TimerEvent: {}
[294.215063] (-) TimerEvent: {}
[294.315343] (-) TimerEvent: {}
[294.415754] (-) TimerEvent: {}
[294.516106] (-) TimerEvent: {}
[294.616381] (-) TimerEvent: {}
[294.716710] (-) TimerEvent: {}
[294.817083] (-) TimerEvent: {}
[294.917379] (-) TimerEvent: {}
[295.017591] (-) TimerEvent: {}
[295.117822] (-) TimerEvent: {}
[295.218081] (-) TimerEvent: {}
[295.318366] (-) TimerEvent: {}
[295.418613] (-) TimerEvent: {}
[295.518850] (-) TimerEvent: {}
[295.619075] (-) TimerEvent: {}
[295.719327] (-) TimerEvent: {}
[295.819610] (-) TimerEvent: {}
[295.919881] (-) TimerEvent: {}
[296.020123] (-) TimerEvent: {}
[296.120355] (-) TimerEvent: {}
[296.220585] (-) TimerEvent: {}
[296.320831] (-) TimerEvent: {}
[296.421134] (-) TimerEvent: {}
[296.521421] (-) TimerEvent: {}
[296.621696] (-) TimerEvent: {}
[296.721946] (-) TimerEvent: {}
[296.822243] (-) TimerEvent: {}
[296.922514] (-) TimerEvent: {}
[297.022818] (-) TimerEvent: {}
[297.123111] (-) TimerEvent: {}
[297.223380] (-) TimerEvent: {}
[297.323751] (-) TimerEvent: {}
[297.424027] (-) TimerEvent: {}
[297.524313] (-) TimerEvent: {}
[297.624592] (-) TimerEvent: {}
[297.724837] (-) TimerEvent: {}
[297.825104] (-) TimerEvent: {}
[297.925364] (-) TimerEvent: {}
[298.025635] (-) TimerEvent: {}
[298.125877] (-) TimerEvent: {}
[298.226128] (-) TimerEvent: {}
[298.326384] (-) TimerEvent: {}
[298.426681] (-) TimerEvent: {}
[298.526922] (-) TimerEvent: {}
[298.627259] (-) TimerEvent: {}
[298.727539] (-) TimerEvent: {}
[298.827771] (-) TimerEvent: {}
[298.928124] (-) TimerEvent: {}
[299.028365] (-) TimerEvent: {}
[299.128607] (-) TimerEvent: {}
[299.228853] (-) TimerEvent: {}
[299.329133] (-) TimerEvent: {}
[299.429447] (-) TimerEvent: {}
[299.529727] (-) TimerEvent: {}
[299.630022] (-) TimerEvent: {}
[299.730276] (-) TimerEvent: {}
[299.830550] (-) TimerEvent: {}
[299.930781] (-) TimerEvent: {}
[300.031025] (-) TimerEvent: {}
[300.131276] (-) TimerEvent: {}
[300.231542] (-) TimerEvent: {}
[300.331781] (-) TimerEvent: {}
[300.432064] (-) TimerEvent: {}
[300.532313] (-) TimerEvent: {}
[300.632573] (-) TimerEvent: {}
[300.732832] (-) TimerEvent: {}
[300.833051] (-) TimerEvent: {}
[300.933304] (-) TimerEvent: {}
[301.033555] (-) TimerEvent: {}
[301.133795] (-) TimerEvent: {}
[301.234082] (-) TimerEvent: {}
[301.334332] (-) TimerEvent: {}
[301.434592] (-) TimerEvent: {}
[301.534836] (-) TimerEvent: {}
[301.635099] (-) TimerEvent: {}
[301.735354] (-) TimerEvent: {}
[301.835620] (-) TimerEvent: {}
[301.935924] (-) TimerEvent: {}
[302.036176] (-) TimerEvent: {}
[302.136438] (-) TimerEvent: {}
[302.236673] (-) TimerEvent: {}
[302.336906] (-) TimerEvent: {}
[302.437160] (-) TimerEvent: {}
[302.537441] (-) TimerEvent: {}
[302.637738] (-) TimerEvent: {}
[302.738144] (-) TimerEvent: {}
[302.838419] (-) TimerEvent: {}
[302.938715] (-) TimerEvent: {}
[303.038974] (-) TimerEvent: {}
[303.139208] (-) TimerEvent: {}
[303.239468] (-) TimerEvent: {}
[303.339683] (-) TimerEvent: {}
[303.439931] (-) TimerEvent: {}
[303.540216] (-) TimerEvent: {}
[303.640493] (-) TimerEvent: {}
[303.740739] (-) TimerEvent: {}
[303.840998] (-) TimerEvent: {}
[303.941268] (-) TimerEvent: {}
[304.041518] (-) TimerEvent: {}
[304.141841] (-) TimerEvent: {}
[304.242104] (-) TimerEvent: {}
[304.342342] (-) TimerEvent: {}
[304.442697] (-) TimerEvent: {}
[304.543016] (-) TimerEvent: {}
[304.643346] (-) TimerEvent: {}
[304.743699] (-) TimerEvent: {}
[304.843978] (-) TimerEvent: {}
[304.944304] (-) TimerEvent: {}
[305.044587] (-) TimerEvent: {}
[305.144845] (-) TimerEvent: {}
[305.245165] (-) TimerEvent: {}
[305.345453] (-) TimerEvent: {}
[305.445786] (-) TimerEvent: {}
[305.546066] (-) TimerEvent: {}
[305.646321] (-) TimerEvent: {}
[305.746637] (-) TimerEvent: {}
[305.846928] (-) TimerEvent: {}
[305.947231] (-) TimerEvent: {}
[306.047502] (-) TimerEvent: {}
[306.147780] (-) TimerEvent: {}
[306.248035] (-) TimerEvent: {}
[306.348303] (-) TimerEvent: {}
[306.452262] (-) TimerEvent: {}
[306.552538] (-) TimerEvent: {}
[306.652781] (-) TimerEvent: {}
[306.753073] (-) TimerEvent: {}
[306.853365] (-) TimerEvent: {}
[306.953597] (-) TimerEvent: {}
[307.053901] (-) TimerEvent: {}
[307.154204] (-) TimerEvent: {}
[307.254472] (-) TimerEvent: {}
[307.354748] (-) TimerEvent: {}
[307.455047] (-) TimerEvent: {}
[307.555307] (-) TimerEvent: {}
[307.655553] (-) TimerEvent: {}
[307.755808] (-) TimerEvent: {}
[307.856068] (-) TimerEvent: {}
[307.956329] (-) TimerEvent: {}
[308.056608] (-) TimerEvent: {}
[308.156999] (-) TimerEvent: {}
[308.257297] (-) TimerEvent: {}
[308.357578] (-) TimerEvent: {}
[308.457829] (-) TimerEvent: {}
[308.558106] (-) TimerEvent: {}
[308.658426] (-) TimerEvent: {}
[308.758682] (-) TimerEvent: {}
[308.858919] (-) TimerEvent: {}
[308.959192] (-) TimerEvent: {}
[309.059476] (-) TimerEvent: {}
[309.159776] (-) TimerEvent: {}
[309.260048] (-) TimerEvent: {}
[309.360294] (-) TimerEvent: {}
[309.460574] (-) TimerEvent: {}
[309.561217] (-) TimerEvent: {}
[309.661538] (-) TimerEvent: {}
[309.761777] (-) TimerEvent: {}
[309.862031] (-) TimerEvent: {}
[309.962296] (-) TimerEvent: {}
[310.062558] (-) TimerEvent: {}
[310.162799] (-) TimerEvent: {}
[310.263062] (-) TimerEvent: {}
[310.363321] (-) TimerEvent: {}
[310.463610] (-) TimerEvent: {}
[310.563893] (-) TimerEvent: {}
[310.664148] (-) TimerEvent: {}
[310.764410] (-) TimerEvent: {}
[310.864675] (-) TimerEvent: {}
[310.964961] (-) TimerEvent: {}
[311.065230] (-) TimerEvent: {}
[311.165493] (-) TimerEvent: {}
[311.265733] (-) TimerEvent: {}
[311.366000] (-) TimerEvent: {}
[311.466257] (-) TimerEvent: {}
[311.566524] (-) TimerEvent: {}
[311.666765] (-) TimerEvent: {}
[311.767027] (-) TimerEvent: {}
[311.867279] (-) TimerEvent: {}
[311.967607] (-) TimerEvent: {}
[312.067981] (-) TimerEvent: {}
[312.168262] (-) TimerEvent: {}
[312.268716] (-) TimerEvent: {}
[312.369037] (-) TimerEvent: {}
[312.469310] (-) TimerEvent: {}
[312.569656] (-) TimerEvent: {}
[312.669934] (-) TimerEvent: {}
[312.770341] (-) TimerEvent: {}
[312.870612] (-) TimerEvent: {}
[312.970886] (-) TimerEvent: {}
[313.071228] (-) TimerEvent: {}
[313.171544] (-) TimerEvent: {}
[313.272010] (-) TimerEvent: {}
[313.372276] (-) TimerEvent: {}
[313.472528] (-) TimerEvent: {}
[313.572876] (-) TimerEvent: {}
[313.673169] (-) TimerEvent: {}
[313.773569] (-) TimerEvent: {}
[313.873909] (-) TimerEvent: {}
[313.974236] (-) TimerEvent: {}
[314.074518] (-) TimerEvent: {}
[314.174761] (-) TimerEvent: {}
[314.275256] (-) TimerEvent: {}
[314.375656] (-) TimerEvent: {}
[314.475909] (-) TimerEvent: {}
[314.576173] (-) TimerEvent: {}
[314.676458] (-) TimerEvent: {}
[314.776775] (-) TimerEvent: {}
[314.877125] (-) TimerEvent: {}
[314.977467] (-) TimerEvent: {}
[315.077838] (-) TimerEvent: {}
[315.178119] (-) TimerEvent: {}
[315.278453] (-) TimerEvent: {}
[315.378788] (-) TimerEvent: {}
[315.479048] (-) TimerEvent: {}
[315.579421] (-) TimerEvent: {}
[315.679699] (-) TimerEvent: {}
[315.780077] (-) TimerEvent: {}
[315.880431] (-) TimerEvent: {}
[315.980676] (-) TimerEvent: {}
[316.081070] (-) TimerEvent: {}
[316.181341] (-) TimerEvent: {}
[316.281754] (-) TimerEvent: {}
[316.382104] (-) TimerEvent: {}
[316.482393] (-) TimerEvent: {}
[316.582727] (-) TimerEvent: {}
[316.683003] (-) TimerEvent: {}
[316.783370] (-) TimerEvent: {}
[316.883724] (-) TimerEvent: {}
[316.984040] (-) TimerEvent: {}
[317.084383] (-) TimerEvent: {}
[317.184693] (-) TimerEvent: {}
[317.284968] (-) TimerEvent: {}
[317.385198] (-) TimerEvent: {}
[317.485429] (-) TimerEvent: {}
[317.585719] (-) TimerEvent: {}
[317.685973] (-) TimerEvent: {}
[317.786299] (-) TimerEvent: {}
[317.886549] (-) TimerEvent: {}
[317.986809] (-) TimerEvent: {}
[318.087059] (-) TimerEvent: {}
[318.187337] (-) TimerEvent: {}
[318.287740] (-) TimerEvent: {}
[318.388021] (-) TimerEvent: {}
[318.488299] (-) TimerEvent: {}
[318.588716] (-) TimerEvent: {}
[318.689004] (-) TimerEvent: {}
[318.789412] (-) TimerEvent: {}
[318.889687] (-) TimerEvent: {}
[318.989931] (-) TimerEvent: {}
[319.090342] (-) TimerEvent: {}
[319.190632] (-) TimerEvent: {}
[319.290872] (-) TimerEvent: {}
[319.391236] (-) TimerEvent: {}
[319.491497] (-) TimerEvent: {}
[319.591783] (-) TimerEvent: {}
[319.692028] (-) TimerEvent: {}
[319.792300] (-) TimerEvent: {}
[319.892569] (-) TimerEvent: {}
[319.992804] (-) TimerEvent: {}
[320.093054] (-) TimerEvent: {}
[320.193283] (-) TimerEvent: {}
[320.293600] (-) TimerEvent: {}
[320.393836] (-) TimerEvent: {}
[320.494100] (-) TimerEvent: {}
[320.594365] (-) TimerEvent: {}
[320.694602] (-) TimerEvent: {}
[320.794830] (-) TimerEvent: {}
[320.895087] (-) TimerEvent: {}
[320.995331] (-) TimerEvent: {}
[321.095601] (-) TimerEvent: {}
[321.195913] (-) TimerEvent: {}
[321.296313] (-) TimerEvent: {}
[321.396578] (-) TimerEvent: {}
[321.496806] (-) TimerEvent: {}
[321.597077] (-) TimerEvent: {}
[321.697371] (-) TimerEvent: {}
[321.797609] (-) TimerEvent: {}
[321.897831] (-) TimerEvent: {}
[321.998137] (-) TimerEvent: {}
[322.098477] (-) TimerEvent: {}
[322.198733] (-) TimerEvent: {}
[322.299003] (-) TimerEvent: {}
[322.399319] (-) TimerEvent: {}
[322.499581] (-) TimerEvent: {}
[322.599878] (-) TimerEvent: {}
[322.700159] (-) TimerEvent: {}
[322.800468] (-) TimerEvent: {}
[322.900709] (-) TimerEvent: {}
[323.001034] (-) TimerEvent: {}
[323.101357] (-) TimerEvent: {}
[323.201658] (-) TimerEvent: {}
[323.302006] (-) TimerEvent: {}
[323.402271] (-) TimerEvent: {}
[323.502588] (-) TimerEvent: {}
[323.602839] (-) TimerEvent: {}
[323.703134] (-) TimerEvent: {}
[323.803408] (-) TimerEvent: {}
[323.903732] (-) TimerEvent: {}
[324.003974] (-) TimerEvent: {}
[324.104275] (-) TimerEvent: {}
[324.204538] (-) TimerEvent: {}
[324.304847] (-) TimerEvent: {}
[324.405141] (-) TimerEvent: {}
[324.505400] (-) TimerEvent: {}
[324.605647] (-) TimerEvent: {}
[324.705944] (-) TimerEvent: {}
[324.806179] (-) TimerEvent: {}
[324.906456] (-) TimerEvent: {}
[325.006765] (-) TimerEvent: {}
[325.107124] (-) TimerEvent: {}
[325.207480] (-) TimerEvent: {}
[325.307851] (-) TimerEvent: {}
[325.408192] (-) TimerEvent: {}
[325.508497] (-) TimerEvent: {}
[325.608795] (-) TimerEvent: {}
[325.709098] (-) TimerEvent: {}
[325.809354] (-) TimerEvent: {}
[325.909614] (-) TimerEvent: {}
[326.009854] (-) TimerEvent: {}
[326.110154] (-) TimerEvent: {}
[326.210446] (-) TimerEvent: {}
[326.310758] (-) TimerEvent: {}
[326.410993] (-) TimerEvent: {}
[326.511367] (-) TimerEvent: {}
[326.611617] (-) TimerEvent: {}
[326.711852] (-) TimerEvent: {}
[326.812137] (-) TimerEvent: {}
[326.912418] (-) TimerEvent: {}
[327.012656] (-) TimerEvent: {}
[327.112905] (-) TimerEvent: {}
[327.213186] (-) TimerEvent: {}
[327.313475] (-) TimerEvent: {}
[327.413774] (-) TimerEvent: {}
[327.514016] (-) TimerEvent: {}
[327.614279] (-) TimerEvent: {}
[327.714545] (-) TimerEvent: {}
[327.814776] (-) TimerEvent: {}
[327.915096] (-) TimerEvent: {}
[328.015350] (-) TimerEvent: {}
[328.115628] (-) TimerEvent: {}
[328.215881] (-) TimerEvent: {}
[328.316123] (-) TimerEvent: {}
[328.416359] (-) TimerEvent: {}
[328.516765] (-) TimerEvent: {}
[328.617155] (-) TimerEvent: {}
[328.717506] (-) TimerEvent: {}
[328.817845] (-) TimerEvent: {}
[328.918129] (-) TimerEvent: {}
[329.018389] (-) TimerEvent: {}
[329.118711] (-) TimerEvent: {}
[329.218993] (-) TimerEvent: {}
[329.319384] (-) TimerEvent: {}
[329.419630] (-) TimerEvent: {}
[329.519872] (-) TimerEvent: {}
[329.620104] (-) TimerEvent: {}
[329.720353] (-) TimerEvent: {}
[329.820741] (-) TimerEvent: {}
[329.921030] (-) TimerEvent: {}
[330.021317] (-) TimerEvent: {}
[330.121651] (-) TimerEvent: {}
[330.222071] (-) TimerEvent: {}
[330.322313] (-) TimerEvent: {}
[330.422589] (-) TimerEvent: {}
[330.522960] (-) TimerEvent: {}
[330.623232] (-) TimerEvent: {}
[330.723638] (-) TimerEvent: {}
[330.823889] (-) TimerEvent: {}
[330.924165] (-) TimerEvent: {}
[331.024404] (-) TimerEvent: {}
[331.124655] (-) TimerEvent: {}
[331.224887] (-) TimerEvent: {}
[331.325169] (-) TimerEvent: {}
[331.425583] (-) TimerEvent: {}
[331.525990] (-) TimerEvent: {}
[331.626237] (-) TimerEvent: {}
[331.726565] (-) TimerEvent: {}
[331.826806] (-) TimerEvent: {}
[331.927082] (-) TimerEvent: {}
[332.027335] (-) TimerEvent: {}
[332.127695] (-) TimerEvent: {}
[332.227942] (-) TimerEvent: {}
[332.328223] (-) TimerEvent: {}
[332.428490] (-) TimerEvent: {}
[332.528735] (-) TimerEvent: {}
[332.629071] (-) TimerEvent: {}
[332.729403] (-) TimerEvent: {}
[332.829653] (-) TimerEvent: {}
[332.929886] (-) TimerEvent: {}
[333.030159] (-) TimerEvent: {}
[333.130423] (-) TimerEvent: {}
[333.230760] (-) TimerEvent: {}
[333.331008] (-) TimerEvent: {}
[333.431359] (-) TimerEvent: {}
[333.531917] (-) TimerEvent: {}
[333.632199] (-) TimerEvent: {}
[333.732513] (-) TimerEvent: {}
[333.832925] (-) TimerEvent: {}
[333.933203] (-) TimerEvent: {}
[334.033732] (-) TimerEvent: {}
[334.134027] (-) TimerEvent: {}
[334.234311] (-) TimerEvent: {}
[334.334564] (-) TimerEvent: {}
[334.434850] (-) TimerEvent: {}
[334.535267] (-) TimerEvent: {}
[334.635551] (-) TimerEvent: {}
[334.735802] (-) TimerEvent: {}
[334.836087] (-) TimerEvent: {}
[334.936354] (-) TimerEvent: {}
[335.036866] (-) TimerEvent: {}
[335.137246] (-) TimerEvent: {}
[335.237587] (-) TimerEvent: {}
[335.337826] (-) TimerEvent: {}
[335.438108] (-) TimerEvent: {}
[335.538388] (-) TimerEvent: {}
[335.638752] (-) TimerEvent: {}
[335.739113] (-) TimerEvent: {}
[335.839464] (-) TimerEvent: {}
[335.939719] (-) TimerEvent: {}
[336.040018] (-) TimerEvent: {}
[336.140420] (-) TimerEvent: {}
[336.240823] (-) TimerEvent: {}
[336.341156] (-) TimerEvent: {}
[336.441411] (-) TimerEvent: {}
[336.541736] (-) TimerEvent: {}
[336.642001] (-) TimerEvent: {}
[336.742423] (-) TimerEvent: {}
[336.842841] (-) TimerEvent: {}
[336.943131] (-) TimerEvent: {}
[337.043401] (-) TimerEvent: {}
[337.143739] (-) TimerEvent: {}
[337.244096] (-) TimerEvent: {}
[337.344443] (-) TimerEvent: {}
[337.444694] (-) TimerEvent: {}
[337.544950] (-) TimerEvent: {}
[337.645219] (-) TimerEvent: {}
[337.745625] (-) TimerEvent: {}
[337.845873] (-) TimerEvent: {}
[337.946128] (-) TimerEvent: {}
[338.046520] (-) TimerEvent: {}
[338.146891] (-) TimerEvent: {}
[338.247144] (-) TimerEvent: {}
[338.347429] (-) TimerEvent: {}
[338.447674] (-) TimerEvent: {}
[338.547965] (-) TimerEvent: {}
[338.648252] (-) TimerEvent: {}
[338.748534] (-) TimerEvent: {}
[338.848844] (-) TimerEvent: {}
[338.949129] (-) TimerEvent: {}
[339.049383] (-) TimerEvent: {}
[339.149608] (-) TimerEvent: {}
[339.249906] (-) TimerEvent: {}
[339.350159] (-) TimerEvent: {}
[339.450411] (-) TimerEvent: {}
[339.550658] (-) TimerEvent: {}
[339.650904] (-) TimerEvent: {}
[339.751239] (-) TimerEvent: {}
[339.851572] (-) TimerEvent: {}
[339.951891] (-) TimerEvent: {}
[340.052150] (-) TimerEvent: {}
[340.152476] (-) TimerEvent: {}
[340.252791] (-) TimerEvent: {}
[340.353073] (-) TimerEvent: {}
[340.453359] (-) TimerEvent: {}
[340.553605] (-) TimerEvent: {}
[340.653840] (-) TimerEvent: {}
[340.754102] (-) TimerEvent: {}
[340.854447] (-) TimerEvent: {}
[340.954817] (-) TimerEvent: {}
[341.055082] (-) TimerEvent: {}
[341.155384] (-) TimerEvent: {}
[341.255647] (-) TimerEvent: {}
[341.355878] (-) TimerEvent: {}
[341.456218] (-) TimerEvent: {}
[341.556497] (-) TimerEvent: {}
[341.656831] (-) TimerEvent: {}
[341.757220] (-) TimerEvent: {}
[341.857574] (-) TimerEvent: {}
[341.957911] (-) TimerEvent: {}
[342.058145] (-) TimerEvent: {}
[342.158554] (-) TimerEvent: {}
[342.258901] (-) TimerEvent: {}
[342.359172] (-) TimerEvent: {}
[342.459507] (-) TimerEvent: {}
[342.559878] (-) TimerEvent: {}
[342.660229] (-) TimerEvent: {}
[342.760591] (-) TimerEvent: {}
[342.860961] (-) TimerEvent: {}
[342.961327] (-) TimerEvent: {}
[343.061750] (-) TimerEvent: {}
[343.162155] (-) TimerEvent: {}
[343.262595] (-) TimerEvent: {}
[343.362864] (-) TimerEvent: {}
[343.463290] (-) TimerEvent: {}
[343.563707] (-) TimerEvent: {}
[343.664132] (-) TimerEvent: {}
[343.764391] (-) TimerEvent: {}
[343.864651] (-) TimerEvent: {}
[343.964988] (-) TimerEvent: {}
[344.065287] (-) TimerEvent: {}
[344.165676] (-) TimerEvent: {}
[344.266084] (-) TimerEvent: {}
[344.366413] (-) TimerEvent: {}
[344.466761] (-) TimerEvent: {}
[344.567113] (-) TimerEvent: {}
[344.667400] (-) TimerEvent: {}
[344.767742] (-) TimerEvent: {}
[344.868024] (-) TimerEvent: {}
[344.968314] (-) TimerEvent: {}
[345.068736] (-) TimerEvent: {}
[345.169210] (-) TimerEvent: {}
[345.269465] (-) TimerEvent: {}
[345.369767] (-) TimerEvent: {}
[345.470064] (-) TimerEvent: {}
[345.570488] (-) TimerEvent: {}
[345.670771] (-) TimerEvent: {}
[345.771039] (-) TimerEvent: {}
[345.871365] (-) TimerEvent: {}
[345.971609] (-) TimerEvent: {}
[346.071867] (-) TimerEvent: {}
[346.172165] (-) TimerEvent: {}
[346.272590] (-) TimerEvent: {}
[346.372856] (-) TimerEvent: {}
[346.473109] (-) TimerEvent: {}
[346.573528] (-) TimerEvent: {}
[346.673804] (-) TimerEvent: {}
[346.774097] (-) TimerEvent: {}
[346.874385] (-) TimerEvent: {}
[346.974709] (-) TimerEvent: {}
[347.075091] (-) TimerEvent: {}
[347.175466] (-) TimerEvent: {}
[347.275898] (-) TimerEvent: {}
[347.376197] (-) TimerEvent: {}
[347.476471] (-) TimerEvent: {}
[347.576815] (-) TimerEvent: {}
[347.677191] (-) TimerEvent: {}
[347.777480] (-) TimerEvent: {}
[347.877738] (-) TimerEvent: {}
[347.978003] (-) TimerEvent: {}
[348.078350] (-) TimerEvent: {}
[348.178717] (-) TimerEvent: {}
[348.279092] (-) TimerEvent: {}
[348.379487] (-) TimerEvent: {}
[348.479760] (-) TimerEvent: {}
[348.580093] (-) TimerEvent: {}
[348.680393] (-) TimerEvent: {}
[348.780728] (-) TimerEvent: {}
[348.881100] (-) TimerEvent: {}
[348.981389] (-) TimerEvent: {}
[349.081784] (-) TimerEvent: {}
[349.182082] (-) TimerEvent: {}
[349.282522] (-) TimerEvent: {}
[349.382904] (-) TimerEvent: {}
[349.483197] (-) TimerEvent: {}
[349.583575] (-) TimerEvent: {}
[349.683845] (-) TimerEvent: {}
[349.784267] (-) TimerEvent: {}
[349.884622] (-) TimerEvent: {}
[349.984956] (-) TimerEvent: {}
[350.085324] (-) TimerEvent: {}
[350.185604] (-) TimerEvent: {}
[350.285864] (-) TimerEvent: {}
[350.386158] (-) TimerEvent: {}
[350.486457] (-) TimerEvent: {}
[350.586811] (-) TimerEvent: {}
[350.687100] (-) TimerEvent: {}
[350.787385] (-) TimerEvent: {}
[350.887876] (-) TimerEvent: {}
[350.988244] (-) TimerEvent: {}
[351.088667] (-) TimerEvent: {}
[351.188940] (-) TimerEvent: {}
[351.289207] (-) TimerEvent: {}
[351.389460] (-) TimerEvent: {}
[351.489721] (-) TimerEvent: {}
[351.590102] (-) TimerEvent: {}
[351.690399] (-) TimerEvent: {}
[351.790752] (-) TimerEvent: {}
[351.891054] (-) TimerEvent: {}
[351.991312] (-) TimerEvent: {}
[352.091731] (-) TimerEvent: {}
[352.192030] (-) TimerEvent: {}
[352.292314] (-) TimerEvent: {}
[352.392639] (-) TimerEvent: {}
[352.492901] (-) TimerEvent: {}
[352.593327] (-) TimerEvent: {}
[352.693748] (-) TimerEvent: {}
[352.794049] (-) TimerEvent: {}
[352.894394] (-) TimerEvent: {}
[352.994743] (-) TimerEvent: {}
[353.095042] (-) TimerEvent: {}
[353.195304] (-) TimerEvent: {}
[353.295679] (-) TimerEvent: {}
[353.395939] (-) TimerEvent: {}
[353.496239] (-) TimerEvent: {}
[353.596658] (-) TimerEvent: {}
[353.696978] (-) TimerEvent: {}
[353.797321] (-) TimerEvent: {}
[353.897618] (-) TimerEvent: {}
[353.998037] (-) TimerEvent: {}
[354.098452] (-) TimerEvent: {}
[354.198750] (-) TimerEvent: {}
[354.299283] (-) TimerEvent: {}
[354.399607] (-) TimerEvent: {}
[354.499916] (-) TimerEvent: {}
[354.600275] (-) TimerEvent: {}
[354.700513] (-) TimerEvent: {}
[354.800811] (-) TimerEvent: {}
[354.901119] (-) TimerEvent: {}
[355.001416] (-) TimerEvent: {}
[355.101730] (-) TimerEvent: {}
[355.202012] (-) TimerEvent: {}
[355.302366] (-) TimerEvent: {}
[355.402621] (-) TimerEvent: {}
[355.502960] (-) TimerEvent: {}
[355.603257] (-) TimerEvent: {}
[355.703517] (-) TimerEvent: {}
[355.803959] (-) TimerEvent: {}
[355.904241] (-) TimerEvent: {}
[356.004480] (-) TimerEvent: {}
[356.104730] (-) TimerEvent: {}
[356.204977] (-) TimerEvent: {}
[356.305266] (-) TimerEvent: {}
[356.405645] (-) TimerEvent: {}
[356.505932] (-) TimerEvent: {}
[356.606276] (-) TimerEvent: {}
[356.706583] (-) TimerEvent: {}
[356.806916] (-) TimerEvent: {}
[356.907324] (-) TimerEvent: {}
[357.007605] (-) TimerEvent: {}
[357.107903] (-) TimerEvent: {}
[357.208202] (-) TimerEvent: {}
[357.308510] (-) TimerEvent: {}
[357.408766] (-) TimerEvent: {}
[357.509062] (-) TimerEvent: {}
[357.609324] (-) TimerEvent: {}
[357.709583] (-) TimerEvent: {}
[357.809851] (-) TimerEvent: {}
[357.910240] (-) TimerEvent: {}
[358.010506] (-) TimerEvent: {}
[358.110830] (-) TimerEvent: {}
[358.211086] (-) TimerEvent: {}
[358.311438] (-) TimerEvent: {}
[358.411694] (-) TimerEvent: {}
[358.465916] (micro_ros_agent) StderrLine: {'line': b'error: RPC failed; curl 92 HTTP/2 stream 5 was not closed cleanly: CANCEL (err 8)\n'}
[358.466101] (micro_ros_agent) StderrLine: {'line': b'error: 15249 bytes of body are still expected\n'}
[358.467805] (micro_ros_agent) StderrLine: {'line': b'fetch-pack: unexpected disconnect while reading sideband packet\n'}
[358.467894] (micro_ros_agent) StderrLine: {'line': b'fatal: early EOF\n'}
[358.472828] (micro_ros_agent) StderrLine: {'line': b'fatal: fetch-pack: invalid index-pack output\n'}
[358.478929] (micro_ros_agent) StderrLine: {'line': b"Cloning into 'spdlog'...\n"}
[358.511790] (-) TimerEvent: {}
[358.612066] (-) TimerEvent: {}
[358.712339] (-) TimerEvent: {}
[358.812621] (-) TimerEvent: {}
[358.912847] (-) TimerEvent: {}
[359.013130] (-) TimerEvent: {}
[359.113377] (-) TimerEvent: {}
[359.213589] (-) TimerEvent: {}
[359.313952] (-) TimerEvent: {}
[359.414228] (-) TimerEvent: {}
[359.514565] (-) TimerEvent: {}
[359.614798] (-) TimerEvent: {}
[359.715034] (-) TimerEvent: {}
[359.815348] (-) TimerEvent: {}
[359.915670] (-) TimerEvent: {}
[360.015914] (-) TimerEvent: {}
[360.116177] (-) TimerEvent: {}
[360.216449] (-) TimerEvent: {}
[360.316793] (-) TimerEvent: {}
[360.417050] (-) TimerEvent: {}
[360.517294] (-) TimerEvent: {}
[360.617547] (-) TimerEvent: {}
[360.717781] (-) TimerEvent: {}
[360.818019] (-) TimerEvent: {}
[360.918290] (-) TimerEvent: {}
[361.018530] (-) TimerEvent: {}
[361.118763] (-) TimerEvent: {}
[361.219019] (-) TimerEvent: {}
[361.319364] (-) TimerEvent: {}
[361.419613] (-) TimerEvent: {}
[361.519843] (-) TimerEvent: {}
[361.620075] (-) TimerEvent: {}
[361.720321] (-) TimerEvent: {}
[361.820597] (-) TimerEvent: {}
[361.920933] (-) TimerEvent: {}
[362.021239] (-) TimerEvent: {}
[362.121568] (-) TimerEvent: {}
[362.221786] (-) TimerEvent: {}
[362.322039] (-) TimerEvent: {}
[362.422297] (-) TimerEvent: {}
[362.522565] (-) TimerEvent: {}
[362.622803] (-) TimerEvent: {}
[362.723043] (-) TimerEvent: {}
[362.823319] (-) TimerEvent: {}
[362.923624] (-) TimerEvent: {}
[363.023879] (-) TimerEvent: {}
[363.124150] (-) TimerEvent: {}
[363.224420] (-) TimerEvent: {}
[363.324689] (-) TimerEvent: {}
[363.424930] (-) TimerEvent: {}
[363.525216] (-) TimerEvent: {}
[363.625483] (-) TimerEvent: {}
[363.725723] (-) TimerEvent: {}
[363.825991] (-) TimerEvent: {}
[363.926330] (-) TimerEvent: {}
[364.026598] (-) TimerEvent: {}
[364.126847] (-) TimerEvent: {}
[364.227116] (-) TimerEvent: {}
[364.327388] (-) TimerEvent: {}
[364.427623] (-) TimerEvent: {}
[364.527919] (-) TimerEvent: {}
[364.628179] (-) TimerEvent: {}
[364.728435] (-) TimerEvent: {}
[364.828684] (-) TimerEvent: {}
[364.928921] (-) TimerEvent: {}
[365.029209] (-) TimerEvent: {}
[365.129436] (-) TimerEvent: {}
[365.229691] (-) TimerEvent: {}
[365.329942] (-) TimerEvent: {}
[365.430229] (-) TimerEvent: {}
[365.530487] (-) TimerEvent: {}
[365.630727] (-) TimerEvent: {}
[365.731020] (-) TimerEvent: {}
[365.831278] (-) TimerEvent: {}
[365.931559] (-) TimerEvent: {}
[366.031819] (-) TimerEvent: {}
[366.132059] (-) TimerEvent: {}
[366.232304] (-) TimerEvent: {}
[366.332635] (-) TimerEvent: {}
[366.432870] (-) TimerEvent: {}
[366.533199] (-) TimerEvent: {}
[366.633467] (-) TimerEvent: {}
[366.733758] (-) TimerEvent: {}
[366.834034] (-) TimerEvent: {}
[366.934282] (-) TimerEvent: {}
[367.034519] (-) TimerEvent: {}
[367.134779] (-) TimerEvent: {}
[367.235053] (-) TimerEvent: {}
[367.335318] (-) TimerEvent: {}
[367.435638] (-) TimerEvent: {}
[367.535878] (-) TimerEvent: {}
[367.636133] (-) TimerEvent: {}
[367.736373] (-) TimerEvent: {}
[367.836630] (-) TimerEvent: {}
[367.936867] (-) TimerEvent: {}
[368.037138] (-) TimerEvent: {}
[368.137437] (-) TimerEvent: {}
[368.237677] (-) TimerEvent: {}
[368.337922] (-) TimerEvent: {}
[368.438177] (-) TimerEvent: {}
[368.538440] (-) TimerEvent: {}
[368.638665] (-) TimerEvent: {}
[368.738906] (-) TimerEvent: {}
[368.839178] (-) TimerEvent: {}
[368.939458] (-) TimerEvent: {}
[369.039700] (-) TimerEvent: {}
[369.139941] (-) TimerEvent: {}
[369.240226] (-) TimerEvent: {}
[369.340593] (-) TimerEvent: {}
[369.440849] (-) TimerEvent: {}
[369.541107] (-) TimerEvent: {}
[369.641339] (-) TimerEvent: {}
[369.741611] (-) TimerEvent: {}
[369.841857] (-) TimerEvent: {}
[369.942122] (-) TimerEvent: {}
[370.042372] (-) TimerEvent: {}
[370.142608] (-) TimerEvent: {}
[370.242820] (-) TimerEvent: {}
[370.343048] (-) TimerEvent: {}
[370.443320] (-) TimerEvent: {}
[370.543596] (-) TimerEvent: {}
[370.643826] (-) TimerEvent: {}
[370.744138] (-) TimerEvent: {}
[370.844466] (-) TimerEvent: {}
[370.944743] (-) TimerEvent: {}
[371.045007] (-) TimerEvent: {}
[371.145285] (-) TimerEvent: {}
[371.245564] (-) TimerEvent: {}
[371.345803] (-) TimerEvent: {}
[371.446082] (-) TimerEvent: {}
[371.546363] (-) TimerEvent: {}
[371.646704] (-) TimerEvent: {}
[371.747053] (-) TimerEvent: {}
[371.847318] (-) TimerEvent: {}
[371.947622] (-) TimerEvent: {}
[372.047868] (-) TimerEvent: {}
[372.148197] (-) TimerEvent: {}
[372.248458] (-) TimerEvent: {}
[372.348693] (-) TimerEvent: {}
[372.449049] (-) TimerEvent: {}
[372.549325] (-) TimerEvent: {}
[372.649586] (-) TimerEvent: {}
[372.749957] (-) TimerEvent: {}
[372.850261] (-) TimerEvent: {}
[372.950569] (-) TimerEvent: {}
[373.050888] (-) TimerEvent: {}
[373.151236] (-) TimerEvent: {}
[373.251503] (-) TimerEvent: {}
[373.351845] (-) TimerEvent: {}
[373.452092] (-) TimerEvent: {}
[373.552367] (-) TimerEvent: {}
[373.652620] (-) TimerEvent: {}
[373.752853] (-) TimerEvent: {}
[373.853108] (-) TimerEvent: {}
[373.953435] (-) TimerEvent: {}
[374.053713] (-) TimerEvent: {}
[374.153968] (-) TimerEvent: {}
[374.254276] (-) TimerEvent: {}
[374.354607] (-) TimerEvent: {}
[374.454866] (-) TimerEvent: {}
[374.555205] (-) TimerEvent: {}
[374.655454] (-) TimerEvent: {}
[374.755687] (-) TimerEvent: {}
[374.855937] (-) TimerEvent: {}
[374.956213] (-) TimerEvent: {}
[375.056515] (-) TimerEvent: {}
[375.156776] (-) TimerEvent: {}
[375.257021] (-) TimerEvent: {}
[375.357251] (-) TimerEvent: {}
[375.457514] (-) TimerEvent: {}
[375.557740] (-) TimerEvent: {}
[375.658020] (-) TimerEvent: {}
[375.758310] (-) TimerEvent: {}
[375.858575] (-) TimerEvent: {}
[375.958810] (-) TimerEvent: {}
[376.059046] (-) TimerEvent: {}
[376.159279] (-) TimerEvent: {}
[376.259551] (-) TimerEvent: {}
[376.359828] (-) TimerEvent: {}
[376.460118] (-) TimerEvent: {}
[376.560390] (-) TimerEvent: {}
[376.660641] (-) TimerEvent: {}
[376.760910] (-) TimerEvent: {}
[376.861172] (-) TimerEvent: {}
[376.961526] (-) TimerEvent: {}
[377.061820] (-) TimerEvent: {}
[377.162081] (-) TimerEvent: {}
[377.262314] (-) TimerEvent: {}
[377.362574] (-) TimerEvent: {}
[377.462805] (-) TimerEvent: {}
[377.563084] (-) TimerEvent: {}
[377.663424] (-) TimerEvent: {}
[377.763663] (-) TimerEvent: {}
[377.863922] (-) TimerEvent: {}
[377.964179] (-) TimerEvent: {}
[378.064450] (-) TimerEvent: {}
[378.164696] (-) TimerEvent: {}
[378.265029] (-) TimerEvent: {}
[378.365310] (-) TimerEvent: {}
[378.465588] (-) TimerEvent: {}
[378.565914] (-) TimerEvent: {}
[378.666186] (-) TimerEvent: {}
[378.766462] (-) TimerEvent: {}
[378.866704] (-) TimerEvent: {}
[378.966969] (-) TimerEvent: {}
[379.067232] (-) TimerEvent: {}
[379.167512] (-) TimerEvent: {}
[379.267758] (-) TimerEvent: {}
[379.368038] (-) TimerEvent: {}
[379.468319] (-) TimerEvent: {}
[379.568573] (-) TimerEvent: {}
[379.668806] (-) TimerEvent: {}
[379.769038] (-) TimerEvent: {}
[379.869285] (-) TimerEvent: {}
[379.969571] (-) TimerEvent: {}
[380.069809] (-) TimerEvent: {}
[380.170074] (-) TimerEvent: {}
[380.270352] (-) TimerEvent: {}
[380.370621] (-) TimerEvent: {}
[380.470867] (-) TimerEvent: {}
[380.571152] (-) TimerEvent: {}
[380.671497] (-) TimerEvent: {}
[380.771822] (-) TimerEvent: {}
[380.872144] (-) TimerEvent: {}
[380.972424] (-) TimerEvent: {}
[381.072668] (-) TimerEvent: {}
[381.172917] (-) TimerEvent: {}
[381.273191] (-) TimerEvent: {}
[381.373506] (-) TimerEvent: {}
[381.473753] (-) TimerEvent: {}
[381.574118] (-) TimerEvent: {}
[381.674391] (-) TimerEvent: {}
[381.774610] (-) TimerEvent: {}
[381.874850] (-) TimerEvent: {}
[381.975121] (-) TimerEvent: {}
[382.075378] (-) TimerEvent: {}
[382.175603] (-) TimerEvent: {}
[382.275836] (-) TimerEvent: {}
[382.376190] (-) TimerEvent: {}
[382.476466] (-) TimerEvent: {}
[382.576701] (-) TimerEvent: {}
[382.676933] (-) TimerEvent: {}
[382.777199] (-) TimerEvent: {}
[382.877464] (-) TimerEvent: {}
[382.977693] (-) TimerEvent: {}
[383.077942] (-) TimerEvent: {}
[383.178175] (-) TimerEvent: {}
[383.278430] (-) TimerEvent: {}
[383.378675] (-) TimerEvent: {}
[383.478928] (-) TimerEvent: {}
[383.579249] (-) TimerEvent: {}
[383.679513] (-) TimerEvent: {}
[383.779748] (-) TimerEvent: {}
[383.880013] (-) TimerEvent: {}
[383.980274] (-) TimerEvent: {}
[384.080536] (-) TimerEvent: {}
[384.180765] (-) TimerEvent: {}
[384.281010] (-) TimerEvent: {}
[384.381281] (-) TimerEvent: {}
[384.481560] (-) TimerEvent: {}
[384.581920] (-) TimerEvent: {}
[384.682194] (-) TimerEvent: {}
[384.782472] (-) TimerEvent: {}
[384.882712] (-) TimerEvent: {}
[384.982946] (-) TimerEvent: {}
[385.083214] (-) TimerEvent: {}
[385.183481] (-) TimerEvent: {}
[385.283713] (-) TimerEvent: {}
[385.384062] (-) TimerEvent: {}
[385.484333] (-) TimerEvent: {}
[385.584717] (-) TimerEvent: {}
[385.684977] (-) TimerEvent: {}
[385.785225] (-) TimerEvent: {}
[385.885557] (-) TimerEvent: {}
[385.985829] (-) TimerEvent: {}
[386.086092] (-) TimerEvent: {}
[386.186349] (-) TimerEvent: {}
[386.286611] (-) TimerEvent: {}
[386.386853] (-) TimerEvent: {}
[386.487183] (-) TimerEvent: {}
[386.587446] (-) TimerEvent: {}
[386.687688] (-) TimerEvent: {}
[386.788009] (-) TimerEvent: {}
[386.888291] (-) TimerEvent: {}
[386.988563] (-) TimerEvent: {}
[387.088795] (-) TimerEvent: {}
[387.189033] (-) TimerEvent: {}
[387.289299] (-) TimerEvent: {}
[387.389580] (-) TimerEvent: {}
[387.489979] (-) TimerEvent: {}
[387.590344] (-) TimerEvent: {}
[387.690616] (-) TimerEvent: {}
[387.790851] (-) TimerEvent: {}
[387.891111] (-) TimerEvent: {}
[387.991432] (-) TimerEvent: {}
[388.091753] (-) TimerEvent: {}
[388.192080] (-) TimerEvent: {}
[388.292364] (-) TimerEvent: {}
[388.392623] (-) TimerEvent: {}
[388.492859] (-) TimerEvent: {}
[388.593129] (-) TimerEvent: {}
[388.693405] (-) TimerEvent: {}
[388.793662] (-) TimerEvent: {}
[388.893899] (-) TimerEvent: {}
[388.994244] (-) TimerEvent: {}
[389.094659] (-) TimerEvent: {}
[389.195018] (-) TimerEvent: {}
[389.295356] (-) TimerEvent: {}
[389.395700] (-) TimerEvent: {}
[389.496123] (-) TimerEvent: {}
[389.596472] (-) TimerEvent: {}
[389.696721] (-) TimerEvent: {}
[389.796964] (-) TimerEvent: {}
[389.897275] (-) TimerEvent: {}
[389.997552] (-) TimerEvent: {}
[390.097792] (-) TimerEvent: {}
[390.198058] (-) TimerEvent: {}
[390.298309] (-) TimerEvent: {}
[390.398672] (-) TimerEvent: {}
[390.499032] (-) TimerEvent: {}
[390.599352] (-) TimerEvent: {}
[390.699753] (-) TimerEvent: {}
[390.800095] (-) TimerEvent: {}
[390.900491] (-) TimerEvent: {}
[391.000823] (-) TimerEvent: {}
[391.101215] (-) TimerEvent: {}
[391.201480] (-) TimerEvent: {}
[391.301811] (-) TimerEvent: {}
[391.402098] (-) TimerEvent: {}
[391.502451] (-) TimerEvent: {}
[391.602773] (-) TimerEvent: {}
[391.703062] (-) TimerEvent: {}
[391.803345] (-) TimerEvent: {}
[391.903677] (-) TimerEvent: {}
[392.003919] (-) TimerEvent: {}
[392.104179] (-) TimerEvent: {}
[392.204452] (-) TimerEvent: {}
[392.304689] (-) TimerEvent: {}
[392.404972] (-) TimerEvent: {}
[392.505235] (-) TimerEvent: {}
[392.605505] (-) TimerEvent: {}
[392.705747] (-) TimerEvent: {}
[392.806026] (-) TimerEvent: {}
[392.906305] (-) TimerEvent: {}
[393.006578] (-) TimerEvent: {}
[393.106809] (-) TimerEvent: {}
[393.207081] (-) TimerEvent: {}
[393.307367] (-) TimerEvent: {}
[393.407615] (-) TimerEvent: {}
[393.507845] (-) TimerEvent: {}
[393.608118] (-) TimerEvent: {}
[393.708379] (-) TimerEvent: {}
[393.808631] (-) TimerEvent: {}
[393.908885] (-) TimerEvent: {}
[394.009141] (-) TimerEvent: {}
[394.109403] (-) TimerEvent: {}
[394.209642] (-) TimerEvent: {}
[394.309967] (-) TimerEvent: {}
[394.410298] (-) TimerEvent: {}
[394.510707] (-) TimerEvent: {}
[394.611064] (-) TimerEvent: {}
[394.711397] (-) TimerEvent: {}
[394.811740] (-) TimerEvent: {}
[394.912030] (-) TimerEvent: {}
[395.012293] (-) TimerEvent: {}
[395.112556] (-) TimerEvent: {}
[395.212824] (-) TimerEvent: {}
[395.313227] (-) TimerEvent: {}
[395.413595] (-) TimerEvent: {}
[395.513917] (-) TimerEvent: {}
[395.614185] (-) TimerEvent: {}
[395.714541] (-) TimerEvent: {}
[395.814882] (-) TimerEvent: {}
[395.915161] (-) TimerEvent: {}
[396.015433] (-) TimerEvent: {}
[396.115774] (-) TimerEvent: {}
[396.216127] (-) TimerEvent: {}
[396.316388] (-) TimerEvent: {}
[396.416599] (-) TimerEvent: {}
[396.516846] (-) TimerEvent: {}
[396.617095] (-) TimerEvent: {}
[396.717380] (-) TimerEvent: {}
[396.817619] (-) TimerEvent: {}
[396.917866] (-) TimerEvent: {}
[397.018133] (-) TimerEvent: {}
[397.118371] (-) TimerEvent: {}
[397.218621] (-) TimerEvent: {}
[397.318884] (-) TimerEvent: {}
[397.419133] (-) TimerEvent: {}
[397.519387] (-) TimerEvent: {}
[397.619644] (-) TimerEvent: {}
[397.719929] (-) TimerEvent: {}
[397.820199] (-) TimerEvent: {}
[397.920470] (-) TimerEvent: {}
[398.020706] (-) TimerEvent: {}
[398.120940] (-) TimerEvent: {}
[398.221284] (-) TimerEvent: {}
[398.321554] (-) TimerEvent: {}
[398.421893] (-) TimerEvent: {}
[398.522245] (-) TimerEvent: {}
[398.622528] (-) TimerEvent: {}
[398.722783] (-) TimerEvent: {}
[398.823058] (-) TimerEvent: {}
[398.923326] (-) TimerEvent: {}
[399.023610] (-) TimerEvent: {}
[399.123868] (-) TimerEvent: {}
[399.224132] (-) TimerEvent: {}
[399.324391] (-) TimerEvent: {}
[399.424620] (-) TimerEvent: {}
[399.524949] (-) TimerEvent: {}
[399.625330] (-) TimerEvent: {}
[399.725718] (-) TimerEvent: {}
[399.826000] (-) TimerEvent: {}
[399.926255] (-) TimerEvent: {}
[400.026570] (-) TimerEvent: {}
[400.126811] (-) TimerEvent: {}
[400.227095] (-) TimerEvent: {}
[400.327408] (-) TimerEvent: {}
[400.427636] (-) TimerEvent: {}
[400.527863] (-) TimerEvent: {}
[400.628113] (-) TimerEvent: {}
[400.728353] (-) TimerEvent: {}
[400.828606] (-) TimerEvent: {}
[400.928857] (-) TimerEvent: {}
[401.029123] (-) TimerEvent: {}
[401.129374] (-) TimerEvent: {}
[401.229618] (-) TimerEvent: {}
[401.329861] (-) TimerEvent: {}
[401.430123] (-) TimerEvent: {}
[401.530388] (-) TimerEvent: {}
[401.630676] (-) TimerEvent: {}
[401.731001] (-) TimerEvent: {}
[401.831272] (-) TimerEvent: {}
[401.931529] (-) TimerEvent: {}
[402.031756] (-) TimerEvent: {}
[402.132017] (-) TimerEvent: {}
[402.232287] (-) TimerEvent: {}
[402.332554] (-) TimerEvent: {}
[402.432813] (-) TimerEvent: {}
[402.533157] (-) TimerEvent: {}
[402.633425] (-) TimerEvent: {}
[402.733768] (-) TimerEvent: {}
[402.834035] (-) TimerEvent: {}
[402.934411] (-) TimerEvent: {}
[403.034666] (-) TimerEvent: {}
[403.134927] (-) TimerEvent: {}
[403.235210] (-) TimerEvent: {}
[403.335499] (-) TimerEvent: {}
[403.435770] (-) TimerEvent: {}
[403.536026] (-) TimerEvent: {}
[403.636308] (-) TimerEvent: {}
[403.736586] (-) TimerEvent: {}
[403.836840] (-) TimerEvent: {}
[403.937102] (-) TimerEvent: {}
[404.037369] (-) TimerEvent: {}
[404.137595] (-) TimerEvent: {}
[404.237847] (-) TimerEvent: {}
[404.338220] (-) TimerEvent: {}
[404.438596] (-) TimerEvent: {}
[404.538864] (-) TimerEvent: {}
[404.639231] (-) TimerEvent: {}
[404.739605] (-) TimerEvent: {}
[404.839895] (-) TimerEvent: {}
[404.940175] (-) TimerEvent: {}
[405.040573] (-) TimerEvent: {}
[405.140834] (-) TimerEvent: {}
[405.241106] (-) TimerEvent: {}
[405.341443] (-) TimerEvent: {}
[405.441697] (-) TimerEvent: {}
[405.542075] (-) TimerEvent: {}
[405.642355] (-) TimerEvent: {}
[405.742624] (-) TimerEvent: {}
[405.842897] (-) TimerEvent: {}
[405.943173] (-) TimerEvent: {}
[406.043490] (-) TimerEvent: {}
[406.143730] (-) TimerEvent: {}
[406.244043] (-) TimerEvent: {}
[406.344307] (-) TimerEvent: {}
[406.444571] (-) TimerEvent: {}
[406.544808] (-) TimerEvent: {}
[406.645075] (-) TimerEvent: {}
[406.745338] (-) TimerEvent: {}
[406.845678] (-) TimerEvent: {}
[406.945919] (-) TimerEvent: {}
[407.046176] (-) TimerEvent: {}
[407.146433] (-) TimerEvent: {}
[407.246694] (-) TimerEvent: {}
[407.346960] (-) TimerEvent: {}
[407.447188] (-) TimerEvent: {}
[407.547456] (-) TimerEvent: {}
[407.647705] (-) TimerEvent: {}
[407.747961] (-) TimerEvent: {}
[407.848310] (-) TimerEvent: {}
[407.948579] (-) TimerEvent: {}
[408.048798] (-) TimerEvent: {}
[408.149047] (-) TimerEvent: {}
[408.249299] (-) TimerEvent: {}
[408.349557] (-) TimerEvent: {}
[408.449797] (-) TimerEvent: {}
[408.550056] (-) TimerEvent: {}
[408.650297] (-) TimerEvent: {}
[408.750565] (-) TimerEvent: {}
[408.850842] (-) TimerEvent: {}
[408.951130] (-) TimerEvent: {}
[409.051449] (-) TimerEvent: {}
[409.151671] (-) TimerEvent: {}
[409.252047] (-) TimerEvent: {}
[409.352423] (-) TimerEvent: {}
[409.452732] (-) TimerEvent: {}
[409.553031] (-) TimerEvent: {}
[409.653279] (-) TimerEvent: {}
[409.753526] (-) TimerEvent: {}
[409.853757] (-) TimerEvent: {}
[409.953996] (-) TimerEvent: {}
[410.054209] (-) TimerEvent: {}
[410.154462] (-) TimerEvent: {}
[410.254733] (-) TimerEvent: {}
[410.354991] (-) TimerEvent: {}
[410.455242] (-) TimerEvent: {}
[410.555615] (-) TimerEvent: {}
[410.656008] (-) TimerEvent: {}
[410.756326] (-) TimerEvent: {}
[410.856559] (-) TimerEvent: {}
[410.956830] (-) TimerEvent: {}
[411.057103] (-) TimerEvent: {}
[411.157371] (-) TimerEvent: {}
[411.257713] (-) TimerEvent: {}
[411.357975] (-) TimerEvent: {}
[411.458255] (-) TimerEvent: {}
[411.558518] (-) TimerEvent: {}
[411.658743] (-) TimerEvent: {}
[411.759078] (-) TimerEvent: {}
[411.859407] (-) TimerEvent: {}
[411.959824] (-) TimerEvent: {}
[412.060140] (-) TimerEvent: {}
[412.160441] (-) TimerEvent: {}
[412.260662] (-) TimerEvent: {}
[412.360881] (-) TimerEvent: {}
[412.461134] (-) TimerEvent: {}
[412.561376] (-) TimerEvent: {}
[412.661606] (-) TimerEvent: {}
[412.761828] (-) TimerEvent: {}
[412.862075] (-) TimerEvent: {}
[412.962334] (-) TimerEvent: {}
[413.062613] (-) TimerEvent: {}
[413.162831] (-) TimerEvent: {}
[413.263089] (-) TimerEvent: {}
[413.363346] (-) TimerEvent: {}
[413.463598] (-) TimerEvent: {}
[413.563821] (-) TimerEvent: {}
[413.664087] (-) TimerEvent: {}
[413.764342] (-) TimerEvent: {}
[413.864704] (-) TimerEvent: {}
[413.964981] (-) TimerEvent: {}
[414.065241] (-) TimerEvent: {}
[414.165509] (-) TimerEvent: {}
[414.265756] (-) TimerEvent: {}
[414.366015] (-) TimerEvent: {}
[414.466249] (-) TimerEvent: {}
[414.566464] (-) TimerEvent: {}
[414.666693] (-) TimerEvent: {}
[414.766934] (-) TimerEvent: {}
[414.867186] (-) TimerEvent: {}
[414.967466] (-) TimerEvent: {}
[415.067715] (-) TimerEvent: {}
[415.167982] (-) TimerEvent: {}
[415.268251] (-) TimerEvent: {}
[415.368528] (-) TimerEvent: {}
[415.468795] (-) TimerEvent: {}
[415.569076] (-) TimerEvent: {}
[415.669349] (-) TimerEvent: {}
[415.769736] (-) TimerEvent: {}
[415.870012] (-) TimerEvent: {}
[415.970314] (-) TimerEvent: {}
[416.070609] (-) TimerEvent: {}
[416.170881] (-) TimerEvent: {}
[416.271258] (-) TimerEvent: {}
[416.371653] (-) TimerEvent: {}
[416.471934] (-) TimerEvent: {}
[416.572225] (-) TimerEvent: {}
[416.672492] (-) TimerEvent: {}
[416.772747] (-) TimerEvent: {}
[416.873026] (-) TimerEvent: {}
[416.973275] (-) TimerEvent: {}
[417.073693] (-) TimerEvent: {}
[417.173958] (-) TimerEvent: {}
[417.274233] (-) TimerEvent: {}
[417.374502] (-) TimerEvent: {}
[417.474768] (-) TimerEvent: {}
[417.575057] (-) TimerEvent: {}
[417.675350] (-) TimerEvent: {}
[417.775624] (-) TimerEvent: {}
[417.875865] (-) TimerEvent: {}
[417.976150] (-) TimerEvent: {}
[418.076439] (-) TimerEvent: {}
[418.176792] (-) TimerEvent: {}
[418.277092] (-) TimerEvent: {}
[418.377367] (-) TimerEvent: {}
[418.477636] (-) TimerEvent: {}
[418.577904] (-) TimerEvent: {}
[418.678161] (-) TimerEvent: {}
[418.778437] (-) TimerEvent: {}
[418.878674] (-) TimerEvent: {}
[418.978919] (-) TimerEvent: {}
[419.079192] (-) TimerEvent: {}
[419.179471] (-) TimerEvent: {}
[419.279836] (-) TimerEvent: {}
[419.380085] (-) TimerEvent: {}
[419.480353] (-) TimerEvent: {}
[419.580702] (-) TimerEvent: {}
[419.680949] (-) TimerEvent: {}
[419.781220] (-) TimerEvent: {}
[419.881497] (-) TimerEvent: {}
[419.981751] (-) TimerEvent: {}
[420.082008] (-) TimerEvent: {}
[420.182288] (-) TimerEvent: {}
[420.282580] (-) TimerEvent: {}
[420.382819] (-) TimerEvent: {}
[420.483202] (-) TimerEvent: {}
[420.583503] (-) TimerEvent: {}
[420.683770] (-) TimerEvent: {}
[420.784056] (-) TimerEvent: {}
[420.884320] (-) TimerEvent: {}
[420.984685] (-) TimerEvent: {}
[421.084953] (-) TimerEvent: {}
[421.185233] (-) TimerEvent: {}
[421.285542] (-) TimerEvent: {}
[421.385790] (-) TimerEvent: {}
[421.486077] (-) TimerEvent: {}
[421.586369] (-) TimerEvent: {}
[421.686621] (-) TimerEvent: {}
[421.786869] (-) TimerEvent: {}
[421.887136] (-) TimerEvent: {}
[421.987462] (-) TimerEvent: {}
[422.087733] (-) TimerEvent: {}
[422.188025] (-) TimerEvent: {}
[422.288306] (-) TimerEvent: {}
[422.388591] (-) TimerEvent: {}
[422.488843] (-) TimerEvent: {}
[422.589132] (-) TimerEvent: {}
[422.689410] (-) TimerEvent: {}
[422.789664] (-) TimerEvent: {}
[422.889909] (-) TimerEvent: {}
[422.990184] (-) TimerEvent: {}
[423.090465] (-) TimerEvent: {}
[423.190721] (-) TimerEvent: {}
[423.291046] (-) TimerEvent: {}
[423.391336] (-) TimerEvent: {}
[423.491625] (-) TimerEvent: {}
[423.591873] (-) TimerEvent: {}
[423.692228] (-) TimerEvent: {}
[423.792482] (-) TimerEvent: {}
[423.892848] (-) TimerEvent: {}
[423.993106] (-) TimerEvent: {}
[424.093564] (-) TimerEvent: {}
[424.193811] (-) TimerEvent: {}
[424.294078] (-) TimerEvent: {}
[424.394342] (-) TimerEvent: {}
[424.494710] (-) TimerEvent: {}
[424.594963] (-) TimerEvent: {}
[424.695295] (-) TimerEvent: {}
[424.795575] (-) TimerEvent: {}
[424.895817] (-) TimerEvent: {}
[424.996163] (-) TimerEvent: {}
[425.096524] (-) TimerEvent: {}
[425.196875] (-) TimerEvent: {}
[425.297146] (-) TimerEvent: {}
[425.397425] (-) TimerEvent: {}
[425.497667] (-) TimerEvent: {}
[425.597899] (-) TimerEvent: {}
[425.698206] (-) TimerEvent: {}
[425.798482] (-) TimerEvent: {}
[425.898746] (-) TimerEvent: {}
[425.998993] (-) TimerEvent: {}
[426.099261] (-) TimerEvent: {}
[426.199636] (-) TimerEvent: {}
[426.299899] (-) TimerEvent: {}
[426.400148] (-) TimerEvent: {}
[426.500440] (-) TimerEvent: {}
[426.600770] (-) TimerEvent: {}
[426.701078] (-) TimerEvent: {}
[426.801379] (-) TimerEvent: {}
[426.901668] (-) TimerEvent: {}
[427.001906] (-) TimerEvent: {}
[427.102193] (-) TimerEvent: {}
[427.202450] (-) TimerEvent: {}
[427.302801] (-) TimerEvent: {}
[427.403079] (-) TimerEvent: {}
[427.503407] (-) TimerEvent: {}
[427.603643] (-) TimerEvent: {}
[427.703946] (-) TimerEvent: {}
[427.804212] (-) TimerEvent: {}
[427.904479] (-) TimerEvent: {}
[428.004736] (-) TimerEvent: {}
[428.105056] (-) TimerEvent: {}
[428.205452] (-) TimerEvent: {}
[428.305689] (-) TimerEvent: {}
[428.405941] (-) TimerEvent: {}
[428.506206] (-) TimerEvent: {}
[428.606473] (-) TimerEvent: {}
[428.706745] (-) TimerEvent: {}
[428.807110] (-) TimerEvent: {}
[428.907406] (-) TimerEvent: {}
[429.007734] (-) TimerEvent: {}
[429.108087] (-) TimerEvent: {}
[429.208373] (-) TimerEvent: {}
[429.308714] (-) TimerEvent: {}
[429.409016] (-) TimerEvent: {}
[429.509305] (-) TimerEvent: {}
[429.609585] (-) TimerEvent: {}
[429.709838] (-) TimerEvent: {}
[429.810130] (-) TimerEvent: {}
[429.910417] (-) TimerEvent: {}
[430.010677] (-) TimerEvent: {}
[430.110928] (-) TimerEvent: {}
[430.211222] (-) TimerEvent: {}
[430.311508] (-) TimerEvent: {}
[430.411761] (-) TimerEvent: {}
[430.512018] (-) TimerEvent: {}
[430.612271] (-) TimerEvent: {}
[430.712624] (-) TimerEvent: {}
[430.812953] (-) TimerEvent: {}
[430.913247] (-) TimerEvent: {}
[431.013545] (-) TimerEvent: {}
[431.113804] (-) TimerEvent: {}
[431.214176] (-) TimerEvent: {}
[431.314448] (-) TimerEvent: {}
[431.414772] (-) TimerEvent: {}
[431.515031] (-) TimerEvent: {}
[431.615379] (-) TimerEvent: {}
[431.715628] (-) TimerEvent: {}
[431.815876] (-) TimerEvent: {}
[431.916152] (-) TimerEvent: {}
[432.016423] (-) TimerEvent: {}
[432.116796] (-) TimerEvent: {}
[432.217039] (-) TimerEvent: {}
[432.317313] (-) TimerEvent: {}
[432.417612] (-) TimerEvent: {}
[432.517841] (-) TimerEvent: {}
[432.618071] (-) TimerEvent: {}
[432.718423] (-) TimerEvent: {}
[432.818753] (-) TimerEvent: {}
[432.919039] (-) TimerEvent: {}
[433.019313] (-) TimerEvent: {}
[433.119658] (-) TimerEvent: {}
[433.219916] (-) TimerEvent: {}
[433.320187] (-) TimerEvent: {}
[433.420430] (-) TimerEvent: {}
[433.520669] (-) TimerEvent: {}
[433.620905] (-) TimerEvent: {}
[433.721168] (-) TimerEvent: {}
[433.821407] (-) TimerEvent: {}
[433.921640] (-) TimerEvent: {}
[434.021881] (-) TimerEvent: {}
[434.122152] (-) TimerEvent: {}
[434.222420] (-) TimerEvent: {}
[434.322709] (-) TimerEvent: {}
[434.422962] (-) TimerEvent: {}
[434.523300] (-) TimerEvent: {}
[434.623577] (-) TimerEvent: {}
[434.723821] (-) TimerEvent: {}
[434.824100] (-) TimerEvent: {}
[434.924369] (-) TimerEvent: {}
[435.024621] (-) TimerEvent: {}
[435.124989] (-) TimerEvent: {}
[435.225326] (-) TimerEvent: {}
[435.325599] (-) TimerEvent: {}
[435.425846] (-) TimerEvent: {}
[435.526177] (-) TimerEvent: {}
[435.626443] (-) TimerEvent: {}
[435.726688] (-) TimerEvent: {}
[435.826955] (-) TimerEvent: {}
[435.927238] (-) TimerEvent: {}
[436.027502] (-) TimerEvent: {}
[436.127777] (-) TimerEvent: {}
[436.228168] (-) TimerEvent: {}
[436.328443] (-) TimerEvent: {}
[436.428720] (-) TimerEvent: {}
[436.529059] (-) TimerEvent: {}
[436.629320] (-) TimerEvent: {}
[436.729570] (-) TimerEvent: {}
[436.829838] (-) TimerEvent: {}
[436.930195] (-) TimerEvent: {}
[437.030437] (-) TimerEvent: {}
[437.130705] (-) TimerEvent: {}
[437.230939] (-) TimerEvent: {}
[437.331244] (-) TimerEvent: {}
[437.431515] (-) TimerEvent: {}
[437.531763] (-) TimerEvent: {}
[437.631994] (-) TimerEvent: {}
[437.732299] (-) TimerEvent: {}
[437.832592] (-) TimerEvent: {}
[437.932830] (-) TimerEvent: {}
[438.033083] (-) TimerEvent: {}
[438.133335] (-) TimerEvent: {}
[438.233591] (-) TimerEvent: {}
[438.333969] (-) TimerEvent: {}
[438.434302] (-) TimerEvent: {}
[438.534588] (-) TimerEvent: {}
[438.634826] (-) TimerEvent: {}
[438.735109] (-) TimerEvent: {}
[438.835521] (-) TimerEvent: {}
[438.935832] (-) TimerEvent: {}
[439.036117] (-) TimerEvent: {}
[439.136467] (-) TimerEvent: {}
[439.236725] (-) TimerEvent: {}
[439.337076] (-) TimerEvent: {}
[439.437369] (-) TimerEvent: {}
[439.537587] (-) TimerEvent: {}
[439.637872] (-) TimerEvent: {}
[439.738132] (-) TimerEvent: {}
[439.838353] (-) TimerEvent: {}
[439.938607] (-) TimerEvent: {}
[440.038837] (-) TimerEvent: {}
[440.139100] (-) TimerEvent: {}
[440.239447] (-) TimerEvent: {}
[440.339826] (-) TimerEvent: {}
[440.440193] (-) TimerEvent: {}
[440.540462] (-) TimerEvent: {}
[440.640814] (-) TimerEvent: {}
[440.741146] (-) TimerEvent: {}
[440.841491] (-) TimerEvent: {}
[440.941776] (-) TimerEvent: {}
[441.042076] (-) TimerEvent: {}
[441.142348] (-) TimerEvent: {}
[441.242700] (-) TimerEvent: {}
[441.342970] (-) TimerEvent: {}
[441.443317] (-) TimerEvent: {}
[441.543713] (-) TimerEvent: {}
[441.644051] (-) TimerEvent: {}
[441.744460] (-) TimerEvent: {}
[441.844796] (-) TimerEvent: {}
[441.945042] (-) TimerEvent: {}
[442.045305] (-) TimerEvent: {}
[442.145561] (-) TimerEvent: {}
[442.245845] (-) TimerEvent: {}
[442.346104] (-) TimerEvent: {}
[442.446389] (-) TimerEvent: {}
[442.546608] (-) TimerEvent: {}
[442.646825] (-) TimerEvent: {}
[442.747091] (-) TimerEvent: {}
[442.847357] (-) TimerEvent: {}
[442.947716] (-) TimerEvent: {}
[443.047956] (-) TimerEvent: {}
[443.148193] (-) TimerEvent: {}
[443.248468] (-) TimerEvent: {}
[443.348695] (-) TimerEvent: {}
[443.448923] (-) TimerEvent: {}
[443.549195] (-) TimerEvent: {}
[443.649470] (-) TimerEvent: {}
[443.749709] (-) TimerEvent: {}
[443.849966] (-) TimerEvent: {}
[443.950207] (-) TimerEvent: {}
[444.050464] (-) TimerEvent: {}
[444.150719] (-) TimerEvent: {}
[444.250985] (-) TimerEvent: {}
[444.351302] (-) TimerEvent: {}
[444.451561] (-) TimerEvent: {}
[444.551873] (-) TimerEvent: {}
[444.652151] (-) TimerEvent: {}
[444.752428] (-) TimerEvent: {}
[444.852694] (-) TimerEvent: {}
[444.952949] (-) TimerEvent: {}
[445.053229] (-) TimerEvent: {}
[445.153487] (-) TimerEvent: {}
[445.253732] (-) TimerEvent: {}
[445.354020] (-) TimerEvent: {}
[445.454296] (-) TimerEvent: {}
[445.554556] (-) TimerEvent: {}
[445.654857] (-) TimerEvent: {}
[445.755127] (-) TimerEvent: {}
[445.855368] (-) TimerEvent: {}
[445.955621] (-) TimerEvent: {}
[446.055949] (-) TimerEvent: {}
[446.156316] (-) TimerEvent: {}
[446.256725] (-) TimerEvent: {}
[446.356997] (-) TimerEvent: {}
[446.457254] (-) TimerEvent: {}
[446.557525] (-) TimerEvent: {}
[446.657848] (-) TimerEvent: {}
[446.758162] (-) TimerEvent: {}
[446.858459] (-) TimerEvent: {}
[446.958724] (-) TimerEvent: {}
[447.059009] (-) TimerEvent: {}
[447.159284] (-) TimerEvent: {}
[447.259621] (-) TimerEvent: {}
[447.359871] (-) TimerEvent: {}
[447.460191] (-) TimerEvent: {}
[447.560468] (-) TimerEvent: {}
[447.660723] (-) TimerEvent: {}
[447.760982] (-) TimerEvent: {}
[447.861244] (-) TimerEvent: {}
[447.961576] (-) TimerEvent: {}
[448.061818] (-) TimerEvent: {}
[448.162139] (-) TimerEvent: {}
[448.262379] (-) TimerEvent: {}
[448.362616] (-) TimerEvent: {}
[448.462859] (-) TimerEvent: {}
[448.563135] (-) TimerEvent: {}
[448.663400] (-) TimerEvent: {}
[448.763617] (-) TimerEvent: {}
[448.863846] (-) TimerEvent: {}
[448.964100] (-) TimerEvent: {}
[449.064423] (-) TimerEvent: {}
[449.164653] (-) TimerEvent: {}
[449.264894] (-) TimerEvent: {}
[449.365166] (-) TimerEvent: {}
[449.465440] (-) TimerEvent: {}
[449.565689] (-) TimerEvent: {}
[449.665951] (-) TimerEvent: {}
[449.766259] (-) TimerEvent: {}
[449.866565] (-) TimerEvent: {}
[449.966885] (-) TimerEvent: {}
[450.067217] (-) TimerEvent: {}
[450.167579] (-) TimerEvent: {}
[450.267888] (-) TimerEvent: {}
[450.368159] (-) TimerEvent: {}
[450.468434] (-) TimerEvent: {}
[450.568688] (-) TimerEvent: {}
[450.668935] (-) TimerEvent: {}
[450.769211] (-) TimerEvent: {}
[450.869452] (-) TimerEvent: {}
[450.969808] (-) TimerEvent: {}
[451.070038] (-) TimerEvent: {}
[451.170306] (-) TimerEvent: {}
[451.270744] (-) TimerEvent: {}
[451.371022] (-) TimerEvent: {}
[451.471301] (-) TimerEvent: {}
[451.571585] (-) TimerEvent: {}
[451.671830] (-) TimerEvent: {}
[451.772096] (-) TimerEvent: {}
[451.872435] (-) TimerEvent: {}
[451.972681] (-) TimerEvent: {}
[452.073157] (-) TimerEvent: {}
[452.173426] (-) TimerEvent: {}
[452.273684] (-) TimerEvent: {}
[452.373927] (-) TimerEvent: {}
[452.474181] (-) TimerEvent: {}
[452.574448] (-) TimerEvent: {}
[452.674697] (-) TimerEvent: {}
[452.774947] (-) TimerEvent: {}
[452.875208] (-) TimerEvent: {}
[452.975470] (-) TimerEvent: {}
[453.075695] (-) TimerEvent: {}
[453.175953] (-) TimerEvent: {}
[453.276192] (-) TimerEvent: {}
[453.376434] (-) TimerEvent: {}
[453.476662] (-) TimerEvent: {}
[453.576887] (-) TimerEvent: {}
[453.677153] (-) TimerEvent: {}
[453.777392] (-) TimerEvent: {}
[453.877644] (-) TimerEvent: {}
[453.977958] (-) TimerEvent: {}
[454.078239] (-) TimerEvent: {}
[454.178563] (-) TimerEvent: {}
[454.278883] (-) TimerEvent: {}
[454.379191] (-) TimerEvent: {}
[454.479455] (-) TimerEvent: {}
[454.579781] (-) TimerEvent: {}
[454.680013] (-) TimerEvent: {}
[454.780324] (-) TimerEvent: {}
[454.880594] (-) TimerEvent: {}
[454.980836] (-) TimerEvent: {}
[455.081099] (-) TimerEvent: {}
[455.181350] (-) TimerEvent: {}
[455.281699] (-) TimerEvent: {}
[455.382064] (-) TimerEvent: {}
[455.482340] (-) TimerEvent: {}
[455.582615] (-) TimerEvent: {}
[455.682861] (-) TimerEvent: {}
[455.783121] (-) TimerEvent: {}
[455.883355] (-) TimerEvent: {}
[455.983625] (-) TimerEvent: {}
[456.083870] (-) TimerEvent: {}
[456.184272] (-) TimerEvent: {}
[456.284545] (-) TimerEvent: {}
[456.384788] (-) TimerEvent: {}
[456.485061] (-) TimerEvent: {}
[456.585331] (-) TimerEvent: {}
[456.685724] (-) TimerEvent: {}
[456.786010] (-) TimerEvent: {}
[456.886287] (-) TimerEvent: {}
[456.986565] (-) TimerEvent: {}
[457.086798] (-) TimerEvent: {}
[457.187148] (-) TimerEvent: {}
[457.287426] (-) TimerEvent: {}
[457.387708] (-) TimerEvent: {}
[457.487971] (-) TimerEvent: {}
[457.588368] (-) TimerEvent: {}
[457.688621] (-) TimerEvent: {}
[457.788949] (-) TimerEvent: {}
[457.889227] (-) TimerEvent: {}
[457.989545] (-) TimerEvent: {}
[458.089798] (-) TimerEvent: {}
[458.190060] (-) TimerEvent: {}
[458.290333] (-) TimerEvent: {}
[458.390623] (-) TimerEvent: {}
[458.490871] (-) TimerEvent: {}
[458.591149] (-) TimerEvent: {}
[458.691414] (-) TimerEvent: {}
[458.791745] (-) TimerEvent: {}
[458.892010] (-) TimerEvent: {}
[458.992282] (-) TimerEvent: {}
[459.092570] (-) TimerEvent: {}
[459.192897] (-) TimerEvent: {}
[459.293176] (-) TimerEvent: {}
[459.393450] (-) TimerEvent: {}
[459.493688] (-) TimerEvent: {}
[459.593934] (-) TimerEvent: {}
[459.694209] (-) TimerEvent: {}
[459.794630] (-) TimerEvent: {}
[459.895028] (-) TimerEvent: {}
[459.995325] (-) TimerEvent: {}
[460.095657] (-) TimerEvent: {}
[460.196048] (-) TimerEvent: {}
[460.296396] (-) TimerEvent: {}
[460.396821] (-) TimerEvent: {}
[460.497175] (-) TimerEvent: {}
[460.597596] (-) TimerEvent: {}
[460.697839] (-) TimerEvent: {}
[460.798245] (-) TimerEvent: {}
[460.898624] (-) TimerEvent: {}
[460.998974] (-) TimerEvent: {}
[461.099245] (-) TimerEvent: {}
[461.199639] (-) TimerEvent: {}
[461.299938] (-) TimerEvent: {}
[461.400208] (-) TimerEvent: {}
[461.500564] (-) TimerEvent: {}
[461.600966] (-) TimerEvent: {}
[461.701318] (-) TimerEvent: {}
[461.801593] (-) TimerEvent: {}
[461.901952] (-) TimerEvent: {}
[462.002204] (-) TimerEvent: {}
[462.102482] (-) TimerEvent: {}
[462.202742] (-) TimerEvent: {}
[462.303035] (-) TimerEvent: {}
[462.403324] (-) TimerEvent: {}
[462.503655] (-) TimerEvent: {}
[462.603928] (-) TimerEvent: {}
[462.704175] (-) TimerEvent: {}
[462.804453] (-) TimerEvent: {}
[462.904685] (-) TimerEvent: {}
[463.005092] (-) TimerEvent: {}
[463.105369] (-) TimerEvent: {}
[463.205640] (-) TimerEvent: {}
[463.305877] (-) TimerEvent: {}
[463.406148] (-) TimerEvent: {}
[463.506419] (-) TimerEvent: {}
[463.606741] (-) TimerEvent: {}
[463.707014] (-) TimerEvent: {}
[463.807280] (-) TimerEvent: {}
[463.907547] (-) TimerEvent: {}
[464.007792] (-) TimerEvent: {}
[464.108067] (-) TimerEvent: {}
[464.208325] (-) TimerEvent: {}
[464.308616] (-) TimerEvent: {}
[464.408890] (-) TimerEvent: {}
[464.509149] (-) TimerEvent: {}
[464.609472] (-) TimerEvent: {}
[464.709865] (-) TimerEvent: {}
[464.810147] (-) TimerEvent: {}
[464.910518] (-) TimerEvent: {}
[465.010795] (-) TimerEvent: {}
[465.111120] (-) TimerEvent: {}
[465.211392] (-) TimerEvent: {}
[465.311688] (-) TimerEvent: {}
[465.411960] (-) TimerEvent: {}
[465.512311] (-) TimerEvent: {}
[465.612731] (-) TimerEvent: {}
[465.713008] (-) TimerEvent: {}
[465.813342] (-) TimerEvent: {}
[465.913689] (-) TimerEvent: {}
[466.013931] (-) TimerEvent: {}
[466.114213] (-) TimerEvent: {}
[466.214494] (-) TimerEvent: {}
[466.314743] (-) TimerEvent: {}
[466.415022] (-) TimerEvent: {}
[466.515297] (-) TimerEvent: {}
[466.615575] (-) TimerEvent: {}
[466.715819] (-) TimerEvent: {}
[466.816090] (-) TimerEvent: {}
[466.916359] (-) TimerEvent: {}
[467.016702] (-) TimerEvent: {}
[467.116959] (-) TimerEvent: {}
[467.217246] (-) TimerEvent: {}
[467.317521] (-) TimerEvent: {}
[467.417768] (-) TimerEvent: {}
[467.518039] (-) TimerEvent: {}
[467.618382] (-) TimerEvent: {}
[467.718709] (-) TimerEvent: {}
[467.818964] (-) TimerEvent: {}
[467.919221] (-) TimerEvent: {}
[468.019500] (-) TimerEvent: {}
[468.119754] (-) TimerEvent: {}
[468.220023] (-) TimerEvent: {}
[468.320288] (-) TimerEvent: {}
[468.420555] (-) TimerEvent: {}
[468.520879] (-) TimerEvent: {}
[468.621258] (-) TimerEvent: {}
[468.721589] (-) TimerEvent: {}
[468.821928] (-) TimerEvent: {}
[468.922207] (-) TimerEvent: {}
[469.022469] (-) TimerEvent: {}
[469.122705] (-) TimerEvent: {}
[469.223118] (-) TimerEvent: {}
[469.323396] (-) TimerEvent: {}
[469.423622] (-) TimerEvent: {}
[469.523873] (-) TimerEvent: {}
[469.624251] (-) TimerEvent: {}
[469.724486] (-) TimerEvent: {}
[469.824834] (-) TimerEvent: {}
[469.925112] (-) TimerEvent: {}
[470.025386] (-) TimerEvent: {}
[470.125632] (-) TimerEvent: {}
[470.226070] (-) TimerEvent: {}
[470.326332] (-) TimerEvent: {}
[470.426594] (-) TimerEvent: {}
[470.526832] (-) TimerEvent: {}
[470.627173] (-) TimerEvent: {}
[470.727509] (-) TimerEvent: {}
[470.827817] (-) TimerEvent: {}
[470.928072] (-) TimerEvent: {}
[471.028347] (-) TimerEvent: {}
[471.128675] (-) TimerEvent: {}
[471.229026] (-) TimerEvent: {}
[471.329374] (-) TimerEvent: {}
[471.429621] (-) TimerEvent: {}
[471.529883] (-) TimerEvent: {}
[471.630279] (-) TimerEvent: {}
[471.730617] (-) TimerEvent: {}
[471.830876] (-) TimerEvent: {}
[471.931152] (-) TimerEvent: {}
[472.031474] (-) TimerEvent: {}
[472.131826] (-) TimerEvent: {}
[472.232079] (-) TimerEvent: {}
[472.332359] (-) TimerEvent: {}
[472.432740] (-) TimerEvent: {}
[472.533152] (-) TimerEvent: {}
[472.633486] (-) TimerEvent: {}
[472.733907] (-) TimerEvent: {}
[472.834176] (-) TimerEvent: {}
[472.934492] (-) TimerEvent: {}
[473.034761] (-) TimerEvent: {}
[473.135067] (-) TimerEvent: {}
[473.235416] (-) TimerEvent: {}
[473.335675] (-) TimerEvent: {}
[473.435918] (-) TimerEvent: {}
[473.536266] (-) TimerEvent: {}
[473.636615] (-) TimerEvent: {}
[473.737090] (-) TimerEvent: {}
[473.837430] (-) TimerEvent: {}
[473.937738] (-) TimerEvent: {}
[474.038019] (-) TimerEvent: {}
[474.138343] (-) TimerEvent: {}
[474.238599] (-) TimerEvent: {}
[474.338916] (-) TimerEvent: {}
[474.439183] (-) TimerEvent: {}
[474.539464] (-) TimerEvent: {}
[474.639754] (-) TimerEvent: {}
[474.740047] (-) TimerEvent: {}
[474.840326] (-) TimerEvent: {}
[474.940596] (-) TimerEvent: {}
[475.040834] (-) TimerEvent: {}
[475.141109] (-) TimerEvent: {}
[475.241354] (-) TimerEvent: {}
[475.341700] (-) TimerEvent: {}
[475.441959] (-) TimerEvent: {}
[475.542301] (-) TimerEvent: {}
[475.642581] (-) TimerEvent: {}
[475.742837] (-) TimerEvent: {}
[475.843112] (-) TimerEvent: {}
[475.943371] (-) TimerEvent: {}
[476.043617] (-) TimerEvent: {}
[476.143861] (-) TimerEvent: {}
[476.244142] (-) TimerEvent: {}
[476.344423] (-) TimerEvent: {}
[476.444669] (-) TimerEvent: {}
[476.544929] (-) TimerEvent: {}
[476.645195] (-) TimerEvent: {}
[476.745467] (-) TimerEvent: {}
[476.845724] (-) TimerEvent: {}
[476.946063] (-) TimerEvent: {}
[477.046412] (-) TimerEvent: {}
[477.146666] (-) TimerEvent: {}
[477.246971] (-) TimerEvent: {}
[477.347239] (-) TimerEvent: {}
[477.447599] (-) TimerEvent: {}
[477.547855] (-) TimerEvent: {}
[477.648202] (-) TimerEvent: {}
[477.748481] (-) TimerEvent: {}
[477.848743] (-) TimerEvent: {}
[477.949010] (-) TimerEvent: {}
[478.049295] (-) TimerEvent: {}
[478.149549] (-) TimerEvent: {}
[478.249861] (-) TimerEvent: {}
[478.350115] (-) TimerEvent: {}
[478.450455] (-) TimerEvent: {}
[478.550810] (-) TimerEvent: {}
[478.651088] (-) TimerEvent: {}
[478.751401] (-) TimerEvent: {}
[478.851666] (-) TimerEvent: {}
[478.951923] (-) TimerEvent: {}
[479.052179] (-) TimerEvent: {}
[479.152452] (-) TimerEvent: {}
[479.252706] (-) TimerEvent: {}
[479.352993] (-) TimerEvent: {}
[479.453270] (-) TimerEvent: {}
[479.553519] (-) TimerEvent: {}
[479.653827] (-) TimerEvent: {}
[479.754130] (-) TimerEvent: {}
[479.854456] (-) TimerEvent: {}
[479.954765] (-) TimerEvent: {}
[480.055102] (-) TimerEvent: {}
[480.155459] (-) TimerEvent: {}
[480.255702] (-) TimerEvent: {}
[480.356021] (-) TimerEvent: {}
[480.456363] (-) TimerEvent: {}
[480.556710] (-) TimerEvent: {}
[480.656953] (-) TimerEvent: {}
[480.757236] (-) TimerEvent: {}
[480.857480] (-) TimerEvent: {}
[480.957727] (-) TimerEvent: {}
[481.058039] (-) TimerEvent: {}
[481.158298] (-) TimerEvent: {}
[481.258643] (-) TimerEvent: {}
[481.359005] (-) TimerEvent: {}
[481.459415] (-) TimerEvent: {}
[481.559684] (-) TimerEvent: {}
[481.659936] (-) TimerEvent: {}
[481.760261] (-) TimerEvent: {}
[481.860621] (-) TimerEvent: {}
[481.960981] (-) TimerEvent: {}
[482.061319] (-) TimerEvent: {}
[482.161600] (-) TimerEvent: {}
[482.261944] (-) TimerEvent: {}
[482.362221] (-) TimerEvent: {}
[482.462580] (-) TimerEvent: {}
[482.562929] (-) TimerEvent: {}
[482.663201] (-) TimerEvent: {}
[482.763473] (-) TimerEvent: {}
[482.863815] (-) TimerEvent: {}
[482.964060] (-) TimerEvent: {}
[483.064406] (-) TimerEvent: {}
[483.164657] (-) TimerEvent: {}
[483.264978] (-) TimerEvent: {}
[483.365334] (-) TimerEvent: {}
[483.465615] (-) TimerEvent: {}
[483.565865] (-) TimerEvent: {}
[483.666204] (-) TimerEvent: {}
[483.766479] (-) TimerEvent: {}
[483.866791] (-) TimerEvent: {}
[483.967046] (-) TimerEvent: {}
[484.067395] (-) TimerEvent: {}
[484.167773] (-) TimerEvent: {}
[484.268053] (-) TimerEvent: {}
[484.368396] (-) TimerEvent: {}
[484.468750] (-) TimerEvent: {}
[484.569066] (-) TimerEvent: {}
[484.669389] (-) TimerEvent: {}
[484.769668] (-) TimerEvent: {}
[484.869930] (-) TimerEvent: {}
[484.970176] (-) TimerEvent: {}
[485.070495] (-) TimerEvent: {}
[485.170837] (-) TimerEvent: {}
[485.271084] (-) TimerEvent: {}
[485.371417] (-) TimerEvent: {}
[485.471782] (-) TimerEvent: {}
[485.572140] (-) TimerEvent: {}
[485.672498] (-) TimerEvent: {}
[485.772821] (-) TimerEvent: {}
[485.873065] (-) TimerEvent: {}
[485.973338] (-) TimerEvent: {}
[486.073568] (-) TimerEvent: {}
[486.173899] (-) TimerEvent: {}
[486.274142] (-) TimerEvent: {}
[486.374553] (-) TimerEvent: {}
[486.474886] (-) TimerEvent: {}
[486.575226] (-) TimerEvent: {}
[486.675596] (-) TimerEvent: {}
[486.775907] (-) TimerEvent: {}
[486.876167] (-) TimerEvent: {}
[486.976435] (-) TimerEvent: {}
[487.076684] (-) TimerEvent: {}
[487.176981] (-) TimerEvent: {}
[487.277300] (-) TimerEvent: {}
[487.377637] (-) TimerEvent: {}
[487.477899] (-) TimerEvent: {}
[487.578165] (-) TimerEvent: {}
[487.678495] (-) TimerEvent: {}
[487.778748] (-) TimerEvent: {}
[487.879016] (-) TimerEvent: {}
[487.979289] (-) TimerEvent: {}
[488.079693] (-) TimerEvent: {}
[488.180058] (-) TimerEvent: {}
[488.280339] (-) TimerEvent: {}
[488.380721] (-) TimerEvent: {}
[488.480992] (-) TimerEvent: {}
[488.581356] (-) TimerEvent: {}
[488.681591] (-) TimerEvent: {}
[488.781837] (-) TimerEvent: {}
[488.882119] (-) TimerEvent: {}
[488.982399] (-) TimerEvent: {}
[489.082620] (-) TimerEvent: {}
[489.182859] (-) TimerEvent: {}
[489.283199] (-) TimerEvent: {}
[489.383631] (-) TimerEvent: {}
[489.483875] (-) TimerEvent: {}
[489.584148] (-) TimerEvent: {}
[489.684416] (-) TimerEvent: {}
[489.784773] (-) TimerEvent: {}
[489.885059] (-) TimerEvent: {}
[489.985346] (-) TimerEvent: {}
[490.085721] (-) TimerEvent: {}
[490.186055] (-) TimerEvent: {}
[490.286317] (-) TimerEvent: {}
[490.386675] (-) TimerEvent: {}
[490.487032] (-) TimerEvent: {}
[490.587313] (-) TimerEvent: {}
[490.687588] (-) TimerEvent: {}
[490.787898] (-) TimerEvent: {}
[490.888181] (-) TimerEvent: {}
[490.988436] (-) TimerEvent: {}
[491.088672] (-) TimerEvent: {}
[491.188918] (-) TimerEvent: {}
[491.289195] (-) TimerEvent: {}
[491.389472] (-) TimerEvent: {}
[491.489708] (-) TimerEvent: {}
[491.589956] (-) TimerEvent: {}
[491.690219] (-) TimerEvent: {}
[491.790487] (-) TimerEvent: {}
[491.890741] (-) TimerEvent: {}
[491.991005] (-) TimerEvent: {}
[492.091295] (-) TimerEvent: {}
[492.191622] (-) TimerEvent: {}
[492.291877] (-) TimerEvent: {}
[492.392290] (-) TimerEvent: {}
[492.492571] (-) TimerEvent: {}
[492.592977] (-) TimerEvent: {}
[492.693247] (-) TimerEvent: {}
[492.793522] (-) TimerEvent: {}
[492.893776] (-) TimerEvent: {}
[492.994031] (-) TimerEvent: {}
[493.094379] (-) TimerEvent: {}
[493.194700] (-) TimerEvent: {}
[493.295047] (-) TimerEvent: {}
[493.395371] (-) TimerEvent: {}
[493.495695] (-) TimerEvent: {}
[493.596117] (-) TimerEvent: {}
[493.696376] (-) TimerEvent: {}
[493.796742] (-) TimerEvent: {}
[493.897053] (-) TimerEvent: {}
[493.997332] (-) TimerEvent: {}
[494.097609] (-) TimerEvent: {}
[494.197941] (-) TimerEvent: {}
[494.298297] (-) TimerEvent: {}
[494.398554] (-) TimerEvent: {}
[494.498826] (-) TimerEvent: {}
[494.599158] (-) TimerEvent: {}
[494.699544] (-) TimerEvent: {}
[494.799970] (-) TimerEvent: {}
[494.900242] (-) TimerEvent: {}
[495.000473] (-) TimerEvent: {}
[495.100753] (-) TimerEvent: {}
[495.201078] (-) TimerEvent: {}
[495.301321] (-) TimerEvent: {}
[495.401585] (-) TimerEvent: {}
[495.501930] (-) TimerEvent: {}
[495.602197] (-) TimerEvent: {}
[495.702545] (-) TimerEvent: {}
[495.802783] (-) TimerEvent: {}
[495.903113] (-) TimerEvent: {}
[496.003433] (-) TimerEvent: {}
[496.103743] (-) TimerEvent: {}
[496.204015] (-) TimerEvent: {}
[496.304348] (-) TimerEvent: {}
[496.404585] (-) TimerEvent: {}
[496.504811] (-) TimerEvent: {}
[496.605198] (-) TimerEvent: {}
[496.705461] (-) TimerEvent: {}
[496.805700] (-) TimerEvent: {}
[496.906028] (-) TimerEvent: {}
[497.006268] (-) TimerEvent: {}
[497.106611] (-) TimerEvent: {}
[497.206940] (-) TimerEvent: {}
[497.307286] (-) TimerEvent: {}
[497.407687] (-) TimerEvent: {}
[497.508017] (-) TimerEvent: {}
[497.608346] (-) TimerEvent: {}
[497.708656] (-) TimerEvent: {}
[497.809067] (-) TimerEvent: {}
[497.909393] (-) TimerEvent: {}
[498.009665] (-) TimerEvent: {}
[498.109998] (-) TimerEvent: {}
[498.210239] (-) TimerEvent: {}
[498.310501] (-) TimerEvent: {}
[498.410760] (-) TimerEvent: {}
[498.511012] (-) TimerEvent: {}
[498.611287] (-) TimerEvent: {}
[498.711668] (-) TimerEvent: {}
[498.811921] (-) TimerEvent: {}
[498.912188] (-) TimerEvent: {}
[499.012470] (-) TimerEvent: {}
[499.112722] (-) TimerEvent: {}
[499.212989] (-) TimerEvent: {}
[499.313265] (-) TimerEvent: {}
[499.413557] (-) TimerEvent: {}
[499.513795] (-) TimerEvent: {}
[499.614160] (-) TimerEvent: {}
[499.714502] (-) TimerEvent: {}
[499.814762] (-) TimerEvent: {}
[499.915043] (-) TimerEvent: {}
[500.015312] (-) TimerEvent: {}
[500.115651] (-) TimerEvent: {}
[500.215891] (-) TimerEvent: {}
[500.316220] (-) TimerEvent: {}
[500.416541] (-) TimerEvent: {}
[500.516870] (-) TimerEvent: {}
[500.617153] (-) TimerEvent: {}
[500.717474] (-) TimerEvent: {}
[500.817812] (-) TimerEvent: {}
[500.918143] (-) TimerEvent: {}
[501.018471] (-) TimerEvent: {}
[501.118748] (-) TimerEvent: {}
[501.219097] (-) TimerEvent: {}
[501.319352] (-) TimerEvent: {}
[501.419618] (-) TimerEvent: {}
[501.519854] (-) TimerEvent: {}
[501.620208] (-) TimerEvent: {}
[501.720483] (-) TimerEvent: {}
[501.820846] (-) TimerEvent: {}
[501.921121] (-) TimerEvent: {}
[502.021395] (-) TimerEvent: {}
[502.121602] (-) TimerEvent: {}
[502.221921] (-) TimerEvent: {}
[502.322252] (-) TimerEvent: {}
[502.422498] (-) TimerEvent: {}
[502.522737] (-) TimerEvent: {}
[502.623009] (-) TimerEvent: {}
[502.723287] (-) TimerEvent: {}
[502.823564] (-) TimerEvent: {}
[502.923792] (-) TimerEvent: {}
[503.024057] (-) TimerEvent: {}
[503.124317] (-) TimerEvent: {}
[503.224599] (-) TimerEvent: {}
[503.324841] (-) TimerEvent: {}
[503.425109] (-) TimerEvent: {}
[503.525346] (-) TimerEvent: {}
[503.625621] (-) TimerEvent: {}
[503.725946] (-) TimerEvent: {}
[503.826224] (-) TimerEvent: {}
[503.926479] (-) TimerEvent: {}
[504.026730] (-) TimerEvent: {}
[504.127005] (-) TimerEvent: {}
[504.227265] (-) TimerEvent: {}
[504.327530] (-) TimerEvent: {}
[504.427782] (-) TimerEvent: {}
[504.528089] (-) TimerEvent: {}
[504.628431] (-) TimerEvent: {}
[504.728762] (-) TimerEvent: {}
[504.829037] (-) TimerEvent: {}
[504.929291] (-) TimerEvent: {}
[505.029609] (-) TimerEvent: {}
[505.129854] (-) TimerEvent: {}
[505.230119] (-) TimerEvent: {}
[505.330368] (-) TimerEvent: {}
[505.430602] (-) TimerEvent: {}
[505.530839] (-) TimerEvent: {}
[505.631138] (-) TimerEvent: {}
[505.731421] (-) TimerEvent: {}
[505.831764] (-) TimerEvent: {}
[505.932126] (-) TimerEvent: {}
[506.032467] (-) TimerEvent: {}
[506.132723] (-) TimerEvent: {}
[506.233040] (-) TimerEvent: {}
[506.333459] (-) TimerEvent: {}
[506.433727] (-) TimerEvent: {}
[506.534019] (-) TimerEvent: {}
[506.634357] (-) TimerEvent: {}
[506.734763] (-) TimerEvent: {}
[506.835109] (-) TimerEvent: {}
[506.935401] (-) TimerEvent: {}
[507.035744] (-) TimerEvent: {}
[507.136096] (-) TimerEvent: {}
[507.236379] (-) TimerEvent: {}
[507.336747] (-) TimerEvent: {}
[507.437097] (-) TimerEvent: {}
[507.537454] (-) TimerEvent: {}
[507.637727] (-) TimerEvent: {}
[507.737995] (-) TimerEvent: {}
[507.838261] (-) TimerEvent: {}
[507.938599] (-) TimerEvent: {}
[508.038850] (-) TimerEvent: {}
[508.139156] (-) TimerEvent: {}
[508.239484] (-) TimerEvent: {}
[508.339824] (-) TimerEvent: {}
[508.440150] (-) TimerEvent: {}
[508.540418] (-) TimerEvent: {}
[508.640680] (-) TimerEvent: {}
[508.741027] (-) TimerEvent: {}
[508.841280] (-) TimerEvent: {}
[508.941549] (-) TimerEvent: {}
[509.041774] (-) TimerEvent: {}
[509.142092] (-) TimerEvent: {}
[509.242484] (-) TimerEvent: {}
[509.342900] (-) TimerEvent: {}
[509.443161] (-) TimerEvent: {}
[509.543497] (-) TimerEvent: {}
[509.643763] (-) TimerEvent: {}
[509.744044] (-) TimerEvent: {}
[509.844305] (-) TimerEvent: {}
[509.944584] (-) TimerEvent: {}
[510.044824] (-) TimerEvent: {}
[510.145097] (-) TimerEvent: {}
[510.245415] (-) TimerEvent: {}
[510.345678] (-) TimerEvent: {}
[510.446042] (-) TimerEvent: {}
[510.546329] (-) TimerEvent: {}
[510.646619] (-) TimerEvent: {}
[510.746950] (-) TimerEvent: {}
[510.847207] (-) TimerEvent: {}
[510.947537] (-) TimerEvent: {}
[511.047880] (-) TimerEvent: {}
[511.148191] (-) TimerEvent: {}
[511.248493] (-) TimerEvent: {}
[511.348777] (-) TimerEvent: {}
[511.449024] (-) TimerEvent: {}
[511.549271] (-) TimerEvent: {}
[511.649542] (-) TimerEvent: {}
[511.749774] (-) TimerEvent: {}
[511.850013] (-) TimerEvent: {}
[511.950288] (-) TimerEvent: {}
[512.050665] (-) TimerEvent: {}
[512.150913] (-) TimerEvent: {}
[512.251251] (-) TimerEvent: {}
[512.351557] (-) TimerEvent: {}
[512.451898] (-) TimerEvent: {}
[512.552237] (-) TimerEvent: {}
[512.652501] (-) TimerEvent: {}
[512.752821] (-) TimerEvent: {}
[512.853095] (-) TimerEvent: {}
[512.953351] (-) TimerEvent: {}
[513.053607] (-) TimerEvent: {}
[513.153930] (-) TimerEvent: {}
[513.254289] (-) TimerEvent: {}
[513.354653] (-) TimerEvent: {}
[513.454906] (-) TimerEvent: {}
[513.555318] (-) TimerEvent: {}
[513.655618] (-) TimerEvent: {}
[513.756011] (-) TimerEvent: {}
[513.856356] (-) TimerEvent: {}
[513.956763] (-) TimerEvent: {}
[514.057020] (-) TimerEvent: {}
[514.157254] (-) TimerEvent: {}
[514.257521] (-) TimerEvent: {}
[514.357850] (-) TimerEvent: {}
[514.458195] (-) TimerEvent: {}
[514.558449] (-) TimerEvent: {}
[514.658683] (-) TimerEvent: {}
[514.759114] (-) TimerEvent: {}
[514.859395] (-) TimerEvent: {}
[514.959648] (-) TimerEvent: {}
[515.059898] (-) TimerEvent: {}
[515.160163] (-) TimerEvent: {}
[515.260536] (-) TimerEvent: {}
[515.360880] (-) TimerEvent: {}
[515.461232] (-) TimerEvent: {}
[515.561479] (-) TimerEvent: {}
[515.661726] (-) TimerEvent: {}
[515.762086] (-) TimerEvent: {}
[515.862358] (-) TimerEvent: {}
[515.962618] (-) TimerEvent: {}
[516.062942] (-) TimerEvent: {}
[516.163248] (-) TimerEvent: {}
[516.263588] (-) TimerEvent: {}
[516.363918] (-) TimerEvent: {}
[516.464252] (-) TimerEvent: {}
[516.564503] (-) TimerEvent: {}
[516.664741] (-) TimerEvent: {}
[516.765008] (-) TimerEvent: {}
[516.865270] (-) TimerEvent: {}
[516.965542] (-) TimerEvent: {}
[517.065774] (-) TimerEvent: {}
[517.166038] (-) TimerEvent: {}
[517.266301] (-) TimerEvent: {}
[517.366673] (-) TimerEvent: {}
[517.467020] (-) TimerEvent: {}
[517.567266] (-) TimerEvent: {}
[517.667526] (-) TimerEvent: {}
[517.767775] (-) TimerEvent: {}
[517.868047] (-) TimerEvent: {}
[517.968382] (-) TimerEvent: {}
[518.068632] (-) TimerEvent: {}
[518.168994] (-) TimerEvent: {}
[518.269239] (-) TimerEvent: {}
[518.369518] (-) TimerEvent: {}
[518.469809] (-) TimerEvent: {}
[518.570206] (-) TimerEvent: {}
[518.670619] (-) TimerEvent: {}
[518.770869] (-) TimerEvent: {}
[518.871155] (-) TimerEvent: {}
[518.971435] (-) TimerEvent: {}
[519.071666] (-) TimerEvent: {}
[519.171913] (-) TimerEvent: {}
[519.272194] (-) TimerEvent: {}
[519.372477] (-) TimerEvent: {}
[519.472821] (-) TimerEvent: {}
[519.573195] (-) TimerEvent: {}
[519.673473] (-) TimerEvent: {}
[519.773723] (-) TimerEvent: {}
[519.873968] (-) TimerEvent: {}
[519.974235] (-) TimerEvent: {}
[520.074522] (-) TimerEvent: {}
[520.174828] (-) TimerEvent: {}
[520.275094] (-) TimerEvent: {}
[520.375365] (-) TimerEvent: {}
[520.475620] (-) TimerEvent: {}
[520.575856] (-) TimerEvent: {}
[520.676133] (-) TimerEvent: {}
[520.776390] (-) TimerEvent: {}
[520.876584] (-) TimerEvent: {}
[520.976813] (-) TimerEvent: {}
[521.077073] (-) TimerEvent: {}
[521.177338] (-) TimerEvent: {}
[521.277609] (-) TimerEvent: {}
[521.377856] (-) TimerEvent: {}
[521.478144] (-) TimerEvent: {}
[521.578405] (-) TimerEvent: {}
[521.678642] (-) TimerEvent: {}
[521.778883] (-) TimerEvent: {}
[521.879156] (-) TimerEvent: {}
[521.979485] (-) TimerEvent: {}
[522.079737] (-) TimerEvent: {}
[522.180011] (-) TimerEvent: {}
[522.280283] (-) TimerEvent: {}
[522.380560] (-) TimerEvent: {}
[522.480790] (-) TimerEvent: {}
[522.581062] (-) TimerEvent: {}
[522.681341] (-) TimerEvent: {}
[522.781700] (-) TimerEvent: {}
[522.881996] (-) TimerEvent: {}
[522.982307] (-) TimerEvent: {}
[523.082580] (-) TimerEvent: {}
[523.182826] (-) TimerEvent: {}
[523.283111] (-) TimerEvent: {}
[523.383386] (-) TimerEvent: {}
[523.483748] (-) TimerEvent: {}
[523.584023] (-) TimerEvent: {}
[523.684291] (-) TimerEvent: {}
[523.784648] (-) TimerEvent: {}
[523.884891] (-) TimerEvent: {}
[523.985249] (-) TimerEvent: {}
[524.085524] (-) TimerEvent: {}
[524.185831] (-) TimerEvent: {}
[524.286108] (-) TimerEvent: {}
[524.386471] (-) TimerEvent: {}
[524.486722] (-) TimerEvent: {}
[524.587060] (-) TimerEvent: {}
[524.687355] (-) TimerEvent: {}
[524.787767] (-) TimerEvent: {}
[524.888113] (-) TimerEvent: {}
[524.988408] (-) TimerEvent: {}
[525.088830] (-) TimerEvent: {}
[525.189116] (-) TimerEvent: {}
[525.289356] (-) TimerEvent: {}
[525.389697] (-) TimerEvent: {}
[525.489948] (-) TimerEvent: {}
[525.590221] (-) TimerEvent: {}
[525.690484] (-) TimerEvent: {}
[525.790733] (-) TimerEvent: {}
[525.891007] (-) TimerEvent: {}
[525.991284] (-) TimerEvent: {}
[526.091598] (-) TimerEvent: {}
[526.191833] (-) TimerEvent: {}
[526.292065] (-) TimerEvent: {}
[526.392338] (-) TimerEvent: {}
[526.492702] (-) TimerEvent: {}
[526.592993] (-) TimerEvent: {}
[526.693274] (-) TimerEvent: {}
[526.793645] (-) TimerEvent: {}
[526.893909] (-) TimerEvent: {}
[526.994195] (-) TimerEvent: {}
[527.094553] (-) TimerEvent: {}
[527.194807] (-) TimerEvent: {}
[527.295091] (-) TimerEvent: {}
[527.395372] (-) TimerEvent: {}
[527.495619] (-) TimerEvent: {}
[527.595883] (-) TimerEvent: {}
[527.696172] (-) TimerEvent: {}
[527.796453] (-) TimerEvent: {}
[527.896697] (-) TimerEvent: {}
[527.996961] (-) TimerEvent: {}
[528.097249] (-) TimerEvent: {}
[528.197622] (-) TimerEvent: {}
[528.297873] (-) TimerEvent: {}
[528.398151] (-) TimerEvent: {}
[528.498434] (-) TimerEvent: {}
[528.598693] (-) TimerEvent: {}
[528.698935] (-) TimerEvent: {}
[528.799200] (-) TimerEvent: {}
[528.899478] (-) TimerEvent: {}
[528.999741] (-) TimerEvent: {}
[529.100010] (-) TimerEvent: {}
[529.200289] (-) TimerEvent: {}
[529.300567] (-) TimerEvent: {}
[529.400823] (-) TimerEvent: {}
[529.501110] (-) TimerEvent: {}
[529.601390] (-) TimerEvent: {}
[529.701638] (-) TimerEvent: {}
[529.801883] (-) TimerEvent: {}
[529.902165] (-) TimerEvent: {}
[530.002447] (-) TimerEvent: {}
[530.102693] (-) TimerEvent: {}
[530.202942] (-) TimerEvent: {}
[530.303250] (-) TimerEvent: {}
[530.403506] (-) TimerEvent: {}
[530.503849] (-) TimerEvent: {}
[530.604125] (-) TimerEvent: {}
[530.704398] (-) TimerEvent: {}
[530.804815] (-) TimerEvent: {}
[530.905057] (-) TimerEvent: {}
[531.005416] (-) TimerEvent: {}
[531.105744] (-) TimerEvent: {}
[531.206010] (-) TimerEvent: {}
[531.306268] (-) TimerEvent: {}
[531.406624] (-) TimerEvent: {}
[531.506976] (-) TimerEvent: {}
[531.607396] (-) TimerEvent: {}
[531.707786] (-) TimerEvent: {}
[531.808138] (-) TimerEvent: {}
[531.908414] (-) TimerEvent: {}
[532.008758] (-) TimerEvent: {}
[532.109146] (-) TimerEvent: {}
[532.209418] (-) TimerEvent: {}
[532.309825] (-) TimerEvent: {}
[532.410163] (-) TimerEvent: {}
[532.510569] (-) TimerEvent: {}
[532.610913] (-) TimerEvent: {}
[532.711259] (-) TimerEvent: {}
[532.811543] (-) TimerEvent: {}
[532.911793] (-) TimerEvent: {}
[533.012125] (-) TimerEvent: {}
[533.112464] (-) TimerEvent: {}
[533.212791] (-) TimerEvent: {}
[533.313066] (-) TimerEvent: {}
[533.413344] (-) TimerEvent: {}
[533.513627] (-) TimerEvent: {}
[533.613869] (-) TimerEvent: {}
[533.714203] (-) TimerEvent: {}
[533.814569] (-) TimerEvent: {}
[533.914813] (-) TimerEvent: {}
[534.015084] (-) TimerEvent: {}
[534.115418] (-) TimerEvent: {}
[534.215786] (-) TimerEvent: {}
[534.316074] (-) TimerEvent: {}
[534.416481] (-) TimerEvent: {}
[534.516829] (-) TimerEvent: {}
[534.617147] (-) TimerEvent: {}
[534.717423] (-) TimerEvent: {}
[534.817664] (-) TimerEvent: {}
[534.917909] (-) TimerEvent: {}
[535.018185] (-) TimerEvent: {}
[535.118463] (-) TimerEvent: {}
[535.218725] (-) TimerEvent: {}
[535.319012] (-) TimerEvent: {}
[535.419292] (-) TimerEvent: {}
[535.519579] (-) TimerEvent: {}
[535.619818] (-) TimerEvent: {}
[535.720088] (-) TimerEvent: {}
[535.820365] (-) TimerEvent: {}
[535.920743] (-) TimerEvent: {}
[536.021012] (-) TimerEvent: {}
[536.121286] (-) TimerEvent: {}
[536.221557] (-) TimerEvent: {}
[536.321806] (-) TimerEvent: {}
[536.422085] (-) TimerEvent: {}
[536.522371] (-) TimerEvent: {}
[536.622697] (-) TimerEvent: {}
[536.722969] (-) TimerEvent: {}
[536.823242] (-) TimerEvent: {}
[536.923508] (-) TimerEvent: {}
[537.023760] (-) TimerEvent: {}
[537.124123] (-) TimerEvent: {}
[537.224456] (-) TimerEvent: {}
[537.324698] (-) TimerEvent: {}
[537.424927] (-) TimerEvent: {}
[537.525188] (-) TimerEvent: {}
[537.625417] (-) TimerEvent: {}
[537.725659] (-) TimerEvent: {}
[537.826044] (-) TimerEvent: {}
[537.926319] (-) TimerEvent: {}
[538.026631] (-) TimerEvent: {}
[538.126905] (-) TimerEvent: {}
[538.227232] (-) TimerEvent: {}
[538.327507] (-) TimerEvent: {}
[538.427747] (-) TimerEvent: {}
[538.527980] (-) TimerEvent: {}
[538.628259] (-) TimerEvent: {}
[538.728511] (-) TimerEvent: {}
[538.828755] (-) TimerEvent: {}
[538.929022] (-) TimerEvent: {}
[539.029284] (-) TimerEvent: {}
[539.129557] (-) TimerEvent: {}
[539.229886] (-) TimerEvent: {}
[539.330163] (-) TimerEvent: {}
[539.430529] (-) TimerEvent: {}
[539.530784] (-) TimerEvent: {}
[539.631061] (-) TimerEvent: {}
[539.731339] (-) TimerEvent: {}
[539.831721] (-) TimerEvent: {}
[539.931999] (-) TimerEvent: {}
[540.032334] (-) TimerEvent: {}
[540.132617] (-) TimerEvent: {}
[540.232939] (-) TimerEvent: {}
[540.333216] (-) TimerEvent: {}
[540.433596] (-) TimerEvent: {}
[540.533938] (-) TimerEvent: {}
[540.634258] (-) TimerEvent: {}
[540.734583] (-) TimerEvent: {}
[540.834829] (-) TimerEvent: {}
[540.935082] (-) TimerEvent: {}
[541.035353] (-) TimerEvent: {}
[541.135618] (-) TimerEvent: {}
[541.235844] (-) TimerEvent: {}
[541.336091] (-) TimerEvent: {}
[541.436338] (-) TimerEvent: {}
[541.536696] (-) TimerEvent: {}
[541.636978] (-) TimerEvent: {}
[541.737305] (-) TimerEvent: {}
[541.837630] (-) TimerEvent: {}
[541.937881] (-) TimerEvent: {}
[542.038149] (-) TimerEvent: {}
[542.138431] (-) TimerEvent: {}
[542.238682] (-) TimerEvent: {}
[542.338928] (-) TimerEvent: {}
[542.439211] (-) TimerEvent: {}
[542.539580] (-) TimerEvent: {}
[542.639823] (-) TimerEvent: {}
[542.740056] (-) TimerEvent: {}
[542.840310] (-) TimerEvent: {}
[542.940492] (-) TimerEvent: {}
[543.040743] (-) TimerEvent: {}
[543.141021] (-) TimerEvent: {}
[543.241288] (-) TimerEvent: {}
[543.341522] (-) TimerEvent: {}
[543.441779] (-) TimerEvent: {}
[543.542017] (-) TimerEvent: {}
[543.642300] (-) TimerEvent: {}
[543.742555] (-) TimerEvent: {}
[543.842787] (-) TimerEvent: {}
[543.943105] (-) TimerEvent: {}
[544.043364] (-) TimerEvent: {}
[544.143626] (-) TimerEvent: {}
[544.243873] (-) TimerEvent: {}
[544.344132] (-) TimerEvent: {}
[544.444371] (-) TimerEvent: {}
[544.544739] (-) TimerEvent: {}
[544.645027] (-) TimerEvent: {}
[544.745300] (-) TimerEvent: {}
[544.845595] (-) TimerEvent: {}
[544.945936] (-) TimerEvent: {}
[545.046213] (-) TimerEvent: {}
[545.146487] (-) TimerEvent: {}
[545.246737] (-) TimerEvent: {}
[545.346972] (-) TimerEvent: {}
[545.447252] (-) TimerEvent: {}
[545.547542] (-) TimerEvent: {}
[545.647786] (-) TimerEvent: {}
[545.748048] (-) TimerEvent: {}
[545.848313] (-) TimerEvent: {}
[545.948589] (-) TimerEvent: {}
[546.048917] (-) TimerEvent: {}
[546.149267] (-) TimerEvent: {}
[546.249547] (-) TimerEvent: {}
[546.349945] (-) TimerEvent: {}
[546.450362] (-) TimerEvent: {}
[546.550608] (-) TimerEvent: {}
[546.650924] (-) TimerEvent: {}
[546.751206] (-) TimerEvent: {}
[546.851461] (-) TimerEvent: {}
[546.951784] (-) TimerEvent: {}
[547.052059] (-) TimerEvent: {}
[547.152389] (-) TimerEvent: {}
[547.252703] (-) TimerEvent: {}
[547.352956] (-) TimerEvent: {}
[547.453218] (-) TimerEvent: {}
[547.553498] (-) TimerEvent: {}
[547.653852] (-) TimerEvent: {}
[547.754110] (-) TimerEvent: {}
[547.854346] (-) TimerEvent: {}
[547.954724] (-) TimerEvent: {}
[548.055076] (-) TimerEvent: {}
[548.155464] (-) TimerEvent: {}
[548.255731] (-) TimerEvent: {}
[548.356073] (-) TimerEvent: {}
[548.456420] (-) TimerEvent: {}
[548.556684] (-) TimerEvent: {}
[548.657064] (-) TimerEvent: {}
[548.757315] (-) TimerEvent: {}
[548.857680] (-) TimerEvent: {}
[548.957946] (-) TimerEvent: {}
[549.058274] (-) TimerEvent: {}
[549.158637] (-) TimerEvent: {}
[549.259003] (-) TimerEvent: {}
[549.359256] (-) TimerEvent: {}
[549.459539] (-) TimerEvent: {}
[549.559946] (-) TimerEvent: {}
[549.660248] (-) TimerEvent: {}
[549.760642] (-) TimerEvent: {}
[549.860983] (-) TimerEvent: {}
[549.961267] (-) TimerEvent: {}
[550.061694] (-) TimerEvent: {}
[550.162105] (-) TimerEvent: {}
[550.262554] (-) TimerEvent: {}
[550.362889] (-) TimerEvent: {}
[550.463154] (-) TimerEvent: {}
[550.563523] (-) TimerEvent: {}
[550.663876] (-) TimerEvent: {}
[550.764132] (-) TimerEvent: {}
[550.864379] (-) TimerEvent: {}
[550.964662] (-) TimerEvent: {}
[551.064992] (-) TimerEvent: {}
[551.165284] (-) TimerEvent: {}
[551.265668] (-) TimerEvent: {}
[551.365956] (-) TimerEvent: {}
[551.466293] (-) TimerEvent: {}
[551.566545] (-) TimerEvent: {}
[551.666874] (-) TimerEvent: {}
[551.767270] (-) TimerEvent: {}
[551.867625] (-) TimerEvent: {}
[551.967994] (-) TimerEvent: {}
[552.068268] (-) TimerEvent: {}
[552.168519] (-) TimerEvent: {}
[552.268912] (-) TimerEvent: {}
[552.369150] (-) TimerEvent: {}
[552.469460] (-) TimerEvent: {}
[552.569794] (-) TimerEvent: {}
[552.670154] (-) TimerEvent: {}
[552.770481] (-) TimerEvent: {}
[552.870726] (-) TimerEvent: {}
[552.971084] (-) TimerEvent: {}
[553.071428] (-) TimerEvent: {}
[553.171783] (-) TimerEvent: {}
[553.272020] (-) TimerEvent: {}
[553.372288] (-) TimerEvent: {}
[553.472526] (-) TimerEvent: {}
[553.572764] (-) TimerEvent: {}
[553.673005] (-) TimerEvent: {}
[553.773316] (-) TimerEvent: {}
[553.873718] (-) TimerEvent: {}
[553.973960] (-) TimerEvent: {}
[554.074296] (-) TimerEvent: {}
[554.174566] (-) TimerEvent: {}
[554.274895] (-) TimerEvent: {}
[554.375235] (-) TimerEvent: {}
[554.475578] (-) TimerEvent: {}
[554.575907] (-) TimerEvent: {}
[554.676183] (-) TimerEvent: {}
[554.776440] (-) TimerEvent: {}
[554.876699] (-) TimerEvent: {}
[554.976978] (-) TimerEvent: {}
[555.077258] (-) TimerEvent: {}
[555.177522] (-) TimerEvent: {}
[555.277807] (-) TimerEvent: {}
[555.378090] (-) TimerEvent: {}
[555.478381] (-) TimerEvent: {}
[555.578682] (-) TimerEvent: {}
[555.679023] (-) TimerEvent: {}
[555.779289] (-) TimerEvent: {}
[555.879650] (-) TimerEvent: {}
[555.980062] (-) TimerEvent: {}
[556.080346] (-) TimerEvent: {}
[556.180614] (-) TimerEvent: {}
[556.280940] (-) TimerEvent: {}
[556.381342] (-) TimerEvent: {}
[556.481620] (-) TimerEvent: {}
[556.581875] (-) TimerEvent: {}
[556.682239] (-) TimerEvent: {}
[556.782517] (-) TimerEvent: {}
[556.882764] (-) TimerEvent: {}
[556.983040] (-) TimerEvent: {}
[557.083476] (-) TimerEvent: {}
[557.183731] (-) TimerEvent: {}
[557.284078] (-) TimerEvent: {}
[557.384365] (-) TimerEvent: {}
[557.484598] (-) TimerEvent: {}
[557.585005] (-) TimerEvent: {}
[557.685352] (-) TimerEvent: {}
[557.785709] (-) TimerEvent: {}
[557.886035] (-) TimerEvent: {}
[557.986310] (-) TimerEvent: {}
[558.086578] (-) TimerEvent: {}
[558.186813] (-) TimerEvent: {}
[558.287124] (-) TimerEvent: {}
[558.387455] (-) TimerEvent: {}
[558.487710] (-) TimerEvent: {}
[558.588039] (-) TimerEvent: {}
[558.688283] (-) TimerEvent: {}
[558.788547] (-) TimerEvent: {}
[558.888921] (-) TimerEvent: {}
[558.989312] (-) TimerEvent: {}
[559.089599] (-) TimerEvent: {}
[559.189832] (-) TimerEvent: {}
[559.290234] (-) TimerEvent: {}
[559.390476] (-) TimerEvent: {}
[559.490759] (-) TimerEvent: {}
[559.591124] (-) TimerEvent: {}
[559.691400] (-) TimerEvent: {}
[559.791667] (-) TimerEvent: {}
[559.891913] (-) TimerEvent: {}
[559.992193] (-) TimerEvent: {}
[560.092466] (-) TimerEvent: {}
[560.192706] (-) TimerEvent: {}
[560.293048] (-) TimerEvent: {}
[560.393384] (-) TimerEvent: {}
[560.493620] (-) TimerEvent: {}
[560.593870] (-) TimerEvent: {}
[560.694260] (-) TimerEvent: {}
[560.794634] (-) TimerEvent: {}
[560.894871] (-) TimerEvent: {}
[560.995125] (-) TimerEvent: {}
[561.095410] (-) TimerEvent: {}
[561.195787] (-) TimerEvent: {}
[561.296065] (-) TimerEvent: {}
[561.396460] (-) TimerEvent: {}
[561.496716] (-) TimerEvent: {}
[561.597075] (-) TimerEvent: {}
[561.697340] (-) TimerEvent: {}
[561.797709] (-) TimerEvent: {}
[561.897972] (-) TimerEvent: {}
[561.998365] (-) TimerEvent: {}
[562.098692] (-) TimerEvent: {}
[562.198984] (-) TimerEvent: {}
[562.299327] (-) TimerEvent: {}
[562.399734] (-) TimerEvent: {}
[562.500103] (-) TimerEvent: {}
[562.600388] (-) TimerEvent: {}
[562.700620] (-) TimerEvent: {}
[562.800860] (-) TimerEvent: {}
[562.901126] (-) TimerEvent: {}
[563.001403] (-) TimerEvent: {}
[563.101669] (-) TimerEvent: {}
[563.201936] (-) TimerEvent: {}
[563.302275] (-) TimerEvent: {}
[563.402666] (-) TimerEvent: {}
[563.503021] (-) TimerEvent: {}
[563.603305] (-) TimerEvent: {}
[563.703641] (-) TimerEvent: {}
[563.803995] (-) TimerEvent: {}
[563.904258] (-) TimerEvent: {}
[564.004591] (-) TimerEvent: {}
[564.104993] (-) TimerEvent: {}
[564.205262] (-) TimerEvent: {}
[564.305580] (-) TimerEvent: {}
[564.405834] (-) TimerEvent: {}
[564.506116] (-) TimerEvent: {}
[564.606436] (-) TimerEvent: {}
[564.706779] (-) TimerEvent: {}
[564.807112] (-) TimerEvent: {}
[564.907393] (-) TimerEvent: {}
[565.007694] (-) TimerEvent: {}
[565.107960] (-) TimerEvent: {}
[565.208279] (-) TimerEvent: {}
[565.308598] (-) TimerEvent: {}
[565.408970] (-) TimerEvent: {}
[565.509299] (-) TimerEvent: {}
[565.609588] (-) TimerEvent: {}
[565.709982] (-) TimerEvent: {}
[565.810313] (-) TimerEvent: {}
[565.910675] (-) TimerEvent: {}
[566.011007] (-) TimerEvent: {}
[566.111354] (-) TimerEvent: {}
[566.211697] (-) TimerEvent: {}
[566.312033] (-) TimerEvent: {}
[566.412320] (-) TimerEvent: {}
[566.512613] (-) TimerEvent: {}
[566.612860] (-) TimerEvent: {}
[566.713188] (-) TimerEvent: {}
[566.813516] (-) TimerEvent: {}
[566.913850] (-) TimerEvent: {}
[567.014233] (-) TimerEvent: {}
[567.114607] (-) TimerEvent: {}
[567.214987] (-) TimerEvent: {}
[567.315321] (-) TimerEvent: {}
[567.415681] (-) TimerEvent: {}
[567.516039] (-) TimerEvent: {}
[567.616395] (-) TimerEvent: {}
[567.716794] (-) TimerEvent: {}
[567.817118] (-) TimerEvent: {}
[567.917391] (-) TimerEvent: {}
[568.017743] (-) TimerEvent: {}
[568.118140] (-) TimerEvent: {}
[568.218480] (-) TimerEvent: {}
[568.318740] (-) TimerEvent: {}
[568.419157] (-) TimerEvent: {}
[568.519559] (-) TimerEvent: {}
[568.619802] (-) TimerEvent: {}
[568.720041] (-) TimerEvent: {}
[568.820297] (-) TimerEvent: {}
[568.920610] (-) TimerEvent: {}
[569.020850] (-) TimerEvent: {}
[569.121195] (-) TimerEvent: {}
[569.221542] (-) TimerEvent: {}
[569.321786] (-) TimerEvent: {}
[569.422018] (-) TimerEvent: {}
[569.522303] (-) TimerEvent: {}
[569.622552] (-) TimerEvent: {}
[569.722890] (-) TimerEvent: {}
[569.823171] (-) TimerEvent: {}
[569.923423] (-) TimerEvent: {}
[570.023680] (-) TimerEvent: {}
[570.124018] (-) TimerEvent: {}
[570.224374] (-) TimerEvent: {}
[570.324629] (-) TimerEvent: {}
[570.424944] (-) TimerEvent: {}
[570.525219] (-) TimerEvent: {}
[570.625498] (-) TimerEvent: {}
[570.725744] (-) TimerEvent: {}
[570.826047] (-) TimerEvent: {}
[570.926286] (-) TimerEvent: {}
[571.026608] (-) TimerEvent: {}
[571.126961] (-) TimerEvent: {}
[571.227300] (-) TimerEvent: {}
[571.327559] (-) TimerEvent: {}
[571.427870] (-) TimerEvent: {}
[571.528175] (-) TimerEvent: {}
[571.628439] (-) TimerEvent: {}
[571.728755] (-) TimerEvent: {}
[571.829043] (-) TimerEvent: {}
[571.929323] (-) TimerEvent: {}
[572.029645] (-) TimerEvent: {}
[572.129972] (-) TimerEvent: {}
[572.230258] (-) TimerEvent: {}
[572.330535] (-) TimerEvent: {}
[572.430887] (-) TimerEvent: {}
[572.531163] (-) TimerEvent: {}
[572.631490] (-) TimerEvent: {}
[572.731734] (-) TimerEvent: {}
[572.832133] (-) TimerEvent: {}
[572.932405] (-) TimerEvent: {}
[573.032741] (-) TimerEvent: {}
[573.133019] (-) TimerEvent: {}
[573.233328] (-) TimerEvent: {}
[573.333590] (-) TimerEvent: {}
[573.433890] (-) TimerEvent: {}
[573.534261] (-) TimerEvent: {}
[573.634638] (-) TimerEvent: {}
[573.734891] (-) TimerEvent: {}
[573.835173] (-) TimerEvent: {}
[573.935452] (-) TimerEvent: {}
[574.035782] (-) TimerEvent: {}
[574.136155] (-) TimerEvent: {}
[574.236426] (-) TimerEvent: {}
[574.336800] (-) TimerEvent: {}
[574.437206] (-) TimerEvent: {}
[574.537496] (-) TimerEvent: {}
[574.637751] (-) TimerEvent: {}
[574.738022] (-) TimerEvent: {}
[574.838291] (-) TimerEvent: {}
[574.938544] (-) TimerEvent: {}
[575.038864] (-) TimerEvent: {}
[575.139113] (-) TimerEvent: {}
[575.239417] (-) TimerEvent: {}
[575.339702] (-) TimerEvent: {}
[575.439945] (-) TimerEvent: {}
[575.540204] (-) TimerEvent: {}
[575.640544] (-) TimerEvent: {}
[575.740786] (-) TimerEvent: {}
[575.841061] (-) TimerEvent: {}
[575.941329] (-) TimerEvent: {}
[576.041600] (-) TimerEvent: {}
[576.141839] (-) TimerEvent: {}
[576.242106] (-) TimerEvent: {}
[576.342435] (-) TimerEvent: {}
[576.442685] (-) TimerEvent: {}
[576.543045] (-) TimerEvent: {}
[576.643315] (-) TimerEvent: {}
[576.743611] (-) TimerEvent: {}
[576.843887] (-) TimerEvent: {}
[576.944156] (-) TimerEvent: {}
[577.044408] (-) TimerEvent: {}
[577.144705] (-) TimerEvent: {}
[577.245119] (-) TimerEvent: {}
[577.345540] (-) TimerEvent: {}
[577.445793] (-) TimerEvent: {}
[577.546055] (-) TimerEvent: {}
[577.646435] (-) TimerEvent: {}
[577.746806] (-) TimerEvent: {}
[577.847151] (-) TimerEvent: {}
[577.947460] (-) TimerEvent: {}
[578.047706] (-) TimerEvent: {}
[578.148033] (-) TimerEvent: {}
[578.248314] (-) TimerEvent: {}
[578.348718] (-) TimerEvent: {}
[578.448975] (-) TimerEvent: {}
[578.549224] (-) TimerEvent: {}
[578.649499] (-) TimerEvent: {}
[578.749752] (-) TimerEvent: {}
[578.850026] (-) TimerEvent: {}
[578.950304] (-) TimerEvent: {}
[579.050545] (-) TimerEvent: {}
[579.150826] (-) TimerEvent: {}
[579.251085] (-) TimerEvent: {}
[579.351340] (-) TimerEvent: {}
[579.451653] (-) TimerEvent: {}
[579.551939] (-) TimerEvent: {}
[579.652222] (-) TimerEvent: {}
[579.752543] (-) TimerEvent: {}
[579.852777] (-) TimerEvent: {}
[579.953034] (-) TimerEvent: {}
[580.053294] (-) TimerEvent: {}
[580.153582] (-) TimerEvent: {}
[580.253845] (-) TimerEvent: {}
[580.354110] (-) TimerEvent: {}
[580.454451] (-) TimerEvent: {}
[580.554793] (-) TimerEvent: {}
[580.655143] (-) TimerEvent: {}
[580.755475] (-) TimerEvent: {}
[580.855749] (-) TimerEvent: {}
[580.956046] (-) TimerEvent: {}
[581.056327] (-) TimerEvent: {}
[581.156595] (-) TimerEvent: {}
[581.256936] (-) TimerEvent: {}
[581.357200] (-) TimerEvent: {}
[581.457497] (-) TimerEvent: {}
[581.557869] (-) TimerEvent: {}
[581.658144] (-) TimerEvent: {}
[581.758400] (-) TimerEvent: {}
[581.858678] (-) TimerEvent: {}
[581.959042] (-) TimerEvent: {}
[582.059299] (-) TimerEvent: {}
[582.159663] (-) TimerEvent: {}
[582.259963] (-) TimerEvent: {}
[582.360219] (-) TimerEvent: {}
[582.460518] (-) TimerEvent: {}
[582.560849] (-) TimerEvent: {}
[582.661176] (-) TimerEvent: {}
[582.761410] (-) TimerEvent: {}
[582.861649] (-) TimerEvent: {}
[582.962050] (-) TimerEvent: {}
[583.062332] (-) TimerEvent: {}
[583.162640] (-) TimerEvent: {}
[583.263029] (-) TimerEvent: {}
[583.363293] (-) TimerEvent: {}
[583.463701] (-) TimerEvent: {}
[583.563944] (-) TimerEvent: {}
[583.664208] (-) TimerEvent: {}
[583.764460] (-) TimerEvent: {}
[583.864710] (-) TimerEvent: {}
[583.965026] (-) TimerEvent: {}
[584.065298] (-) TimerEvent: {}
[584.165677] (-) TimerEvent: {}
[584.265935] (-) TimerEvent: {}
[584.366198] (-) TimerEvent: {}
[584.466576] (-) TimerEvent: {}
[584.566873] (-) TimerEvent: {}
[584.667140] (-) TimerEvent: {}
[584.767387] (-) TimerEvent: {}
[584.867634] (-) TimerEvent: {}
[584.967954] (-) TimerEvent: {}
[585.068378] (-) TimerEvent: {}
[585.168709] (-) TimerEvent: {}
[585.269055] (-) TimerEvent: {}
[585.369323] (-) TimerEvent: {}
[585.469647] (-) TimerEvent: {}
[585.569995] (-) TimerEvent: {}
[585.670402] (-) TimerEvent: {}
[585.770657] (-) TimerEvent: {}
[585.870911] (-) TimerEvent: {}
[585.971245] (-) TimerEvent: {}
[586.071540] (-) TimerEvent: {}
[586.171790] (-) TimerEvent: {}
[586.272054] (-) TimerEvent: {}
[586.372329] (-) TimerEvent: {}
[586.472646] (-) TimerEvent: {}
[586.573005] (-) TimerEvent: {}
[586.673331] (-) TimerEvent: {}
[586.773603] (-) TimerEvent: {}
[586.873843] (-) TimerEvent: {}
[586.974208] (-) TimerEvent: {}
[587.074483] (-) TimerEvent: {}
[587.174803] (-) TimerEvent: {}
[587.275038] (-) TimerEvent: {}
[587.375401] (-) TimerEvent: {}
[587.475674] (-) TimerEvent: {}
[587.575929] (-) TimerEvent: {}
[587.676197] (-) TimerEvent: {}
[587.776470] (-) TimerEvent: {}
[587.876822] (-) TimerEvent: {}
[587.977061] (-) TimerEvent: {}
[588.077315] (-) TimerEvent: {}
[588.177691] (-) TimerEvent: {}
[588.277968] (-) TimerEvent: {}
[588.378227] (-) TimerEvent: {}
[588.478465] (-) TimerEvent: {}
[588.578789] (-) TimerEvent: {}
[588.679121] (-) TimerEvent: {}
[588.779356] (-) TimerEvent: {}
[588.879685] (-) TimerEvent: {}
[588.980037] (-) TimerEvent: {}
[589.080311] (-) TimerEvent: {}
[589.180581] (-) TimerEvent: {}
[589.280976] (-) TimerEvent: {}
[589.381325] (-) TimerEvent: {}
[589.481586] (-) TimerEvent: {}
[589.581986] (-) TimerEvent: {}
[589.682341] (-) TimerEvent: {}
[589.782626] (-) TimerEvent: {}
[589.882866] (-) TimerEvent: {}
[589.983183] (-) TimerEvent: {}
[590.083448] (-) TimerEvent: {}
[590.183779] (-) TimerEvent: {}
[590.284051] (-) TimerEvent: {}
[590.384401] (-) TimerEvent: {}
[590.484654] (-) TimerEvent: {}
[590.584882] (-) TimerEvent: {}
[590.685207] (-) TimerEvent: {}
[590.785491] (-) TimerEvent: {}
[590.885748] (-) TimerEvent: {}
[590.986007] (-) TimerEvent: {}
[591.086280] (-) TimerEvent: {}
[591.186521] (-) TimerEvent: {}
[591.286773] (-) TimerEvent: {}
[591.387058] (-) TimerEvent: {}
[591.487307] (-) TimerEvent: {}
[591.587712] (-) TimerEvent: {}
[591.688051] (-) TimerEvent: {}
[591.788336] (-) TimerEvent: {}
[591.888647] (-) TimerEvent: {}
[591.988965] (-) TimerEvent: {}
[592.089229] (-) TimerEvent: {}
[592.189510] (-) TimerEvent: {}
[592.289848] (-) TimerEvent: {}
[592.390121] (-) TimerEvent: {}
[592.490390] (-) TimerEvent: {}
[592.590700] (-) TimerEvent: {}
[592.691027] (-) TimerEvent: {}
[592.791300] (-) TimerEvent: {}
[592.891624] (-) TimerEvent: {}
[592.991978] (-) TimerEvent: {}
[593.092329] (-) TimerEvent: {}
[593.192729] (-) TimerEvent: {}
[593.293182] (-) TimerEvent: {}
[593.393595] (-) TimerEvent: {}
[593.493834] (-) TimerEvent: {}
[593.594095] (-) TimerEvent: {}
[593.694356] (-) TimerEvent: {}
[593.794616] (-) TimerEvent: {}
[593.895014] (-) TimerEvent: {}
[593.995271] (-) TimerEvent: {}
[594.095595] (-) TimerEvent: {}
[594.195833] (-) TimerEvent: {}
[594.296191] (-) TimerEvent: {}
[594.396466] (-) TimerEvent: {}
[594.496733] (-) TimerEvent: {}
[594.596990] (-) TimerEvent: {}
[594.697236] (-) TimerEvent: {}
[594.797509] (-) TimerEvent: {}
[594.897921] (-) TimerEvent: {}
[594.998251] (-) TimerEvent: {}
[595.098523] (-) TimerEvent: {}
[595.198760] (-) TimerEvent: {}
[595.299045] (-) TimerEvent: {}
[595.399332] (-) TimerEvent: {}
[595.499603] (-) TimerEvent: {}
[595.600019] (-) TimerEvent: {}
[595.700347] (-) TimerEvent: {}
[595.800627] (-) TimerEvent: {}
[595.900958] (-) TimerEvent: {}
[596.001201] (-) TimerEvent: {}
[596.101450] (-) TimerEvent: {}
[596.201705] (-) TimerEvent: {}
[596.302043] (-) TimerEvent: {}
[596.402356] (-) TimerEvent: {}
[596.502623] (-) TimerEvent: {}
[596.602851] (-) TimerEvent: {}
[596.703137] (-) TimerEvent: {}
[596.803396] (-) TimerEvent: {}
[596.903662] (-) TimerEvent: {}
[597.003924] (-) TimerEvent: {}
[597.104228] (-) TimerEvent: {}
[597.204513] (-) TimerEvent: {}
[597.304825] (-) TimerEvent: {}
[597.405078] (-) TimerEvent: {}
[597.505355] (-) TimerEvent: {}
[597.605588] (-) TimerEvent: {}
[597.705824] (-) TimerEvent: {}
[597.806074] (-) TimerEvent: {}
[597.906341] (-) TimerEvent: {}
[598.006618] (-) TimerEvent: {}
[598.106856] (-) TimerEvent: {}
[598.207122] (-) TimerEvent: {}
[598.307473] (-) TimerEvent: {}
[598.407733] (-) TimerEvent: {}
[598.508013] (-) TimerEvent: {}
[598.608280] (-) TimerEvent: {}
[598.708607] (-) TimerEvent: {}
[598.808910] (-) TimerEvent: {}
[598.909172] (-) TimerEvent: {}
[599.009506] (-) TimerEvent: {}
[599.109744] (-) TimerEvent: {}
[599.209996] (-) TimerEvent: {}
[599.310280] (-) TimerEvent: {}
[599.410542] (-) TimerEvent: {}
[599.510819] (-) TimerEvent: {}
[599.611085] (-) TimerEvent: {}
[599.711345] (-) TimerEvent: {}
[599.811651] (-) TimerEvent: {}
[599.911902] (-) TimerEvent: {}
[600.012173] (-) TimerEvent: {}
[600.112438] (-) TimerEvent: {}
[600.212673] (-) TimerEvent: {}
[600.312929] (-) TimerEvent: {}
[600.413203] (-) TimerEvent: {}
[600.513478] (-) TimerEvent: {}
[600.613721] (-) TimerEvent: {}
[600.713988] (-) TimerEvent: {}
[600.814259] (-) TimerEvent: {}
[600.914514] (-) TimerEvent: {}
[601.014777] (-) TimerEvent: {}
[601.115032] (-) TimerEvent: {}
[601.215287] (-) TimerEvent: {}
[601.315545] (-) TimerEvent: {}
[601.415799] (-) TimerEvent: {}
[601.516081] (-) TimerEvent: {}
[601.616348] (-) TimerEvent: {}
[601.716638] (-) TimerEvent: {}
[601.816880] (-) TimerEvent: {}
[601.917155] (-) TimerEvent: {}
[602.017444] (-) TimerEvent: {}
[602.117873] (-) TimerEvent: {}
[602.218148] (-) TimerEvent: {}
[602.318489] (-) TimerEvent: {}
[602.418747] (-) TimerEvent: {}
[602.519137] (-) TimerEvent: {}
[602.619395] (-) TimerEvent: {}
[602.719808] (-) TimerEvent: {}
[602.820088] (-) TimerEvent: {}
[602.920492] (-) TimerEvent: {}
[603.020745] (-) TimerEvent: {}
[603.121146] (-) TimerEvent: {}
[603.221425] (-) TimerEvent: {}
[603.321749] (-) TimerEvent: {}
[603.422019] (-) TimerEvent: {}
[603.522308] (-) TimerEvent: {}
[603.622602] (-) TimerEvent: {}
[603.722852] (-) TimerEvent: {}
[603.823170] (-) TimerEvent: {}
[603.923465] (-) TimerEvent: {}
[604.023718] (-) TimerEvent: {}
[604.123988] (-) TimerEvent: {}
[604.224264] (-) TimerEvent: {}
[604.324539] (-) TimerEvent: {}
[604.424881] (-) TimerEvent: {}
[604.525153] (-) TimerEvent: {}
[604.625493] (-) TimerEvent: {}
[604.725764] (-) TimerEvent: {}
[604.826057] (-) TimerEvent: {}
[604.926326] (-) TimerEvent: {}
[605.026652] (-) TimerEvent: {}
[605.126905] (-) TimerEvent: {}
[605.227176] (-) TimerEvent: {}
[605.327436] (-) TimerEvent: {}
[605.427744] (-) TimerEvent: {}
[605.528066] (-) TimerEvent: {}
[605.628358] (-) TimerEvent: {}
[605.728596] (-) TimerEvent: {}
[605.828836] (-) TimerEvent: {}
[605.929084] (-) TimerEvent: {}
[606.029434] (-) TimerEvent: {}
[606.129682] (-) TimerEvent: {}
[606.229934] (-) TimerEvent: {}
[606.330271] (-) TimerEvent: {}
[606.430628] (-) TimerEvent: {}
[606.530984] (-) TimerEvent: {}
[606.631269] (-) TimerEvent: {}
[606.731552] (-) TimerEvent: {}
[606.831796] (-) TimerEvent: {}
[606.932080] (-) TimerEvent: {}
[607.032473] (-) TimerEvent: {}
[607.132734] (-) TimerEvent: {}
[607.233028] (-) TimerEvent: {}
[607.333305] (-) TimerEvent: {}
[607.433629] (-) TimerEvent: {}
[607.533869] (-) TimerEvent: {}
[607.634148] (-) TimerEvent: {}
[607.734422] (-) TimerEvent: {}
[607.834743] (-) TimerEvent: {}
[607.935024] (-) TimerEvent: {}
[608.035304] (-) TimerEvent: {}
[608.135662] (-) TimerEvent: {}
[608.235946] (-) TimerEvent: {}
[608.336230] (-) TimerEvent: {}
[608.436508] (-) TimerEvent: {}
[608.536758] (-) TimerEvent: {}
[608.637035] (-) TimerEvent: {}
[608.737421] (-) TimerEvent: {}
[608.837741] (-) TimerEvent: {}
[608.938010] (-) TimerEvent: {}
[609.038259] (-) TimerEvent: {}
[609.138551] (-) TimerEvent: {}
[609.238850] (-) TimerEvent: {}
[609.339159] (-) TimerEvent: {}
[609.439446] (-) TimerEvent: {}
[609.539693] (-) TimerEvent: {}
[609.640007] (-) TimerEvent: {}
[609.740376] (-) TimerEvent: {}
[609.840625] (-) TimerEvent: {}
[609.940942] (-) TimerEvent: {}
[610.041250] (-) TimerEvent: {}
[610.141620] (-) TimerEvent: {}
[610.241877] (-) TimerEvent: {}
[610.342238] (-) TimerEvent: {}
[610.442496] (-) TimerEvent: {}
[610.542823] (-) TimerEvent: {}
[610.643068] (-) TimerEvent: {}
[610.743305] (-) TimerEvent: {}
[610.843546] (-) TimerEvent: {}
[610.943786] (-) TimerEvent: {}
[611.044033] (-) TimerEvent: {}
[611.144300] (-) TimerEvent: {}
[611.244694] (-) TimerEvent: {}
[611.344935] (-) TimerEvent: {}
[611.445272] (-) TimerEvent: {}
[611.545605] (-) TimerEvent: {}
[611.645925] (-) TimerEvent: {}
[611.746253] (-) TimerEvent: {}
[611.846530] (-) TimerEvent: {}
[611.946765] (-) TimerEvent: {}
[612.047033] (-) TimerEvent: {}
[612.147335] (-) TimerEvent: {}
[612.247618] (-) TimerEvent: {}
[612.347868] (-) TimerEvent: {}
[612.448140] (-) TimerEvent: {}
[612.548410] (-) TimerEvent: {}
[612.648665] (-) TimerEvent: {}
[612.748906] (-) TimerEvent: {}
[612.849171] (-) TimerEvent: {}
[612.949430] (-) TimerEvent: {}
[613.049679] (-) TimerEvent: {}
[613.149999] (-) TimerEvent: {}
[613.250387] (-) TimerEvent: {}
[613.350754] (-) TimerEvent: {}
[613.451109] (-) TimerEvent: {}
[613.551446] (-) TimerEvent: {}
[613.651702] (-) TimerEvent: {}
[613.752041] (-) TimerEvent: {}
[613.852400] (-) TimerEvent: {}
[613.952738] (-) TimerEvent: {}
[614.053062] (-) TimerEvent: {}
[614.153313] (-) TimerEvent: {}
[614.253647] (-) TimerEvent: {}
[614.354005] (-) TimerEvent: {}
[614.454369] (-) TimerEvent: {}
[614.554706] (-) TimerEvent: {}
[614.654992] (-) TimerEvent: {}
[614.755281] (-) TimerEvent: {}
[614.811549] (micro_ros_agent) StderrLine: {'line': b'gmake[5]: *** [CMakeFiles/spdlog.dir/build.make:99: spdlog/src/spdlog-stamp/spdlog-download] Interrupt\n'}
[614.811763] (micro_ros_agent) StderrLine: {'line': b'gmake[4]: *** [CMakeFiles/Makefile2:85: CMakeFiles/spdlog.dir/all] Interrupt\n'}
[614.811902] (micro_ros_agent) StderrLine: {'line': b'gmake[3]: *** [Makefile:91: all] Interrupt\n'}
[614.812148] (micro_ros_agent) StderrLine: {'line': b'gmake[2]: *** [CMakeFiles/xrceagent.dir/build.make:86: agent/src/xrceagent-stamp/xrceagent-build] Interrupt\n'}
[614.812328] (micro_ros_agent) StderrLine: {'line': b'gmake[1]: *** [CMakeFiles/Makefile2:85: CMakeFiles/xrceagent.dir/all] Interrupt\n'}
[614.812478] (micro_ros_agent) StderrLine: {'line': b'gmake: *** [Makefile:91: all] Interrupt\n'}
[614.813510] (micro_ros_agent) CommandEnded: {'returncode': -2}
[614.816355] (micro_ros_agent) JobEnded: {'identifier': 'micro_ros_agent', 'rc': 'SIGINT'}
[614.826789] (-) EventReactorShutdown: {}
