[0.017s] Invoking command in '/home/mouha/crazyflie/ros2_ws/build/crazyflie_interfaces': CMAKE_PREFIX_PATH=${CMAKE_PREFIX_PATH}:/opt/ros/jazzy DEBUGINFOD_URLS=https://debuginfod.ubuntu.com /usr/bin/cmake /home/mouha/crazyflie/ros2_ws/src/crazyswarm2/crazyflie_interfaces -DAMENT_CMAKE_SYMLINK_INSTALL=1 -DCMAKE_INSTALL_PREFIX=/home/mouha/crazyflie/ros2_ws/install/crazyflie_interfaces
[0.087s] -- The C compiler identification is GNU 13.3.0
[0.153s] -- The CXX compiler identification is GNU 13.3.0
[0.167s] -- Detecting C compiler ABI info
[0.234s] -- Detecting C compiler ABI info - done
[0.241s] -- Check for working C compiler: /usr/bin/cc - skipped
[0.241s] -- Detecting C compile features
[0.242s] -- Detecting C compile features - done
[0.249s] -- Detecting CXX compiler ABI info
[0.319s] -- Detecting CXX compiler ABI info - done
[0.326s] -- Check for working CXX compiler: /usr/bin/c++ - skipped
[0.327s] -- Detecting CXX compile features
[0.327s] -- Detecting CXX compile features - done
[0.333s] -- Found ament_cmake: 2.5.6 (/opt/ros/jazzy/share/ament_cmake/cmake)
[0.458s] -- Found Python3: /usr/bin/python3 (found version "3.12.3") found components: Interpreter 
[0.530s] -- Override CMake install command with custom implementation using symlinks instead of copying resources
[0.569s] -- Found builtin_interfaces: 2.0.3 (/opt/ros/jazzy/share/builtin_interfaces/cmake)
[0.611s] -- Found rosidl_generator_c: 4.6.7 (/opt/ros/jazzy/share/rosidl_generator_c/cmake)
[0.625s] -- Found rosidl_generator_cpp: 4.6.7 (/opt/ros/jazzy/share/rosidl_generator_cpp/cmake)
[0.644s] -- Using all available rosidl_typesupport_c: rosidl_typesupport_fastrtps_c;rosidl_typesupport_introspection_c
[0.664s] -- Using all available rosidl_typesupport_cpp: rosidl_typesupport_fastrtps_cpp;rosidl_typesupport_introspection_cpp
[0.681s] -- Found geometry_msgs: 5.3.7 (/opt/ros/jazzy/share/geometry_msgs/cmake)
[0.715s] -- Found rosidl_default_generators: 1.6.0 (/opt/ros/jazzy/share/rosidl_default_generators/cmake)
[0.737s] -- Found rosidl_adapter: 4.6.7 (/opt/ros/jazzy/share/rosidl_adapter/cmake)
[1.341s] -- Found ament_cmake_cppcheck: 0.17.5 (/opt/ros/jazzy/share/ament_cmake_cppcheck/cmake)
[1.345s] -- Found ament_cmake_cpplint: 0.17.5 (/opt/ros/jazzy/share/ament_cmake_cpplint/cmake)
[1.348s] -- Found ament_cmake_uncrustify: 0.17.5 (/opt/ros/jazzy/share/ament_cmake_uncrustify/cmake)
[1.351s] -- Found ament_cmake_ros: 0.12.0 (/opt/ros/jazzy/share/ament_cmake_ros/cmake)
[1.999s] -- Using all available rosidl_typesupport_c: rosidl_typesupport_fastrtps_c;rosidl_typesupport_introspection_c
[2.243s] -- Using all available rosidl_typesupport_cpp: rosidl_typesupport_fastrtps_cpp;rosidl_typesupport_introspection_cpp
[2.248s] -- Found python_cmake_module: 0.11.1 (/opt/ros/jazzy/share/python_cmake_module/cmake)
[2.350s] -- Found PythonExtra: /usr/bin/python3  
[2.725s] -- Found Python3: /usr/bin/python3 (found version "3.12.3") found components: Interpreter Development NumPy Development.Module Development.Embed 
[2.774s] -- Found ament_cmake_flake8: 0.17.5 (/opt/ros/jazzy/share/ament_cmake_flake8/cmake)
[2.777s] -- Found ament_cmake_pep257: 0.17.5 (/opt/ros/jazzy/share/ament_cmake_pep257/cmake)
[2.820s] -- Found Python3: /usr/bin/python3 (found version "3.12.3") found components: Interpreter 
[2.832s] -- Configuring done (2.8s)
[2.894s] -- Generating done (0.0s)
[2.904s] -- Build files have been written to: /home/mouha/crazyflie/ros2_ws/build/crazyflie_interfaces
[2.914s] Invoked command in '/home/mouha/crazyflie/ros2_ws/build/crazyflie_interfaces' returned '0': CMAKE_PREFIX_PATH=${CMAKE_PREFIX_PATH}:/opt/ros/jazzy DEBUGINFOD_URLS=https://debuginfod.ubuntu.com /usr/bin/cmake /home/mouha/crazyflie/ros2_ws/src/crazyswarm2/crazyflie_interfaces -DAMENT_CMAKE_SYMLINK_INSTALL=1 -DCMAKE_INSTALL_PREFIX=/home/mouha/crazyflie/ros2_ws/install/crazyflie_interfaces
[2.914s] Invoking command in '/home/mouha/crazyflie/ros2_ws/build/crazyflie_interfaces': CMAKE_PREFIX_PATH=${CMAKE_PREFIX_PATH}:/opt/ros/jazzy DEBUGINFOD_URLS=https://debuginfod.ubuntu.com /usr/bin/cmake --build /home/mouha/crazyflie/ros2_ws/build/crazyflie_interfaces -- -j12 -l12
[2.959s] [  1%] [34m[1mGenerating type hashes for ROS interfaces[0m
[2.959s] [  1%] [34m[1mGenerating Rust code for ROS interfaces[0m
[2.965s] [  1%] Built target ament_cmake_python_symlink_crazyflie_interfaces
[3.146s] running egg_info
[3.147s] creating crazyflie_interfaces.egg-info
[3.163s] writing crazyflie_interfaces.egg-info/PKG-INFO
[3.163s] writing dependency_links to crazyflie_interfaces.egg-info/dependency_links.txt
[3.163s] writing top-level names to crazyflie_interfaces.egg-info/top_level.txt
[3.164s] writing manifest file 'crazyflie_interfaces.egg-info/SOURCES.txt'
[3.212s] reading manifest file 'crazyflie_interfaces.egg-info/SOURCES.txt'
[3.213s] writing manifest file 'crazyflie_interfaces.egg-info/SOURCES.txt'
[3.237s] [  1%] Built target ament_cmake_python_build_crazyflie_interfaces_egg
[3.454s] [  1%] Built target crazyflie_interfaces__rosidl_generator_type_description
[3.463s] [  2%] [34m[1mGenerating C code for ROS interfaces[0m
[3.471s] [  2%] [34m[1mGenerating C++ code for ROS interfaces[0m
[3.528s] [  2%] Built target crazyflie_interfaces__rs
[4.936s] [  2%] Built target crazyflie_interfaces__cpp
[5.265s] [  4%] [32mBuilding C object CMakeFiles/crazyflie_interfaces__rosidl_generator_c.dir/rosidl_generator_c/crazyflie_interfaces/msg/detail/connection_statistics_array__type_support.c.o[0m
[5.265s] [  5%] [32mBuilding C object CMakeFiles/crazyflie_interfaces__rosidl_generator_c.dir/rosidl_generator_c/crazyflie_interfaces/msg/detail/connection_statistics__functions.c.o[0m
[5.265s] [  4%] [32mBuilding C object CMakeFiles/crazyflie_interfaces__rosidl_generator_c.dir/rosidl_generator_c/crazyflie_interfaces/msg/detail/connection_statistics__type_support.c.o[0m
[5.265s] [  4%] [32mBuilding C object CMakeFiles/crazyflie_interfaces__rosidl_generator_c.dir/rosidl_generator_c/crazyflie_interfaces/msg/detail/connection_statistics_array__description.c.o[0m
[5.265s] [  5%] [32mBuilding C object CMakeFiles/crazyflie_interfaces__rosidl_generator_c.dir/rosidl_generator_c/crazyflie_interfaces/msg/detail/full_state__description.c.o[0m
[5.265s] [  5%] [32mBuilding C object CMakeFiles/crazyflie_interfaces__rosidl_generator_c.dir/rosidl_generator_c/crazyflie_interfaces/msg/detail/connection_statistics_array__functions.c.o[0m
[5.266s] [  5%] [32mBuilding C object CMakeFiles/crazyflie_interfaces__rosidl_generator_c.dir/rosidl_generator_c/crazyflie_interfaces/msg/detail/full_state__functions.c.o[0m
[5.266s] [  6%] [32mBuilding C object CMakeFiles/crazyflie_interfaces__rosidl_generator_c.dir/rosidl_generator_c/crazyflie_interfaces/msg/detail/log_data_generic__description.c.o[0m
[5.266s] [  7%] [32mBuilding C object CMakeFiles/crazyflie_interfaces__rosidl_generator_c.dir/rosidl_generator_c/crazyflie_interfaces/msg/detail/log_data_generic__type_support.c.o[0m
[5.266s] [  7%] [32mBuilding C object CMakeFiles/crazyflie_interfaces__rosidl_generator_c.dir/rosidl_generator_c/crazyflie_interfaces/msg/detail/log_data_generic__functions.c.o[0m
[5.269s] [  7%] [32mBuilding C object CMakeFiles/crazyflie_interfaces__rosidl_generator_c.dir/rosidl_generator_c/crazyflie_interfaces/msg/detail/connection_statistics__description.c.o[0m
[5.269s] [  7%] [32mBuilding C object CMakeFiles/crazyflie_interfaces__rosidl_generator_c.dir/rosidl_generator_c/crazyflie_interfaces/msg/detail/full_state__type_support.c.o[0m
[5.300s] [  7%] [32mBuilding C object CMakeFiles/crazyflie_interfaces__rosidl_generator_c.dir/rosidl_generator_c/crazyflie_interfaces/msg/detail/hover__description.c.o[0m
[5.301s] [  7%] [32mBuilding C object CMakeFiles/crazyflie_interfaces__rosidl_generator_c.dir/rosidl_generator_c/crazyflie_interfaces/msg/detail/hover__functions.c.o[0m
[5.301s] [  8%] [32mBuilding C object CMakeFiles/crazyflie_interfaces__rosidl_generator_c.dir/rosidl_generator_c/crazyflie_interfaces/msg/detail/hover__type_support.c.o[0m
[5.309s] [  8%] [32mBuilding C object CMakeFiles/crazyflie_interfaces__rosidl_generator_c.dir/rosidl_generator_c/crazyflie_interfaces/msg/detail/log_block__description.c.o[0m
[5.316s] [  9%] [32mBuilding C object CMakeFiles/crazyflie_interfaces__rosidl_generator_c.dir/rosidl_generator_c/crazyflie_interfaces/msg/detail/log_block__functions.c.o[0m
[5.316s] [  9%] [32mBuilding C object CMakeFiles/crazyflie_interfaces__rosidl_generator_c.dir/rosidl_generator_c/crazyflie_interfaces/msg/detail/log_block__type_support.c.o[0m
[5.320s] [  9%] [32mBuilding C object CMakeFiles/crazyflie_interfaces__rosidl_generator_c.dir/rosidl_generator_c/crazyflie_interfaces/msg/detail/position__description.c.o[0m
[5.320s] [ 10%] [32mBuilding C object CMakeFiles/crazyflie_interfaces__rosidl_generator_c.dir/rosidl_generator_c/crazyflie_interfaces/msg/detail/position__functions.c.o[0m
[5.327s] [ 11%] [32mBuilding C object CMakeFiles/crazyflie_interfaces__rosidl_generator_c.dir/rosidl_generator_c/crazyflie_interfaces/msg/detail/status__description.c.o[0m
[5.327s] [ 11%] [32mBuilding C object CMakeFiles/crazyflie_interfaces__rosidl_generator_c.dir/rosidl_generator_c/crazyflie_interfaces/msg/detail/status__functions.c.o[0m
[5.327s] [ 11%] [32mBuilding C object CMakeFiles/crazyflie_interfaces__rosidl_generator_c.dir/rosidl_generator_c/crazyflie_interfaces/msg/detail/position__type_support.c.o[0m
[5.335s] [ 12%] [32mBuilding C object CMakeFiles/crazyflie_interfaces__rosidl_generator_c.dir/rosidl_generator_c/crazyflie_interfaces/msg/detail/status__type_support.c.o[0m
[5.336s] [ 12%] [32mBuilding C object CMakeFiles/crazyflie_interfaces__rosidl_generator_c.dir/rosidl_generator_c/crazyflie_interfaces/msg/detail/trajectory_polynomial_piece__description.c.o[0m
[5.356s] [ 12%] [32mBuilding C object CMakeFiles/crazyflie_interfaces__rosidl_generator_c.dir/rosidl_generator_c/crazyflie_interfaces/msg/detail/trajectory_polynomial_piece__functions.c.o[0m
[5.356s] [ 12%] [32mBuilding C object CMakeFiles/crazyflie_interfaces__rosidl_generator_c.dir/rosidl_generator_c/crazyflie_interfaces/msg/detail/velocity_world__description.c.o[0m
[5.362s] [ 13%] [32mBuilding C object CMakeFiles/crazyflie_interfaces__rosidl_generator_c.dir/rosidl_generator_c/crazyflie_interfaces/msg/detail/velocity_world__functions.c.o[0m
[5.363s] [ 14%] [32mBuilding C object CMakeFiles/crazyflie_interfaces__rosidl_generator_c.dir/rosidl_generator_c/crazyflie_interfaces/msg/detail/trajectory_polynomial_piece__type_support.c.o[0m
[5.363s] [ 14%] [32mBuilding C object CMakeFiles/crazyflie_interfaces__rosidl_generator_c.dir/rosidl_generator_c/crazyflie_interfaces/msg/detail/velocity_world__type_support.c.o[0m
[5.372s] [ 15%] [32mBuilding C object CMakeFiles/crazyflie_interfaces__rosidl_generator_c.dir/rosidl_generator_c/crazyflie_interfaces/srv/detail/go_to__functions.c.o[0m
[5.377s] [ 15%] [32mBuilding C object CMakeFiles/crazyflie_interfaces__rosidl_generator_c.dir/rosidl_generator_c/crazyflie_interfaces/srv/detail/go_to__type_support.c.o[0m
[5.379s] [ 15%] [32mBuilding C object CMakeFiles/crazyflie_interfaces__rosidl_generator_c.dir/rosidl_generator_c/crazyflie_interfaces/srv/detail/go_to__description.c.o[0m
[5.382s] [ 16%] [32mBuilding C object CMakeFiles/crazyflie_interfaces__rosidl_generator_c.dir/rosidl_generator_c/crazyflie_interfaces/srv/detail/land__description.c.o[0m
[5.383s] [ 16%] [32mBuilding C object CMakeFiles/crazyflie_interfaces__rosidl_generator_c.dir/rosidl_generator_c/crazyflie_interfaces/srv/detail/land__functions.c.o[0m
[5.387s] [ 16%] [32mBuilding C object CMakeFiles/crazyflie_interfaces__rosidl_generator_c.dir/rosidl_generator_c/crazyflie_interfaces/srv/detail/land__type_support.c.o[0m
[5.388s] [ 17%] [32mBuilding C object CMakeFiles/crazyflie_interfaces__rosidl_generator_c.dir/rosidl_generator_c/crazyflie_interfaces/srv/detail/notify_setpoints_stop__description.c.o[0m
[5.400s] [ 18%] [32mBuilding C object CMakeFiles/crazyflie_interfaces__rosidl_generator_c.dir/rosidl_generator_c/crazyflie_interfaces/srv/detail/notify_setpoints_stop__type_support.c.o[0m
[5.405s] [ 18%] [32mBuilding C object CMakeFiles/crazyflie_interfaces__rosidl_generator_c.dir/rosidl_generator_c/crazyflie_interfaces/srv/detail/set_group_mask__description.c.o[0m
[5.406s] [ 18%] [32mBuilding C object CMakeFiles/crazyflie_interfaces__rosidl_generator_c.dir/rosidl_generator_c/crazyflie_interfaces/srv/detail/notify_setpoints_stop__functions.c.o[0m
[5.421s] [ 18%] [32mBuilding C object CMakeFiles/crazyflie_interfaces__rosidl_generator_c.dir/rosidl_generator_c/crazyflie_interfaces/srv/detail/set_group_mask__functions.c.o[0m
[5.425s] [ 19%] [32mBuilding C object CMakeFiles/crazyflie_interfaces__rosidl_generator_c.dir/rosidl_generator_c/crazyflie_interfaces/srv/detail/set_group_mask__type_support.c.o[0m
[5.435s] [ 19%] [32mBuilding C object CMakeFiles/crazyflie_interfaces__rosidl_generator_c.dir/rosidl_generator_c/crazyflie_interfaces/srv/detail/start_trajectory__description.c.o[0m
[5.441s] [ 20%] [32mBuilding C object CMakeFiles/crazyflie_interfaces__rosidl_generator_c.dir/rosidl_generator_c/crazyflie_interfaces/srv/detail/start_trajectory__functions.c.o[0m
[5.442s] [ 20%] [32mBuilding C object CMakeFiles/crazyflie_interfaces__rosidl_generator_c.dir/rosidl_generator_c/crazyflie_interfaces/srv/detail/start_trajectory__type_support.c.o[0m
[5.448s] [ 21%] [32mBuilding C object CMakeFiles/crazyflie_interfaces__rosidl_generator_c.dir/rosidl_generator_c/crazyflie_interfaces/srv/detail/stop__description.c.o[0m
[5.451s] [ 21%] [32mBuilding C object CMakeFiles/crazyflie_interfaces__rosidl_generator_c.dir/rosidl_generator_c/crazyflie_interfaces/srv/detail/stop__functions.c.o[0m
[5.457s] [ 21%] [32mBuilding C object CMakeFiles/crazyflie_interfaces__rosidl_generator_c.dir/rosidl_generator_c/crazyflie_interfaces/srv/detail/stop__type_support.c.o[0m
[5.467s] [ 22%] [32mBuilding C object CMakeFiles/crazyflie_interfaces__rosidl_generator_c.dir/rosidl_generator_c/crazyflie_interfaces/srv/detail/takeoff__description.c.o[0m
[5.467s] [ 22%] [32mBuilding C object CMakeFiles/crazyflie_interfaces__rosidl_generator_c.dir/rosidl_generator_c/crazyflie_interfaces/srv/detail/takeoff__functions.c.o[0m
[5.474s] [ 23%] [32mBuilding C object CMakeFiles/crazyflie_interfaces__rosidl_generator_c.dir/rosidl_generator_c/crazyflie_interfaces/srv/detail/takeoff__type_support.c.o[0m
[5.488s] [ 23%] [32mBuilding C object CMakeFiles/crazyflie_interfaces__rosidl_generator_c.dir/rosidl_generator_c/crazyflie_interfaces/srv/detail/update_params__description.c.o[0m
[5.489s] [ 23%] [32mBuilding C object CMakeFiles/crazyflie_interfaces__rosidl_generator_c.dir/rosidl_generator_c/crazyflie_interfaces/srv/detail/update_params__functions.c.o[0m
[5.493s] [ 24%] [32mBuilding C object CMakeFiles/crazyflie_interfaces__rosidl_generator_c.dir/rosidl_generator_c/crazyflie_interfaces/srv/detail/update_params__type_support.c.o[0m
[5.494s] [ 24%] [32mBuilding C object CMakeFiles/crazyflie_interfaces__rosidl_generator_c.dir/rosidl_generator_c/crazyflie_interfaces/srv/detail/upload_trajectory__description.c.o[0m
[5.501s] [ 25%] [32mBuilding C object CMakeFiles/crazyflie_interfaces__rosidl_generator_c.dir/rosidl_generator_c/crazyflie_interfaces/srv/detail/upload_trajectory__functions.c.o[0m
[5.506s] [ 25%] [32mBuilding C object CMakeFiles/crazyflie_interfaces__rosidl_generator_c.dir/rosidl_generator_c/crazyflie_interfaces/srv/detail/upload_trajectory__type_support.c.o[0m
[5.515s] [ 25%] [32mBuilding C object CMakeFiles/crazyflie_interfaces__rosidl_generator_c.dir/rosidl_generator_c/crazyflie_interfaces/srv/detail/remove_logging__description.c.o[0m
[5.527s] [ 25%] [32mBuilding C object CMakeFiles/crazyflie_interfaces__rosidl_generator_c.dir/rosidl_generator_c/crazyflie_interfaces/srv/detail/remove_logging__type_support.c.o[0m
[5.527s] [ 26%] [32mBuilding C object CMakeFiles/crazyflie_interfaces__rosidl_generator_c.dir/rosidl_generator_c/crazyflie_interfaces/srv/detail/add_logging__description.c.o[0m
[5.531s] [ 27%] [32mBuilding C object CMakeFiles/crazyflie_interfaces__rosidl_generator_c.dir/rosidl_generator_c/crazyflie_interfaces/srv/detail/remove_logging__functions.c.o[0m
[5.540s] [ 27%] [32mBuilding C object CMakeFiles/crazyflie_interfaces__rosidl_generator_c.dir/rosidl_generator_c/crazyflie_interfaces/srv/detail/add_logging__functions.c.o[0m
[5.541s] [ 27%] [32mBuilding C object CMakeFiles/crazyflie_interfaces__rosidl_generator_c.dir/rosidl_generator_c/crazyflie_interfaces/srv/detail/add_logging__type_support.c.o[0m
[5.549s] [ 28%] [32mBuilding C object CMakeFiles/crazyflie_interfaces__rosidl_generator_c.dir/rosidl_generator_c/crazyflie_interfaces/srv/detail/arm__description.c.o[0m
[5.559s] [ 28%] [32mBuilding C object CMakeFiles/crazyflie_interfaces__rosidl_generator_c.dir/rosidl_generator_c/crazyflie_interfaces/srv/detail/arm__functions.c.o[0m
[5.559s] [ 29%] [32mBuilding C object CMakeFiles/crazyflie_interfaces__rosidl_generator_c.dir/rosidl_generator_c/crazyflie_interfaces/srv/detail/arm__type_support.c.o[0m
[5.630s] [ 29%] [32m[1mLinking C shared library libcrazyflie_interfaces__rosidl_generator_c.so[0m
[5.668s] [ 29%] Built target crazyflie_interfaces__rosidl_generator_c
[5.677s] [ 30%] [34m[1mGenerating C introspection for ROS interfaces[0m
[5.677s] [ 30%] [34m[1mGenerating C type support dispatch for ROS interfaces[0m
[5.677s] [ 30%] [34m[1mGenerating C++ type support dispatch for ROS interfaces[0m
[5.677s] [ 30%] [34m[1mGenerating C++ introspection for ROS interfaces[0m
[5.677s] [ 31%] [34m[1mGenerating C++ type support for eProsima Fast-RTPS[0m
[5.677s] [ 31%] [34m[1mGenerating C type support for eProsima Fast-RTPS[0m
[6.481s] [ 32%] [32mBuilding CXX object CMakeFiles/crazyflie_interfaces__rosidl_typesupport_c.dir/rosidl_typesupport_c/crazyflie_interfaces/msg/connection_statistics_array__type_support.cpp.o[0m
[6.481s] [ 32%] [32mBuilding CXX object CMakeFiles/crazyflie_interfaces__rosidl_typesupport_c.dir/rosidl_typesupport_c/crazyflie_interfaces/msg/hover__type_support.cpp.o[0m
[6.481s] [ 34%] [32mBuilding CXX object CMakeFiles/crazyflie_interfaces__rosidl_typesupport_c.dir/rosidl_typesupport_c/crazyflie_interfaces/msg/full_state__type_support.cpp.o[0m
[6.482s] [ 34%] [32mBuilding CXX object CMakeFiles/crazyflie_interfaces__rosidl_typesupport_c.dir/rosidl_typesupport_c/crazyflie_interfaces/msg/connection_statistics__type_support.cpp.o[0m
[6.482s] [ 34%] [32mBuilding CXX object CMakeFiles/crazyflie_interfaces__rosidl_typesupport_c.dir/rosidl_typesupport_c/crazyflie_interfaces/msg/log_data_generic__type_support.cpp.o[0m
[6.482s] [ 34%] [32mBuilding CXX object CMakeFiles/crazyflie_interfaces__rosidl_typesupport_c.dir/rosidl_typesupport_c/crazyflie_interfaces/msg/log_block__type_support.cpp.o[0m
[6.482s] [ 34%] [32mBuilding CXX object CMakeFiles/crazyflie_interfaces__rosidl_typesupport_c.dir/rosidl_typesupport_c/crazyflie_interfaces/msg/position__type_support.cpp.o[0m
[6.535s] [ 35%] [32mBuilding CXX object CMakeFiles/crazyflie_interfaces__rosidl_typesupport_c.dir/rosidl_typesupport_c/crazyflie_interfaces/msg/status__type_support.cpp.o[0m
[6.539s] [ 35%] [32mBuilding CXX object CMakeFiles/crazyflie_interfaces__rosidl_typesupport_c.dir/rosidl_typesupport_c/crazyflie_interfaces/msg/trajectory_polynomial_piece__type_support.cpp.o[0m
[6.540s] [ 35%] [32mBuilding CXX object CMakeFiles/crazyflie_interfaces__rosidl_typesupport_c.dir/rosidl_typesupport_c/crazyflie_interfaces/srv/set_group_mask__type_support.cpp.o[0m
[6.540s] [ 35%] [32mBuilding CXX object CMakeFiles/crazyflie_interfaces__rosidl_typesupport_c.dir/rosidl_typesupport_c/crazyflie_interfaces/srv/land__type_support.cpp.o[0m
[6.540s] [ 36%] [32mBuilding CXX object CMakeFiles/crazyflie_interfaces__rosidl_typesupport_c.dir/rosidl_typesupport_c/crazyflie_interfaces/srv/go_to__type_support.cpp.o[0m
[6.541s] [ 36%] [32mBuilding CXX object CMakeFiles/crazyflie_interfaces__rosidl_typesupport_c.dir/rosidl_typesupport_c/crazyflie_interfaces/msg/velocity_world__type_support.cpp.o[0m
[6.545s] [ 37%] [32mBuilding CXX object CMakeFiles/crazyflie_interfaces__rosidl_typesupport_c.dir/rosidl_typesupport_c/crazyflie_interfaces/srv/notify_setpoints_stop__type_support.cpp.o[0m
[6.590s] [ 37%] [32mBuilding CXX object CMakeFiles/crazyflie_interfaces__rosidl_typesupport_c.dir/rosidl_typesupport_c/crazyflie_interfaces/srv/start_trajectory__type_support.cpp.o[0m
[6.606s] [ 38%] [32mBuilding CXX object CMakeFiles/crazyflie_interfaces__rosidl_typesupport_c.dir/rosidl_typesupport_c/crazyflie_interfaces/srv/stop__type_support.cpp.o[0m
[6.608s] [ 38%] [32mBuilding CXX object CMakeFiles/crazyflie_interfaces__rosidl_typesupport_c.dir/rosidl_typesupport_c/crazyflie_interfaces/srv/takeoff__type_support.cpp.o[0m
[6.608s] [ 39%] [32mBuilding CXX object CMakeFiles/crazyflie_interfaces__rosidl_typesupport_c.dir/rosidl_typesupport_c/crazyflie_interfaces/srv/update_params__type_support.cpp.o[0m
[6.612s] [ 39%] [32mBuilding CXX object CMakeFiles/crazyflie_interfaces__rosidl_typesupport_c.dir/rosidl_typesupport_c/crazyflie_interfaces/srv/upload_trajectory__type_support.cpp.o[0m
[6.616s] [ 39%] [32mBuilding CXX object CMakeFiles/crazyflie_interfaces__rosidl_typesupport_c.dir/rosidl_typesupport_c/crazyflie_interfaces/srv/remove_logging__type_support.cpp.o[0m
[6.620s] [ 40%] [32mBuilding CXX object CMakeFiles/crazyflie_interfaces__rosidl_typesupport_c.dir/rosidl_typesupport_c/crazyflie_interfaces/srv/add_logging__type_support.cpp.o[0m
[6.658s] [ 40%] [32mBuilding CXX object CMakeFiles/crazyflie_interfaces__rosidl_typesupport_c.dir/rosidl_typesupport_c/crazyflie_interfaces/srv/arm__type_support.cpp.o[0m
[6.685s] [ 41%] [32mBuilding CXX object CMakeFiles/crazyflie_interfaces__rosidl_typesupport_cpp.dir/rosidl_typesupport_cpp/crazyflie_interfaces/msg/hover__type_support.cpp.o[0m
[6.685s] [ 41%] [32mBuilding CXX object CMakeFiles/crazyflie_interfaces__rosidl_typesupport_cpp.dir/rosidl_typesupport_cpp/crazyflie_interfaces/msg/full_state__type_support.cpp.o[0m
[6.685s] [ 41%] [32mBuilding CXX object CMakeFiles/crazyflie_interfaces__rosidl_typesupport_cpp.dir/rosidl_typesupport_cpp/crazyflie_interfaces/msg/log_data_generic__type_support.cpp.o[0m
[6.685s] [ 41%] [32mBuilding CXX object CMakeFiles/crazyflie_interfaces__rosidl_typesupport_cpp.dir/rosidl_typesupport_cpp/crazyflie_interfaces/msg/position__type_support.cpp.o[0m
[6.685s] [ 42%] [32mBuilding CXX object CMakeFiles/crazyflie_interfaces__rosidl_typesupport_cpp.dir/rosidl_typesupport_cpp/crazyflie_interfaces/msg/log_block__type_support.cpp.o[0m
[6.688s] [ 42%] [32mBuilding CXX object CMakeFiles/crazyflie_interfaces__rosidl_typesupport_cpp.dir/rosidl_typesupport_cpp/crazyflie_interfaces/msg/connection_statistics__type_support.cpp.o[0m
[6.690s] [ 43%] [32mBuilding CXX object CMakeFiles/crazyflie_interfaces__rosidl_typesupport_cpp.dir/rosidl_typesupport_cpp/crazyflie_interfaces/msg/connection_statistics_array__type_support.cpp.o[0m
[6.721s] [ 44%] [32m[1mLinking CXX shared library libcrazyflie_interfaces__rosidl_typesupport_c.so[0m
[6.785s] [ 44%] Built target crazyflie_interfaces__rosidl_typesupport_c
[6.797s] [ 44%] [32mBuilding CXX object CMakeFiles/crazyflie_interfaces__rosidl_typesupport_cpp.dir/rosidl_typesupport_cpp/crazyflie_interfaces/msg/status__type_support.cpp.o[0m
[7.102s] [ 45%] [32mBuilding CXX object CMakeFiles/crazyflie_interfaces__rosidl_typesupport_cpp.dir/rosidl_typesupport_cpp/crazyflie_interfaces/msg/trajectory_polynomial_piece__type_support.cpp.o[0m
[7.131s] [ 45%] [32mBuilding CXX object CMakeFiles/crazyflie_interfaces__rosidl_typesupport_cpp.dir/rosidl_typesupport_cpp/crazyflie_interfaces/msg/velocity_world__type_support.cpp.o[0m
[7.160s] [ 46%] [32mBuilding CXX object CMakeFiles/crazyflie_interfaces__rosidl_typesupport_cpp.dir/rosidl_typesupport_cpp/crazyflie_interfaces/srv/go_to__type_support.cpp.o[0m
[7.197s] [ 47%] [32mBuilding CXX object CMakeFiles/crazyflie_interfaces__rosidl_typesupport_cpp.dir/rosidl_typesupport_cpp/crazyflie_interfaces/srv/set_group_mask__type_support.cpp.o[0m
[7.197s] [ 47%] [32mBuilding CXX object CMakeFiles/crazyflie_interfaces__rosidl_typesupport_cpp.dir/rosidl_typesupport_cpp/crazyflie_interfaces/srv/notify_setpoints_stop__type_support.cpp.o[0m
[7.197s] [ 47%] [32mBuilding CXX object CMakeFiles/crazyflie_interfaces__rosidl_typesupport_cpp.dir/rosidl_typesupport_cpp/crazyflie_interfaces/srv/land__type_support.cpp.o[0m
[7.223s] [ 48%] [32mBuilding CXX object CMakeFiles/crazyflie_interfaces__rosidl_typesupport_cpp.dir/rosidl_typesupport_cpp/crazyflie_interfaces/srv/stop__type_support.cpp.o[0m
[7.223s] [ 48%] [32mBuilding CXX object CMakeFiles/crazyflie_interfaces__rosidl_typesupport_cpp.dir/rosidl_typesupport_cpp/crazyflie_interfaces/srv/start_trajectory__type_support.cpp.o[0m
[7.405s] [ 49%] [32mBuilding CXX object CMakeFiles/crazyflie_interfaces__rosidl_typesupport_introspection_cpp.dir/rosidl_typesupport_introspection_cpp/crazyflie_interfaces/msg/detail/connection_statistics__type_support.cpp.o[0m
[7.509s] [ 49%] [32mBuilding CXX object CMakeFiles/crazyflie_interfaces__rosidl_typesupport_cpp.dir/rosidl_typesupport_cpp/crazyflie_interfaces/srv/takeoff__type_support.cpp.o[0m
[7.527s] [ 50%] [32mBuilding C object CMakeFiles/crazyflie_interfaces__rosidl_typesupport_introspection_c.dir/rosidl_typesupport_introspection_c/crazyflie_interfaces/msg/detail/connection_statistics__type_support.c.o[0m
[7.570s] [ 50%] [32mBuilding CXX object CMakeFiles/crazyflie_interfaces__rosidl_typesupport_introspection_cpp.dir/rosidl_typesupport_introspection_cpp/crazyflie_interfaces/msg/detail/connection_statistics_array__type_support.cpp.o[0m
[7.579s] [ 50%] [32mBuilding C object CMakeFiles/crazyflie_interfaces__rosidl_typesupport_introspection_c.dir/rosidl_typesupport_introspection_c/crazyflie_interfaces/msg/detail/connection_statistics_array__type_support.c.o[0m
[7.640s] [ 51%] [32mBuilding C object CMakeFiles/crazyflie_interfaces__rosidl_typesupport_introspection_c.dir/rosidl_typesupport_introspection_c/crazyflie_interfaces/msg/detail/full_state__type_support.c.o[0m
[7.712s] [ 51%] [32mBuilding C object CMakeFiles/crazyflie_interfaces__rosidl_typesupport_introspection_c.dir/rosidl_typesupport_introspection_c/crazyflie_interfaces/msg/detail/log_data_generic__type_support.c.o[0m
[7.713s] [ 51%] [32mBuilding CXX object CMakeFiles/crazyflie_interfaces__rosidl_typesupport_introspection_cpp.dir/rosidl_typesupport_introspection_cpp/crazyflie_interfaces/msg/detail/full_state__type_support.cpp.o[0m
[7.713s] [ 51%] [32mBuilding CXX object CMakeFiles/crazyflie_interfaces__rosidl_typesupport_cpp.dir/rosidl_typesupport_cpp/crazyflie_interfaces/srv/update_params__type_support.cpp.o[0m
[7.722s] [ 52%] [32mBuilding CXX object CMakeFiles/crazyflie_interfaces__rosidl_typesupport_introspection_cpp.dir/rosidl_typesupport_introspection_cpp/crazyflie_interfaces/msg/detail/log_data_generic__type_support.cpp.o[0m
[7.724s] [ 53%] [32mBuilding C object CMakeFiles/crazyflie_interfaces__rosidl_typesupport_introspection_c.dir/rosidl_typesupport_introspection_c/crazyflie_interfaces/msg/detail/hover__type_support.c.o[0m
[7.733s] [ 53%] [32mBuilding CXX object CMakeFiles/crazyflie_interfaces__rosidl_typesupport_introspection_cpp.dir/rosidl_typesupport_introspection_cpp/crazyflie_interfaces/msg/detail/hover__type_support.cpp.o[0m
[7.761s] [ 54%] [32mBuilding CXX object CMakeFiles/crazyflie_interfaces__rosidl_typesupport_cpp.dir/rosidl_typesupport_cpp/crazyflie_interfaces/srv/upload_trajectory__type_support.cpp.o[0m
[7.772s] [ 54%] [32mBuilding C object CMakeFiles/crazyflie_interfaces__rosidl_typesupport_introspection_c.dir/rosidl_typesupport_introspection_c/crazyflie_interfaces/msg/detail/log_block__type_support.c.o[0m
[7.785s] [ 54%] [32mBuilding C object CMakeFiles/crazyflie_interfaces__rosidl_typesupport_introspection_c.dir/rosidl_typesupport_introspection_c/crazyflie_interfaces/msg/detail/position__type_support.c.o[0m
[7.830s] [ 55%] [32mBuilding CXX object CMakeFiles/crazyflie_interfaces__rosidl_typesupport_introspection_cpp.dir/rosidl_typesupport_introspection_cpp/crazyflie_interfaces/msg/detail/log_block__type_support.cpp.o[0m
[7.838s] [ 56%] [32mBuilding C object CMakeFiles/crazyflie_interfaces__rosidl_typesupport_introspection_c.dir/rosidl_typesupport_introspection_c/crazyflie_interfaces/msg/detail/status__type_support.c.o[0m
[7.868s] [ 56%] [32mBuilding CXX object CMakeFiles/crazyflie_interfaces__rosidl_typesupport_cpp.dir/rosidl_typesupport_cpp/crazyflie_interfaces/srv/remove_logging__type_support.cpp.o[0m
[7.892s] [ 56%] [32mBuilding C object CMakeFiles/crazyflie_interfaces__rosidl_typesupport_introspection_c.dir/rosidl_typesupport_introspection_c/crazyflie_interfaces/msg/detail/trajectory_polynomial_piece__type_support.c.o[0m
[7.969s] [ 57%] [32mBuilding C object CMakeFiles/crazyflie_interfaces__rosidl_typesupport_introspection_c.dir/rosidl_typesupport_introspection_c/crazyflie_interfaces/msg/detail/velocity_world__type_support.c.o[0m
[8.018s] [ 57%] [32mBuilding C object CMakeFiles/crazyflie_interfaces__rosidl_typesupport_introspection_c.dir/rosidl_typesupport_introspection_c/crazyflie_interfaces/srv/detail/go_to__type_support.c.o[0m
[8.045s] [ 58%] [32mBuilding CXX object CMakeFiles/crazyflie_interfaces__rosidl_typesupport_cpp.dir/rosidl_typesupport_cpp/crazyflie_interfaces/srv/add_logging__type_support.cpp.o[0m
[8.072s] [ 58%] [32mBuilding CXX object CMakeFiles/crazyflie_interfaces__rosidl_typesupport_introspection_cpp.dir/rosidl_typesupport_introspection_cpp/crazyflie_interfaces/msg/detail/position__type_support.cpp.o[0m
[8.083s] [ 58%] [32mBuilding C object CMakeFiles/crazyflie_interfaces__rosidl_typesupport_introspection_c.dir/rosidl_typesupport_introspection_c/crazyflie_interfaces/srv/detail/land__type_support.c.o[0m
[8.146s] [ 59%] [32mBuilding C object CMakeFiles/crazyflie_interfaces__rosidl_typesupport_introspection_c.dir/rosidl_typesupport_introspection_c/crazyflie_interfaces/srv/detail/notify_setpoints_stop__type_support.c.o[0m
[8.176s] [ 59%] [32mBuilding CXX object CMakeFiles/crazyflie_interfaces__rosidl_typesupport_cpp.dir/rosidl_typesupport_cpp/crazyflie_interfaces/srv/arm__type_support.cpp.o[0m
[8.181s] [ 59%] [32mBuilding C object CMakeFiles/crazyflie_interfaces__rosidl_typesupport_introspection_c.dir/rosidl_typesupport_introspection_c/crazyflie_interfaces/srv/detail/set_group_mask__type_support.c.o[0m
[8.208s] [ 60%] [32mBuilding CXX object CMakeFiles/crazyflie_interfaces__rosidl_typesupport_introspection_cpp.dir/rosidl_typesupport_introspection_cpp/crazyflie_interfaces/msg/detail/status__type_support.cpp.o[0m
[8.212s] [ 60%] [32mBuilding CXX object CMakeFiles/crazyflie_interfaces__rosidl_typesupport_introspection_cpp.dir/rosidl_typesupport_introspection_cpp/crazyflie_interfaces/msg/detail/trajectory_polynomial_piece__type_support.cpp.o[0m
[8.240s] [ 61%] [32mBuilding C object CMakeFiles/crazyflie_interfaces__rosidl_typesupport_introspection_c.dir/rosidl_typesupport_introspection_c/crazyflie_interfaces/srv/detail/start_trajectory__type_support.c.o[0m
[8.279s] [ 61%] [32mBuilding C object CMakeFiles/crazyflie_interfaces__rosidl_typesupport_introspection_c.dir/rosidl_typesupport_introspection_c/crazyflie_interfaces/srv/detail/stop__type_support.c.o[0m
[8.295s] [ 61%] [32mBuilding C object CMakeFiles/crazyflie_interfaces__rosidl_typesupport_introspection_c.dir/rosidl_typesupport_introspection_c/crazyflie_interfaces/srv/detail/takeoff__type_support.c.o[0m
[8.305s] [ 61%] [32mBuilding CXX object CMakeFiles/crazyflie_interfaces__rosidl_typesupport_introspection_cpp.dir/rosidl_typesupport_introspection_cpp/crazyflie_interfaces/msg/detail/velocity_world__type_support.cpp.o[0m
[8.350s] [ 62%] [32mBuilding CXX object CMakeFiles/crazyflie_interfaces__rosidl_typesupport_introspection_cpp.dir/rosidl_typesupport_introspection_cpp/crazyflie_interfaces/srv/detail/go_to__type_support.cpp.o[0m
[8.361s] [ 63%] [32mBuilding C object CMakeFiles/crazyflie_interfaces__rosidl_typesupport_introspection_c.dir/rosidl_typesupport_introspection_c/crazyflie_interfaces/srv/detail/update_params__type_support.c.o[0m
[8.370s] [ 63%] [32mBuilding C object CMakeFiles/crazyflie_interfaces__rosidl_typesupport_introspection_c.dir/rosidl_typesupport_introspection_c/crazyflie_interfaces/srv/detail/upload_trajectory__type_support.c.o[0m
[8.409s] [ 63%] [32mBuilding CXX object CMakeFiles/crazyflie_interfaces__rosidl_typesupport_introspection_cpp.dir/rosidl_typesupport_introspection_cpp/crazyflie_interfaces/srv/detail/land__type_support.cpp.o[0m
[8.429s] [ 64%] [32mBuilding CXX object CMakeFiles/crazyflie_interfaces__rosidl_typesupport_introspection_cpp.dir/rosidl_typesupport_introspection_cpp/crazyflie_interfaces/srv/detail/notify_setpoints_stop__type_support.cpp.o[0m
[8.456s] [ 65%] [32mBuilding C object CMakeFiles/crazyflie_interfaces__rosidl_typesupport_introspection_c.dir/rosidl_typesupport_introspection_c/crazyflie_interfaces/srv/detail/remove_logging__type_support.c.o[0m
[8.475s] [ 65%] [32mBuilding CXX object CMakeFiles/crazyflie_interfaces__rosidl_typesupport_fastrtps_cpp.dir/rosidl_typesupport_fastrtps_cpp/crazyflie_interfaces/msg/detail/dds_fastrtps/connection_statistics__type_support.cpp.o[0m
[8.505s] [ 65%] [32mBuilding C object CMakeFiles/crazyflie_interfaces__rosidl_typesupport_introspection_c.dir/rosidl_typesupport_introspection_c/crazyflie_interfaces/srv/detail/add_logging__type_support.c.o[0m
[8.519s] [ 65%] [32mBuilding CXX object CMakeFiles/crazyflie_interfaces__rosidl_typesupport_introspection_cpp.dir/rosidl_typesupport_introspection_cpp/crazyflie_interfaces/srv/detail/set_group_mask__type_support.cpp.o[0m
[8.565s] [ 65%] [32mBuilding C object CMakeFiles/crazyflie_interfaces__rosidl_typesupport_introspection_c.dir/rosidl_typesupport_introspection_c/crazyflie_interfaces/srv/detail/arm__type_support.c.o[0m
[8.581s] [ 65%] [32mBuilding CXX object CMakeFiles/crazyflie_interfaces__rosidl_typesupport_introspection_cpp.dir/rosidl_typesupport_introspection_cpp/crazyflie_interfaces/srv/detail/start_trajectory__type_support.cpp.o[0m
[8.626s] [ 66%] [32m[1mLinking C shared library libcrazyflie_interfaces__rosidl_typesupport_introspection_c.so[0m
[8.633s] [ 66%] [32mBuilding CXX object CMakeFiles/crazyflie_interfaces__rosidl_typesupport_fastrtps_cpp.dir/rosidl_typesupport_fastrtps_cpp/crazyflie_interfaces/msg/detail/dds_fastrtps/connection_statistics_array__type_support.cpp.o[0m
[8.664s] [ 67%] [32mBuilding CXX object CMakeFiles/crazyflie_interfaces__rosidl_typesupport_fastrtps_cpp.dir/rosidl_typesupport_fastrtps_cpp/crazyflie_interfaces/msg/detail/dds_fastrtps/full_state__type_support.cpp.o[0m
[8.676s] [ 67%] [32m[1mLinking CXX shared library libcrazyflie_interfaces__rosidl_typesupport_cpp.so[0m
[8.681s] [ 67%] Built target crazyflie_interfaces__rosidl_typesupport_introspection_c
[8.692s] [ 68%] [32mBuilding CXX object CMakeFiles/crazyflie_interfaces__rosidl_typesupport_introspection_cpp.dir/rosidl_typesupport_introspection_cpp/crazyflie_interfaces/srv/detail/stop__type_support.cpp.o[0m
[8.730s] [ 68%] [32mBuilding CXX object CMakeFiles/crazyflie_interfaces__rosidl_typesupport_fastrtps_cpp.dir/rosidl_typesupport_fastrtps_cpp/crazyflie_interfaces/msg/detail/dds_fastrtps/log_data_generic__type_support.cpp.o[0m
[8.752s] [ 68%] [32mBuilding CXX object CMakeFiles/crazyflie_interfaces__rosidl_typesupport_fastrtps_c.dir/rosidl_typesupport_fastrtps_c/crazyflie_interfaces/msg/detail/connection_statistics__type_support_c.cpp.o[0m
[8.855s] [ 68%] Built target crazyflie_interfaces__rosidl_typesupport_cpp
[8.869s] [ 68%] [32mBuilding CXX object CMakeFiles/crazyflie_interfaces__rosidl_typesupport_introspection_cpp.dir/rosidl_typesupport_introspection_cpp/crazyflie_interfaces/srv/detail/takeoff__type_support.cpp.o[0m
[8.902s] [ 69%] [32mBuilding CXX object CMakeFiles/crazyflie_interfaces__rosidl_typesupport_fastrtps_c.dir/rosidl_typesupport_fastrtps_c/crazyflie_interfaces/msg/detail/connection_statistics_array__type_support_c.cpp.o[0m
[8.955s] [ 70%] [32mBuilding CXX object CMakeFiles/crazyflie_interfaces__rosidl_typesupport_introspection_cpp.dir/rosidl_typesupport_introspection_cpp/crazyflie_interfaces/srv/detail/update_params__type_support.cpp.o[0m
[8.987s] [ 71%] [32mBuilding CXX object CMakeFiles/crazyflie_interfaces__rosidl_typesupport_fastrtps_cpp.dir/rosidl_typesupport_fastrtps_cpp/crazyflie_interfaces/msg/detail/dds_fastrtps/hover__type_support.cpp.o[0m
[9.075s] [ 71%] [32mBuilding CXX object CMakeFiles/crazyflie_interfaces__rosidl_typesupport_fastrtps_c.dir/rosidl_typesupport_fastrtps_c/crazyflie_interfaces/msg/detail/full_state__type_support_c.cpp.o[0m
[9.133s] [ 71%] [32mBuilding CXX object CMakeFiles/crazyflie_interfaces__rosidl_typesupport_fastrtps_cpp.dir/rosidl_typesupport_fastrtps_cpp/crazyflie_interfaces/msg/detail/dds_fastrtps/log_block__type_support.cpp.o[0m
[9.143s] [ 71%] [32mBuilding CXX object CMakeFiles/crazyflie_interfaces__rosidl_typesupport_introspection_cpp.dir/rosidl_typesupport_introspection_cpp/crazyflie_interfaces/srv/detail/upload_trajectory__type_support.cpp.o[0m
[9.274s] [ 72%] [32mBuilding CXX object CMakeFiles/crazyflie_interfaces__rosidl_typesupport_fastrtps_c.dir/rosidl_typesupport_fastrtps_c/crazyflie_interfaces/msg/detail/log_data_generic__type_support_c.cpp.o[0m
[9.300s] [ 72%] [32mBuilding CXX object CMakeFiles/crazyflie_interfaces__rosidl_typesupport_introspection_cpp.dir/rosidl_typesupport_introspection_cpp/crazyflie_interfaces/srv/detail/remove_logging__type_support.cpp.o[0m
[9.310s] [ 73%] [32mBuilding CXX object CMakeFiles/crazyflie_interfaces__rosidl_typesupport_fastrtps_cpp.dir/rosidl_typesupport_fastrtps_cpp/crazyflie_interfaces/msg/detail/dds_fastrtps/position__type_support.cpp.o[0m
[9.359s] [ 73%] [32mBuilding CXX object CMakeFiles/crazyflie_interfaces__rosidl_typesupport_fastrtps_cpp.dir/rosidl_typesupport_fastrtps_cpp/crazyflie_interfaces/msg/detail/dds_fastrtps/status__type_support.cpp.o[0m
[9.401s] [ 73%] [32mBuilding CXX object CMakeFiles/crazyflie_interfaces__rosidl_typesupport_fastrtps_cpp.dir/rosidl_typesupport_fastrtps_cpp/crazyflie_interfaces/msg/detail/dds_fastrtps/trajectory_polynomial_piece__type_support.cpp.o[0m
[9.406s] [ 73%] [32mBuilding CXX object CMakeFiles/crazyflie_interfaces__rosidl_typesupport_fastrtps_c.dir/rosidl_typesupport_fastrtps_c/crazyflie_interfaces/msg/detail/hover__type_support_c.cpp.o[0m
[9.575s] [ 74%] [32mBuilding CXX object CMakeFiles/crazyflie_interfaces__rosidl_typesupport_fastrtps_cpp.dir/rosidl_typesupport_fastrtps_cpp/crazyflie_interfaces/msg/detail/dds_fastrtps/velocity_world__type_support.cpp.o[0m
[9.604s] [ 74%] [32mBuilding CXX object CMakeFiles/crazyflie_interfaces__rosidl_typesupport_fastrtps_c.dir/rosidl_typesupport_fastrtps_c/crazyflie_interfaces/msg/detail/log_block__type_support_c.cpp.o[0m
[9.608s] [ 75%] [32mBuilding CXX object CMakeFiles/crazyflie_interfaces__rosidl_typesupport_fastrtps_c.dir/rosidl_typesupport_fastrtps_c/crazyflie_interfaces/msg/detail/position__type_support_c.cpp.o[0m
[9.711s] [ 76%] [32mBuilding CXX object CMakeFiles/crazyflie_interfaces__rosidl_typesupport_introspection_cpp.dir/rosidl_typesupport_introspection_cpp/crazyflie_interfaces/srv/detail/add_logging__type_support.cpp.o[0m
[9.810s] [ 76%] [32mBuilding CXX object CMakeFiles/crazyflie_interfaces__rosidl_typesupport_fastrtps_cpp.dir/rosidl_typesupport_fastrtps_cpp/crazyflie_interfaces/srv/detail/dds_fastrtps/go_to__type_support.cpp.o[0m
[9.868s] [ 77%] [32mBuilding CXX object CMakeFiles/crazyflie_interfaces__rosidl_typesupport_fastrtps_cpp.dir/rosidl_typesupport_fastrtps_cpp/crazyflie_interfaces/srv/detail/dds_fastrtps/land__type_support.cpp.o[0m
[9.904s] [ 77%] [32mBuilding CXX object CMakeFiles/crazyflie_interfaces__rosidl_typesupport_fastrtps_cpp.dir/rosidl_typesupport_fastrtps_cpp/crazyflie_interfaces/srv/detail/dds_fastrtps/notify_setpoints_stop__type_support.cpp.o[0m
[9.926s] [ 77%] [32mBuilding CXX object CMakeFiles/crazyflie_interfaces__rosidl_typesupport_fastrtps_c.dir/rosidl_typesupport_fastrtps_c/crazyflie_interfaces/msg/detail/status__type_support_c.cpp.o[0m
[9.956s] [ 77%] [32mBuilding CXX object CMakeFiles/crazyflie_interfaces__rosidl_typesupport_fastrtps_cpp.dir/rosidl_typesupport_fastrtps_cpp/crazyflie_interfaces/srv/detail/dds_fastrtps/set_group_mask__type_support.cpp.o[0m
[10.024s] [ 78%] [32mBuilding CXX object CMakeFiles/crazyflie_interfaces__rosidl_typesupport_fastrtps_c.dir/rosidl_typesupport_fastrtps_c/crazyflie_interfaces/msg/detail/trajectory_polynomial_piece__type_support_c.cpp.o[0m
[10.045s] [ 78%] [32mBuilding CXX object CMakeFiles/crazyflie_interfaces__rosidl_typesupport_introspection_cpp.dir/rosidl_typesupport_introspection_cpp/crazyflie_interfaces/srv/detail/arm__type_support.cpp.o[0m
[10.073s] [ 79%] [32mBuilding CXX object CMakeFiles/crazyflie_interfaces__rosidl_typesupport_fastrtps_cpp.dir/rosidl_typesupport_fastrtps_cpp/crazyflie_interfaces/srv/detail/dds_fastrtps/start_trajectory__type_support.cpp.o[0m
[10.224s] [ 79%] [32mBuilding CXX object CMakeFiles/crazyflie_interfaces__rosidl_typesupport_fastrtps_cpp.dir/rosidl_typesupport_fastrtps_cpp/crazyflie_interfaces/srv/detail/dds_fastrtps/stop__type_support.cpp.o[0m
[10.225s] [ 80%] [32mBuilding CXX object CMakeFiles/crazyflie_interfaces__rosidl_typesupport_fastrtps_cpp.dir/rosidl_typesupport_fastrtps_cpp/crazyflie_interfaces/srv/detail/dds_fastrtps/takeoff__type_support.cpp.o[0m
[10.240s] [ 80%] [32mBuilding CXX object CMakeFiles/crazyflie_interfaces__rosidl_typesupport_fastrtps_c.dir/rosidl_typesupport_fastrtps_c/crazyflie_interfaces/msg/detail/velocity_world__type_support_c.cpp.o[0m
[10.427s] [ 80%] [32mBuilding CXX object CMakeFiles/crazyflie_interfaces__rosidl_typesupport_fastrtps_cpp.dir/rosidl_typesupport_fastrtps_cpp/crazyflie_interfaces/srv/detail/dds_fastrtps/update_params__type_support.cpp.o[0m
[10.577s] [ 80%] [32mBuilding CXX object CMakeFiles/crazyflie_interfaces__rosidl_typesupport_fastrtps_c.dir/rosidl_typesupport_fastrtps_c/crazyflie_interfaces/srv/detail/go_to__type_support_c.cpp.o[0m
[10.644s] [ 81%] [32m[1mLinking CXX shared library libcrazyflie_interfaces__rosidl_typesupport_introspection_cpp.so[0m
[10.685s] [ 81%] [32mBuilding CXX object CMakeFiles/crazyflie_interfaces__rosidl_typesupport_fastrtps_cpp.dir/rosidl_typesupport_fastrtps_cpp/crazyflie_interfaces/srv/detail/dds_fastrtps/upload_trajectory__type_support.cpp.o[0m
[10.692s] [ 81%] [32mBuilding CXX object CMakeFiles/crazyflie_interfaces__rosidl_typesupport_fastrtps_c.dir/rosidl_typesupport_fastrtps_c/crazyflie_interfaces/srv/detail/notify_setpoints_stop__type_support_c.cpp.o[0m
[10.693s] [ 82%] [32mBuilding CXX object CMakeFiles/crazyflie_interfaces__rosidl_typesupport_fastrtps_c.dir/rosidl_typesupport_fastrtps_c/crazyflie_interfaces/srv/detail/land__type_support_c.cpp.o[0m
[10.727s] [ 83%] [32mBuilding CXX object CMakeFiles/crazyflie_interfaces__rosidl_typesupport_fastrtps_c.dir/rosidl_typesupport_fastrtps_c/crazyflie_interfaces/srv/detail/set_group_mask__type_support_c.cpp.o[0m
[10.808s] [ 83%] [32mBuilding CXX object CMakeFiles/crazyflie_interfaces__rosidl_typesupport_fastrtps_c.dir/rosidl_typesupport_fastrtps_c/crazyflie_interfaces/srv/detail/start_trajectory__type_support_c.cpp.o[0m
[10.868s] [ 84%] [32mBuilding CXX object CMakeFiles/crazyflie_interfaces__rosidl_typesupport_fastrtps_cpp.dir/rosidl_typesupport_fastrtps_cpp/crazyflie_interfaces/srv/detail/dds_fastrtps/remove_logging__type_support.cpp.o[0m
[10.883s] [ 84%] [32mBuilding CXX object CMakeFiles/crazyflie_interfaces__rosidl_typesupport_fastrtps_c.dir/rosidl_typesupport_fastrtps_c/crazyflie_interfaces/srv/detail/stop__type_support_c.cpp.o[0m
[10.961s] [ 84%] Built target crazyflie_interfaces__rosidl_typesupport_introspection_cpp
[10.973s] [ 85%] [32mBuilding CXX object CMakeFiles/crazyflie_interfaces__rosidl_typesupport_fastrtps_c.dir/rosidl_typesupport_fastrtps_c/crazyflie_interfaces/srv/detail/takeoff__type_support_c.cpp.o[0m
[11.043s] [ 85%] [32mBuilding CXX object CMakeFiles/crazyflie_interfaces__rosidl_typesupport_fastrtps_cpp.dir/rosidl_typesupport_fastrtps_cpp/crazyflie_interfaces/srv/detail/dds_fastrtps/add_logging__type_support.cpp.o[0m
[11.070s] [ 85%] [32mBuilding CXX object CMakeFiles/crazyflie_interfaces__rosidl_typesupport_fastrtps_c.dir/rosidl_typesupport_fastrtps_c/crazyflie_interfaces/srv/detail/update_params__type_support_c.cpp.o[0m
[11.424s] [ 86%] [32mBuilding CXX object CMakeFiles/crazyflie_interfaces__rosidl_typesupport_fastrtps_c.dir/rosidl_typesupport_fastrtps_c/crazyflie_interfaces/srv/detail/upload_trajectory__type_support_c.cpp.o[0m
[11.426s] [ 87%] [32mBuilding CXX object CMakeFiles/crazyflie_interfaces__rosidl_typesupport_fastrtps_cpp.dir/rosidl_typesupport_fastrtps_cpp/crazyflie_interfaces/srv/detail/dds_fastrtps/arm__type_support.cpp.o[0m
[11.445s] [ 87%] [32mBuilding CXX object CMakeFiles/crazyflie_interfaces__rosidl_typesupport_fastrtps_c.dir/rosidl_typesupport_fastrtps_c/crazyflie_interfaces/srv/detail/remove_logging__type_support_c.cpp.o[0m
[11.466s] [ 87%] [32mBuilding CXX object CMakeFiles/crazyflie_interfaces__rosidl_typesupport_fastrtps_c.dir/rosidl_typesupport_fastrtps_c/crazyflie_interfaces/srv/detail/add_logging__type_support_c.cpp.o[0m
[11.485s] [ 88%] [32mBuilding CXX object CMakeFiles/crazyflie_interfaces__rosidl_typesupport_fastrtps_c.dir/rosidl_typesupport_fastrtps_c/crazyflie_interfaces/srv/detail/arm__type_support_c.cpp.o[0m
[11.999s] [ 88%] [32m[1mLinking CXX shared library libcrazyflie_interfaces__rosidl_typesupport_fastrtps_c.so[0m
[12.043s] [ 88%] [32m[1mLinking CXX shared library libcrazyflie_interfaces__rosidl_typesupport_fastrtps_cpp.so[0m
[12.067s] [ 88%] Built target crazyflie_interfaces__rosidl_typesupport_fastrtps_c
[12.129s] [ 88%] Built target crazyflie_interfaces__rosidl_typesupport_fastrtps_cpp
[12.144s] [ 88%] Built target crazyflie_interfaces
[12.161s] [ 88%] [34m[1mGenerating Python code for ROS interfaces[0m
[14.576s] [ 88%] Built target crazyflie_interfaces__py
[14.594s] [ 88%] [32mBuilding C object CMakeFiles/crazyflie_interfaces__rosidl_generator_py.dir/rosidl_generator_py/crazyflie_interfaces/msg/_hover_s.c.o[0m
[14.594s] [ 90%] [32mBuilding C object CMakeFiles/crazyflie_interfaces__rosidl_generator_py.dir/rosidl_generator_py/crazyflie_interfaces/msg/_connection_statistics_s.c.o[0m
[14.595s] [ 90%] [32mBuilding C object CMakeFiles/crazyflie_interfaces__rosidl_generator_py.dir/rosidl_generator_py/crazyflie_interfaces/msg/_full_state_s.c.o[0m
[14.595s] [ 91%] [32mBuilding C object CMakeFiles/crazyflie_interfaces__rosidl_generator_py.dir/rosidl_generator_py/crazyflie_interfaces/msg/_log_block_s.c.o[0m
[14.595s] [ 91%] [32mBuilding C object CMakeFiles/crazyflie_interfaces__rosidl_generator_py.dir/rosidl_generator_py/crazyflie_interfaces/msg/_position_s.c.o[0m
[14.595s] [ 91%] [32mBuilding C object CMakeFiles/crazyflie_interfaces__rosidl_generator_py.dir/rosidl_generator_py/crazyflie_interfaces/msg/_status_s.c.o[0m
[14.596s] [ 90%] [32mBuilding C object CMakeFiles/crazyflie_interfaces__rosidl_generator_py.dir/rosidl_generator_py/crazyflie_interfaces/msg/_connection_statistics_array_s.c.o[0m
[14.596s] [ 92%] [32mBuilding C object CMakeFiles/crazyflie_interfaces__rosidl_generator_py.dir/rosidl_generator_py/crazyflie_interfaces/msg/_trajectory_polynomial_piece_s.c.o[0m
[14.596s] [ 92%] [32mBuilding C object CMakeFiles/crazyflie_interfaces__rosidl_generator_py.dir/rosidl_generator_py/crazyflie_interfaces/msg/_velocity_world_s.c.o[0m
[14.596s] [ 92%] [32mBuilding C object CMakeFiles/crazyflie_interfaces__rosidl_generator_py.dir/rosidl_generator_py/crazyflie_interfaces/msg/_log_data_generic_s.c.o[0m
[14.596s] [ 92%] [32mBuilding C object CMakeFiles/crazyflie_interfaces__rosidl_generator_py.dir/rosidl_generator_py/crazyflie_interfaces/srv/_land_s.c.o[0m
[14.596s] [ 93%] [32mBuilding C object CMakeFiles/crazyflie_interfaces__rosidl_generator_py.dir/rosidl_generator_py/crazyflie_interfaces/srv/_go_to_s.c.o[0m
[14.768s] [ 93%] [32mBuilding C object CMakeFiles/crazyflie_interfaces__rosidl_generator_py.dir/rosidl_generator_py/crazyflie_interfaces/srv/_notify_setpoints_stop_s.c.o[0m
[14.770s] [ 94%] [32mBuilding C object CMakeFiles/crazyflie_interfaces__rosidl_generator_py.dir/rosidl_generator_py/crazyflie_interfaces/srv/_set_group_mask_s.c.o[0m
[14.775s] [ 94%] [32mBuilding C object CMakeFiles/crazyflie_interfaces__rosidl_generator_py.dir/rosidl_generator_py/crazyflie_interfaces/srv/_start_trajectory_s.c.o[0m
[14.776s] [ 95%] [32mBuilding C object CMakeFiles/crazyflie_interfaces__rosidl_generator_py.dir/rosidl_generator_py/crazyflie_interfaces/srv/_stop_s.c.o[0m
[14.777s] [ 95%] [32mBuilding C object CMakeFiles/crazyflie_interfaces__rosidl_generator_py.dir/rosidl_generator_py/crazyflie_interfaces/srv/_takeoff_s.c.o[0m
[14.778s] [ 95%] [32mBuilding C object CMakeFiles/crazyflie_interfaces__rosidl_generator_py.dir/rosidl_generator_py/crazyflie_interfaces/srv/_update_params_s.c.o[0m
[14.791s] [ 96%] [32mBuilding C object CMakeFiles/crazyflie_interfaces__rosidl_generator_py.dir/rosidl_generator_py/crazyflie_interfaces/srv/_upload_trajectory_s.c.o[0m
[14.794s] [ 96%] [32mBuilding C object CMakeFiles/crazyflie_interfaces__rosidl_generator_py.dir/rosidl_generator_py/crazyflie_interfaces/srv/_remove_logging_s.c.o[0m
[14.803s] [ 97%] [32mBuilding C object CMakeFiles/crazyflie_interfaces__rosidl_generator_py.dir/rosidl_generator_py/crazyflie_interfaces/srv/_add_logging_s.c.o[0m
[14.822s] [ 97%] [32mBuilding C object CMakeFiles/crazyflie_interfaces__rosidl_generator_py.dir/rosidl_generator_py/crazyflie_interfaces/srv/_arm_s.c.o[0m
[15.012s] [ 97%] [32m[1mLinking C shared library libcrazyflie_interfaces__rosidl_generator_py.so[0m
[15.053s] [ 97%] Built target crazyflie_interfaces__rosidl_generator_py
[15.072s] [ 97%] [32mBuilding C object CMakeFiles/crazyflie_interfaces_s__rosidl_typesupport_introspection_c.dir/rosidl_generator_py/crazyflie_interfaces/_crazyflie_interfaces_s.ep.rosidl_typesupport_introspection_c.c.o[0m
[15.073s] [ 97%] [32mBuilding C object CMakeFiles/crazyflie_interfaces_s__rosidl_typesupport_c.dir/rosidl_generator_py/crazyflie_interfaces/_crazyflie_interfaces_s.ep.rosidl_typesupport_c.c.o[0m
[15.074s] [ 97%] [32mBuilding C object CMakeFiles/crazyflie_interfaces_s__rosidl_typesupport_fastrtps_c.dir/rosidl_generator_py/crazyflie_interfaces/_crazyflie_interfaces_s.ep.rosidl_typesupport_fastrtps_c.c.o[0m
[15.268s] [ 98%] [32m[1mLinking C shared module rosidl_generator_py/crazyflie_interfaces/crazyflie_interfaces_s__rosidl_typesupport_introspection_c.so[0m
[15.277s] [ 99%] [32m[1mLinking C shared module rosidl_generator_py/crazyflie_interfaces/crazyflie_interfaces_s__rosidl_typesupport_c.so[0m
[15.283s] [100%] [32m[1mLinking C shared module rosidl_generator_py/crazyflie_interfaces/crazyflie_interfaces_s__rosidl_typesupport_fastrtps_c.so[0m
[15.293s] [100%] Built target crazyflie_interfaces_s__rosidl_typesupport_introspection_c
[15.300s] [100%] Built target crazyflie_interfaces_s__rosidl_typesupport_c
[15.307s] [100%] Built target crazyflie_interfaces_s__rosidl_typesupport_fastrtps_c
[15.317s] Invoked command in '/home/mouha/crazyflie/ros2_ws/build/crazyflie_interfaces' returned '0': CMAKE_PREFIX_PATH=${CMAKE_PREFIX_PATH}:/opt/ros/jazzy DEBUGINFOD_URLS=https://debuginfod.ubuntu.com /usr/bin/cmake --build /home/mouha/crazyflie/ros2_ws/build/crazyflie_interfaces -- -j12 -l12
[15.318s] Invoking command in '/home/mouha/crazyflie/ros2_ws/build/crazyflie_interfaces': CMAKE_PREFIX_PATH=${CMAKE_PREFIX_PATH}:/opt/ros/jazzy DEBUGINFOD_URLS=https://debuginfod.ubuntu.com /usr/bin/cmake --install /home/mouha/crazyflie/ros2_ws/build/crazyflie_interfaces
[15.324s] -- Install configuration: ""
[15.324s] -- Execute custom install script
[15.325s] -- Symlinking: /home/mouha/crazyflie/ros2_ws/install/crazyflie_interfaces/share/ament_index/resource_index/rosidl_interfaces/crazyflie_interfaces
[15.331s] -- Symlinking: /home/mouha/crazyflie/ros2_ws/install/crazyflie_interfaces/share/crazyflie_interfaces/msg/ConnectionStatistics.json
[15.337s] -- Symlinking: /home/mouha/crazyflie/ros2_ws/install/crazyflie_interfaces/share/crazyflie_interfaces/msg/ConnectionStatisticsArray.json
[15.343s] -- Symlinking: /home/mouha/crazyflie/ros2_ws/install/crazyflie_interfaces/share/crazyflie_interfaces/msg/FullState.json
[15.350s] -- Symlinking: /home/mouha/crazyflie/ros2_ws/install/crazyflie_interfaces/share/crazyflie_interfaces/msg/LogDataGeneric.json
[15.358s] -- Symlinking: /home/mouha/crazyflie/ros2_ws/install/crazyflie_interfaces/share/crazyflie_interfaces/msg/Hover.json
[15.364s] -- Symlinking: /home/mouha/crazyflie/ros2_ws/install/crazyflie_interfaces/share/crazyflie_interfaces/msg/LogBlock.json
[15.370s] -- Symlinking: /home/mouha/crazyflie/ros2_ws/install/crazyflie_interfaces/share/crazyflie_interfaces/msg/Position.json
[15.376s] -- Symlinking: /home/mouha/crazyflie/ros2_ws/install/crazyflie_interfaces/share/crazyflie_interfaces/msg/Status.json
[15.382s] -- Symlinking: /home/mouha/crazyflie/ros2_ws/install/crazyflie_interfaces/share/crazyflie_interfaces/msg/TrajectoryPolynomialPiece.json
[15.388s] -- Symlinking: /home/mouha/crazyflie/ros2_ws/install/crazyflie_interfaces/share/crazyflie_interfaces/msg/VelocityWorld.json
[15.394s] -- Symlinking: /home/mouha/crazyflie/ros2_ws/install/crazyflie_interfaces/share/crazyflie_interfaces/srv/GoTo.json
[15.400s] -- Symlinking: /home/mouha/crazyflie/ros2_ws/install/crazyflie_interfaces/share/crazyflie_interfaces/srv/Land.json
[15.406s] -- Symlinking: /home/mouha/crazyflie/ros2_ws/install/crazyflie_interfaces/share/crazyflie_interfaces/srv/NotifySetpointsStop.json
[15.412s] -- Symlinking: /home/mouha/crazyflie/ros2_ws/install/crazyflie_interfaces/share/crazyflie_interfaces/srv/SetGroupMask.json
[15.418s] -- Symlinking: /home/mouha/crazyflie/ros2_ws/install/crazyflie_interfaces/share/crazyflie_interfaces/srv/StartTrajectory.json
[15.424s] -- Symlinking: /home/mouha/crazyflie/ros2_ws/install/crazyflie_interfaces/share/crazyflie_interfaces/srv/Stop.json
[15.430s] -- Symlinking: /home/mouha/crazyflie/ros2_ws/install/crazyflie_interfaces/share/crazyflie_interfaces/srv/Takeoff.json
[15.436s] -- Symlinking: /home/mouha/crazyflie/ros2_ws/install/crazyflie_interfaces/share/crazyflie_interfaces/srv/UpdateParams.json
[15.442s] -- Symlinking: /home/mouha/crazyflie/ros2_ws/install/crazyflie_interfaces/share/crazyflie_interfaces/srv/UploadTrajectory.json
[15.448s] -- Symlinking: /home/mouha/crazyflie/ros2_ws/install/crazyflie_interfaces/share/crazyflie_interfaces/srv/RemoveLogging.json
[15.455s] -- Symlinking: /home/mouha/crazyflie/ros2_ws/install/crazyflie_interfaces/share/crazyflie_interfaces/srv/AddLogging.json
[15.461s] -- Symlinking: /home/mouha/crazyflie/ros2_ws/install/crazyflie_interfaces/share/crazyflie_interfaces/srv/Arm.json
[15.468s] -- Symlinking: /home/mouha/crazyflie/ros2_ws/install/crazyflie_interfaces/include/crazyflie_interfaces/crazyflie_interfaces/msg/connection_statistics.h
[15.474s] -- Symlinking: /home/mouha/crazyflie/ros2_ws/install/crazyflie_interfaces/include/crazyflie_interfaces/crazyflie_interfaces/msg/connection_statistics_array.h
[15.480s] -- Symlinking: /home/mouha/crazyflie/ros2_ws/install/crazyflie_interfaces/include/crazyflie_interfaces/crazyflie_interfaces/msg/detail/connection_statistics__functions.h
[15.486s] -- Symlinking: /home/mouha/crazyflie/ros2_ws/install/crazyflie_interfaces/include/crazyflie_interfaces/crazyflie_interfaces/msg/detail/connection_statistics__struct.h
[15.493s] -- Symlinking: /home/mouha/crazyflie/ros2_ws/install/crazyflie_interfaces/include/crazyflie_interfaces/crazyflie_interfaces/msg/detail/connection_statistics__type_support.h
[15.499s] -- Symlinking: /home/mouha/crazyflie/ros2_ws/install/crazyflie_interfaces/include/crazyflie_interfaces/crazyflie_interfaces/msg/detail/connection_statistics_array__functions.h
[15.506s] -- Symlinking: /home/mouha/crazyflie/ros2_ws/install/crazyflie_interfaces/include/crazyflie_interfaces/crazyflie_interfaces/msg/detail/connection_statistics_array__struct.h
[15.512s] -- Symlinking: /home/mouha/crazyflie/ros2_ws/install/crazyflie_interfaces/include/crazyflie_interfaces/crazyflie_interfaces/msg/detail/connection_statistics_array__type_support.h
[15.519s] -- Symlinking: /home/mouha/crazyflie/ros2_ws/install/crazyflie_interfaces/include/crazyflie_interfaces/crazyflie_interfaces/msg/detail/full_state__functions.h
[15.525s] -- Symlinking: /home/mouha/crazyflie/ros2_ws/install/crazyflie_interfaces/include/crazyflie_interfaces/crazyflie_interfaces/msg/detail/full_state__struct.h
[15.532s] -- Symlinking: /home/mouha/crazyflie/ros2_ws/install/crazyflie_interfaces/include/crazyflie_interfaces/crazyflie_interfaces/msg/detail/full_state__type_support.h
[15.539s] -- Symlinking: /home/mouha/crazyflie/ros2_ws/install/crazyflie_interfaces/include/crazyflie_interfaces/crazyflie_interfaces/msg/detail/hover__functions.h
[15.546s] -- Symlinking: /home/mouha/crazyflie/ros2_ws/install/crazyflie_interfaces/include/crazyflie_interfaces/crazyflie_interfaces/msg/detail/hover__struct.h
[15.553s] -- Symlinking: /home/mouha/crazyflie/ros2_ws/install/crazyflie_interfaces/include/crazyflie_interfaces/crazyflie_interfaces/msg/detail/hover__type_support.h
[15.559s] -- Symlinking: /home/mouha/crazyflie/ros2_ws/install/crazyflie_interfaces/include/crazyflie_interfaces/crazyflie_interfaces/msg/detail/log_block__functions.h
[15.566s] -- Symlinking: /home/mouha/crazyflie/ros2_ws/install/crazyflie_interfaces/include/crazyflie_interfaces/crazyflie_interfaces/msg/detail/log_block__struct.h
[15.573s] -- Symlinking: /home/mouha/crazyflie/ros2_ws/install/crazyflie_interfaces/include/crazyflie_interfaces/crazyflie_interfaces/msg/detail/log_block__type_support.h
[15.579s] -- Symlinking: /home/mouha/crazyflie/ros2_ws/install/crazyflie_interfaces/include/crazyflie_interfaces/crazyflie_interfaces/msg/detail/log_data_generic__functions.h
[15.586s] -- Symlinking: /home/mouha/crazyflie/ros2_ws/install/crazyflie_interfaces/include/crazyflie_interfaces/crazyflie_interfaces/msg/detail/log_data_generic__struct.h
[15.593s] -- Symlinking: /home/mouha/crazyflie/ros2_ws/install/crazyflie_interfaces/include/crazyflie_interfaces/crazyflie_interfaces/msg/detail/log_data_generic__type_support.h
[15.600s] -- Symlinking: /home/mouha/crazyflie/ros2_ws/install/crazyflie_interfaces/include/crazyflie_interfaces/crazyflie_interfaces/msg/detail/position__functions.h
[15.608s] -- Symlinking: /home/mouha/crazyflie/ros2_ws/install/crazyflie_interfaces/include/crazyflie_interfaces/crazyflie_interfaces/msg/detail/position__struct.h
[15.615s] -- Symlinking: /home/mouha/crazyflie/ros2_ws/install/crazyflie_interfaces/include/crazyflie_interfaces/crazyflie_interfaces/msg/detail/position__type_support.h
[15.622s] -- Symlinking: /home/mouha/crazyflie/ros2_ws/install/crazyflie_interfaces/include/crazyflie_interfaces/crazyflie_interfaces/msg/detail/status__functions.h
[15.629s] -- Symlinking: /home/mouha/crazyflie/ros2_ws/install/crazyflie_interfaces/include/crazyflie_interfaces/crazyflie_interfaces/msg/detail/status__struct.h
[15.636s] -- Symlinking: /home/mouha/crazyflie/ros2_ws/install/crazyflie_interfaces/include/crazyflie_interfaces/crazyflie_interfaces/msg/detail/status__type_support.h
[15.643s] -- Symlinking: /home/mouha/crazyflie/ros2_ws/install/crazyflie_interfaces/include/crazyflie_interfaces/crazyflie_interfaces/msg/detail/trajectory_polynomial_piece__functions.h
[15.649s] -- Symlinking: /home/mouha/crazyflie/ros2_ws/install/crazyflie_interfaces/include/crazyflie_interfaces/crazyflie_interfaces/msg/detail/trajectory_polynomial_piece__struct.h
[15.656s] -- Symlinking: /home/mouha/crazyflie/ros2_ws/install/crazyflie_interfaces/include/crazyflie_interfaces/crazyflie_interfaces/msg/detail/trajectory_polynomial_piece__type_support.h
[15.664s] -- Symlinking: /home/mouha/crazyflie/ros2_ws/install/crazyflie_interfaces/include/crazyflie_interfaces/crazyflie_interfaces/msg/detail/velocity_world__functions.h
[15.670s] -- Symlinking: /home/mouha/crazyflie/ros2_ws/install/crazyflie_interfaces/include/crazyflie_interfaces/crazyflie_interfaces/msg/detail/velocity_world__struct.h
[15.677s] -- Symlinking: /home/mouha/crazyflie/ros2_ws/install/crazyflie_interfaces/include/crazyflie_interfaces/crazyflie_interfaces/msg/detail/velocity_world__type_support.h
[15.683s] -- Symlinking: /home/mouha/crazyflie/ros2_ws/install/crazyflie_interfaces/include/crazyflie_interfaces/crazyflie_interfaces/msg/full_state.h
[15.691s] -- Symlinking: /home/mouha/crazyflie/ros2_ws/install/crazyflie_interfaces/include/crazyflie_interfaces/crazyflie_interfaces/msg/hover.h
[15.699s] -- Symlinking: /home/mouha/crazyflie/ros2_ws/install/crazyflie_interfaces/include/crazyflie_interfaces/crazyflie_interfaces/msg/log_block.h
[15.705s] -- Symlinking: /home/mouha/crazyflie/ros2_ws/install/crazyflie_interfaces/include/crazyflie_interfaces/crazyflie_interfaces/msg/log_data_generic.h
[15.712s] -- Symlinking: /home/mouha/crazyflie/ros2_ws/install/crazyflie_interfaces/include/crazyflie_interfaces/crazyflie_interfaces/msg/position.h
[15.722s] -- Symlinking: /home/mouha/crazyflie/ros2_ws/install/crazyflie_interfaces/include/crazyflie_interfaces/crazyflie_interfaces/msg/rosidl_generator_c__visibility_control.h
[15.733s] -- Symlinking: /home/mouha/crazyflie/ros2_ws/install/crazyflie_interfaces/include/crazyflie_interfaces/crazyflie_interfaces/msg/status.h
[15.742s] -- Symlinking: /home/mouha/crazyflie/ros2_ws/install/crazyflie_interfaces/include/crazyflie_interfaces/crazyflie_interfaces/msg/trajectory_polynomial_piece.h
[15.751s] -- Symlinking: /home/mouha/crazyflie/ros2_ws/install/crazyflie_interfaces/include/crazyflie_interfaces/crazyflie_interfaces/msg/velocity_world.h
[15.758s] -- Symlinking: /home/mouha/crazyflie/ros2_ws/install/crazyflie_interfaces/include/crazyflie_interfaces/crazyflie_interfaces/srv/add_logging.h
[15.765s] -- Symlinking: /home/mouha/crazyflie/ros2_ws/install/crazyflie_interfaces/include/crazyflie_interfaces/crazyflie_interfaces/srv/arm.h
[15.772s] -- Symlinking: /home/mouha/crazyflie/ros2_ws/install/crazyflie_interfaces/include/crazyflie_interfaces/crazyflie_interfaces/srv/detail/add_logging__functions.h
[15.778s] -- Symlinking: /home/mouha/crazyflie/ros2_ws/install/crazyflie_interfaces/include/crazyflie_interfaces/crazyflie_interfaces/srv/detail/add_logging__struct.h
[15.785s] -- Symlinking: /home/mouha/crazyflie/ros2_ws/install/crazyflie_interfaces/include/crazyflie_interfaces/crazyflie_interfaces/srv/detail/add_logging__type_support.h
[15.792s] -- Symlinking: /home/mouha/crazyflie/ros2_ws/install/crazyflie_interfaces/include/crazyflie_interfaces/crazyflie_interfaces/srv/detail/arm__functions.h
[15.798s] -- Symlinking: /home/mouha/crazyflie/ros2_ws/install/crazyflie_interfaces/include/crazyflie_interfaces/crazyflie_interfaces/srv/detail/arm__struct.h
[15.805s] -- Symlinking: /home/mouha/crazyflie/ros2_ws/install/crazyflie_interfaces/include/crazyflie_interfaces/crazyflie_interfaces/srv/detail/arm__type_support.h
[15.811s] -- Symlinking: /home/mouha/crazyflie/ros2_ws/install/crazyflie_interfaces/include/crazyflie_interfaces/crazyflie_interfaces/srv/detail/go_to__functions.h
[15.818s] -- Symlinking: /home/mouha/crazyflie/ros2_ws/install/crazyflie_interfaces/include/crazyflie_interfaces/crazyflie_interfaces/srv/detail/go_to__struct.h
[15.824s] -- Symlinking: /home/mouha/crazyflie/ros2_ws/install/crazyflie_interfaces/include/crazyflie_interfaces/crazyflie_interfaces/srv/detail/go_to__type_support.h
[15.831s] -- Symlinking: /home/mouha/crazyflie/ros2_ws/install/crazyflie_interfaces/include/crazyflie_interfaces/crazyflie_interfaces/srv/detail/land__functions.h
[15.838s] -- Symlinking: /home/mouha/crazyflie/ros2_ws/install/crazyflie_interfaces/include/crazyflie_interfaces/crazyflie_interfaces/srv/detail/land__struct.h
[15.844s] -- Symlinking: /home/mouha/crazyflie/ros2_ws/install/crazyflie_interfaces/include/crazyflie_interfaces/crazyflie_interfaces/srv/detail/land__type_support.h
[15.851s] -- Symlinking: /home/mouha/crazyflie/ros2_ws/install/crazyflie_interfaces/include/crazyflie_interfaces/crazyflie_interfaces/srv/detail/notify_setpoints_stop__functions.h
[15.860s] -- Symlinking: /home/mouha/crazyflie/ros2_ws/install/crazyflie_interfaces/include/crazyflie_interfaces/crazyflie_interfaces/srv/detail/notify_setpoints_stop__struct.h
[15.867s] -- Symlinking: /home/mouha/crazyflie/ros2_ws/install/crazyflie_interfaces/include/crazyflie_interfaces/crazyflie_interfaces/srv/detail/notify_setpoints_stop__type_support.h
[15.874s] -- Symlinking: /home/mouha/crazyflie/ros2_ws/install/crazyflie_interfaces/include/crazyflie_interfaces/crazyflie_interfaces/srv/detail/remove_logging__functions.h
[15.880s] -- Symlinking: /home/mouha/crazyflie/ros2_ws/install/crazyflie_interfaces/include/crazyflie_interfaces/crazyflie_interfaces/srv/detail/remove_logging__struct.h
[15.887s] -- Symlinking: /home/mouha/crazyflie/ros2_ws/install/crazyflie_interfaces/include/crazyflie_interfaces/crazyflie_interfaces/srv/detail/remove_logging__type_support.h
[15.893s] -- Symlinking: /home/mouha/crazyflie/ros2_ws/install/crazyflie_interfaces/include/crazyflie_interfaces/crazyflie_interfaces/srv/detail/set_group_mask__functions.h
[15.900s] -- Symlinking: /home/mouha/crazyflie/ros2_ws/install/crazyflie_interfaces/include/crazyflie_interfaces/crazyflie_interfaces/srv/detail/set_group_mask__struct.h
[15.906s] -- Symlinking: /home/mouha/crazyflie/ros2_ws/install/crazyflie_interfaces/include/crazyflie_interfaces/crazyflie_interfaces/srv/detail/set_group_mask__type_support.h
[15.913s] -- Symlinking: /home/mouha/crazyflie/ros2_ws/install/crazyflie_interfaces/include/crazyflie_interfaces/crazyflie_interfaces/srv/detail/start_trajectory__functions.h
[15.920s] -- Symlinking: /home/mouha/crazyflie/ros2_ws/install/crazyflie_interfaces/include/crazyflie_interfaces/crazyflie_interfaces/srv/detail/start_trajectory__struct.h
[15.926s] -- Symlinking: /home/mouha/crazyflie/ros2_ws/install/crazyflie_interfaces/include/crazyflie_interfaces/crazyflie_interfaces/srv/detail/start_trajectory__type_support.h
[15.933s] -- Symlinking: /home/mouha/crazyflie/ros2_ws/install/crazyflie_interfaces/include/crazyflie_interfaces/crazyflie_interfaces/srv/detail/stop__functions.h
[15.939s] -- Symlinking: /home/mouha/crazyflie/ros2_ws/install/crazyflie_interfaces/include/crazyflie_interfaces/crazyflie_interfaces/srv/detail/stop__struct.h
[15.946s] -- Symlinking: /home/mouha/crazyflie/ros2_ws/install/crazyflie_interfaces/include/crazyflie_interfaces/crazyflie_interfaces/srv/detail/stop__type_support.h
[15.953s] -- Symlinking: /home/mouha/crazyflie/ros2_ws/install/crazyflie_interfaces/include/crazyflie_interfaces/crazyflie_interfaces/srv/detail/takeoff__functions.h
[15.960s] -- Symlinking: /home/mouha/crazyflie/ros2_ws/install/crazyflie_interfaces/include/crazyflie_interfaces/crazyflie_interfaces/srv/detail/takeoff__struct.h
[15.967s] -- Symlinking: /home/mouha/crazyflie/ros2_ws/install/crazyflie_interfaces/include/crazyflie_interfaces/crazyflie_interfaces/srv/detail/takeoff__type_support.h
[15.974s] -- Symlinking: /home/mouha/crazyflie/ros2_ws/install/crazyflie_interfaces/include/crazyflie_interfaces/crazyflie_interfaces/srv/detail/update_params__functions.h
[15.980s] -- Symlinking: /home/mouha/crazyflie/ros2_ws/install/crazyflie_interfaces/include/crazyflie_interfaces/crazyflie_interfaces/srv/detail/update_params__struct.h
[15.987s] -- Symlinking: /home/mouha/crazyflie/ros2_ws/install/crazyflie_interfaces/include/crazyflie_interfaces/crazyflie_interfaces/srv/detail/update_params__type_support.h
[15.993s] -- Symlinking: /home/mouha/crazyflie/ros2_ws/install/crazyflie_interfaces/include/crazyflie_interfaces/crazyflie_interfaces/srv/detail/upload_trajectory__functions.h
[16.000s] -- Symlinking: /home/mouha/crazyflie/ros2_ws/install/crazyflie_interfaces/include/crazyflie_interfaces/crazyflie_interfaces/srv/detail/upload_trajectory__struct.h
[16.006s] -- Symlinking: /home/mouha/crazyflie/ros2_ws/install/crazyflie_interfaces/include/crazyflie_interfaces/crazyflie_interfaces/srv/detail/upload_trajectory__type_support.h
[16.013s] -- Symlinking: /home/mouha/crazyflie/ros2_ws/install/crazyflie_interfaces/include/crazyflie_interfaces/crazyflie_interfaces/srv/go_to.h
[16.020s] -- Symlinking: /home/mouha/crazyflie/ros2_ws/install/crazyflie_interfaces/include/crazyflie_interfaces/crazyflie_interfaces/srv/land.h
[16.026s] -- Symlinking: /home/mouha/crazyflie/ros2_ws/install/crazyflie_interfaces/include/crazyflie_interfaces/crazyflie_interfaces/srv/notify_setpoints_stop.h
[16.033s] -- Symlinking: /home/mouha/crazyflie/ros2_ws/install/crazyflie_interfaces/include/crazyflie_interfaces/crazyflie_interfaces/srv/remove_logging.h
[16.039s] -- Symlinking: /home/mouha/crazyflie/ros2_ws/install/crazyflie_interfaces/include/crazyflie_interfaces/crazyflie_interfaces/srv/set_group_mask.h
[16.046s] -- Symlinking: /home/mouha/crazyflie/ros2_ws/install/crazyflie_interfaces/include/crazyflie_interfaces/crazyflie_interfaces/srv/start_trajectory.h
[16.052s] -- Symlinking: /home/mouha/crazyflie/ros2_ws/install/crazyflie_interfaces/include/crazyflie_interfaces/crazyflie_interfaces/srv/stop.h
[16.059s] -- Symlinking: /home/mouha/crazyflie/ros2_ws/install/crazyflie_interfaces/include/crazyflie_interfaces/crazyflie_interfaces/srv/takeoff.h
[16.066s] -- Symlinking: /home/mouha/crazyflie/ros2_ws/install/crazyflie_interfaces/include/crazyflie_interfaces/crazyflie_interfaces/srv/update_params.h
[16.072s] -- Symlinking: /home/mouha/crazyflie/ros2_ws/install/crazyflie_interfaces/include/crazyflie_interfaces/crazyflie_interfaces/srv/upload_trajectory.h
[16.079s] -- Symlinking: /home/mouha/crazyflie/ros2_ws/install/crazyflie_interfaces/share/crazyflie_interfaces/environment/library_path.sh
[16.085s] -- Symlinking: /home/mouha/crazyflie/ros2_ws/install/crazyflie_interfaces/share/crazyflie_interfaces/environment/library_path.dsv
[16.093s] -- Symlinking: /home/mouha/crazyflie/ros2_ws/install/crazyflie_interfaces/include/crazyflie_interfaces/crazyflie_interfaces/msg/detail/connection_statistics__rosidl_typesupport_fastrtps_c.h
[16.099s] -- Symlinking: /home/mouha/crazyflie/ros2_ws/install/crazyflie_interfaces/include/crazyflie_interfaces/crazyflie_interfaces/msg/detail/connection_statistics_array__rosidl_typesupport_fastrtps_c.h
[16.108s] -- Symlinking: /home/mouha/crazyflie/ros2_ws/install/crazyflie_interfaces/include/crazyflie_interfaces/crazyflie_interfaces/msg/detail/full_state__rosidl_typesupport_fastrtps_c.h
[16.115s] -- Symlinking: /home/mouha/crazyflie/ros2_ws/install/crazyflie_interfaces/include/crazyflie_interfaces/crazyflie_interfaces/msg/detail/hover__rosidl_typesupport_fastrtps_c.h
[16.121s] -- Symlinking: /home/mouha/crazyflie/ros2_ws/install/crazyflie_interfaces/include/crazyflie_interfaces/crazyflie_interfaces/msg/detail/log_block__rosidl_typesupport_fastrtps_c.h
[16.128s] -- Symlinking: /home/mouha/crazyflie/ros2_ws/install/crazyflie_interfaces/include/crazyflie_interfaces/crazyflie_interfaces/msg/detail/log_data_generic__rosidl_typesupport_fastrtps_c.h
[16.134s] -- Symlinking: /home/mouha/crazyflie/ros2_ws/install/crazyflie_interfaces/include/crazyflie_interfaces/crazyflie_interfaces/msg/detail/position__rosidl_typesupport_fastrtps_c.h
[16.141s] -- Symlinking: /home/mouha/crazyflie/ros2_ws/install/crazyflie_interfaces/include/crazyflie_interfaces/crazyflie_interfaces/msg/detail/status__rosidl_typesupport_fastrtps_c.h
[16.147s] -- Symlinking: /home/mouha/crazyflie/ros2_ws/install/crazyflie_interfaces/include/crazyflie_interfaces/crazyflie_interfaces/msg/detail/trajectory_polynomial_piece__rosidl_typesupport_fastrtps_c.h
[16.154s] -- Symlinking: /home/mouha/crazyflie/ros2_ws/install/crazyflie_interfaces/include/crazyflie_interfaces/crazyflie_interfaces/msg/detail/velocity_world__rosidl_typesupport_fastrtps_c.h
[16.160s] -- Symlinking: /home/mouha/crazyflie/ros2_ws/install/crazyflie_interfaces/include/crazyflie_interfaces/crazyflie_interfaces/msg/rosidl_typesupport_fastrtps_c__visibility_control.h
[16.167s] -- Symlinking: /home/mouha/crazyflie/ros2_ws/install/crazyflie_interfaces/include/crazyflie_interfaces/crazyflie_interfaces/srv/detail/add_logging__rosidl_typesupport_fastrtps_c.h
[16.174s] -- Symlinking: /home/mouha/crazyflie/ros2_ws/install/crazyflie_interfaces/include/crazyflie_interfaces/crazyflie_interfaces/srv/detail/arm__rosidl_typesupport_fastrtps_c.h
[16.180s] -- Symlinking: /home/mouha/crazyflie/ros2_ws/install/crazyflie_interfaces/include/crazyflie_interfaces/crazyflie_interfaces/srv/detail/go_to__rosidl_typesupport_fastrtps_c.h
[16.187s] -- Symlinking: /home/mouha/crazyflie/ros2_ws/install/crazyflie_interfaces/include/crazyflie_interfaces/crazyflie_interfaces/srv/detail/land__rosidl_typesupport_fastrtps_c.h
[16.194s] -- Symlinking: /home/mouha/crazyflie/ros2_ws/install/crazyflie_interfaces/include/crazyflie_interfaces/crazyflie_interfaces/srv/detail/notify_setpoints_stop__rosidl_typesupport_fastrtps_c.h
[16.200s] -- Symlinking: /home/mouha/crazyflie/ros2_ws/install/crazyflie_interfaces/include/crazyflie_interfaces/crazyflie_interfaces/srv/detail/remove_logging__rosidl_typesupport_fastrtps_c.h
[16.207s] -- Symlinking: /home/mouha/crazyflie/ros2_ws/install/crazyflie_interfaces/include/crazyflie_interfaces/crazyflie_interfaces/srv/detail/set_group_mask__rosidl_typesupport_fastrtps_c.h
[16.213s] -- Symlinking: /home/mouha/crazyflie/ros2_ws/install/crazyflie_interfaces/include/crazyflie_interfaces/crazyflie_interfaces/srv/detail/start_trajectory__rosidl_typesupport_fastrtps_c.h
[16.219s] -- Symlinking: /home/mouha/crazyflie/ros2_ws/install/crazyflie_interfaces/include/crazyflie_interfaces/crazyflie_interfaces/srv/detail/stop__rosidl_typesupport_fastrtps_c.h
[16.225s] -- Symlinking: /home/mouha/crazyflie/ros2_ws/install/crazyflie_interfaces/include/crazyflie_interfaces/crazyflie_interfaces/srv/detail/takeoff__rosidl_typesupport_fastrtps_c.h
[16.231s] -- Symlinking: /home/mouha/crazyflie/ros2_ws/install/crazyflie_interfaces/include/crazyflie_interfaces/crazyflie_interfaces/srv/detail/update_params__rosidl_typesupport_fastrtps_c.h
[16.237s] -- Symlinking: /home/mouha/crazyflie/ros2_ws/install/crazyflie_interfaces/include/crazyflie_interfaces/crazyflie_interfaces/srv/detail/upload_trajectory__rosidl_typesupport_fastrtps_c.h
[16.243s] -- Symlinking: /home/mouha/crazyflie/ros2_ws/install/crazyflie_interfaces/include/crazyflie_interfaces/crazyflie_interfaces/msg/connection_statistics.hpp
[16.249s] -- Symlinking: /home/mouha/crazyflie/ros2_ws/install/crazyflie_interfaces/include/crazyflie_interfaces/crazyflie_interfaces/msg/connection_statistics_array.hpp
[16.255s] -- Symlinking: /home/mouha/crazyflie/ros2_ws/install/crazyflie_interfaces/include/crazyflie_interfaces/crazyflie_interfaces/msg/detail/connection_statistics__builder.hpp
[16.262s] -- Symlinking: /home/mouha/crazyflie/ros2_ws/install/crazyflie_interfaces/include/crazyflie_interfaces/crazyflie_interfaces/msg/detail/connection_statistics__struct.hpp
[16.268s] -- Symlinking: /home/mouha/crazyflie/ros2_ws/install/crazyflie_interfaces/include/crazyflie_interfaces/crazyflie_interfaces/msg/detail/connection_statistics__traits.hpp
[16.273s] -- Symlinking: /home/mouha/crazyflie/ros2_ws/install/crazyflie_interfaces/include/crazyflie_interfaces/crazyflie_interfaces/msg/detail/connection_statistics__type_support.hpp
[16.279s] -- Symlinking: /home/mouha/crazyflie/ros2_ws/install/crazyflie_interfaces/include/crazyflie_interfaces/crazyflie_interfaces/msg/detail/connection_statistics_array__builder.hpp
[16.285s] -- Symlinking: /home/mouha/crazyflie/ros2_ws/install/crazyflie_interfaces/include/crazyflie_interfaces/crazyflie_interfaces/msg/detail/connection_statistics_array__struct.hpp
[16.291s] -- Symlinking: /home/mouha/crazyflie/ros2_ws/install/crazyflie_interfaces/include/crazyflie_interfaces/crazyflie_interfaces/msg/detail/connection_statistics_array__traits.hpp
[16.297s] -- Symlinking: /home/mouha/crazyflie/ros2_ws/install/crazyflie_interfaces/include/crazyflie_interfaces/crazyflie_interfaces/msg/detail/connection_statistics_array__type_support.hpp
[16.303s] -- Symlinking: /home/mouha/crazyflie/ros2_ws/install/crazyflie_interfaces/include/crazyflie_interfaces/crazyflie_interfaces/msg/detail/full_state__builder.hpp
[16.309s] -- Symlinking: /home/mouha/crazyflie/ros2_ws/install/crazyflie_interfaces/include/crazyflie_interfaces/crazyflie_interfaces/msg/detail/full_state__struct.hpp
[16.315s] -- Symlinking: /home/mouha/crazyflie/ros2_ws/install/crazyflie_interfaces/include/crazyflie_interfaces/crazyflie_interfaces/msg/detail/full_state__traits.hpp
[16.321s] -- Symlinking: /home/mouha/crazyflie/ros2_ws/install/crazyflie_interfaces/include/crazyflie_interfaces/crazyflie_interfaces/msg/detail/full_state__type_support.hpp
[16.327s] -- Symlinking: /home/mouha/crazyflie/ros2_ws/install/crazyflie_interfaces/include/crazyflie_interfaces/crazyflie_interfaces/msg/detail/hover__builder.hpp
[16.333s] -- Symlinking: /home/mouha/crazyflie/ros2_ws/install/crazyflie_interfaces/include/crazyflie_interfaces/crazyflie_interfaces/msg/detail/hover__struct.hpp
[16.339s] -- Symlinking: /home/mouha/crazyflie/ros2_ws/install/crazyflie_interfaces/include/crazyflie_interfaces/crazyflie_interfaces/msg/detail/hover__traits.hpp
[16.345s] -- Symlinking: /home/mouha/crazyflie/ros2_ws/install/crazyflie_interfaces/include/crazyflie_interfaces/crazyflie_interfaces/msg/detail/hover__type_support.hpp
[16.351s] -- Symlinking: /home/mouha/crazyflie/ros2_ws/install/crazyflie_interfaces/include/crazyflie_interfaces/crazyflie_interfaces/msg/detail/log_block__builder.hpp
[16.359s] -- Symlinking: /home/mouha/crazyflie/ros2_ws/install/crazyflie_interfaces/include/crazyflie_interfaces/crazyflie_interfaces/msg/detail/log_block__struct.hpp
[16.366s] -- Symlinking: /home/mouha/crazyflie/ros2_ws/install/crazyflie_interfaces/include/crazyflie_interfaces/crazyflie_interfaces/msg/detail/log_block__traits.hpp
[16.372s] -- Symlinking: /home/mouha/crazyflie/ros2_ws/install/crazyflie_interfaces/include/crazyflie_interfaces/crazyflie_interfaces/msg/detail/log_block__type_support.hpp
[16.378s] -- Symlinking: /home/mouha/crazyflie/ros2_ws/install/crazyflie_interfaces/include/crazyflie_interfaces/crazyflie_interfaces/msg/detail/log_data_generic__builder.hpp
[16.384s] -- Symlinking: /home/mouha/crazyflie/ros2_ws/install/crazyflie_interfaces/include/crazyflie_interfaces/crazyflie_interfaces/msg/detail/log_data_generic__struct.hpp
[16.390s] -- Symlinking: /home/mouha/crazyflie/ros2_ws/install/crazyflie_interfaces/include/crazyflie_interfaces/crazyflie_interfaces/msg/detail/log_data_generic__traits.hpp
[16.397s] -- Symlinking: /home/mouha/crazyflie/ros2_ws/install/crazyflie_interfaces/include/crazyflie_interfaces/crazyflie_interfaces/msg/detail/log_data_generic__type_support.hpp
[16.402s] -- Symlinking: /home/mouha/crazyflie/ros2_ws/install/crazyflie_interfaces/include/crazyflie_interfaces/crazyflie_interfaces/msg/detail/position__builder.hpp
[16.409s] -- Symlinking: /home/mouha/crazyflie/ros2_ws/install/crazyflie_interfaces/include/crazyflie_interfaces/crazyflie_interfaces/msg/detail/position__struct.hpp
[16.414s] -- Symlinking: /home/mouha/crazyflie/ros2_ws/install/crazyflie_interfaces/include/crazyflie_interfaces/crazyflie_interfaces/msg/detail/position__traits.hpp
[16.420s] -- Symlinking: /home/mouha/crazyflie/ros2_ws/install/crazyflie_interfaces/include/crazyflie_interfaces/crazyflie_interfaces/msg/detail/position__type_support.hpp
[16.426s] -- Symlinking: /home/mouha/crazyflie/ros2_ws/install/crazyflie_interfaces/include/crazyflie_interfaces/crazyflie_interfaces/msg/detail/status__builder.hpp
[16.432s] -- Symlinking: /home/mouha/crazyflie/ros2_ws/install/crazyflie_interfaces/include/crazyflie_interfaces/crazyflie_interfaces/msg/detail/status__struct.hpp
[16.438s] -- Symlinking: /home/mouha/crazyflie/ros2_ws/install/crazyflie_interfaces/include/crazyflie_interfaces/crazyflie_interfaces/msg/detail/status__traits.hpp
[16.444s] -- Symlinking: /home/mouha/crazyflie/ros2_ws/install/crazyflie_interfaces/include/crazyflie_interfaces/crazyflie_interfaces/msg/detail/status__type_support.hpp
[16.450s] -- Symlinking: /home/mouha/crazyflie/ros2_ws/install/crazyflie_interfaces/include/crazyflie_interfaces/crazyflie_interfaces/msg/detail/trajectory_polynomial_piece__builder.hpp
[16.456s] -- Symlinking: /home/mouha/crazyflie/ros2_ws/install/crazyflie_interfaces/include/crazyflie_interfaces/crazyflie_interfaces/msg/detail/trajectory_polynomial_piece__struct.hpp
[16.463s] -- Symlinking: /home/mouha/crazyflie/ros2_ws/install/crazyflie_interfaces/include/crazyflie_interfaces/crazyflie_interfaces/msg/detail/trajectory_polynomial_piece__traits.hpp
[16.469s] -- Symlinking: /home/mouha/crazyflie/ros2_ws/install/crazyflie_interfaces/include/crazyflie_interfaces/crazyflie_interfaces/msg/detail/trajectory_polynomial_piece__type_support.hpp
[16.476s] -- Symlinking: /home/mouha/crazyflie/ros2_ws/install/crazyflie_interfaces/include/crazyflie_interfaces/crazyflie_interfaces/msg/detail/velocity_world__builder.hpp
[16.482s] -- Symlinking: /home/mouha/crazyflie/ros2_ws/install/crazyflie_interfaces/include/crazyflie_interfaces/crazyflie_interfaces/msg/detail/velocity_world__struct.hpp
[16.488s] -- Symlinking: /home/mouha/crazyflie/ros2_ws/install/crazyflie_interfaces/include/crazyflie_interfaces/crazyflie_interfaces/msg/detail/velocity_world__traits.hpp
[16.494s] -- Symlinking: /home/mouha/crazyflie/ros2_ws/install/crazyflie_interfaces/include/crazyflie_interfaces/crazyflie_interfaces/msg/detail/velocity_world__type_support.hpp
[16.501s] -- Symlinking: /home/mouha/crazyflie/ros2_ws/install/crazyflie_interfaces/include/crazyflie_interfaces/crazyflie_interfaces/msg/full_state.hpp
[16.507s] -- Symlinking: /home/mouha/crazyflie/ros2_ws/install/crazyflie_interfaces/include/crazyflie_interfaces/crazyflie_interfaces/msg/hover.hpp
[16.514s] -- Symlinking: /home/mouha/crazyflie/ros2_ws/install/crazyflie_interfaces/include/crazyflie_interfaces/crazyflie_interfaces/msg/log_block.hpp
[16.520s] -- Symlinking: /home/mouha/crazyflie/ros2_ws/install/crazyflie_interfaces/include/crazyflie_interfaces/crazyflie_interfaces/msg/log_data_generic.hpp
[16.526s] -- Symlinking: /home/mouha/crazyflie/ros2_ws/install/crazyflie_interfaces/include/crazyflie_interfaces/crazyflie_interfaces/msg/position.hpp
[16.532s] -- Symlinking: /home/mouha/crazyflie/ros2_ws/install/crazyflie_interfaces/include/crazyflie_interfaces/crazyflie_interfaces/msg/rosidl_generator_cpp__visibility_control.hpp
[16.538s] -- Symlinking: /home/mouha/crazyflie/ros2_ws/install/crazyflie_interfaces/include/crazyflie_interfaces/crazyflie_interfaces/msg/status.hpp
[16.544s] -- Symlinking: /home/mouha/crazyflie/ros2_ws/install/crazyflie_interfaces/include/crazyflie_interfaces/crazyflie_interfaces/msg/trajectory_polynomial_piece.hpp
[16.551s] -- Symlinking: /home/mouha/crazyflie/ros2_ws/install/crazyflie_interfaces/include/crazyflie_interfaces/crazyflie_interfaces/msg/velocity_world.hpp
[16.558s] -- Symlinking: /home/mouha/crazyflie/ros2_ws/install/crazyflie_interfaces/include/crazyflie_interfaces/crazyflie_interfaces/srv/add_logging.hpp
[16.564s] -- Symlinking: /home/mouha/crazyflie/ros2_ws/install/crazyflie_interfaces/include/crazyflie_interfaces/crazyflie_interfaces/srv/arm.hpp
[16.571s] -- Symlinking: /home/mouha/crazyflie/ros2_ws/install/crazyflie_interfaces/include/crazyflie_interfaces/crazyflie_interfaces/srv/detail/add_logging__builder.hpp
[16.577s] -- Symlinking: /home/mouha/crazyflie/ros2_ws/install/crazyflie_interfaces/include/crazyflie_interfaces/crazyflie_interfaces/srv/detail/add_logging__struct.hpp
[16.584s] -- Symlinking: /home/mouha/crazyflie/ros2_ws/install/crazyflie_interfaces/include/crazyflie_interfaces/crazyflie_interfaces/srv/detail/add_logging__traits.hpp
[16.590s] -- Symlinking: /home/mouha/crazyflie/ros2_ws/install/crazyflie_interfaces/include/crazyflie_interfaces/crazyflie_interfaces/srv/detail/add_logging__type_support.hpp
[16.596s] -- Symlinking: /home/mouha/crazyflie/ros2_ws/install/crazyflie_interfaces/include/crazyflie_interfaces/crazyflie_interfaces/srv/detail/arm__builder.hpp
[16.603s] -- Symlinking: /home/mouha/crazyflie/ros2_ws/install/crazyflie_interfaces/include/crazyflie_interfaces/crazyflie_interfaces/srv/detail/arm__struct.hpp
[16.612s] -- Symlinking: /home/mouha/crazyflie/ros2_ws/install/crazyflie_interfaces/include/crazyflie_interfaces/crazyflie_interfaces/srv/detail/arm__traits.hpp
[16.618s] -- Symlinking: /home/mouha/crazyflie/ros2_ws/install/crazyflie_interfaces/include/crazyflie_interfaces/crazyflie_interfaces/srv/detail/arm__type_support.hpp
[16.625s] -- Symlinking: /home/mouha/crazyflie/ros2_ws/install/crazyflie_interfaces/include/crazyflie_interfaces/crazyflie_interfaces/srv/detail/go_to__builder.hpp
[16.631s] -- Symlinking: /home/mouha/crazyflie/ros2_ws/install/crazyflie_interfaces/include/crazyflie_interfaces/crazyflie_interfaces/srv/detail/go_to__struct.hpp
[16.638s] -- Symlinking: /home/mouha/crazyflie/ros2_ws/install/crazyflie_interfaces/include/crazyflie_interfaces/crazyflie_interfaces/srv/detail/go_to__traits.hpp
[16.644s] -- Symlinking: /home/mouha/crazyflie/ros2_ws/install/crazyflie_interfaces/include/crazyflie_interfaces/crazyflie_interfaces/srv/detail/go_to__type_support.hpp
[16.650s] -- Symlinking: /home/mouha/crazyflie/ros2_ws/install/crazyflie_interfaces/include/crazyflie_interfaces/crazyflie_interfaces/srv/detail/land__builder.hpp
[16.657s] -- Symlinking: /home/mouha/crazyflie/ros2_ws/install/crazyflie_interfaces/include/crazyflie_interfaces/crazyflie_interfaces/srv/detail/land__struct.hpp
[16.664s] -- Symlinking: /home/mouha/crazyflie/ros2_ws/install/crazyflie_interfaces/include/crazyflie_interfaces/crazyflie_interfaces/srv/detail/land__traits.hpp
[16.670s] -- Symlinking: /home/mouha/crazyflie/ros2_ws/install/crazyflie_interfaces/include/crazyflie_interfaces/crazyflie_interfaces/srv/detail/land__type_support.hpp
[16.676s] -- Symlinking: /home/mouha/crazyflie/ros2_ws/install/crazyflie_interfaces/include/crazyflie_interfaces/crazyflie_interfaces/srv/detail/notify_setpoints_stop__builder.hpp
[16.683s] -- Symlinking: /home/mouha/crazyflie/ros2_ws/install/crazyflie_interfaces/include/crazyflie_interfaces/crazyflie_interfaces/srv/detail/notify_setpoints_stop__struct.hpp
[16.689s] -- Symlinking: /home/mouha/crazyflie/ros2_ws/install/crazyflie_interfaces/include/crazyflie_interfaces/crazyflie_interfaces/srv/detail/notify_setpoints_stop__traits.hpp
[16.696s] -- Symlinking: /home/mouha/crazyflie/ros2_ws/install/crazyflie_interfaces/include/crazyflie_interfaces/crazyflie_interfaces/srv/detail/notify_setpoints_stop__type_support.hpp
[16.703s] -- Symlinking: /home/mouha/crazyflie/ros2_ws/install/crazyflie_interfaces/include/crazyflie_interfaces/crazyflie_interfaces/srv/detail/remove_logging__builder.hpp
[16.709s] -- Symlinking: /home/mouha/crazyflie/ros2_ws/install/crazyflie_interfaces/include/crazyflie_interfaces/crazyflie_interfaces/srv/detail/remove_logging__struct.hpp
[16.716s] -- Symlinking: /home/mouha/crazyflie/ros2_ws/install/crazyflie_interfaces/include/crazyflie_interfaces/crazyflie_interfaces/srv/detail/remove_logging__traits.hpp
[16.722s] -- Symlinking: /home/mouha/crazyflie/ros2_ws/install/crazyflie_interfaces/include/crazyflie_interfaces/crazyflie_interfaces/srv/detail/remove_logging__type_support.hpp
[16.730s] -- Symlinking: /home/mouha/crazyflie/ros2_ws/install/crazyflie_interfaces/include/crazyflie_interfaces/crazyflie_interfaces/srv/detail/set_group_mask__builder.hpp
[16.737s] -- Symlinking: /home/mouha/crazyflie/ros2_ws/install/crazyflie_interfaces/include/crazyflie_interfaces/crazyflie_interfaces/srv/detail/set_group_mask__struct.hpp
[16.744s] -- Symlinking: /home/mouha/crazyflie/ros2_ws/install/crazyflie_interfaces/include/crazyflie_interfaces/crazyflie_interfaces/srv/detail/set_group_mask__traits.hpp
[16.752s] -- Symlinking: /home/mouha/crazyflie/ros2_ws/install/crazyflie_interfaces/include/crazyflie_interfaces/crazyflie_interfaces/srv/detail/set_group_mask__type_support.hpp
[16.758s] -- Symlinking: /home/mouha/crazyflie/ros2_ws/install/crazyflie_interfaces/include/crazyflie_interfaces/crazyflie_interfaces/srv/detail/start_trajectory__builder.hpp
[16.765s] -- Symlinking: /home/mouha/crazyflie/ros2_ws/install/crazyflie_interfaces/include/crazyflie_interfaces/crazyflie_interfaces/srv/detail/start_trajectory__struct.hpp
[16.772s] -- Symlinking: /home/mouha/crazyflie/ros2_ws/install/crazyflie_interfaces/include/crazyflie_interfaces/crazyflie_interfaces/srv/detail/start_trajectory__traits.hpp
[16.778s] -- Symlinking: /home/mouha/crazyflie/ros2_ws/install/crazyflie_interfaces/include/crazyflie_interfaces/crazyflie_interfaces/srv/detail/start_trajectory__type_support.hpp
[16.785s] -- Symlinking: /home/mouha/crazyflie/ros2_ws/install/crazyflie_interfaces/include/crazyflie_interfaces/crazyflie_interfaces/srv/detail/stop__builder.hpp
[16.791s] -- Symlinking: /home/mouha/crazyflie/ros2_ws/install/crazyflie_interfaces/include/crazyflie_interfaces/crazyflie_interfaces/srv/detail/stop__struct.hpp
[16.797s] -- Symlinking: /home/mouha/crazyflie/ros2_ws/install/crazyflie_interfaces/include/crazyflie_interfaces/crazyflie_interfaces/srv/detail/stop__traits.hpp
[16.804s] -- Symlinking: /home/mouha/crazyflie/ros2_ws/install/crazyflie_interfaces/include/crazyflie_interfaces/crazyflie_interfaces/srv/detail/stop__type_support.hpp
[16.810s] -- Symlinking: /home/mouha/crazyflie/ros2_ws/install/crazyflie_interfaces/include/crazyflie_interfaces/crazyflie_interfaces/srv/detail/takeoff__builder.hpp
[16.817s] -- Symlinking: /home/mouha/crazyflie/ros2_ws/install/crazyflie_interfaces/include/crazyflie_interfaces/crazyflie_interfaces/srv/detail/takeoff__struct.hpp
[16.823s] -- Symlinking: /home/mouha/crazyflie/ros2_ws/install/crazyflie_interfaces/include/crazyflie_interfaces/crazyflie_interfaces/srv/detail/takeoff__traits.hpp
[16.829s] -- Symlinking: /home/mouha/crazyflie/ros2_ws/install/crazyflie_interfaces/include/crazyflie_interfaces/crazyflie_interfaces/srv/detail/takeoff__type_support.hpp
[16.836s] -- Symlinking: /home/mouha/crazyflie/ros2_ws/install/crazyflie_interfaces/include/crazyflie_interfaces/crazyflie_interfaces/srv/detail/update_params__builder.hpp
[16.842s] -- Symlinking: /home/mouha/crazyflie/ros2_ws/install/crazyflie_interfaces/include/crazyflie_interfaces/crazyflie_interfaces/srv/detail/update_params__struct.hpp
[16.849s] -- Symlinking: /home/mouha/crazyflie/ros2_ws/install/crazyflie_interfaces/include/crazyflie_interfaces/crazyflie_interfaces/srv/detail/update_params__traits.hpp
[16.857s] -- Symlinking: /home/mouha/crazyflie/ros2_ws/install/crazyflie_interfaces/include/crazyflie_interfaces/crazyflie_interfaces/srv/detail/update_params__type_support.hpp
[16.864s] -- Symlinking: /home/mouha/crazyflie/ros2_ws/install/crazyflie_interfaces/include/crazyflie_interfaces/crazyflie_interfaces/srv/detail/upload_trajectory__builder.hpp
[16.871s] -- Symlinking: /home/mouha/crazyflie/ros2_ws/install/crazyflie_interfaces/include/crazyflie_interfaces/crazyflie_interfaces/srv/detail/upload_trajectory__struct.hpp
[16.878s] -- Symlinking: /home/mouha/crazyflie/ros2_ws/install/crazyflie_interfaces/include/crazyflie_interfaces/crazyflie_interfaces/srv/detail/upload_trajectory__traits.hpp
[16.885s] -- Symlinking: /home/mouha/crazyflie/ros2_ws/install/crazyflie_interfaces/include/crazyflie_interfaces/crazyflie_interfaces/srv/detail/upload_trajectory__type_support.hpp
[16.892s] -- Symlinking: /home/mouha/crazyflie/ros2_ws/install/crazyflie_interfaces/include/crazyflie_interfaces/crazyflie_interfaces/srv/go_to.hpp
[16.899s] -- Symlinking: /home/mouha/crazyflie/ros2_ws/install/crazyflie_interfaces/include/crazyflie_interfaces/crazyflie_interfaces/srv/land.hpp
[16.906s] -- Symlinking: /home/mouha/crazyflie/ros2_ws/install/crazyflie_interfaces/include/crazyflie_interfaces/crazyflie_interfaces/srv/notify_setpoints_stop.hpp
[16.912s] -- Symlinking: /home/mouha/crazyflie/ros2_ws/install/crazyflie_interfaces/include/crazyflie_interfaces/crazyflie_interfaces/srv/remove_logging.hpp
[16.919s] -- Symlinking: /home/mouha/crazyflie/ros2_ws/install/crazyflie_interfaces/include/crazyflie_interfaces/crazyflie_interfaces/srv/set_group_mask.hpp
[16.926s] -- Symlinking: /home/mouha/crazyflie/ros2_ws/install/crazyflie_interfaces/include/crazyflie_interfaces/crazyflie_interfaces/srv/start_trajectory.hpp
[16.932s] -- Symlinking: /home/mouha/crazyflie/ros2_ws/install/crazyflie_interfaces/include/crazyflie_interfaces/crazyflie_interfaces/srv/stop.hpp
[16.939s] -- Symlinking: /home/mouha/crazyflie/ros2_ws/install/crazyflie_interfaces/include/crazyflie_interfaces/crazyflie_interfaces/srv/takeoff.hpp
[16.946s] -- Symlinking: /home/mouha/crazyflie/ros2_ws/install/crazyflie_interfaces/include/crazyflie_interfaces/crazyflie_interfaces/srv/update_params.hpp
[16.953s] -- Symlinking: /home/mouha/crazyflie/ros2_ws/install/crazyflie_interfaces/include/crazyflie_interfaces/crazyflie_interfaces/srv/upload_trajectory.hpp
[16.960s] -- Symlinking: /home/mouha/crazyflie/ros2_ws/install/crazyflie_interfaces/include/crazyflie_interfaces/crazyflie_interfaces/msg/detail/connection_statistics__rosidl_typesupport_fastrtps_cpp.hpp
[16.967s] -- Symlinking: /home/mouha/crazyflie/ros2_ws/install/crazyflie_interfaces/include/crazyflie_interfaces/crazyflie_interfaces/msg/detail/connection_statistics_array__rosidl_typesupport_fastrtps_cpp.hpp
[16.974s] -- Symlinking: /home/mouha/crazyflie/ros2_ws/install/crazyflie_interfaces/include/crazyflie_interfaces/crazyflie_interfaces/msg/detail/full_state__rosidl_typesupport_fastrtps_cpp.hpp
[16.981s] -- Symlinking: /home/mouha/crazyflie/ros2_ws/install/crazyflie_interfaces/include/crazyflie_interfaces/crazyflie_interfaces/msg/detail/hover__rosidl_typesupport_fastrtps_cpp.hpp
[16.987s] -- Symlinking: /home/mouha/crazyflie/ros2_ws/install/crazyflie_interfaces/include/crazyflie_interfaces/crazyflie_interfaces/msg/detail/log_block__rosidl_typesupport_fastrtps_cpp.hpp
[16.994s] -- Symlinking: /home/mouha/crazyflie/ros2_ws/install/crazyflie_interfaces/include/crazyflie_interfaces/crazyflie_interfaces/msg/detail/log_data_generic__rosidl_typesupport_fastrtps_cpp.hpp
[17.001s] -- Symlinking: /home/mouha/crazyflie/ros2_ws/install/crazyflie_interfaces/include/crazyflie_interfaces/crazyflie_interfaces/msg/detail/position__rosidl_typesupport_fastrtps_cpp.hpp
[17.008s] -- Symlinking: /home/mouha/crazyflie/ros2_ws/install/crazyflie_interfaces/include/crazyflie_interfaces/crazyflie_interfaces/msg/detail/status__rosidl_typesupport_fastrtps_cpp.hpp
[17.014s] -- Symlinking: /home/mouha/crazyflie/ros2_ws/install/crazyflie_interfaces/include/crazyflie_interfaces/crazyflie_interfaces/msg/detail/trajectory_polynomial_piece__rosidl_typesupport_fastrtps_cpp.hpp
[17.021s] -- Symlinking: /home/mouha/crazyflie/ros2_ws/install/crazyflie_interfaces/include/crazyflie_interfaces/crazyflie_interfaces/msg/detail/velocity_world__rosidl_typesupport_fastrtps_cpp.hpp
[17.028s] -- Symlinking: /home/mouha/crazyflie/ros2_ws/install/crazyflie_interfaces/include/crazyflie_interfaces/crazyflie_interfaces/msg/rosidl_typesupport_fastrtps_cpp__visibility_control.h
[17.034s] -- Symlinking: /home/mouha/crazyflie/ros2_ws/install/crazyflie_interfaces/include/crazyflie_interfaces/crazyflie_interfaces/srv/detail/add_logging__rosidl_typesupport_fastrtps_cpp.hpp
[17.041s] -- Symlinking: /home/mouha/crazyflie/ros2_ws/install/crazyflie_interfaces/include/crazyflie_interfaces/crazyflie_interfaces/srv/detail/arm__rosidl_typesupport_fastrtps_cpp.hpp
[17.048s] -- Symlinking: /home/mouha/crazyflie/ros2_ws/install/crazyflie_interfaces/include/crazyflie_interfaces/crazyflie_interfaces/srv/detail/go_to__rosidl_typesupport_fastrtps_cpp.hpp
[17.055s] -- Symlinking: /home/mouha/crazyflie/ros2_ws/install/crazyflie_interfaces/include/crazyflie_interfaces/crazyflie_interfaces/srv/detail/land__rosidl_typesupport_fastrtps_cpp.hpp
[17.061s] -- Symlinking: /home/mouha/crazyflie/ros2_ws/install/crazyflie_interfaces/include/crazyflie_interfaces/crazyflie_interfaces/srv/detail/notify_setpoints_stop__rosidl_typesupport_fastrtps_cpp.hpp
[17.068s] -- Symlinking: /home/mouha/crazyflie/ros2_ws/install/crazyflie_interfaces/include/crazyflie_interfaces/crazyflie_interfaces/srv/detail/remove_logging__rosidl_typesupport_fastrtps_cpp.hpp
[17.075s] -- Symlinking: /home/mouha/crazyflie/ros2_ws/install/crazyflie_interfaces/include/crazyflie_interfaces/crazyflie_interfaces/srv/detail/set_group_mask__rosidl_typesupport_fastrtps_cpp.hpp
[17.082s] -- Symlinking: /home/mouha/crazyflie/ros2_ws/install/crazyflie_interfaces/include/crazyflie_interfaces/crazyflie_interfaces/srv/detail/start_trajectory__rosidl_typesupport_fastrtps_cpp.hpp
[17.089s] -- Symlinking: /home/mouha/crazyflie/ros2_ws/install/crazyflie_interfaces/include/crazyflie_interfaces/crazyflie_interfaces/srv/detail/stop__rosidl_typesupport_fastrtps_cpp.hpp
[17.095s] -- Symlinking: /home/mouha/crazyflie/ros2_ws/install/crazyflie_interfaces/include/crazyflie_interfaces/crazyflie_interfaces/srv/detail/takeoff__rosidl_typesupport_fastrtps_cpp.hpp
[17.102s] -- Symlinking: /home/mouha/crazyflie/ros2_ws/install/crazyflie_interfaces/include/crazyflie_interfaces/crazyflie_interfaces/srv/detail/update_params__rosidl_typesupport_fastrtps_cpp.hpp
[17.110s] -- Symlinking: /home/mouha/crazyflie/ros2_ws/install/crazyflie_interfaces/include/crazyflie_interfaces/crazyflie_interfaces/srv/detail/upload_trajectory__rosidl_typesupport_fastrtps_cpp.hpp
[17.118s] -- Symlinking: /home/mouha/crazyflie/ros2_ws/install/crazyflie_interfaces/include/crazyflie_interfaces/crazyflie_interfaces/msg/detail/connection_statistics__rosidl_typesupport_introspection_c.h
[17.124s] -- Symlinking: /home/mouha/crazyflie/ros2_ws/install/crazyflie_interfaces/include/crazyflie_interfaces/crazyflie_interfaces/msg/detail/connection_statistics_array__rosidl_typesupport_introspection_c.h
[17.131s] -- Symlinking: /home/mouha/crazyflie/ros2_ws/install/crazyflie_interfaces/include/crazyflie_interfaces/crazyflie_interfaces/msg/detail/full_state__rosidl_typesupport_introspection_c.h
[17.137s] -- Symlinking: /home/mouha/crazyflie/ros2_ws/install/crazyflie_interfaces/include/crazyflie_interfaces/crazyflie_interfaces/msg/detail/hover__rosidl_typesupport_introspection_c.h
[17.144s] -- Symlinking: /home/mouha/crazyflie/ros2_ws/install/crazyflie_interfaces/include/crazyflie_interfaces/crazyflie_interfaces/msg/detail/log_block__rosidl_typesupport_introspection_c.h
[17.151s] -- Symlinking: /home/mouha/crazyflie/ros2_ws/install/crazyflie_interfaces/include/crazyflie_interfaces/crazyflie_interfaces/msg/detail/log_data_generic__rosidl_typesupport_introspection_c.h
[17.158s] -- Symlinking: /home/mouha/crazyflie/ros2_ws/install/crazyflie_interfaces/include/crazyflie_interfaces/crazyflie_interfaces/msg/detail/position__rosidl_typesupport_introspection_c.h
[17.164s] -- Symlinking: /home/mouha/crazyflie/ros2_ws/install/crazyflie_interfaces/include/crazyflie_interfaces/crazyflie_interfaces/msg/detail/status__rosidl_typesupport_introspection_c.h
[17.171s] -- Symlinking: /home/mouha/crazyflie/ros2_ws/install/crazyflie_interfaces/include/crazyflie_interfaces/crazyflie_interfaces/msg/detail/trajectory_polynomial_piece__rosidl_typesupport_introspection_c.h
[17.178s] -- Symlinking: /home/mouha/crazyflie/ros2_ws/install/crazyflie_interfaces/include/crazyflie_interfaces/crazyflie_interfaces/msg/detail/velocity_world__rosidl_typesupport_introspection_c.h
[17.184s] -- Symlinking: /home/mouha/crazyflie/ros2_ws/install/crazyflie_interfaces/include/crazyflie_interfaces/crazyflie_interfaces/msg/rosidl_typesupport_introspection_c__visibility_control.h
[17.191s] -- Symlinking: /home/mouha/crazyflie/ros2_ws/install/crazyflie_interfaces/include/crazyflie_interfaces/crazyflie_interfaces/srv/detail/add_logging__rosidl_typesupport_introspection_c.h
[17.198s] -- Symlinking: /home/mouha/crazyflie/ros2_ws/install/crazyflie_interfaces/include/crazyflie_interfaces/crazyflie_interfaces/srv/detail/arm__rosidl_typesupport_introspection_c.h
[17.204s] -- Symlinking: /home/mouha/crazyflie/ros2_ws/install/crazyflie_interfaces/include/crazyflie_interfaces/crazyflie_interfaces/srv/detail/go_to__rosidl_typesupport_introspection_c.h
[17.211s] -- Symlinking: /home/mouha/crazyflie/ros2_ws/install/crazyflie_interfaces/include/crazyflie_interfaces/crazyflie_interfaces/srv/detail/land__rosidl_typesupport_introspection_c.h
[17.218s] -- Symlinking: /home/mouha/crazyflie/ros2_ws/install/crazyflie_interfaces/include/crazyflie_interfaces/crazyflie_interfaces/srv/detail/notify_setpoints_stop__rosidl_typesupport_introspection_c.h
[17.225s] -- Symlinking: /home/mouha/crazyflie/ros2_ws/install/crazyflie_interfaces/include/crazyflie_interfaces/crazyflie_interfaces/srv/detail/remove_logging__rosidl_typesupport_introspection_c.h
[17.232s] -- Symlinking: /home/mouha/crazyflie/ros2_ws/install/crazyflie_interfaces/include/crazyflie_interfaces/crazyflie_interfaces/srv/detail/set_group_mask__rosidl_typesupport_introspection_c.h
[17.238s] -- Symlinking: /home/mouha/crazyflie/ros2_ws/install/crazyflie_interfaces/include/crazyflie_interfaces/crazyflie_interfaces/srv/detail/start_trajectory__rosidl_typesupport_introspection_c.h
[17.244s] -- Symlinking: /home/mouha/crazyflie/ros2_ws/install/crazyflie_interfaces/include/crazyflie_interfaces/crazyflie_interfaces/srv/detail/stop__rosidl_typesupport_introspection_c.h
[17.251s] -- Symlinking: /home/mouha/crazyflie/ros2_ws/install/crazyflie_interfaces/include/crazyflie_interfaces/crazyflie_interfaces/srv/detail/takeoff__rosidl_typesupport_introspection_c.h
[17.258s] -- Symlinking: /home/mouha/crazyflie/ros2_ws/install/crazyflie_interfaces/include/crazyflie_interfaces/crazyflie_interfaces/srv/detail/update_params__rosidl_typesupport_introspection_c.h
[17.264s] -- Symlinking: /home/mouha/crazyflie/ros2_ws/install/crazyflie_interfaces/include/crazyflie_interfaces/crazyflie_interfaces/srv/detail/upload_trajectory__rosidl_typesupport_introspection_c.h
[17.271s] -- Symlinking: /home/mouha/crazyflie/ros2_ws/install/crazyflie_interfaces/include/crazyflie_interfaces/crazyflie_interfaces/msg/detail/connection_statistics__rosidl_typesupport_introspection_cpp.hpp
[17.277s] -- Symlinking: /home/mouha/crazyflie/ros2_ws/install/crazyflie_interfaces/include/crazyflie_interfaces/crazyflie_interfaces/msg/detail/connection_statistics_array__rosidl_typesupport_introspection_cpp.hpp
[17.283s] -- Symlinking: /home/mouha/crazyflie/ros2_ws/install/crazyflie_interfaces/include/crazyflie_interfaces/crazyflie_interfaces/msg/detail/full_state__rosidl_typesupport_introspection_cpp.hpp
[17.289s] -- Symlinking: /home/mouha/crazyflie/ros2_ws/install/crazyflie_interfaces/include/crazyflie_interfaces/crazyflie_interfaces/msg/detail/hover__rosidl_typesupport_introspection_cpp.hpp
[17.295s] -- Symlinking: /home/mouha/crazyflie/ros2_ws/install/crazyflie_interfaces/include/crazyflie_interfaces/crazyflie_interfaces/msg/detail/log_block__rosidl_typesupport_introspection_cpp.hpp
[17.300s] -- Symlinking: /home/mouha/crazyflie/ros2_ws/install/crazyflie_interfaces/include/crazyflie_interfaces/crazyflie_interfaces/msg/detail/log_data_generic__rosidl_typesupport_introspection_cpp.hpp
[17.306s] -- Symlinking: /home/mouha/crazyflie/ros2_ws/install/crazyflie_interfaces/include/crazyflie_interfaces/crazyflie_interfaces/msg/detail/position__rosidl_typesupport_introspection_cpp.hpp
[17.312s] -- Symlinking: /home/mouha/crazyflie/ros2_ws/install/crazyflie_interfaces/include/crazyflie_interfaces/crazyflie_interfaces/msg/detail/status__rosidl_typesupport_introspection_cpp.hpp
[17.318s] -- Symlinking: /home/mouha/crazyflie/ros2_ws/install/crazyflie_interfaces/include/crazyflie_interfaces/crazyflie_interfaces/msg/detail/trajectory_polynomial_piece__rosidl_typesupport_introspection_cpp.hpp
[17.325s] -- Symlinking: /home/mouha/crazyflie/ros2_ws/install/crazyflie_interfaces/include/crazyflie_interfaces/crazyflie_interfaces/msg/detail/velocity_world__rosidl_typesupport_introspection_cpp.hpp
[17.331s] -- Symlinking: /home/mouha/crazyflie/ros2_ws/install/crazyflie_interfaces/include/crazyflie_interfaces/crazyflie_interfaces/srv/detail/add_logging__rosidl_typesupport_introspection_cpp.hpp
[17.337s] -- Symlinking: /home/mouha/crazyflie/ros2_ws/install/crazyflie_interfaces/include/crazyflie_interfaces/crazyflie_interfaces/srv/detail/arm__rosidl_typesupport_introspection_cpp.hpp
[17.343s] -- Symlinking: /home/mouha/crazyflie/ros2_ws/install/crazyflie_interfaces/include/crazyflie_interfaces/crazyflie_interfaces/srv/detail/go_to__rosidl_typesupport_introspection_cpp.hpp
[17.349s] -- Symlinking: /home/mouha/crazyflie/ros2_ws/install/crazyflie_interfaces/include/crazyflie_interfaces/crazyflie_interfaces/srv/detail/land__rosidl_typesupport_introspection_cpp.hpp
[17.357s] -- Symlinking: /home/mouha/crazyflie/ros2_ws/install/crazyflie_interfaces/include/crazyflie_interfaces/crazyflie_interfaces/srv/detail/notify_setpoints_stop__rosidl_typesupport_introspection_cpp.hpp
[17.364s] -- Symlinking: /home/mouha/crazyflie/ros2_ws/install/crazyflie_interfaces/include/crazyflie_interfaces/crazyflie_interfaces/srv/detail/remove_logging__rosidl_typesupport_introspection_cpp.hpp
[17.370s] -- Symlinking: /home/mouha/crazyflie/ros2_ws/install/crazyflie_interfaces/include/crazyflie_interfaces/crazyflie_interfaces/srv/detail/set_group_mask__rosidl_typesupport_introspection_cpp.hpp
[17.376s] -- Symlinking: /home/mouha/crazyflie/ros2_ws/install/crazyflie_interfaces/include/crazyflie_interfaces/crazyflie_interfaces/srv/detail/start_trajectory__rosidl_typesupport_introspection_cpp.hpp
[17.382s] -- Symlinking: /home/mouha/crazyflie/ros2_ws/install/crazyflie_interfaces/include/crazyflie_interfaces/crazyflie_interfaces/srv/detail/stop__rosidl_typesupport_introspection_cpp.hpp
[17.387s] -- Symlinking: /home/mouha/crazyflie/ros2_ws/install/crazyflie_interfaces/include/crazyflie_interfaces/crazyflie_interfaces/srv/detail/takeoff__rosidl_typesupport_introspection_cpp.hpp
[17.393s] -- Symlinking: /home/mouha/crazyflie/ros2_ws/install/crazyflie_interfaces/include/crazyflie_interfaces/crazyflie_interfaces/srv/detail/update_params__rosidl_typesupport_introspection_cpp.hpp
[17.399s] -- Symlinking: /home/mouha/crazyflie/ros2_ws/install/crazyflie_interfaces/include/crazyflie_interfaces/crazyflie_interfaces/srv/detail/upload_trajectory__rosidl_typesupport_introspection_cpp.hpp
[17.405s] -- Symlinking: /home/mouha/crazyflie/ros2_ws/install/crazyflie_interfaces/share/crazyflie_interfaces/environment/pythonpath.sh
[17.411s] -- Symlinking: /home/mouha/crazyflie/ros2_ws/install/crazyflie_interfaces/share/crazyflie_interfaces/environment/pythonpath.dsv
[17.417s] -- Symlinking: /home/mouha/crazyflie/ros2_ws/install/crazyflie_interfaces/lib/python3.12/site-packages/crazyflie_interfaces-1.0.5-py3.12.egg-info/PKG-INFO
[17.423s] -- Symlinking: /home/mouha/crazyflie/ros2_ws/install/crazyflie_interfaces/lib/python3.12/site-packages/crazyflie_interfaces-1.0.5-py3.12.egg-info/SOURCES.txt
[17.430s] -- Symlinking: /home/mouha/crazyflie/ros2_ws/install/crazyflie_interfaces/lib/python3.12/site-packages/crazyflie_interfaces-1.0.5-py3.12.egg-info/dependency_links.txt
[17.437s] -- Symlinking: /home/mouha/crazyflie/ros2_ws/install/crazyflie_interfaces/lib/python3.12/site-packages/crazyflie_interfaces-1.0.5-py3.12.egg-info/top_level.txt
[17.443s] -- Symlinking: /home/mouha/crazyflie/ros2_ws/install/crazyflie_interfaces/lib/python3.12/site-packages/crazyflie_interfaces/__init__.py
[17.450s] -- Symlinking: /home/mouha/crazyflie/ros2_ws/install/crazyflie_interfaces/lib/python3.12/site-packages/crazyflie_interfaces/_crazyflie_interfaces_s.ep.rosidl_typesupport_c.c
[17.456s] -- Symlinking: /home/mouha/crazyflie/ros2_ws/install/crazyflie_interfaces/lib/python3.12/site-packages/crazyflie_interfaces/_crazyflie_interfaces_s.ep.rosidl_typesupport_fastrtps_c.c
[17.463s] -- Symlinking: /home/mouha/crazyflie/ros2_ws/install/crazyflie_interfaces/lib/python3.12/site-packages/crazyflie_interfaces/_crazyflie_interfaces_s.ep.rosidl_typesupport_introspection_c.c
[17.470s] -- Symlinking: /home/mouha/crazyflie/ros2_ws/install/crazyflie_interfaces/lib/python3.12/site-packages/crazyflie_interfaces/crazyflie_interfaces_s__rosidl_typesupport_c.so
[17.476s] -- Symlinking: /home/mouha/crazyflie/ros2_ws/install/crazyflie_interfaces/lib/python3.12/site-packages/crazyflie_interfaces/crazyflie_interfaces_s__rosidl_typesupport_fastrtps_c.so
[17.483s] -- Symlinking: /home/mouha/crazyflie/ros2_ws/install/crazyflie_interfaces/lib/python3.12/site-packages/crazyflie_interfaces/crazyflie_interfaces_s__rosidl_typesupport_introspection_c.so
[17.489s] -- Symlinking: /home/mouha/crazyflie/ros2_ws/install/crazyflie_interfaces/lib/python3.12/site-packages/crazyflie_interfaces/msg/__init__.py
[17.496s] -- Symlinking: /home/mouha/crazyflie/ros2_ws/install/crazyflie_interfaces/lib/python3.12/site-packages/crazyflie_interfaces/msg/_connection_statistics.py
[17.503s] -- Symlinking: /home/mouha/crazyflie/ros2_ws/install/crazyflie_interfaces/lib/python3.12/site-packages/crazyflie_interfaces/msg/_connection_statistics_array.py
[17.509s] -- Symlinking: /home/mouha/crazyflie/ros2_ws/install/crazyflie_interfaces/lib/python3.12/site-packages/crazyflie_interfaces/msg/_connection_statistics_array_s.c
[17.516s] -- Symlinking: /home/mouha/crazyflie/ros2_ws/install/crazyflie_interfaces/lib/python3.12/site-packages/crazyflie_interfaces/msg/_connection_statistics_s.c
[17.522s] -- Symlinking: /home/mouha/crazyflie/ros2_ws/install/crazyflie_interfaces/lib/python3.12/site-packages/crazyflie_interfaces/msg/_full_state.py
[17.529s] -- Symlinking: /home/mouha/crazyflie/ros2_ws/install/crazyflie_interfaces/lib/python3.12/site-packages/crazyflie_interfaces/msg/_full_state_s.c
[17.536s] -- Symlinking: /home/mouha/crazyflie/ros2_ws/install/crazyflie_interfaces/lib/python3.12/site-packages/crazyflie_interfaces/msg/_hover.py
[17.543s] -- Symlinking: /home/mouha/crazyflie/ros2_ws/install/crazyflie_interfaces/lib/python3.12/site-packages/crazyflie_interfaces/msg/_hover_s.c
[17.549s] -- Symlinking: /home/mouha/crazyflie/ros2_ws/install/crazyflie_interfaces/lib/python3.12/site-packages/crazyflie_interfaces/msg/_log_block.py
[17.556s] -- Symlinking: /home/mouha/crazyflie/ros2_ws/install/crazyflie_interfaces/lib/python3.12/site-packages/crazyflie_interfaces/msg/_log_block_s.c
[17.563s] -- Symlinking: /home/mouha/crazyflie/ros2_ws/install/crazyflie_interfaces/lib/python3.12/site-packages/crazyflie_interfaces/msg/_log_data_generic.py
[17.570s] -- Symlinking: /home/mouha/crazyflie/ros2_ws/install/crazyflie_interfaces/lib/python3.12/site-packages/crazyflie_interfaces/msg/_log_data_generic_s.c
[17.576s] -- Symlinking: /home/mouha/crazyflie/ros2_ws/install/crazyflie_interfaces/lib/python3.12/site-packages/crazyflie_interfaces/msg/_position.py
[17.583s] -- Symlinking: /home/mouha/crazyflie/ros2_ws/install/crazyflie_interfaces/lib/python3.12/site-packages/crazyflie_interfaces/msg/_position_s.c
[17.589s] -- Symlinking: /home/mouha/crazyflie/ros2_ws/install/crazyflie_interfaces/lib/python3.12/site-packages/crazyflie_interfaces/msg/_status.py
[17.596s] -- Symlinking: /home/mouha/crazyflie/ros2_ws/install/crazyflie_interfaces/lib/python3.12/site-packages/crazyflie_interfaces/msg/_status_s.c
[17.602s] -- Symlinking: /home/mouha/crazyflie/ros2_ws/install/crazyflie_interfaces/lib/python3.12/site-packages/crazyflie_interfaces/msg/_trajectory_polynomial_piece.py
[17.611s] -- Symlinking: /home/mouha/crazyflie/ros2_ws/install/crazyflie_interfaces/lib/python3.12/site-packages/crazyflie_interfaces/msg/_trajectory_polynomial_piece_s.c
[17.618s] -- Symlinking: /home/mouha/crazyflie/ros2_ws/install/crazyflie_interfaces/lib/python3.12/site-packages/crazyflie_interfaces/msg/_velocity_world.py
[17.625s] -- Symlinking: /home/mouha/crazyflie/ros2_ws/install/crazyflie_interfaces/lib/python3.12/site-packages/crazyflie_interfaces/msg/_velocity_world_s.c
[17.631s] -- Symlinking: /home/mouha/crazyflie/ros2_ws/install/crazyflie_interfaces/lib/python3.12/site-packages/crazyflie_interfaces/srv/__init__.py
[17.638s] -- Symlinking: /home/mouha/crazyflie/ros2_ws/install/crazyflie_interfaces/lib/python3.12/site-packages/crazyflie_interfaces/srv/_add_logging.py
[17.645s] -- Symlinking: /home/mouha/crazyflie/ros2_ws/install/crazyflie_interfaces/lib/python3.12/site-packages/crazyflie_interfaces/srv/_add_logging_s.c
[17.652s] -- Symlinking: /home/mouha/crazyflie/ros2_ws/install/crazyflie_interfaces/lib/python3.12/site-packages/crazyflie_interfaces/srv/_arm.py
[17.659s] -- Symlinking: /home/mouha/crazyflie/ros2_ws/install/crazyflie_interfaces/lib/python3.12/site-packages/crazyflie_interfaces/srv/_arm_s.c
[17.666s] -- Symlinking: /home/mouha/crazyflie/ros2_ws/install/crazyflie_interfaces/lib/python3.12/site-packages/crazyflie_interfaces/srv/_go_to.py
[17.673s] -- Symlinking: /home/mouha/crazyflie/ros2_ws/install/crazyflie_interfaces/lib/python3.12/site-packages/crazyflie_interfaces/srv/_go_to_s.c
[17.679s] -- Symlinking: /home/mouha/crazyflie/ros2_ws/install/crazyflie_interfaces/lib/python3.12/site-packages/crazyflie_interfaces/srv/_land.py
[17.686s] -- Symlinking: /home/mouha/crazyflie/ros2_ws/install/crazyflie_interfaces/lib/python3.12/site-packages/crazyflie_interfaces/srv/_land_s.c
[17.692s] -- Symlinking: /home/mouha/crazyflie/ros2_ws/install/crazyflie_interfaces/lib/python3.12/site-packages/crazyflie_interfaces/srv/_notify_setpoints_stop.py
[17.699s] -- Symlinking: /home/mouha/crazyflie/ros2_ws/install/crazyflie_interfaces/lib/python3.12/site-packages/crazyflie_interfaces/srv/_notify_setpoints_stop_s.c
[17.706s] -- Symlinking: /home/mouha/crazyflie/ros2_ws/install/crazyflie_interfaces/lib/python3.12/site-packages/crazyflie_interfaces/srv/_remove_logging.py
[17.713s] -- Symlinking: /home/mouha/crazyflie/ros2_ws/install/crazyflie_interfaces/lib/python3.12/site-packages/crazyflie_interfaces/srv/_remove_logging_s.c
[17.719s] -- Symlinking: /home/mouha/crazyflie/ros2_ws/install/crazyflie_interfaces/lib/python3.12/site-packages/crazyflie_interfaces/srv/_set_group_mask.py
[17.726s] -- Symlinking: /home/mouha/crazyflie/ros2_ws/install/crazyflie_interfaces/lib/python3.12/site-packages/crazyflie_interfaces/srv/_set_group_mask_s.c
[17.733s] -- Symlinking: /home/mouha/crazyflie/ros2_ws/install/crazyflie_interfaces/lib/python3.12/site-packages/crazyflie_interfaces/srv/_start_trajectory.py
[17.740s] -- Symlinking: /home/mouha/crazyflie/ros2_ws/install/crazyflie_interfaces/lib/python3.12/site-packages/crazyflie_interfaces/srv/_start_trajectory_s.c
[17.746s] -- Symlinking: /home/mouha/crazyflie/ros2_ws/install/crazyflie_interfaces/lib/python3.12/site-packages/crazyflie_interfaces/srv/_stop.py
[17.753s] -- Symlinking: /home/mouha/crazyflie/ros2_ws/install/crazyflie_interfaces/lib/python3.12/site-packages/crazyflie_interfaces/srv/_stop_s.c
[17.760s] -- Symlinking: /home/mouha/crazyflie/ros2_ws/install/crazyflie_interfaces/lib/python3.12/site-packages/crazyflie_interfaces/srv/_takeoff.py
[17.767s] -- Symlinking: /home/mouha/crazyflie/ros2_ws/install/crazyflie_interfaces/lib/python3.12/site-packages/crazyflie_interfaces/srv/_takeoff_s.c
[17.774s] -- Symlinking: /home/mouha/crazyflie/ros2_ws/install/crazyflie_interfaces/lib/python3.12/site-packages/crazyflie_interfaces/srv/_update_params.py
[17.780s] -- Symlinking: /home/mouha/crazyflie/ros2_ws/install/crazyflie_interfaces/lib/python3.12/site-packages/crazyflie_interfaces/srv/_update_params_s.c
[17.787s] -- Symlinking: /home/mouha/crazyflie/ros2_ws/install/crazyflie_interfaces/lib/python3.12/site-packages/crazyflie_interfaces/srv/_upload_trajectory.py
[17.793s] -- Symlinking: /home/mouha/crazyflie/ros2_ws/install/crazyflie_interfaces/lib/python3.12/site-packages/crazyflie_interfaces/srv/_upload_trajectory_s.c
[17.800s] -- Up-to-date symlink: /home/mouha/crazyflie/ros2_ws/install/crazyflie_interfaces/lib/python3.12/site-packages/crazyflie_interfaces/crazyflie_interfaces_s__rosidl_typesupport_fastrtps_c.so
[17.800s] -- Up-to-date symlink: /home/mouha/crazyflie/ros2_ws/install/crazyflie_interfaces/lib/python3.12/site-packages/crazyflie_interfaces/crazyflie_interfaces_s__rosidl_typesupport_introspection_c.so
[17.800s] -- Up-to-date symlink: /home/mouha/crazyflie/ros2_ws/install/crazyflie_interfaces/lib/python3.12/site-packages/crazyflie_interfaces/crazyflie_interfaces_s__rosidl_typesupport_c.so
[17.800s] -- Symlinking: /home/mouha/crazyflie/ros2_ws/install/crazyflie_interfaces/share/ament_index/resource_index/rust_packages/crazyflie_interfaces
[17.807s] -- Symlinking: /home/mouha/crazyflie/ros2_ws/install/crazyflie_interfaces/share/crazyflie_interfaces/rust/Cargo.toml
[17.813s] -- Symlinking: /home/mouha/crazyflie/ros2_ws/install/crazyflie_interfaces/share/crazyflie_interfaces/rust/build.rs
[17.820s] -- Symlinking: /home/mouha/crazyflie/ros2_ws/install/crazyflie_interfaces/share/crazyflie_interfaces/rust/src/lib.rs
[17.826s] -- Symlinking: /home/mouha/crazyflie/ros2_ws/install/crazyflie_interfaces/share/crazyflie_interfaces/rust/src/msg.rs
[17.833s] -- Symlinking: /home/mouha/crazyflie/ros2_ws/install/crazyflie_interfaces/share/crazyflie_interfaces/rust/src/msg/rmw.rs
[17.839s] -- Symlinking: /home/mouha/crazyflie/ros2_ws/install/crazyflie_interfaces/share/crazyflie_interfaces/rust/src/srv.rs
[17.846s] -- Symlinking: /home/mouha/crazyflie/ros2_ws/install/crazyflie_interfaces/share/crazyflie_interfaces/rust/src/srv/rmw.rs
[17.853s] -- Symlinking: /home/mouha/crazyflie/ros2_ws/install/crazyflie_interfaces/share/crazyflie_interfaces/msg/ConnectionStatistics.idl
[17.861s] -- Symlinking: /home/mouha/crazyflie/ros2_ws/install/crazyflie_interfaces/share/crazyflie_interfaces/msg/ConnectionStatisticsArray.idl
[17.868s] -- Symlinking: /home/mouha/crazyflie/ros2_ws/install/crazyflie_interfaces/share/crazyflie_interfaces/msg/FullState.idl
[17.875s] -- Symlinking: /home/mouha/crazyflie/ros2_ws/install/crazyflie_interfaces/share/crazyflie_interfaces/msg/LogDataGeneric.idl
[17.882s] -- Symlinking: /home/mouha/crazyflie/ros2_ws/install/crazyflie_interfaces/share/crazyflie_interfaces/msg/Hover.idl
[17.888s] -- Symlinking: /home/mouha/crazyflie/ros2_ws/install/crazyflie_interfaces/share/crazyflie_interfaces/msg/LogBlock.idl
[17.895s] -- Symlinking: /home/mouha/crazyflie/ros2_ws/install/crazyflie_interfaces/share/crazyflie_interfaces/msg/Position.idl
[17.902s] -- Symlinking: /home/mouha/crazyflie/ros2_ws/install/crazyflie_interfaces/share/crazyflie_interfaces/msg/Status.idl
[17.909s] -- Symlinking: /home/mouha/crazyflie/ros2_ws/install/crazyflie_interfaces/share/crazyflie_interfaces/msg/TrajectoryPolynomialPiece.idl
[17.916s] -- Symlinking: /home/mouha/crazyflie/ros2_ws/install/crazyflie_interfaces/share/crazyflie_interfaces/msg/VelocityWorld.idl
[17.922s] -- Symlinking: /home/mouha/crazyflie/ros2_ws/install/crazyflie_interfaces/share/crazyflie_interfaces/srv/GoTo.idl
[17.929s] -- Symlinking: /home/mouha/crazyflie/ros2_ws/install/crazyflie_interfaces/share/crazyflie_interfaces/srv/Land.idl
[17.936s] -- Symlinking: /home/mouha/crazyflie/ros2_ws/install/crazyflie_interfaces/share/crazyflie_interfaces/srv/NotifySetpointsStop.idl
[17.942s] -- Symlinking: /home/mouha/crazyflie/ros2_ws/install/crazyflie_interfaces/share/crazyflie_interfaces/srv/SetGroupMask.idl
[17.949s] -- Symlinking: /home/mouha/crazyflie/ros2_ws/install/crazyflie_interfaces/share/crazyflie_interfaces/srv/StartTrajectory.idl
[17.956s] -- Symlinking: /home/mouha/crazyflie/ros2_ws/install/crazyflie_interfaces/share/crazyflie_interfaces/srv/Stop.idl
[17.965s] -- Symlinking: /home/mouha/crazyflie/ros2_ws/install/crazyflie_interfaces/share/crazyflie_interfaces/srv/Takeoff.idl
[17.974s] -- Symlinking: /home/mouha/crazyflie/ros2_ws/install/crazyflie_interfaces/share/crazyflie_interfaces/srv/UpdateParams.idl
[17.981s] -- Symlinking: /home/mouha/crazyflie/ros2_ws/install/crazyflie_interfaces/share/crazyflie_interfaces/srv/UploadTrajectory.idl
[17.988s] -- Symlinking: /home/mouha/crazyflie/ros2_ws/install/crazyflie_interfaces/share/crazyflie_interfaces/srv/RemoveLogging.idl
[17.995s] -- Symlinking: /home/mouha/crazyflie/ros2_ws/install/crazyflie_interfaces/share/crazyflie_interfaces/srv/AddLogging.idl
[18.002s] -- Symlinking: /home/mouha/crazyflie/ros2_ws/install/crazyflie_interfaces/share/crazyflie_interfaces/srv/Arm.idl
[18.009s] -- Symlinking: /home/mouha/crazyflie/ros2_ws/install/crazyflie_interfaces/share/crazyflie_interfaces/msg/ConnectionStatistics.msg
[18.016s] -- Symlinking: /home/mouha/crazyflie/ros2_ws/install/crazyflie_interfaces/share/crazyflie_interfaces/msg/ConnectionStatisticsArray.msg
[18.023s] -- Symlinking: /home/mouha/crazyflie/ros2_ws/install/crazyflie_interfaces/share/crazyflie_interfaces/msg/FullState.msg
[18.030s] -- Symlinking: /home/mouha/crazyflie/ros2_ws/install/crazyflie_interfaces/share/crazyflie_interfaces/msg/LogDataGeneric.msg
[18.037s] -- Symlinking: /home/mouha/crazyflie/ros2_ws/install/crazyflie_interfaces/share/crazyflie_interfaces/msg/Hover.msg
[18.043s] -- Symlinking: /home/mouha/crazyflie/ros2_ws/install/crazyflie_interfaces/share/crazyflie_interfaces/msg/LogBlock.msg
[18.050s] -- Symlinking: /home/mouha/crazyflie/ros2_ws/install/crazyflie_interfaces/share/crazyflie_interfaces/msg/Position.msg
[18.057s] -- Symlinking: /home/mouha/crazyflie/ros2_ws/install/crazyflie_interfaces/share/crazyflie_interfaces/msg/Status.msg
[18.064s] -- Symlinking: /home/mouha/crazyflie/ros2_ws/install/crazyflie_interfaces/share/crazyflie_interfaces/msg/TrajectoryPolynomialPiece.msg
[18.071s] -- Symlinking: /home/mouha/crazyflie/ros2_ws/install/crazyflie_interfaces/share/crazyflie_interfaces/msg/VelocityWorld.msg
[18.077s] -- Symlinking: /home/mouha/crazyflie/ros2_ws/install/crazyflie_interfaces/share/crazyflie_interfaces/srv/GoTo.srv
[18.084s] -- Symlinking: /home/mouha/crazyflie/ros2_ws/install/crazyflie_interfaces/share/crazyflie_interfaces/srv/Land.srv
[18.091s] -- Symlinking: /home/mouha/crazyflie/ros2_ws/install/crazyflie_interfaces/share/crazyflie_interfaces/srv/NotifySetpointsStop.srv
[18.098s] -- Symlinking: /home/mouha/crazyflie/ros2_ws/install/crazyflie_interfaces/share/crazyflie_interfaces/srv/SetGroupMask.srv
[18.106s] -- Symlinking: /home/mouha/crazyflie/ros2_ws/install/crazyflie_interfaces/share/crazyflie_interfaces/srv/StartTrajectory.srv
[18.113s] -- Symlinking: /home/mouha/crazyflie/ros2_ws/install/crazyflie_interfaces/share/crazyflie_interfaces/srv/Stop.srv
[18.120s] -- Symlinking: /home/mouha/crazyflie/ros2_ws/install/crazyflie_interfaces/share/crazyflie_interfaces/srv/Takeoff.srv
[18.127s] -- Symlinking: /home/mouha/crazyflie/ros2_ws/install/crazyflie_interfaces/share/crazyflie_interfaces/srv/UpdateParams.srv
[18.134s] -- Symlinking: /home/mouha/crazyflie/ros2_ws/install/crazyflie_interfaces/share/crazyflie_interfaces/srv/UploadTrajectory.srv
[18.141s] -- Symlinking: /home/mouha/crazyflie/ros2_ws/install/crazyflie_interfaces/share/crazyflie_interfaces/srv/RemoveLogging.srv
[18.148s] -- Symlinking: /home/mouha/crazyflie/ros2_ws/install/crazyflie_interfaces/share/crazyflie_interfaces/srv/AddLogging.srv
[18.155s] -- Symlinking: /home/mouha/crazyflie/ros2_ws/install/crazyflie_interfaces/share/crazyflie_interfaces/srv/Arm.srv
[18.163s] -- Symlinking: /home/mouha/crazyflie/ros2_ws/install/crazyflie_interfaces/share/ament_index/resource_index/package_run_dependencies/crazyflie_interfaces
[18.170s] -- Symlinking: /home/mouha/crazyflie/ros2_ws/install/crazyflie_interfaces/share/ament_index/resource_index/parent_prefix_path/crazyflie_interfaces
[18.177s] -- Symlinking: /home/mouha/crazyflie/ros2_ws/install/crazyflie_interfaces/share/crazyflie_interfaces/environment/ament_prefix_path.sh
[18.184s] -- Symlinking: /home/mouha/crazyflie/ros2_ws/install/crazyflie_interfaces/share/crazyflie_interfaces/environment/ament_prefix_path.dsv
[18.191s] -- Symlinking: /home/mouha/crazyflie/ros2_ws/install/crazyflie_interfaces/share/crazyflie_interfaces/environment/path.sh
[18.198s] -- Symlinking: /home/mouha/crazyflie/ros2_ws/install/crazyflie_interfaces/share/crazyflie_interfaces/environment/path.dsv
[18.205s] -- Symlinking: /home/mouha/crazyflie/ros2_ws/install/crazyflie_interfaces/share/crazyflie_interfaces/local_setup.bash
[18.212s] -- Symlinking: /home/mouha/crazyflie/ros2_ws/install/crazyflie_interfaces/share/crazyflie_interfaces/local_setup.sh
[18.219s] -- Symlinking: /home/mouha/crazyflie/ros2_ws/install/crazyflie_interfaces/share/crazyflie_interfaces/local_setup.zsh
[18.226s] -- Symlinking: /home/mouha/crazyflie/ros2_ws/install/crazyflie_interfaces/share/crazyflie_interfaces/local_setup.dsv
[18.232s] -- Symlinking: /home/mouha/crazyflie/ros2_ws/install/crazyflie_interfaces/share/crazyflie_interfaces/package.dsv
[18.239s] -- Symlinking: /home/mouha/crazyflie/ros2_ws/install/crazyflie_interfaces/share/ament_index/resource_index/packages/crazyflie_interfaces
[18.246s] -- Symlinking: /home/mouha/crazyflie/ros2_ws/install/crazyflie_interfaces/share/crazyflie_interfaces/cmake/rosidl_cmake-extras.cmake
[18.253s] -- Symlinking: /home/mouha/crazyflie/ros2_ws/install/crazyflie_interfaces/share/crazyflie_interfaces/cmake/ament_cmake_export_dependencies-extras.cmake
[18.260s] -- Symlinking: /home/mouha/crazyflie/ros2_ws/install/crazyflie_interfaces/share/crazyflie_interfaces/cmake/ament_cmake_export_include_directories-extras.cmake
[18.267s] -- Symlinking: /home/mouha/crazyflie/ros2_ws/install/crazyflie_interfaces/share/crazyflie_interfaces/cmake/ament_cmake_export_libraries-extras.cmake
[18.273s] -- Symlinking: /home/mouha/crazyflie/ros2_ws/install/crazyflie_interfaces/share/crazyflie_interfaces/cmake/ament_cmake_export_targets-extras.cmake
[18.280s] -- Symlinking: /home/mouha/crazyflie/ros2_ws/install/crazyflie_interfaces/share/crazyflie_interfaces/cmake/rosidl_cmake_export_typesupport_targets-extras.cmake
[18.287s] -- Symlinking: /home/mouha/crazyflie/ros2_ws/install/crazyflie_interfaces/share/crazyflie_interfaces/cmake/rosidl_cmake_export_typesupport_libraries-extras.cmake
[18.293s] -- Symlinking: /home/mouha/crazyflie/ros2_ws/install/crazyflie_interfaces/share/crazyflie_interfaces/cmake/crazyflie_interfacesConfig.cmake
[18.300s] -- Symlinking: /home/mouha/crazyflie/ros2_ws/install/crazyflie_interfaces/share/crazyflie_interfaces/cmake/crazyflie_interfacesConfig-version.cmake
[18.307s] -- Symlinking: /home/mouha/crazyflie/ros2_ws/install/crazyflie_interfaces/share/crazyflie_interfaces/package.xml
[18.314s] -- Installing: /home/mouha/crazyflie/ros2_ws/install/crazyflie_interfaces/lib/libcrazyflie_interfaces__rosidl_generator_c.so
[18.314s] -- Set non-toolchain portion of runtime path of "/home/mouha/crazyflie/ros2_ws/install/crazyflie_interfaces/lib/libcrazyflie_interfaces__rosidl_generator_c.so" to ""
[18.314s] -- Installing: /home/mouha/crazyflie/ros2_ws/install/crazyflie_interfaces/lib/libcrazyflie_interfaces__rosidl_typesupport_fastrtps_c.so
[18.315s] -- Set non-toolchain portion of runtime path of "/home/mouha/crazyflie/ros2_ws/install/crazyflie_interfaces/lib/libcrazyflie_interfaces__rosidl_typesupport_fastrtps_c.so" to ""
[18.315s] -- Installing: /home/mouha/crazyflie/ros2_ws/install/crazyflie_interfaces/lib/libcrazyflie_interfaces__rosidl_typesupport_fastrtps_cpp.so
[18.316s] -- Set non-toolchain portion of runtime path of "/home/mouha/crazyflie/ros2_ws/install/crazyflie_interfaces/lib/libcrazyflie_interfaces__rosidl_typesupport_fastrtps_cpp.so" to ""
[18.316s] -- Installing: /home/mouha/crazyflie/ros2_ws/install/crazyflie_interfaces/lib/libcrazyflie_interfaces__rosidl_typesupport_introspection_c.so
[18.317s] -- Set non-toolchain portion of runtime path of "/home/mouha/crazyflie/ros2_ws/install/crazyflie_interfaces/lib/libcrazyflie_interfaces__rosidl_typesupport_introspection_c.so" to ""
[18.317s] -- Installing: /home/mouha/crazyflie/ros2_ws/install/crazyflie_interfaces/lib/libcrazyflie_interfaces__rosidl_typesupport_c.so
[18.317s] -- Set non-toolchain portion of runtime path of "/home/mouha/crazyflie/ros2_ws/install/crazyflie_interfaces/lib/libcrazyflie_interfaces__rosidl_typesupport_c.so" to ""
[18.317s] -- Installing: /home/mouha/crazyflie/ros2_ws/install/crazyflie_interfaces/lib/libcrazyflie_interfaces__rosidl_typesupport_introspection_cpp.so
[18.318s] -- Set non-toolchain portion of runtime path of "/home/mouha/crazyflie/ros2_ws/install/crazyflie_interfaces/lib/libcrazyflie_interfaces__rosidl_typesupport_introspection_cpp.so" to ""
[18.318s] -- Installing: /home/mouha/crazyflie/ros2_ws/install/crazyflie_interfaces/lib/libcrazyflie_interfaces__rosidl_typesupport_cpp.so
[18.319s] -- Set non-toolchain portion of runtime path of "/home/mouha/crazyflie/ros2_ws/install/crazyflie_interfaces/lib/libcrazyflie_interfaces__rosidl_typesupport_cpp.so" to ""
[18.387s] Listing '/home/mouha/crazyflie/ros2_ws/install/crazyflie_interfaces/lib/python3.12/site-packages/crazyflie_interfaces'...
[18.387s] Compiling '/home/mouha/crazyflie/ros2_ws/install/crazyflie_interfaces/lib/python3.12/site-packages/crazyflie_interfaces/__init__.py'...
[18.387s] Listing '/home/mouha/crazyflie/ros2_ws/install/crazyflie_interfaces/lib/python3.12/site-packages/crazyflie_interfaces/msg'...
[18.387s] Compiling '/home/mouha/crazyflie/ros2_ws/install/crazyflie_interfaces/lib/python3.12/site-packages/crazyflie_interfaces/msg/__init__.py'...
[18.387s] Compiling '/home/mouha/crazyflie/ros2_ws/install/crazyflie_interfaces/lib/python3.12/site-packages/crazyflie_interfaces/msg/_connection_statistics.py'...
[18.387s] Compiling '/home/mouha/crazyflie/ros2_ws/install/crazyflie_interfaces/lib/python3.12/site-packages/crazyflie_interfaces/msg/_connection_statistics_array.py'...
[18.387s] Compiling '/home/mouha/crazyflie/ros2_ws/install/crazyflie_interfaces/lib/python3.12/site-packages/crazyflie_interfaces/msg/_full_state.py'...
[18.387s] Compiling '/home/mouha/crazyflie/ros2_ws/install/crazyflie_interfaces/lib/python3.12/site-packages/crazyflie_interfaces/msg/_hover.py'...
[18.387s] Compiling '/home/mouha/crazyflie/ros2_ws/install/crazyflie_interfaces/lib/python3.12/site-packages/crazyflie_interfaces/msg/_log_block.py'...
[18.387s] Compiling '/home/mouha/crazyflie/ros2_ws/install/crazyflie_interfaces/lib/python3.12/site-packages/crazyflie_interfaces/msg/_log_data_generic.py'...
[18.387s] Compiling '/home/mouha/crazyflie/ros2_ws/install/crazyflie_interfaces/lib/python3.12/site-packages/crazyflie_interfaces/msg/_position.py'...
[18.387s] Compiling '/home/mouha/crazyflie/ros2_ws/install/crazyflie_interfaces/lib/python3.12/site-packages/crazyflie_interfaces/msg/_status.py'...
[18.387s] Compiling '/home/mouha/crazyflie/ros2_ws/install/crazyflie_interfaces/lib/python3.12/site-packages/crazyflie_interfaces/msg/_trajectory_polynomial_piece.py'...
[18.387s] Compiling '/home/mouha/crazyflie/ros2_ws/install/crazyflie_interfaces/lib/python3.12/site-packages/crazyflie_interfaces/msg/_velocity_world.py'...
[18.388s] Listing '/home/mouha/crazyflie/ros2_ws/install/crazyflie_interfaces/lib/python3.12/site-packages/crazyflie_interfaces/srv'...
[18.388s] Compiling '/home/mouha/crazyflie/ros2_ws/install/crazyflie_interfaces/lib/python3.12/site-packages/crazyflie_interfaces/srv/__init__.py'...
[18.388s] Compiling '/home/mouha/crazyflie/ros2_ws/install/crazyflie_interfaces/lib/python3.12/site-packages/crazyflie_interfaces/srv/_add_logging.py'...
[18.388s] Compiling '/home/mouha/crazyflie/ros2_ws/install/crazyflie_interfaces/lib/python3.12/site-packages/crazyflie_interfaces/srv/_arm.py'...
[18.388s] Compiling '/home/mouha/crazyflie/ros2_ws/install/crazyflie_interfaces/lib/python3.12/site-packages/crazyflie_interfaces/srv/_go_to.py'...
[18.388s] Compiling '/home/mouha/crazyflie/ros2_ws/install/crazyflie_interfaces/lib/python3.12/site-packages/crazyflie_interfaces/srv/_land.py'...
[18.388s] Compiling '/home/mouha/crazyflie/ros2_ws/install/crazyflie_interfaces/lib/python3.12/site-packages/crazyflie_interfaces/srv/_notify_setpoints_stop.py'...
[18.388s] Compiling '/home/mouha/crazyflie/ros2_ws/install/crazyflie_interfaces/lib/python3.12/site-packages/crazyflie_interfaces/srv/_remove_logging.py'...
[18.388s] Compiling '/home/mouha/crazyflie/ros2_ws/install/crazyflie_interfaces/lib/python3.12/site-packages/crazyflie_interfaces/srv/_set_group_mask.py'...
[18.388s] Compiling '/home/mouha/crazyflie/ros2_ws/install/crazyflie_interfaces/lib/python3.12/site-packages/crazyflie_interfaces/srv/_start_trajectory.py'...
[18.388s] Compiling '/home/mouha/crazyflie/ros2_ws/install/crazyflie_interfaces/lib/python3.12/site-packages/crazyflie_interfaces/srv/_stop.py'...
[18.388s] Compiling '/home/mouha/crazyflie/ros2_ws/install/crazyflie_interfaces/lib/python3.12/site-packages/crazyflie_interfaces/srv/_takeoff.py'...
[18.388s] Compiling '/home/mouha/crazyflie/ros2_ws/install/crazyflie_interfaces/lib/python3.12/site-packages/crazyflie_interfaces/srv/_update_params.py'...
[18.388s] Compiling '/home/mouha/crazyflie/ros2_ws/install/crazyflie_interfaces/lib/python3.12/site-packages/crazyflie_interfaces/srv/_upload_trajectory.py'...
[18.391s] -- Installing: /home/mouha/crazyflie/ros2_ws/install/crazyflie_interfaces/lib/libcrazyflie_interfaces__rosidl_generator_py.so
[18.392s] -- Set non-toolchain portion of runtime path of "/home/mouha/crazyflie/ros2_ws/install/crazyflie_interfaces/lib/libcrazyflie_interfaces__rosidl_generator_py.so" to ""
[18.392s] -- Installing: /home/mouha/crazyflie/ros2_ws/install/crazyflie_interfaces/share/crazyflie_interfaces/cmake/export_crazyflie_interfaces__rosidl_generator_cExport.cmake
[18.392s] -- Installing: /home/mouha/crazyflie/ros2_ws/install/crazyflie_interfaces/share/crazyflie_interfaces/cmake/export_crazyflie_interfaces__rosidl_generator_cExport-noconfig.cmake
[18.392s] -- Installing: /home/mouha/crazyflie/ros2_ws/install/crazyflie_interfaces/share/crazyflie_interfaces/cmake/export_crazyflie_interfaces__rosidl_typesupport_fastrtps_cExport.cmake
[18.392s] -- Installing: /home/mouha/crazyflie/ros2_ws/install/crazyflie_interfaces/share/crazyflie_interfaces/cmake/export_crazyflie_interfaces__rosidl_typesupport_fastrtps_cExport-noconfig.cmake
[18.392s] -- Installing: /home/mouha/crazyflie/ros2_ws/install/crazyflie_interfaces/share/crazyflie_interfaces/cmake/export_crazyflie_interfaces__rosidl_generator_cppExport.cmake
[18.392s] -- Installing: /home/mouha/crazyflie/ros2_ws/install/crazyflie_interfaces/share/crazyflie_interfaces/cmake/export_crazyflie_interfaces__rosidl_typesupport_fastrtps_cppExport.cmake
[18.392s] -- Installing: /home/mouha/crazyflie/ros2_ws/install/crazyflie_interfaces/share/crazyflie_interfaces/cmake/export_crazyflie_interfaces__rosidl_typesupport_fastrtps_cppExport-noconfig.cmake
[18.393s] -- Installing: /home/mouha/crazyflie/ros2_ws/install/crazyflie_interfaces/share/crazyflie_interfaces/cmake/crazyflie_interfaces__rosidl_typesupport_introspection_cExport.cmake
[18.393s] -- Installing: /home/mouha/crazyflie/ros2_ws/install/crazyflie_interfaces/share/crazyflie_interfaces/cmake/crazyflie_interfaces__rosidl_typesupport_introspection_cExport-noconfig.cmake
[18.393s] -- Installing: /home/mouha/crazyflie/ros2_ws/install/crazyflie_interfaces/share/crazyflie_interfaces/cmake/crazyflie_interfaces__rosidl_typesupport_cExport.cmake
[18.393s] -- Installing: /home/mouha/crazyflie/ros2_ws/install/crazyflie_interfaces/share/crazyflie_interfaces/cmake/crazyflie_interfaces__rosidl_typesupport_cExport-noconfig.cmake
[18.393s] -- Installing: /home/mouha/crazyflie/ros2_ws/install/crazyflie_interfaces/share/crazyflie_interfaces/cmake/crazyflie_interfaces__rosidl_typesupport_introspection_cppExport.cmake
[18.393s] -- Installing: /home/mouha/crazyflie/ros2_ws/install/crazyflie_interfaces/share/crazyflie_interfaces/cmake/crazyflie_interfaces__rosidl_typesupport_introspection_cppExport-noconfig.cmake
[18.393s] -- Installing: /home/mouha/crazyflie/ros2_ws/install/crazyflie_interfaces/share/crazyflie_interfaces/cmake/crazyflie_interfaces__rosidl_typesupport_cppExport.cmake
[18.393s] -- Installing: /home/mouha/crazyflie/ros2_ws/install/crazyflie_interfaces/share/crazyflie_interfaces/cmake/crazyflie_interfaces__rosidl_typesupport_cppExport-noconfig.cmake
[18.393s] -- Installing: /home/mouha/crazyflie/ros2_ws/install/crazyflie_interfaces/share/crazyflie_interfaces/cmake/export_crazyflie_interfaces__rosidl_generator_pyExport.cmake
[18.393s] -- Installing: /home/mouha/crazyflie/ros2_ws/install/crazyflie_interfaces/share/crazyflie_interfaces/cmake/export_crazyflie_interfaces__rosidl_generator_pyExport-noconfig.cmake
[18.395s] Invoked command in '/home/mouha/crazyflie/ros2_ws/build/crazyflie_interfaces' returned '0': CMAKE_PREFIX_PATH=${CMAKE_PREFIX_PATH}:/opt/ros/jazzy DEBUGINFOD_URLS=https://debuginfod.ubuntu.com /usr/bin/cmake --install /home/mouha/crazyflie/ros2_ws/build/crazyflie_interfaces
