[0.000000] (-) TimerEvent: {}
[0.000267] (-) JobUnselected: {'identifier': 'cf_led_mission'}
[0.000341] (-) JobUnselected: {'identifier': 'crazyflie'}
[0.000530] (-) JobUnselected: {'identifier': 'crazyflie_description'}
[0.000543] (-) JobUnselected: {'identifier': 'crazyflie_examples'}
[0.000552] (-) JobUnselected: {'identifier': 'crazyflie_interfaces'}
[0.000560] (-) JobUnselected: {'identifier': 'crazyflie_py'}
[0.000568] (-) JobUnselected: {'identifier': 'crazyflie_server_py'}
[0.000576] (-) JobUnselected: {'identifier': 'crazyflie_sim'}
[0.000585] (-) JobUnselected: {'identifier': 'drive_base_msgs'}
[0.000702] (-) JobUnselected: {'identifier': 'micro_ros_setup'}
[0.000863] (micro_ros_msgs) JobQueued: {'identifier': 'micro_ros_msgs', 'dependencies': OrderedDict()}
[0.000879] (micro_ros_agent) JobQueued: {'identifier': 'micro_ros_agent', 'dependencies': OrderedDict({'micro_ros_msgs': '/home/mouha/crazyflie/ros2_ws/install/micro_ros_msgs'})}
[0.000901] (micro_ros_msgs) JobStarted: {'identifier': 'micro_ros_msgs'}
[0.007904] (micro_ros_msgs) JobProgress: {'identifier': 'micro_ros_msgs', 'progress': 'cmake'}
[0.008216] (micro_ros_msgs) Command: {'cmd': ['/usr/bin/cmake', '/home/mouha/crazyflie/ros2_ws/src/uros/micro_ros_msgs', '-DUAGENT_BUILD_EXECUTABLE=OFF', '-DUAGENT_P2P_PROFILE=OFF', '--no-warn-unused-cli', '-DCMAKE_INSTALL_PREFIX=/home/mouha/crazyflie/ros2_ws/install/micro_ros_msgs'], 'cwd': '/home/mouha/crazyflie/ros2_ws/build/micro_ros_msgs', 'env': OrderedDict({'GJS_DEBUG_TOPICS': 'JS ERROR;JS LOG', 'XDG_ACTIVATION_TOKEN': 'gnome-shell/Terminator/2522-1-mouha-TUF_TIME1250468', 'LESSOPEN': '| /usr/bin/lesspipe %s', 'GZ_SIM_RESOURCE_PATH': '/opt/ros/jazzy/share', 'LANGUAGE': 'en_GB:en', 'USER': 'mouha', 'LC_TIME': 'en_GB.UTF-8', 'GZ_CONFIG_PATH': '/opt/ros/jazzy/opt/gz_sim_vendor/share/gz:/opt/ros/jazzy/opt/sdformat_vendor/share/gz:/opt/ros/jazzy/opt/gz_gui_vendor/share/gz:/opt/ros/jazzy/opt/gz_transport_vendor/share/gz:/opt/ros/jazzy/opt/gz_rendering_vendor/share/gz:/opt/ros/jazzy/opt/gz_plugin_vendor/share/gz:/opt/ros/jazzy/opt/gz_fuel_tools_vendor/share/gz:/opt/ros/jazzy/opt/gz_msgs_vendor/share/gz:/opt/ros/jazzy/opt/gz_common_vendor/share/gz', 'XDG_SESSION_TYPE': 'wayland', 'STM32CubeMX_PATH': '/home/mouha/STM32CubeMX', 'CLUTTER_DISABLE_MIPMAPPED_TEXT': '1', 'SHLVL': '2', 'LD_LIBRARY_PATH': '/home/mouha/crazyflie/ros2_ws/install/micro_ros_msgs/lib:/home/mouha/crazyflie/ros2_ws/install/crazyflie_interfaces/lib:/opt/ros/jazzy/opt/gz_sim_vendor/lib:/opt/ros/jazzy/opt/gz_sensors_vendor/lib:/opt/ros/jazzy/opt/gz_physics_vendor/lib:/opt/ros/jazzy/opt/sdformat_vendor/lib:/opt/ros/jazzy/opt/rviz_ogre_vendor/lib:/opt/ros/jazzy/lib/x86_64-linux-gnu:/opt/ros/jazzy/opt/gz_gui_vendor/lib:/opt/ros/jazzy/opt/gz_transport_vendor/lib:/opt/ros/jazzy/opt/gz_rendering_vendor/lib:/opt/ros/jazzy/opt/gz_plugin_vendor/lib:/opt/ros/jazzy/opt/gz_fuel_tools_vendor/lib:/opt/ros/jazzy/opt/gz_msgs_vendor/lib:/opt/ros/jazzy/opt/gz_common_vendor/lib:/opt/ros/jazzy/opt/gz_math_vendor/lib:/opt/ros/jazzy/opt/gz_utils_vendor/lib:/opt/ros/jazzy/opt/gz_tools_vendor/lib:/opt/ros/jazzy/opt/gz_ogre_next_vendor/lib:/opt/ros/jazzy/opt/gz_dartsim_vendor/lib:/opt/ros/jazzy/opt/gz_cmake_vendor/lib:/opt/ros/jazzy/lib', 'HOME': '/home/mouha', 'OLDPWD': '/home/mouha/crazyflie/ros2_ws/src', 'DESKTOP_SESSION': 'ubuntu', 'GIO_LAUNCHED_DESKTOP_FILE': '/usr/share/applications/terminator.desktop', 'ROS_PYTHON_VERSION': '3', 'GNOME_SHELL_SESSION_MODE': 'ubuntu', 'GTK_MODULES': 'gail:atk-bridge', 'LC_MONETARY': 'en_GB.UTF-8', 'MANAGERPID': '2224', 'SYSTEMD_EXEC_PID': '2522', 'GSM_SKIP_SSH_AGENT_WORKAROUND': 'true', 'DBUS_SESSION_BUS_ADDRESS': 'unix:path=/run/user/1000/bus', 'COLORTERM': 'truecolor', 'TERMINATOR_DBUS_NAME': 'net.tenshu.Terminator25ef4b219e3b005583550f2b0f9f990c3', 'GIO_LAUNCHED_DESKTOP_FILE_PID': '16393', 'DEBUGINFOD_URLS': 'https://debuginfod.ubuntu.com', 'IM_CONFIG_PHASE': '1', 'WAYLAND_DISPLAY': 'wayland-0', 'COLCON_PREFIX_PATH': '/home/mouha/crazyflie/ros2_ws/install:/home/mouha/ros2_ws/install', 'ROS_DISTRO': 'jazzy', 'LOGNAME': 'mouha', 'JOURNAL_STREAM': '10:26710', '_': '/usr/bin/colcon', 'ROS_VERSION': '2', 'MEMORY_PRESSURE_WATCH': '/sys/fs/cgroup/user.slice/user-1000.slice/user@1000.service/session.slice/org.gnome.Shell@wayland.service/memory.pressure', 'XDG_SESSION_CLASS': 'user', 'USERNAME': 'mouha', 'TERM': 'xterm-256color', 'GNOME_DESKTOP_SESSION_ID': 'this-is-deprecated', 'PATH': '/opt/ros/jazzy/opt/gz_msgs_vendor/bin:/opt/ros/jazzy/opt/gz_tools_vendor/bin:/opt/ros/jazzy/opt/gz_ogre_next_vendor/bin:/opt/ros/jazzy/bin:/home/mouha/.local/bin:/usr/local/sbin:/usr/local/bin:/usr/sbin:/usr/bin:/sbin:/bin:/usr/games:/usr/local/games:/snap/bin:/snap/bin', 'SESSION_MANAGER': 'local/mouha-TUF:@/tmp/.ICE-unix/2462,unix/mouha-TUF:/tmp/.ICE-unix/2462', 'INVOCATION_ID': 'd766796c67a3427d8e46b6b593769ef7', 'PAPERSIZE': 'a4', 'XDG_MENU_PREFIX': 'gnome-', 'LC_ADDRESS': 'en_GB.UTF-8', 'GNOME_SETUP_DISPLAY': ':1', 'XDG_RUNTIME_DIR': '/run/user/1000', 'DISPLAY': ':0', 'TERMINATOR_DBUS_PATH': '/net/tenshu/Terminator2', 'LANG': 'en_GB.UTF-8', 'XDG_CURRENT_DESKTOP': 'ubuntu:GNOME', 'LC_TELEPHONE': 'en_GB.UTF-8', 'XMODIFIERS': '@im=ibus', 'XDG_SESSION_DESKTOP': 'ubuntu', 'XAUTHORITY': '/run/user/1000/.mutter-Xwaylandauth.SFWAT3', 'LS_COLORS': 'rs=0:di=01;34:ln=01;36:mh=00:pi=40;33:so=01;35:do=01;35:bd=40;33;01:cd=40;33;01:or=40;31;01:mi=00:su=37;41:sg=30;43:ca=00:tw=30;42:ow=34;42:st=37;44:ex=01;32:*.tar=01;31:*.tgz=01;31:*.arc=01;31:*.arj=01;31:*.taz=01;31:*.lha=01;31:*.lz4=01;31:*.lzh=01;31:*.lzma=01;31:*.tlz=01;31:*.txz=01;31:*.tzo=01;31:*.t7z=01;31:*.zip=01;31:*.z=01;31:*.dz=01;31:*.gz=01;31:*.lrz=01;31:*.lz=01;31:*.lzo=01;31:*.xz=01;31:*.zst=01;31:*.tzst=01;31:*.bz2=01;31:*.bz=01;31:*.tbz=01;31:*.tbz2=01;31:*.tz=01;31:*.deb=01;31:*.rpm=01;31:*.jar=01;31:*.war=01;31:*.ear=01;31:*.sar=01;31:*.rar=01;31:*.alz=01;31:*.ace=01;31:*.zoo=01;31:*.cpio=01;31:*.7z=01;31:*.rz=01;31:*.cab=01;31:*.wim=01;31:*.swm=01;31:*.dwm=01;31:*.esd=01;31:*.avif=01;35:*.jpg=01;35:*.jpeg=01;35:*.mjpg=01;35:*.mjpeg=01;35:*.gif=01;35:*.bmp=01;35:*.pbm=01;35:*.pgm=01;35:*.ppm=01;35:*.tga=01;35:*.xbm=01;35:*.xpm=01;35:*.tif=01;35:*.tiff=01;35:*.png=01;35:*.svg=01;35:*.svgz=01;35:*.mng=01;35:*.pcx=01;35:*.mov=01;35:*.mpg=01;35:*.mpeg=01;35:*.m2v=01;35:*.mkv=01;35:*.webm=01;35:*.webp=01;35:*.ogm=01;35:*.mp4=01;35:*.m4v=01;35:*.mp4v=01;35:*.vob=01;35:*.qt=01;35:*.nuv=01;35:*.wmv=01;35:*.asf=01;35:*.rm=01;35:*.rmvb=01;35:*.flc=01;35:*.avi=01;35:*.fli=01;35:*.flv=01;35:*.gl=01;35:*.dl=01;35:*.xcf=01;35:*.xwd=01;35:*.yuv=01;35:*.cgm=01;35:*.emf=01;35:*.ogv=01;35:*.ogx=01;35:*.aac=00;36:*.au=00;36:*.flac=00;36:*.m4a=00;36:*.mid=00;36:*.midi=00;36:*.mka=00;36:*.mp3=00;36:*.mpc=00;36:*.ogg=00;36:*.ra=00;36:*.wav=00;36:*.oga=00;36:*.opus=00;36:*.spx=00;36:*.xspf=00;36:*~=00;90:*#=00;90:*.bak=00;90:*.crdownload=00;90:*.dpkg-dist=00;90:*.dpkg-new=00;90:*.dpkg-old=00;90:*.dpkg-tmp=00;90:*.old=00;90:*.orig=00;90:*.part=00;90:*.rej=00;90:*.rpmnew=00;90:*.rpmorig=00;90:*.rpmsave=00;90:*.swp=00;90:*.tmp=00;90:*.ucf-dist=00;90:*.ucf-new=00;90:*.ucf-old=00;90:', 'SSH_AUTH_SOCK': '/run/user/1000/keyring/ssh', 'AMENT_PREFIX_PATH': '/home/mouha/crazyflie/ros2_ws/install/micro_ros_msgs:/home/mouha/crazyflie/ros2_ws/install/micro_ros_setup:/home/mouha/crazyflie/ros2_ws/install/crazyflie_sim:/home/mouha/crazyflie/ros2_ws/install/crazyflie_server_py:/home/mouha/crazyflie/ros2_ws/install/crazyflie_examples:/home/mouha/crazyflie/ros2_ws/install/crazyflie_py:/home/mouha/crazyflie/ros2_ws/install/crazyflie:/home/mouha/crazyflie/ros2_ws/install/crazyflie_interfaces:/home/mouha/crazyflie/ros2_ws/install/crazyflie_description:/home/mouha/crazyflie/ros2_ws/install/cf_led_mission:/home/mouha/ros2_ws/install/my_py_pkg:/home/mouha/ros2_ws/install/my_cpp_pkg:/opt/ros/jazzy', 'SHELL': '/bin/bash', 'LC_NAME': 'en_GB.UTF-8', 'TERMINATOR_UUID': 'urn:uuid:7c048b6f-977f-4836-932f-4a361a17132b', 'QT_ACCESSIBILITY': '1', 'GDMSESSION': 'ubuntu', 'LESSCLOSE': '/usr/bin/lesspipe %s %s', 'LC_MEASUREMENT': 'en_GB.UTF-8', 'GJS_DEBUG_OUTPUT': 'stderr', 'LC_IDENTIFICATION': 'en_GB.UTF-8', 'ROS_AUTOMATIC_DISCOVERY_RANGE': 'SUBNET', 'QT_IM_MODULE': 'ibus', 'PWD': '/home/mouha/crazyflie/ros2_ws/build/micro_ros_msgs', 'LC_ALL': 'en_US.UTF-8', 'XDG_CONFIG_DIRS': '/etc/xdg/xdg-ubuntu:/etc/xdg', 'XDG_DATA_DIRS': '/usr/share/ubuntu:/usr/share/gnome:/usr/local/share/:/usr/share/:/var/lib/snapd/desktop', 'QTWEBENGINE_DICTIONARIES_PATH': '/usr/share/hunspell-bdic/', 'PYTHONPATH': '/home/mouha/crazyflie/ros2_ws/install/micro_ros_msgs/lib/python3.12/site-packages:/home/mouha/ros2_ws/build/my_py_pkg:/home/mouha/crazyflie/ros2_ws/install/crazyflie_sim/lib/python3.12/site-packages:/home/mouha/crazyflie/ros2_ws/build/crazyflie_server_py:/home/mouha/crazyflie/ros2_ws/install/crazyflie_server_py/lib/python3.12/site-packages:/home/mouha/crazyflie/ros2_ws/install/crazyflie_examples/lib/python3.12/site-packages:/home/mouha/crazyflie/ros2_ws/build/crazyflie_py:/home/mouha/crazyflie/ros2_ws/install/crazyflie_py/lib/python3.12/site-packages:/home/mouha/crazyflie/ros2_ws/install/crazyflie_interfaces/lib/python3.12/site-packages:/home/mouha/crazyflie/ros2_ws/build/cf_led_mission:/home/mouha/crazyflie/ros2_ws/install/cf_led_mission/lib/python3.12/site-packages:/home/mouha/ros2_ws/install/my_py_pkg/lib/python3.12/site-packages:/opt/ros/jazzy/lib/python3.12/site-packages', 'LC_NUMERIC': 'en_GB.UTF-8', 'LC_PAPER': 'en_GB.UTF-8', 'COLCON': '1', 'MEMORY_PRESSURE_WRITE': 'c29tZSAyMDAwMDAgMjAwMDAwMAA=', 'VTE_VERSION': '7600', 'CMAKE_PREFIX_PATH': '/home/mouha/crazyflie/ros2_ws/install/micro_ros_msgs:/home/mouha/crazyflie/ros2_ws/install/micro_ros_setup:/home/mouha/crazyflie/ros2_ws/install/crazyflie_sim:/home/mouha/crazyflie/ros2_ws/install/crazyflie_examples:/home/mouha/crazyflie/ros2_ws/install/crazyflie:/home/mouha/crazyflie/ros2_ws/install/crazyflie_interfaces:/home/mouha/crazyflie/ros2_ws/install/crazyflie_description:/home/mouha/ros2_ws/install/my_cpp_pkg:/opt/ros/jazzy/opt/gz_sim_vendor:/opt/ros/jazzy/opt/gz_sensors_vendor:/opt/ros/jazzy/opt/gz_physics_vendor:/opt/ros/jazzy/opt/sdformat_vendor:/opt/ros/jazzy/opt/gz_gui_vendor:/opt/ros/jazzy/opt/gz_transport_vendor:/opt/ros/jazzy/opt/gz_rendering_vendor:/opt/ros/jazzy/opt/gz_plugin_vendor:/opt/ros/jazzy/opt/gz_fuel_tools_vendor:/opt/ros/jazzy/opt/gz_msgs_vendor:/opt/ros/jazzy/opt/gz_common_vendor:/opt/ros/jazzy/opt/gz_math_vendor:/opt/ros/jazzy/opt/gz_utils_vendor:/opt/ros/jazzy/opt/gz_tools_vendor:/opt/ros/jazzy/opt/gz_ogre_next_vendor:/opt/ros/jazzy/opt/gz_dartsim_vendor:/opt/ros/jazzy/opt/gz_cmake_vendor:/home/mouha/crazyflie/ros2_ws/install/crazyflie_server_py:/home/mouha/crazyflie/ros2_ws/install/crazyflie_py:/home/mouha/crazyflie/ros2_ws/install/cf_led_mission:/home/mouha/ros2_ws/install/my_py_pkg:/opt/ros/jazzy'}), 'shell': False}
[0.015504] (micro_ros_msgs) StdoutLine: {'line': b'Not searching for unused variables given on the command line.\n'}
[0.047763] (micro_ros_msgs) StdoutLine: {'line': b'-- The C compiler identification is GNU 13.3.0\n'}
[0.084819] (micro_ros_msgs) StdoutLine: {'line': b'-- The CXX compiler identification is GNU 13.3.0\n'}
[0.095483] (micro_ros_msgs) StdoutLine: {'line': b'-- Detecting C compiler ABI info\n'}
[0.099701] (-) TimerEvent: {}
[0.157438] (micro_ros_msgs) StdoutLine: {'line': b'-- Detecting C compiler ABI info - done\n'}
[0.163920] (micro_ros_msgs) StdoutLine: {'line': b'-- Check for working C compiler: /usr/bin/cc - skipped\n'}
[0.164150] (micro_ros_msgs) StdoutLine: {'line': b'-- Detecting C compile features\n'}
[0.164381] (micro_ros_msgs) StdoutLine: {'line': b'-- Detecting C compile features - done\n'}
[0.170800] (micro_ros_msgs) StdoutLine: {'line': b'-- Detecting CXX compiler ABI info\n'}
[0.199810] (-) TimerEvent: {}
[0.240595] (micro_ros_msgs) StdoutLine: {'line': b'-- Detecting CXX compiler ABI info - done\n'}
[0.249798] (micro_ros_msgs) StdoutLine: {'line': b'-- Check for working CXX compiler: /usr/bin/c++ - skipped\n'}
[0.249967] (micro_ros_msgs) StdoutLine: {'line': b'-- Detecting CXX compile features\n'}
[0.250353] (micro_ros_msgs) StdoutLine: {'line': b'-- Detecting CXX compile features - done\n'}
[0.253505] (micro_ros_msgs) StdoutLine: {'line': b'-- Found ament_cmake: 2.5.6 (/opt/ros/jazzy/share/ament_cmake/cmake)\n'}
[0.299918] (-) TimerEvent: {}
[0.370873] (micro_ros_msgs) StdoutLine: {'line': b'-- Found Python3: /usr/bin/python3 (found version "3.12.3") found components: Interpreter \n'}
[0.400108] (-) TimerEvent: {}
[0.462594] (micro_ros_msgs) StdoutLine: {'line': b'-- Found rosidl_default_generators: 1.6.0 (/opt/ros/jazzy/share/rosidl_default_generators/cmake)\n'}
[0.469394] (micro_ros_msgs) StdoutLine: {'line': b'-- Using all available rosidl_typesupport_c: rosidl_typesupport_fastrtps_c;rosidl_typesupport_introspection_c\n'}
[0.500192] (-) TimerEvent: {}
[0.516618] (micro_ros_msgs) StdoutLine: {'line': b'-- Using all available rosidl_typesupport_cpp: rosidl_typesupport_fastrtps_cpp;rosidl_typesupport_introspection_cpp\n'}
[0.557383] (micro_ros_msgs) StdoutLine: {'line': b'-- Found rosidl_adapter: 4.6.7 (/opt/ros/jazzy/share/rosidl_adapter/cmake)\n'}
[0.560530] (micro_ros_msgs) StdoutLine: {'line': b'-- Found ament_lint_auto: 0.17.5 (/opt/ros/jazzy/share/ament_lint_auto/cmake)\n'}
[0.600347] (-) TimerEvent: {}
[0.700577] (-) TimerEvent: {}
[0.800810] (-) TimerEvent: {}
[0.901042] (-) TimerEvent: {}
[1.001264] (-) TimerEvent: {}
[1.012273] (micro_ros_msgs) StdoutLine: {'line': b'-- Found ament_cmake_ros: 0.12.0 (/opt/ros/jazzy/share/ament_cmake_ros/cmake)\n'}
[1.101369] (-) TimerEvent: {}
[1.201597] (-) TimerEvent: {}
[1.301832] (-) TimerEvent: {}
[1.342675] (micro_ros_msgs) StdoutLine: {'line': b'-- Using all available rosidl_typesupport_c: rosidl_typesupport_fastrtps_c;rosidl_typesupport_introspection_c\n'}
[1.401940] (-) TimerEvent: {}
[1.502197] (-) TimerEvent: {}
[1.602477] (-) TimerEvent: {}
[1.702704] (-) TimerEvent: {}
[1.756826] (micro_ros_msgs) StdoutLine: {'line': b'-- Using all available rosidl_typesupport_cpp: rosidl_typesupport_fastrtps_cpp;rosidl_typesupport_introspection_cpp\n'}
[1.759968] (micro_ros_msgs) StdoutLine: {'line': b'-- Found python_cmake_module: 0.11.1 (/opt/ros/jazzy/share/python_cmake_module/cmake)\n'}
[1.802798] (-) TimerEvent: {}
[1.861916] (micro_ros_msgs) StdoutLine: {'line': b'-- Found PythonExtra: /usr/bin/python3  \n'}
[1.902901] (-) TimerEvent: {}
[2.003106] (-) TimerEvent: {}
[2.103923] (-) TimerEvent: {}
[2.204167] (-) TimerEvent: {}
[2.211815] (micro_ros_msgs) StdoutLine: {'line': b'-- Found Python3: /usr/bin/python3 (found version "3.12.3") found components: Interpreter Development NumPy Development.Module Development.Embed \n'}
[2.257269] (micro_ros_msgs) StdoutLine: {'line': b'-- Found Python3: /usr/bin/python3 (found version "3.12.3") found components: Interpreter \n'}
[2.259737] (micro_ros_msgs) StdoutLine: {'line': b"-- Added test 'copyright' to check source files copyright and LICENSE\n"}
[2.263295] (micro_ros_msgs) StdoutLine: {'line': b"-- Added test 'lint_cmake' to check CMake code style\n"}
[2.265365] (micro_ros_msgs) StdoutLine: {'line': b"-- Added test 'xmllint' to check XML markup files\n"}
[2.268498] (micro_ros_msgs) StdoutLine: {'line': b'-- Configuring done (2.3s)\n'}
[2.289401] (micro_ros_msgs) StdoutLine: {'line': b'-- Generating done (0.0s)\n'}
[2.296860] (micro_ros_msgs) StdoutLine: {'line': b'-- Build files have been written to: /home/mouha/crazyflie/ros2_ws/build/micro_ros_msgs\n'}
[2.302329] (micro_ros_msgs) CommandEnded: {'returncode': 0}
[2.302780] (micro_ros_msgs) JobProgress: {'identifier': 'micro_ros_msgs', 'progress': 'build'}
[2.303324] (micro_ros_msgs) Command: {'cmd': ['/usr/bin/cmake', '--build', '/home/mouha/crazyflie/ros2_ws/build/micro_ros_msgs', '--', '-j12', '-l12'], 'cwd': '/home/mouha/crazyflie/ros2_ws/build/micro_ros_msgs', 'env': OrderedDict({'GJS_DEBUG_TOPICS': 'JS ERROR;JS LOG', 'XDG_ACTIVATION_TOKEN': 'gnome-shell/Terminator/2522-1-mouha-TUF_TIME1250468', 'LESSOPEN': '| /usr/bin/lesspipe %s', 'GZ_SIM_RESOURCE_PATH': '/opt/ros/jazzy/share', 'LANGUAGE': 'en_GB:en', 'USER': 'mouha', 'LC_TIME': 'en_GB.UTF-8', 'GZ_CONFIG_PATH': '/opt/ros/jazzy/opt/gz_sim_vendor/share/gz:/opt/ros/jazzy/opt/sdformat_vendor/share/gz:/opt/ros/jazzy/opt/gz_gui_vendor/share/gz:/opt/ros/jazzy/opt/gz_transport_vendor/share/gz:/opt/ros/jazzy/opt/gz_rendering_vendor/share/gz:/opt/ros/jazzy/opt/gz_plugin_vendor/share/gz:/opt/ros/jazzy/opt/gz_fuel_tools_vendor/share/gz:/opt/ros/jazzy/opt/gz_msgs_vendor/share/gz:/opt/ros/jazzy/opt/gz_common_vendor/share/gz', 'XDG_SESSION_TYPE': 'wayland', 'STM32CubeMX_PATH': '/home/mouha/STM32CubeMX', 'CLUTTER_DISABLE_MIPMAPPED_TEXT': '1', 'SHLVL': '2', 'LD_LIBRARY_PATH': '/home/mouha/crazyflie/ros2_ws/install/micro_ros_msgs/lib:/home/mouha/crazyflie/ros2_ws/install/crazyflie_interfaces/lib:/opt/ros/jazzy/opt/gz_sim_vendor/lib:/opt/ros/jazzy/opt/gz_sensors_vendor/lib:/opt/ros/jazzy/opt/gz_physics_vendor/lib:/opt/ros/jazzy/opt/sdformat_vendor/lib:/opt/ros/jazzy/opt/rviz_ogre_vendor/lib:/opt/ros/jazzy/lib/x86_64-linux-gnu:/opt/ros/jazzy/opt/gz_gui_vendor/lib:/opt/ros/jazzy/opt/gz_transport_vendor/lib:/opt/ros/jazzy/opt/gz_rendering_vendor/lib:/opt/ros/jazzy/opt/gz_plugin_vendor/lib:/opt/ros/jazzy/opt/gz_fuel_tools_vendor/lib:/opt/ros/jazzy/opt/gz_msgs_vendor/lib:/opt/ros/jazzy/opt/gz_common_vendor/lib:/opt/ros/jazzy/opt/gz_math_vendor/lib:/opt/ros/jazzy/opt/gz_utils_vendor/lib:/opt/ros/jazzy/opt/gz_tools_vendor/lib:/opt/ros/jazzy/opt/gz_ogre_next_vendor/lib:/opt/ros/jazzy/opt/gz_dartsim_vendor/lib:/opt/ros/jazzy/opt/gz_cmake_vendor/lib:/opt/ros/jazzy/lib', 'HOME': '/home/mouha', 'OLDPWD': '/home/mouha/crazyflie/ros2_ws/src', 'DESKTOP_SESSION': 'ubuntu', 'GIO_LAUNCHED_DESKTOP_FILE': '/usr/share/applications/terminator.desktop', 'ROS_PYTHON_VERSION': '3', 'GNOME_SHELL_SESSION_MODE': 'ubuntu', 'GTK_MODULES': 'gail:atk-bridge', 'LC_MONETARY': 'en_GB.UTF-8', 'MANAGERPID': '2224', 'SYSTEMD_EXEC_PID': '2522', 'GSM_SKIP_SSH_AGENT_WORKAROUND': 'true', 'DBUS_SESSION_BUS_ADDRESS': 'unix:path=/run/user/1000/bus', 'COLORTERM': 'truecolor', 'TERMINATOR_DBUS_NAME': 'net.tenshu.Terminator25ef4b219e3b005583550f2b0f9f990c3', 'GIO_LAUNCHED_DESKTOP_FILE_PID': '16393', 'DEBUGINFOD_URLS': 'https://debuginfod.ubuntu.com', 'IM_CONFIG_PHASE': '1', 'WAYLAND_DISPLAY': 'wayland-0', 'COLCON_PREFIX_PATH': '/home/mouha/crazyflie/ros2_ws/install:/home/mouha/ros2_ws/install', 'ROS_DISTRO': 'jazzy', 'LOGNAME': 'mouha', 'JOURNAL_STREAM': '10:26710', '_': '/usr/bin/colcon', 'ROS_VERSION': '2', 'MEMORY_PRESSURE_WATCH': '/sys/fs/cgroup/user.slice/user-1000.slice/user@1000.service/session.slice/org.gnome.Shell@wayland.service/memory.pressure', 'XDG_SESSION_CLASS': 'user', 'USERNAME': 'mouha', 'TERM': 'xterm-256color', 'GNOME_DESKTOP_SESSION_ID': 'this-is-deprecated', 'PATH': '/opt/ros/jazzy/opt/gz_msgs_vendor/bin:/opt/ros/jazzy/opt/gz_tools_vendor/bin:/opt/ros/jazzy/opt/gz_ogre_next_vendor/bin:/opt/ros/jazzy/bin:/home/mouha/.local/bin:/usr/local/sbin:/usr/local/bin:/usr/sbin:/usr/bin:/sbin:/bin:/usr/games:/usr/local/games:/snap/bin:/snap/bin', 'SESSION_MANAGER': 'local/mouha-TUF:@/tmp/.ICE-unix/2462,unix/mouha-TUF:/tmp/.ICE-unix/2462', 'INVOCATION_ID': 'd766796c67a3427d8e46b6b593769ef7', 'PAPERSIZE': 'a4', 'XDG_MENU_PREFIX': 'gnome-', 'LC_ADDRESS': 'en_GB.UTF-8', 'GNOME_SETUP_DISPLAY': ':1', 'XDG_RUNTIME_DIR': '/run/user/1000', 'DISPLAY': ':0', 'TERMINATOR_DBUS_PATH': '/net/tenshu/Terminator2', 'LANG': 'en_GB.UTF-8', 'XDG_CURRENT_DESKTOP': 'ubuntu:GNOME', 'LC_TELEPHONE': 'en_GB.UTF-8', 'XMODIFIERS': '@im=ibus', 'XDG_SESSION_DESKTOP': 'ubuntu', 'XAUTHORITY': '/run/user/1000/.mutter-Xwaylandauth.SFWAT3', 'LS_COLORS': 'rs=0:di=01;34:ln=01;36:mh=00:pi=40;33:so=01;35:do=01;35:bd=40;33;01:cd=40;33;01:or=40;31;01:mi=00:su=37;41:sg=30;43:ca=00:tw=30;42:ow=34;42:st=37;44:ex=01;32:*.tar=01;31:*.tgz=01;31:*.arc=01;31:*.arj=01;31:*.taz=01;31:*.lha=01;31:*.lz4=01;31:*.lzh=01;31:*.lzma=01;31:*.tlz=01;31:*.txz=01;31:*.tzo=01;31:*.t7z=01;31:*.zip=01;31:*.z=01;31:*.dz=01;31:*.gz=01;31:*.lrz=01;31:*.lz=01;31:*.lzo=01;31:*.xz=01;31:*.zst=01;31:*.tzst=01;31:*.bz2=01;31:*.bz=01;31:*.tbz=01;31:*.tbz2=01;31:*.tz=01;31:*.deb=01;31:*.rpm=01;31:*.jar=01;31:*.war=01;31:*.ear=01;31:*.sar=01;31:*.rar=01;31:*.alz=01;31:*.ace=01;31:*.zoo=01;31:*.cpio=01;31:*.7z=01;31:*.rz=01;31:*.cab=01;31:*.wim=01;31:*.swm=01;31:*.dwm=01;31:*.esd=01;31:*.avif=01;35:*.jpg=01;35:*.jpeg=01;35:*.mjpg=01;35:*.mjpeg=01;35:*.gif=01;35:*.bmp=01;35:*.pbm=01;35:*.pgm=01;35:*.ppm=01;35:*.tga=01;35:*.xbm=01;35:*.xpm=01;35:*.tif=01;35:*.tiff=01;35:*.png=01;35:*.svg=01;35:*.svgz=01;35:*.mng=01;35:*.pcx=01;35:*.mov=01;35:*.mpg=01;35:*.mpeg=01;35:*.m2v=01;35:*.mkv=01;35:*.webm=01;35:*.webp=01;35:*.ogm=01;35:*.mp4=01;35:*.m4v=01;35:*.mp4v=01;35:*.vob=01;35:*.qt=01;35:*.nuv=01;35:*.wmv=01;35:*.asf=01;35:*.rm=01;35:*.rmvb=01;35:*.flc=01;35:*.avi=01;35:*.fli=01;35:*.flv=01;35:*.gl=01;35:*.dl=01;35:*.xcf=01;35:*.xwd=01;35:*.yuv=01;35:*.cgm=01;35:*.emf=01;35:*.ogv=01;35:*.ogx=01;35:*.aac=00;36:*.au=00;36:*.flac=00;36:*.m4a=00;36:*.mid=00;36:*.midi=00;36:*.mka=00;36:*.mp3=00;36:*.mpc=00;36:*.ogg=00;36:*.ra=00;36:*.wav=00;36:*.oga=00;36:*.opus=00;36:*.spx=00;36:*.xspf=00;36:*~=00;90:*#=00;90:*.bak=00;90:*.crdownload=00;90:*.dpkg-dist=00;90:*.dpkg-new=00;90:*.dpkg-old=00;90:*.dpkg-tmp=00;90:*.old=00;90:*.orig=00;90:*.part=00;90:*.rej=00;90:*.rpmnew=00;90:*.rpmorig=00;90:*.rpmsave=00;90:*.swp=00;90:*.tmp=00;90:*.ucf-dist=00;90:*.ucf-new=00;90:*.ucf-old=00;90:', 'SSH_AUTH_SOCK': '/run/user/1000/keyring/ssh', 'AMENT_PREFIX_PATH': '/home/mouha/crazyflie/ros2_ws/install/micro_ros_msgs:/home/mouha/crazyflie/ros2_ws/install/micro_ros_setup:/home/mouha/crazyflie/ros2_ws/install/crazyflie_sim:/home/mouha/crazyflie/ros2_ws/install/crazyflie_server_py:/home/mouha/crazyflie/ros2_ws/install/crazyflie_examples:/home/mouha/crazyflie/ros2_ws/install/crazyflie_py:/home/mouha/crazyflie/ros2_ws/install/crazyflie:/home/mouha/crazyflie/ros2_ws/install/crazyflie_interfaces:/home/mouha/crazyflie/ros2_ws/install/crazyflie_description:/home/mouha/crazyflie/ros2_ws/install/cf_led_mission:/home/mouha/ros2_ws/install/my_py_pkg:/home/mouha/ros2_ws/install/my_cpp_pkg:/opt/ros/jazzy', 'SHELL': '/bin/bash', 'LC_NAME': 'en_GB.UTF-8', 'TERMINATOR_UUID': 'urn:uuid:7c048b6f-977f-4836-932f-4a361a17132b', 'QT_ACCESSIBILITY': '1', 'GDMSESSION': 'ubuntu', 'LESSCLOSE': '/usr/bin/lesspipe %s %s', 'LC_MEASUREMENT': 'en_GB.UTF-8', 'GJS_DEBUG_OUTPUT': 'stderr', 'LC_IDENTIFICATION': 'en_GB.UTF-8', 'ROS_AUTOMATIC_DISCOVERY_RANGE': 'SUBNET', 'QT_IM_MODULE': 'ibus', 'PWD': '/home/mouha/crazyflie/ros2_ws/build/micro_ros_msgs', 'LC_ALL': 'en_US.UTF-8', 'XDG_CONFIG_DIRS': '/etc/xdg/xdg-ubuntu:/etc/xdg', 'XDG_DATA_DIRS': '/usr/share/ubuntu:/usr/share/gnome:/usr/local/share/:/usr/share/:/var/lib/snapd/desktop', 'QTWEBENGINE_DICTIONARIES_PATH': '/usr/share/hunspell-bdic/', 'PYTHONPATH': '/home/mouha/crazyflie/ros2_ws/install/micro_ros_msgs/lib/python3.12/site-packages:/home/mouha/ros2_ws/build/my_py_pkg:/home/mouha/crazyflie/ros2_ws/install/crazyflie_sim/lib/python3.12/site-packages:/home/mouha/crazyflie/ros2_ws/build/crazyflie_server_py:/home/mouha/crazyflie/ros2_ws/install/crazyflie_server_py/lib/python3.12/site-packages:/home/mouha/crazyflie/ros2_ws/install/crazyflie_examples/lib/python3.12/site-packages:/home/mouha/crazyflie/ros2_ws/build/crazyflie_py:/home/mouha/crazyflie/ros2_ws/install/crazyflie_py/lib/python3.12/site-packages:/home/mouha/crazyflie/ros2_ws/install/crazyflie_interfaces/lib/python3.12/site-packages:/home/mouha/crazyflie/ros2_ws/build/cf_led_mission:/home/mouha/crazyflie/ros2_ws/install/cf_led_mission/lib/python3.12/site-packages:/home/mouha/ros2_ws/install/my_py_pkg/lib/python3.12/site-packages:/opt/ros/jazzy/lib/python3.12/site-packages', 'LC_NUMERIC': 'en_GB.UTF-8', 'LC_PAPER': 'en_GB.UTF-8', 'COLCON': '1', 'MEMORY_PRESSURE_WRITE': 'c29tZSAyMDAwMDAgMjAwMDAwMAA=', 'VTE_VERSION': '7600', 'CMAKE_PREFIX_PATH': '/home/mouha/crazyflie/ros2_ws/install/micro_ros_msgs:/home/mouha/crazyflie/ros2_ws/install/micro_ros_setup:/home/mouha/crazyflie/ros2_ws/install/crazyflie_sim:/home/mouha/crazyflie/ros2_ws/install/crazyflie_examples:/home/mouha/crazyflie/ros2_ws/install/crazyflie:/home/mouha/crazyflie/ros2_ws/install/crazyflie_interfaces:/home/mouha/crazyflie/ros2_ws/install/crazyflie_description:/home/mouha/ros2_ws/install/my_cpp_pkg:/opt/ros/jazzy/opt/gz_sim_vendor:/opt/ros/jazzy/opt/gz_sensors_vendor:/opt/ros/jazzy/opt/gz_physics_vendor:/opt/ros/jazzy/opt/sdformat_vendor:/opt/ros/jazzy/opt/gz_gui_vendor:/opt/ros/jazzy/opt/gz_transport_vendor:/opt/ros/jazzy/opt/gz_rendering_vendor:/opt/ros/jazzy/opt/gz_plugin_vendor:/opt/ros/jazzy/opt/gz_fuel_tools_vendor:/opt/ros/jazzy/opt/gz_msgs_vendor:/opt/ros/jazzy/opt/gz_common_vendor:/opt/ros/jazzy/opt/gz_math_vendor:/opt/ros/jazzy/opt/gz_utils_vendor:/opt/ros/jazzy/opt/gz_tools_vendor:/opt/ros/jazzy/opt/gz_ogre_next_vendor:/opt/ros/jazzy/opt/gz_dartsim_vendor:/opt/ros/jazzy/opt/gz_cmake_vendor:/home/mouha/crazyflie/ros2_ws/install/crazyflie_server_py:/home/mouha/crazyflie/ros2_ws/install/crazyflie_py:/home/mouha/crazyflie/ros2_ws/install/cf_led_mission:/home/mouha/ros2_ws/install/my_py_pkg:/opt/ros/jazzy'}), 'shell': False}
[2.304235] (-) TimerEvent: {}
[2.340603] (micro_ros_msgs) StdoutLine: {'line': b'[  3%] \x1b[34m\x1b[1mGenerating Rust code for ROS interfaces\x1b[0m\n'}
[2.341075] (micro_ros_msgs) StdoutLine: {'line': b'[  3%] \x1b[34m\x1b[1mGenerating type hashes for ROS interfaces\x1b[0m\n'}
[2.346986] (micro_ros_msgs) StdoutLine: {'line': b'[  3%] Built target ament_cmake_python_copy_micro_ros_msgs\n'}
[2.404338] (-) TimerEvent: {}
[2.504620] (-) TimerEvent: {}
[2.524661] (micro_ros_msgs) StdoutLine: {'line': b'[  3%] Built target micro_ros_msgs__rosidl_generator_type_description\n'}
[2.528448] (micro_ros_msgs) StdoutLine: {'line': b'running egg_info\n'}
[2.529317] (micro_ros_msgs) StdoutLine: {'line': b'creating micro_ros_msgs.egg-info\n'}
[2.533917] (micro_ros_msgs) StdoutLine: {'line': b'[  5%] \x1b[34m\x1b[1mGenerating C code for ROS interfaces\x1b[0m\n'}
[2.540725] (micro_ros_msgs) StdoutLine: {'line': b'[  5%] Built target micro_ros_msgs__rs\n'}
[2.540949] (micro_ros_msgs) StdoutLine: {'line': b'[  7%] \x1b[34m\x1b[1mGenerating C++ code for ROS interfaces\x1b[0m\n'}
[2.547238] (micro_ros_msgs) StdoutLine: {'line': b'writing micro_ros_msgs.egg-info/PKG-INFO\n'}
[2.547473] (micro_ros_msgs) StdoutLine: {'line': b'writing dependency_links to micro_ros_msgs.egg-info/dependency_links.txt\n'}
[2.547571] (micro_ros_msgs) StdoutLine: {'line': b'writing top-level names to micro_ros_msgs.egg-info/top_level.txt\n'}
[2.547679] (micro_ros_msgs) StdoutLine: {'line': b"writing manifest file 'micro_ros_msgs.egg-info/SOURCES.txt'\n"}
[2.596645] (micro_ros_msgs) StdoutLine: {'line': b"reading manifest file 'micro_ros_msgs.egg-info/SOURCES.txt'\n"}
[2.597198] (micro_ros_msgs) StdoutLine: {'line': b"writing manifest file 'micro_ros_msgs.egg-info/SOURCES.txt'\n"}
[2.604718] (-) TimerEvent: {}
[2.621294] (micro_ros_msgs) StdoutLine: {'line': b'[  7%] Built target ament_cmake_python_build_micro_ros_msgs_egg\n'}
[2.704832] (-) TimerEvent: {}
[2.805081] (-) TimerEvent: {}
[2.808231] (micro_ros_msgs) StdoutLine: {'line': b'[  7%] Built target micro_ros_msgs__cpp\n'}
[2.850393] (micro_ros_msgs) StdoutLine: {'line': b'[ 12%] \x1b[32mBuilding C object CMakeFiles/micro_ros_msgs__rosidl_generator_c.dir/rosidl_generator_c/micro_ros_msgs/msg/detail/node__type_support.c.o\x1b[0m\n'}
[2.850623] (micro_ros_msgs) StdoutLine: {'line': b'[ 12%] \x1b[32mBuilding C object CMakeFiles/micro_ros_msgs__rosidl_generator_c.dir/rosidl_generator_c/micro_ros_msgs/msg/detail/graph__description.c.o\x1b[0m\n'}
[2.850720] (micro_ros_msgs) StdoutLine: {'line': b'[ 12%] \x1b[32mBuilding C object CMakeFiles/micro_ros_msgs__rosidl_generator_c.dir/rosidl_generator_c/micro_ros_msgs/msg/detail/node__functions.c.o\x1b[0m\n'}
[2.851470] (micro_ros_msgs) StdoutLine: {'line': b'[ 14%] \x1b[32mBuilding C object CMakeFiles/micro_ros_msgs__rosidl_generator_c.dir/rosidl_generator_c/micro_ros_msgs/msg/detail/graph__functions.c.o\x1b[0m\n'}
[2.851676] (micro_ros_msgs) StdoutLine: {'line': b'[ 16%] \x1b[32mBuilding C object CMakeFiles/micro_ros_msgs__rosidl_generator_c.dir/rosidl_generator_c/micro_ros_msgs/msg/detail/graph__type_support.c.o\x1b[0m\n'}
[2.851805] (micro_ros_msgs) StdoutLine: {'line': b'[ 18%] \x1b[32mBuilding C object CMakeFiles/micro_ros_msgs__rosidl_generator_c.dir/rosidl_generator_c/micro_ros_msgs/msg/detail/node__description.c.o\x1b[0m\n'}
[2.852345] (micro_ros_msgs) StdoutLine: {'line': b'[ 20%] \x1b[32mBuilding C object CMakeFiles/micro_ros_msgs__rosidl_generator_c.dir/rosidl_generator_c/micro_ros_msgs/msg/detail/entity__description.c.o\x1b[0m\n'}
[2.852547] (micro_ros_msgs) StdoutLine: {'line': b'[ 21%] \x1b[32mBuilding C object CMakeFiles/micro_ros_msgs__rosidl_generator_c.dir/rosidl_generator_c/micro_ros_msgs/msg/detail/entity__functions.c.o\x1b[0m\n'}
[2.852660] (micro_ros_msgs) StdoutLine: {'line': b'[ 23%] \x1b[32mBuilding C object CMakeFiles/micro_ros_msgs__rosidl_generator_c.dir/rosidl_generator_c/micro_ros_msgs/msg/detail/entity__type_support.c.o\x1b[0m\n'}
[2.894180] (micro_ros_msgs) StdoutLine: {'line': b'[ 25%] \x1b[32m\x1b[1mLinking C shared library libmicro_ros_msgs__rosidl_generator_c.so\x1b[0m\n'}
[2.905173] (-) TimerEvent: {}
[2.922111] (micro_ros_msgs) StdoutLine: {'line': b'[ 25%] Built target micro_ros_msgs__rosidl_generator_c\n'}
[2.929765] (micro_ros_msgs) StdoutLine: {'line': b'[ 36%] \x1b[34m\x1b[1mGenerating C++ type support dispatch for ROS interfaces\x1b[0m\n'}
[2.929990] (micro_ros_msgs) StdoutLine: {'line': b'[ 36%] \x1b[34m\x1b[1mGenerating C++ type support for eProsima Fast-RTPS\x1b[0m\n'}
[2.930081] (micro_ros_msgs) StdoutLine: {'line': b'[ 36%] \x1b[34m\x1b[1mGenerating C type support for eProsima Fast-RTPS\x1b[0m\n'}
[2.930162] (micro_ros_msgs) StdoutLine: {'line': b'[ 36%] \x1b[34m\x1b[1mGenerating C type support dispatch for ROS interfaces\x1b[0m\n'}
[2.930241] (micro_ros_msgs) StdoutLine: {'line': b'[ 36%] \x1b[34m\x1b[1mGenerating C introspection for ROS interfaces\x1b[0m\n'}
[2.930317] (micro_ros_msgs) StdoutLine: {'line': b'[ 36%] \x1b[34m\x1b[1mGenerating C++ introspection for ROS interfaces\x1b[0m\n'}
[3.005267] (-) TimerEvent: {}
[3.105529] (-) TimerEvent: {}
[3.188379] (micro_ros_msgs) StdoutLine: {'line': b'[ 49%] \x1b[32mBuilding C object CMakeFiles/micro_ros_msgs__rosidl_typesupport_introspection_c.dir/rosidl_typesupport_introspection_c/micro_ros_msgs/msg/detail/entity__type_support.c.o\x1b[0m\n'}
[3.189120] (micro_ros_msgs) StdoutLine: {'line': b'[ 49%] \x1b[32mBuilding C object CMakeFiles/micro_ros_msgs__rosidl_typesupport_introspection_c.dir/rosidl_typesupport_introspection_c/micro_ros_msgs/msg/detail/node__type_support.c.o\x1b[0m\n'}
[3.189250] (micro_ros_msgs) StdoutLine: {'line': b'[ 49%] \x1b[32mBuilding CXX object CMakeFiles/micro_ros_msgs__rosidl_typesupport_introspection_cpp.dir/rosidl_typesupport_introspection_cpp/micro_ros_msgs/msg/detail/graph__type_support.cpp.o\x1b[0m\n'}
[3.189330] (micro_ros_msgs) StdoutLine: {'line': b'[ 49%] \x1b[32mBuilding CXX object CMakeFiles/micro_ros_msgs__rosidl_typesupport_introspection_cpp.dir/rosidl_typesupport_introspection_cpp/micro_ros_msgs/msg/detail/node__type_support.cpp.o\x1b[0m\n'}
[3.189412] (micro_ros_msgs) StdoutLine: {'line': b'[ 49%] \x1b[32mBuilding CXX object CMakeFiles/micro_ros_msgs__rosidl_typesupport_c.dir/rosidl_typesupport_c/micro_ros_msgs/msg/node__type_support.cpp.o\x1b[0m\n'}
[3.189516] (micro_ros_msgs) StdoutLine: {'line': b'[ 52%] \x1b[32mBuilding CXX object CMakeFiles/micro_ros_msgs__rosidl_typesupport_c.dir/rosidl_typesupport_c/micro_ros_msgs/msg/entity__type_support.cpp.o\x1b[0m\n'}
[3.189600] (micro_ros_msgs) StdoutLine: {'line': b'[ 49%] \x1b[32mBuilding CXX object CMakeFiles/micro_ros_msgs__rosidl_typesupport_c.dir/rosidl_typesupport_c/micro_ros_msgs/msg/graph__type_support.cpp.o\x1b[0m\n'}
[3.189685] (micro_ros_msgs) StdoutLine: {'line': b'[ 52%] \x1b[32mBuilding CXX object CMakeFiles/micro_ros_msgs__rosidl_typesupport_cpp.dir/rosidl_typesupport_cpp/micro_ros_msgs/msg/node__type_support.cpp.o\x1b[0m\n'}
[3.189779] (micro_ros_msgs) StdoutLine: {'line': b'[ 54%] \x1b[32mBuilding CXX object CMakeFiles/micro_ros_msgs__rosidl_typesupport_cpp.dir/rosidl_typesupport_cpp/micro_ros_msgs/msg/graph__type_support.cpp.o\x1b[0m\n'}
[3.189868] (micro_ros_msgs) StdoutLine: {'line': b'[ 54%] \x1b[32mBuilding C object CMakeFiles/micro_ros_msgs__rosidl_typesupport_introspection_c.dir/rosidl_typesupport_introspection_c/micro_ros_msgs/msg/detail/graph__type_support.c.o\x1b[0m\n'}
[3.206956] (-) TimerEvent: {}
[3.235586] (micro_ros_msgs) StdoutLine: {'line': b'[ 56%] \x1b[32mBuilding CXX object CMakeFiles/micro_ros_msgs__rosidl_typesupport_introspection_cpp.dir/rosidl_typesupport_introspection_cpp/micro_ros_msgs/msg/detail/entity__type_support.cpp.o\x1b[0m\n'}
[3.240066] (micro_ros_msgs) StdoutLine: {'line': b'[ 58%] \x1b[32m\x1b[1mLinking C shared library libmicro_ros_msgs__rosidl_typesupport_introspection_c.so\x1b[0m\n'}
[3.242271] (micro_ros_msgs) StdoutLine: {'line': b'[ 60%] \x1b[32mBuilding CXX object CMakeFiles/micro_ros_msgs__rosidl_typesupport_cpp.dir/rosidl_typesupport_cpp/micro_ros_msgs/msg/entity__type_support.cpp.o\x1b[0m\n'}
[3.248801] (micro_ros_msgs) StdoutLine: {'line': b'[ 61%] \x1b[32m\x1b[1mLinking CXX shared library libmicro_ros_msgs__rosidl_typesupport_c.so\x1b[0m\n'}
[3.253519] (micro_ros_msgs) StdoutLine: {'line': b'[ 63%] \x1b[32mBuilding CXX object CMakeFiles/micro_ros_msgs__rosidl_typesupport_fastrtps_cpp.dir/rosidl_typesupport_fastrtps_cpp/micro_ros_msgs/msg/detail/dds_fastrtps/graph__type_support.cpp.o\x1b[0m\n'}
[3.254745] (micro_ros_msgs) StdoutLine: {'line': b'[ 67%] \x1b[32mBuilding CXX object CMakeFiles/micro_ros_msgs__rosidl_typesupport_fastrtps_cpp.dir/rosidl_typesupport_fastrtps_cpp/micro_ros_msgs/msg/detail/dds_fastrtps/entity__type_support.cpp.o\x1b[0m\n'}
[3.254879] (micro_ros_msgs) StdoutLine: {'line': b'[ 67%] \x1b[32mBuilding CXX object CMakeFiles/micro_ros_msgs__rosidl_typesupport_fastrtps_cpp.dir/rosidl_typesupport_fastrtps_cpp/micro_ros_msgs/msg/detail/dds_fastrtps/node__type_support.cpp.o\x1b[0m\n'}
[3.265050] (micro_ros_msgs) StdoutLine: {'line': b'[ 69%] \x1b[32mBuilding CXX object CMakeFiles/micro_ros_msgs__rosidl_typesupport_fastrtps_c.dir/rosidl_typesupport_fastrtps_c/micro_ros_msgs/msg/detail/graph__type_support_c.cpp.o\x1b[0m\n'}
[3.281492] (micro_ros_msgs) StdoutLine: {'line': b'[ 69%] Built target micro_ros_msgs__rosidl_typesupport_introspection_c\n'}
[3.292161] (micro_ros_msgs) StdoutLine: {'line': b'[ 70%] \x1b[32mBuilding CXX object CMakeFiles/micro_ros_msgs__rosidl_typesupport_fastrtps_c.dir/rosidl_typesupport_fastrtps_c/micro_ros_msgs/msg/detail/node__type_support_c.cpp.o\x1b[0m\n'}
[3.295452] (micro_ros_msgs) StdoutLine: {'line': b'[ 70%] Built target micro_ros_msgs__rosidl_typesupport_c\n'}
[3.306264] (micro_ros_msgs) StdoutLine: {'line': b'[ 72%] \x1b[32mBuilding CXX object CMakeFiles/micro_ros_msgs__rosidl_typesupport_fastrtps_c.dir/rosidl_typesupport_fastrtps_c/micro_ros_msgs/msg/detail/entity__type_support_c.cpp.o\x1b[0m\n'}
[3.307036] (-) TimerEvent: {}
[3.408081] (-) TimerEvent: {}
[3.508430] (-) TimerEvent: {}
[3.608757] (-) TimerEvent: {}
[3.615944] (micro_ros_msgs) StdoutLine: {'line': b'[ 74%] \x1b[32m\x1b[1mLinking CXX shared library libmicro_ros_msgs__rosidl_typesupport_cpp.so\x1b[0m\n'}
[3.668048] (micro_ros_msgs) StdoutLine: {'line': b'[ 74%] Built target micro_ros_msgs__rosidl_typesupport_cpp\n'}
[3.701886] (micro_ros_msgs) StdoutLine: {'line': b'[ 76%] \x1b[32m\x1b[1mLinking CXX shared library libmicro_ros_msgs__rosidl_typesupport_introspection_cpp.so\x1b[0m\n'}
[3.708863] (-) TimerEvent: {}
[3.768811] (micro_ros_msgs) StdoutLine: {'line': b'[ 76%] Built target micro_ros_msgs__rosidl_typesupport_introspection_cpp\n'}
[3.808946] (-) TimerEvent: {}
[3.869752] (micro_ros_msgs) StdoutLine: {'line': b'[ 78%] \x1b[32m\x1b[1mLinking CXX shared library libmicro_ros_msgs__rosidl_typesupport_fastrtps_c.so\x1b[0m\n'}
[3.896241] (micro_ros_msgs) StdoutLine: {'line': b'[ 80%] \x1b[32m\x1b[1mLinking CXX shared library libmicro_ros_msgs__rosidl_typesupport_fastrtps_cpp.so\x1b[0m\n'}
[3.909064] (-) TimerEvent: {}
[3.927288] (micro_ros_msgs) StdoutLine: {'line': b'[ 80%] Built target micro_ros_msgs__rosidl_typesupport_fastrtps_c\n'}
[3.952796] (micro_ros_msgs) StdoutLine: {'line': b'[ 80%] Built target micro_ros_msgs__rosidl_typesupport_fastrtps_cpp\n'}
[3.966984] (micro_ros_msgs) StdoutLine: {'line': b'[ 80%] Built target micro_ros_msgs\n'}
[3.980963] (micro_ros_msgs) StdoutLine: {'line': b'[ 81%] \x1b[34m\x1b[1mGenerating Python code for ROS interfaces\x1b[0m\n'}
[4.009135] (-) TimerEvent: {}
[4.109346] (-) TimerEvent: {}
[4.209572] (-) TimerEvent: {}
[4.292571] (micro_ros_msgs) StdoutLine: {'line': b'[ 81%] Built target micro_ros_msgs__py\n'}
[4.307084] (micro_ros_msgs) StdoutLine: {'line': b'[ 87%] \x1b[32mBuilding C object CMakeFiles/micro_ros_msgs__rosidl_generator_py.dir/rosidl_generator_py/micro_ros_msgs/msg/_graph_s.c.o\x1b[0m\n'}
[4.307292] (micro_ros_msgs) StdoutLine: {'line': b'[ 87%] \x1b[32mBuilding C object CMakeFiles/micro_ros_msgs__rosidl_generator_py.dir/rosidl_generator_py/micro_ros_msgs/msg/_node_s.c.o\x1b[0m\n'}
[4.307382] (micro_ros_msgs) StdoutLine: {'line': b'[ 87%] \x1b[32mBuilding C object CMakeFiles/micro_ros_msgs__rosidl_generator_py.dir/rosidl_generator_py/micro_ros_msgs/msg/_entity_s.c.o\x1b[0m\n'}
[4.309666] (-) TimerEvent: {}
[4.394288] (micro_ros_msgs) StdoutLine: {'line': b'[ 89%] \x1b[32m\x1b[1mLinking C shared library libmicro_ros_msgs__rosidl_generator_py.so\x1b[0m\n'}
[4.409843] (-) TimerEvent: {}
[4.424010] (micro_ros_msgs) StdoutLine: {'line': b'[ 89%] Built target micro_ros_msgs__rosidl_generator_py\n'}
[4.439594] (micro_ros_msgs) StdoutLine: {'line': b'[ 94%] \x1b[32mBuilding C object CMakeFiles/micro_ros_msgs_s__rosidl_typesupport_fastrtps_c.dir/rosidl_generator_py/micro_ros_msgs/_micro_ros_msgs_s.ep.rosidl_typesupport_fastrtps_c.c.o\x1b[0m\n'}
[4.439759] (micro_ros_msgs) StdoutLine: {'line': b'[ 94%] \x1b[32mBuilding C object CMakeFiles/micro_ros_msgs_s__rosidl_typesupport_introspection_c.dir/rosidl_generator_py/micro_ros_msgs/_micro_ros_msgs_s.ep.rosidl_typesupport_introspection_c.c.o\x1b[0m\n'}
[4.439819] (micro_ros_msgs) StdoutLine: {'line': b'[ 94%] \x1b[32mBuilding C object CMakeFiles/micro_ros_msgs_s__rosidl_typesupport_c.dir/rosidl_generator_py/micro_ros_msgs/_micro_ros_msgs_s.ep.rosidl_typesupport_c.c.o\x1b[0m\n'}
[4.509955] (-) TimerEvent: {}
[4.510166] (micro_ros_msgs) StdoutLine: {'line': b'[ 98%] \x1b[32m\x1b[1mLinking C shared module rosidl_generator_py/micro_ros_msgs/micro_ros_msgs_s__rosidl_typesupport_c.so\x1b[0m\n'}
[4.510347] (micro_ros_msgs) StdoutLine: {'line': b'[ 98%] \x1b[32m\x1b[1mLinking C shared module rosidl_generator_py/micro_ros_msgs/micro_ros_msgs_s__rosidl_typesupport_introspection_c.so\x1b[0m\n'}
[4.512024] (micro_ros_msgs) StdoutLine: {'line': b'[100%] \x1b[32m\x1b[1mLinking C shared module rosidl_generator_py/micro_ros_msgs/micro_ros_msgs_s__rosidl_typesupport_fastrtps_c.so\x1b[0m\n'}
[4.532391] (micro_ros_msgs) StdoutLine: {'line': b'[100%] Built target micro_ros_msgs_s__rosidl_typesupport_c\n'}
[4.532616] (micro_ros_msgs) StdoutLine: {'line': b'[100%] Built target micro_ros_msgs_s__rosidl_typesupport_introspection_c\n'}
[4.532707] (micro_ros_msgs) StdoutLine: {'line': b'[100%] Built target micro_ros_msgs_s__rosidl_typesupport_fastrtps_c\n'}
[4.541965] (micro_ros_msgs) CommandEnded: {'returncode': 0}
[4.542462] (micro_ros_msgs) JobProgress: {'identifier': 'micro_ros_msgs', 'progress': 'install'}
[4.549092] (micro_ros_msgs) Command: {'cmd': ['/usr/bin/cmake', '--install', '/home/mouha/crazyflie/ros2_ws/build/micro_ros_msgs'], 'cwd': '/home/mouha/crazyflie/ros2_ws/build/micro_ros_msgs', 'env': OrderedDict({'GJS_DEBUG_TOPICS': 'JS ERROR;JS LOG', 'XDG_ACTIVATION_TOKEN': 'gnome-shell/Terminator/2522-1-mouha-TUF_TIME1250468', 'LESSOPEN': '| /usr/bin/lesspipe %s', 'GZ_SIM_RESOURCE_PATH': '/opt/ros/jazzy/share', 'LANGUAGE': 'en_GB:en', 'USER': 'mouha', 'LC_TIME': 'en_GB.UTF-8', 'GZ_CONFIG_PATH': '/opt/ros/jazzy/opt/gz_sim_vendor/share/gz:/opt/ros/jazzy/opt/sdformat_vendor/share/gz:/opt/ros/jazzy/opt/gz_gui_vendor/share/gz:/opt/ros/jazzy/opt/gz_transport_vendor/share/gz:/opt/ros/jazzy/opt/gz_rendering_vendor/share/gz:/opt/ros/jazzy/opt/gz_plugin_vendor/share/gz:/opt/ros/jazzy/opt/gz_fuel_tools_vendor/share/gz:/opt/ros/jazzy/opt/gz_msgs_vendor/share/gz:/opt/ros/jazzy/opt/gz_common_vendor/share/gz', 'XDG_SESSION_TYPE': 'wayland', 'STM32CubeMX_PATH': '/home/mouha/STM32CubeMX', 'CLUTTER_DISABLE_MIPMAPPED_TEXT': '1', 'SHLVL': '2', 'LD_LIBRARY_PATH': '/home/mouha/crazyflie/ros2_ws/install/micro_ros_msgs/lib:/home/mouha/crazyflie/ros2_ws/install/crazyflie_interfaces/lib:/opt/ros/jazzy/opt/gz_sim_vendor/lib:/opt/ros/jazzy/opt/gz_sensors_vendor/lib:/opt/ros/jazzy/opt/gz_physics_vendor/lib:/opt/ros/jazzy/opt/sdformat_vendor/lib:/opt/ros/jazzy/opt/rviz_ogre_vendor/lib:/opt/ros/jazzy/lib/x86_64-linux-gnu:/opt/ros/jazzy/opt/gz_gui_vendor/lib:/opt/ros/jazzy/opt/gz_transport_vendor/lib:/opt/ros/jazzy/opt/gz_rendering_vendor/lib:/opt/ros/jazzy/opt/gz_plugin_vendor/lib:/opt/ros/jazzy/opt/gz_fuel_tools_vendor/lib:/opt/ros/jazzy/opt/gz_msgs_vendor/lib:/opt/ros/jazzy/opt/gz_common_vendor/lib:/opt/ros/jazzy/opt/gz_math_vendor/lib:/opt/ros/jazzy/opt/gz_utils_vendor/lib:/opt/ros/jazzy/opt/gz_tools_vendor/lib:/opt/ros/jazzy/opt/gz_ogre_next_vendor/lib:/opt/ros/jazzy/opt/gz_dartsim_vendor/lib:/opt/ros/jazzy/opt/gz_cmake_vendor/lib:/opt/ros/jazzy/lib', 'HOME': '/home/mouha', 'OLDPWD': '/home/mouha/crazyflie/ros2_ws/src', 'DESKTOP_SESSION': 'ubuntu', 'GIO_LAUNCHED_DESKTOP_FILE': '/usr/share/applications/terminator.desktop', 'ROS_PYTHON_VERSION': '3', 'GNOME_SHELL_SESSION_MODE': 'ubuntu', 'GTK_MODULES': 'gail:atk-bridge', 'LC_MONETARY': 'en_GB.UTF-8', 'MANAGERPID': '2224', 'SYSTEMD_EXEC_PID': '2522', 'GSM_SKIP_SSH_AGENT_WORKAROUND': 'true', 'DBUS_SESSION_BUS_ADDRESS': 'unix:path=/run/user/1000/bus', 'COLORTERM': 'truecolor', 'TERMINATOR_DBUS_NAME': 'net.tenshu.Terminator25ef4b219e3b005583550f2b0f9f990c3', 'GIO_LAUNCHED_DESKTOP_FILE_PID': '16393', 'DEBUGINFOD_URLS': 'https://debuginfod.ubuntu.com', 'IM_CONFIG_PHASE': '1', 'WAYLAND_DISPLAY': 'wayland-0', 'COLCON_PREFIX_PATH': '/home/mouha/crazyflie/ros2_ws/install:/home/mouha/ros2_ws/install', 'ROS_DISTRO': 'jazzy', 'LOGNAME': 'mouha', 'JOURNAL_STREAM': '10:26710', '_': '/usr/bin/colcon', 'ROS_VERSION': '2', 'MEMORY_PRESSURE_WATCH': '/sys/fs/cgroup/user.slice/user-1000.slice/user@1000.service/session.slice/org.gnome.Shell@wayland.service/memory.pressure', 'XDG_SESSION_CLASS': 'user', 'USERNAME': 'mouha', 'TERM': 'xterm-256color', 'GNOME_DESKTOP_SESSION_ID': 'this-is-deprecated', 'PATH': '/opt/ros/jazzy/opt/gz_msgs_vendor/bin:/opt/ros/jazzy/opt/gz_tools_vendor/bin:/opt/ros/jazzy/opt/gz_ogre_next_vendor/bin:/opt/ros/jazzy/bin:/home/mouha/.local/bin:/usr/local/sbin:/usr/local/bin:/usr/sbin:/usr/bin:/sbin:/bin:/usr/games:/usr/local/games:/snap/bin:/snap/bin', 'SESSION_MANAGER': 'local/mouha-TUF:@/tmp/.ICE-unix/2462,unix/mouha-TUF:/tmp/.ICE-unix/2462', 'INVOCATION_ID': 'd766796c67a3427d8e46b6b593769ef7', 'PAPERSIZE': 'a4', 'XDG_MENU_PREFIX': 'gnome-', 'LC_ADDRESS': 'en_GB.UTF-8', 'GNOME_SETUP_DISPLAY': ':1', 'XDG_RUNTIME_DIR': '/run/user/1000', 'DISPLAY': ':0', 'TERMINATOR_DBUS_PATH': '/net/tenshu/Terminator2', 'LANG': 'en_GB.UTF-8', 'XDG_CURRENT_DESKTOP': 'ubuntu:GNOME', 'LC_TELEPHONE': 'en_GB.UTF-8', 'XMODIFIERS': '@im=ibus', 'XDG_SESSION_DESKTOP': 'ubuntu', 'XAUTHORITY': '/run/user/1000/.mutter-Xwaylandauth.SFWAT3', 'LS_COLORS': 'rs=0:di=01;34:ln=01;36:mh=00:pi=40;33:so=01;35:do=01;35:bd=40;33;01:cd=40;33;01:or=40;31;01:mi=00:su=37;41:sg=30;43:ca=00:tw=30;42:ow=34;42:st=37;44:ex=01;32:*.tar=01;31:*.tgz=01;31:*.arc=01;31:*.arj=01;31:*.taz=01;31:*.lha=01;31:*.lz4=01;31:*.lzh=01;31:*.lzma=01;31:*.tlz=01;31:*.txz=01;31:*.tzo=01;31:*.t7z=01;31:*.zip=01;31:*.z=01;31:*.dz=01;31:*.gz=01;31:*.lrz=01;31:*.lz=01;31:*.lzo=01;31:*.xz=01;31:*.zst=01;31:*.tzst=01;31:*.bz2=01;31:*.bz=01;31:*.tbz=01;31:*.tbz2=01;31:*.tz=01;31:*.deb=01;31:*.rpm=01;31:*.jar=01;31:*.war=01;31:*.ear=01;31:*.sar=01;31:*.rar=01;31:*.alz=01;31:*.ace=01;31:*.zoo=01;31:*.cpio=01;31:*.7z=01;31:*.rz=01;31:*.cab=01;31:*.wim=01;31:*.swm=01;31:*.dwm=01;31:*.esd=01;31:*.avif=01;35:*.jpg=01;35:*.jpeg=01;35:*.mjpg=01;35:*.mjpeg=01;35:*.gif=01;35:*.bmp=01;35:*.pbm=01;35:*.pgm=01;35:*.ppm=01;35:*.tga=01;35:*.xbm=01;35:*.xpm=01;35:*.tif=01;35:*.tiff=01;35:*.png=01;35:*.svg=01;35:*.svgz=01;35:*.mng=01;35:*.pcx=01;35:*.mov=01;35:*.mpg=01;35:*.mpeg=01;35:*.m2v=01;35:*.mkv=01;35:*.webm=01;35:*.webp=01;35:*.ogm=01;35:*.mp4=01;35:*.m4v=01;35:*.mp4v=01;35:*.vob=01;35:*.qt=01;35:*.nuv=01;35:*.wmv=01;35:*.asf=01;35:*.rm=01;35:*.rmvb=01;35:*.flc=01;35:*.avi=01;35:*.fli=01;35:*.flv=01;35:*.gl=01;35:*.dl=01;35:*.xcf=01;35:*.xwd=01;35:*.yuv=01;35:*.cgm=01;35:*.emf=01;35:*.ogv=01;35:*.ogx=01;35:*.aac=00;36:*.au=00;36:*.flac=00;36:*.m4a=00;36:*.mid=00;36:*.midi=00;36:*.mka=00;36:*.mp3=00;36:*.mpc=00;36:*.ogg=00;36:*.ra=00;36:*.wav=00;36:*.oga=00;36:*.opus=00;36:*.spx=00;36:*.xspf=00;36:*~=00;90:*#=00;90:*.bak=00;90:*.crdownload=00;90:*.dpkg-dist=00;90:*.dpkg-new=00;90:*.dpkg-old=00;90:*.dpkg-tmp=00;90:*.old=00;90:*.orig=00;90:*.part=00;90:*.rej=00;90:*.rpmnew=00;90:*.rpmorig=00;90:*.rpmsave=00;90:*.swp=00;90:*.tmp=00;90:*.ucf-dist=00;90:*.ucf-new=00;90:*.ucf-old=00;90:', 'SSH_AUTH_SOCK': '/run/user/1000/keyring/ssh', 'AMENT_PREFIX_PATH': '/home/mouha/crazyflie/ros2_ws/install/micro_ros_msgs:/home/mouha/crazyflie/ros2_ws/install/micro_ros_setup:/home/mouha/crazyflie/ros2_ws/install/crazyflie_sim:/home/mouha/crazyflie/ros2_ws/install/crazyflie_server_py:/home/mouha/crazyflie/ros2_ws/install/crazyflie_examples:/home/mouha/crazyflie/ros2_ws/install/crazyflie_py:/home/mouha/crazyflie/ros2_ws/install/crazyflie:/home/mouha/crazyflie/ros2_ws/install/crazyflie_interfaces:/home/mouha/crazyflie/ros2_ws/install/crazyflie_description:/home/mouha/crazyflie/ros2_ws/install/cf_led_mission:/home/mouha/ros2_ws/install/my_py_pkg:/home/mouha/ros2_ws/install/my_cpp_pkg:/opt/ros/jazzy', 'SHELL': '/bin/bash', 'LC_NAME': 'en_GB.UTF-8', 'TERMINATOR_UUID': 'urn:uuid:7c048b6f-977f-4836-932f-4a361a17132b', 'QT_ACCESSIBILITY': '1', 'GDMSESSION': 'ubuntu', 'LESSCLOSE': '/usr/bin/lesspipe %s %s', 'LC_MEASUREMENT': 'en_GB.UTF-8', 'GJS_DEBUG_OUTPUT': 'stderr', 'LC_IDENTIFICATION': 'en_GB.UTF-8', 'ROS_AUTOMATIC_DISCOVERY_RANGE': 'SUBNET', 'QT_IM_MODULE': 'ibus', 'PWD': '/home/mouha/crazyflie/ros2_ws/build/micro_ros_msgs', 'LC_ALL': 'en_US.UTF-8', 'XDG_CONFIG_DIRS': '/etc/xdg/xdg-ubuntu:/etc/xdg', 'XDG_DATA_DIRS': '/usr/share/ubuntu:/usr/share/gnome:/usr/local/share/:/usr/share/:/var/lib/snapd/desktop', 'QTWEBENGINE_DICTIONARIES_PATH': '/usr/share/hunspell-bdic/', 'PYTHONPATH': '/home/mouha/crazyflie/ros2_ws/install/micro_ros_msgs/lib/python3.12/site-packages:/home/mouha/ros2_ws/build/my_py_pkg:/home/mouha/crazyflie/ros2_ws/install/crazyflie_sim/lib/python3.12/site-packages:/home/mouha/crazyflie/ros2_ws/build/crazyflie_server_py:/home/mouha/crazyflie/ros2_ws/install/crazyflie_server_py/lib/python3.12/site-packages:/home/mouha/crazyflie/ros2_ws/install/crazyflie_examples/lib/python3.12/site-packages:/home/mouha/crazyflie/ros2_ws/build/crazyflie_py:/home/mouha/crazyflie/ros2_ws/install/crazyflie_py/lib/python3.12/site-packages:/home/mouha/crazyflie/ros2_ws/install/crazyflie_interfaces/lib/python3.12/site-packages:/home/mouha/crazyflie/ros2_ws/build/cf_led_mission:/home/mouha/crazyflie/ros2_ws/install/cf_led_mission/lib/python3.12/site-packages:/home/mouha/ros2_ws/install/my_py_pkg/lib/python3.12/site-packages:/opt/ros/jazzy/lib/python3.12/site-packages', 'LC_NUMERIC': 'en_GB.UTF-8', 'LC_PAPER': 'en_GB.UTF-8', 'COLCON': '1', 'MEMORY_PRESSURE_WRITE': 'c29tZSAyMDAwMDAgMjAwMDAwMAA=', 'VTE_VERSION': '7600', 'CMAKE_PREFIX_PATH': '/home/mouha/crazyflie/ros2_ws/install/micro_ros_msgs:/home/mouha/crazyflie/ros2_ws/install/micro_ros_setup:/home/mouha/crazyflie/ros2_ws/install/crazyflie_sim:/home/mouha/crazyflie/ros2_ws/install/crazyflie_examples:/home/mouha/crazyflie/ros2_ws/install/crazyflie:/home/mouha/crazyflie/ros2_ws/install/crazyflie_interfaces:/home/mouha/crazyflie/ros2_ws/install/crazyflie_description:/home/mouha/ros2_ws/install/my_cpp_pkg:/opt/ros/jazzy/opt/gz_sim_vendor:/opt/ros/jazzy/opt/gz_sensors_vendor:/opt/ros/jazzy/opt/gz_physics_vendor:/opt/ros/jazzy/opt/sdformat_vendor:/opt/ros/jazzy/opt/gz_gui_vendor:/opt/ros/jazzy/opt/gz_transport_vendor:/opt/ros/jazzy/opt/gz_rendering_vendor:/opt/ros/jazzy/opt/gz_plugin_vendor:/opt/ros/jazzy/opt/gz_fuel_tools_vendor:/opt/ros/jazzy/opt/gz_msgs_vendor:/opt/ros/jazzy/opt/gz_common_vendor:/opt/ros/jazzy/opt/gz_math_vendor:/opt/ros/jazzy/opt/gz_utils_vendor:/opt/ros/jazzy/opt/gz_tools_vendor:/opt/ros/jazzy/opt/gz_ogre_next_vendor:/opt/ros/jazzy/opt/gz_dartsim_vendor:/opt/ros/jazzy/opt/gz_cmake_vendor:/home/mouha/crazyflie/ros2_ws/install/crazyflie_server_py:/home/mouha/crazyflie/ros2_ws/install/crazyflie_py:/home/mouha/crazyflie/ros2_ws/install/cf_led_mission:/home/mouha/ros2_ws/install/my_py_pkg:/opt/ros/jazzy'}), 'shell': False}
[4.555231] (micro_ros_msgs) StdoutLine: {'line': b'-- Install configuration: ""\n'}
[4.555397] (micro_ros_msgs) StdoutLine: {'line': b'-- Installing: /home/mouha/crazyflie/ros2_ws/install/micro_ros_msgs/share/ament_index/resource_index/rosidl_interfaces/micro_ros_msgs\n'}
[4.555482] (micro_ros_msgs) StdoutLine: {'line': b'-- Installing: /home/mouha/crazyflie/ros2_ws/install/micro_ros_msgs/share/micro_ros_msgs/msg/Graph.json\n'}
[4.555556] (micro_ros_msgs) StdoutLine: {'line': b'-- Installing: /home/mouha/crazyflie/ros2_ws/install/micro_ros_msgs/share/micro_ros_msgs/msg/Node.json\n'}
[4.555625] (micro_ros_msgs) StdoutLine: {'line': b'-- Installing: /home/mouha/crazyflie/ros2_ws/install/micro_ros_msgs/share/micro_ros_msgs/msg/Entity.json\n'}
[4.555714] (micro_ros_msgs) StdoutLine: {'line': b'-- Installing: /home/mouha/crazyflie/ros2_ws/install/micro_ros_msgs/include/micro_ros_msgs/micro_ros_msgs\n'}
[4.555791] (micro_ros_msgs) StdoutLine: {'line': b'-- Installing: /home/mouha/crazyflie/ros2_ws/install/micro_ros_msgs/include/micro_ros_msgs/micro_ros_msgs/msg\n'}
[4.555858] (micro_ros_msgs) StdoutLine: {'line': b'-- Installing: /home/mouha/crazyflie/ros2_ws/install/micro_ros_msgs/include/micro_ros_msgs/micro_ros_msgs/msg/graph.h\n'}
[4.555926] (micro_ros_msgs) StdoutLine: {'line': b'-- Installing: /home/mouha/crazyflie/ros2_ws/install/micro_ros_msgs/include/micro_ros_msgs/micro_ros_msgs/msg/entity.h\n'}
[4.555998] (micro_ros_msgs) StdoutLine: {'line': b'-- Installing: /home/mouha/crazyflie/ros2_ws/install/micro_ros_msgs/include/micro_ros_msgs/micro_ros_msgs/msg/rosidl_generator_c__visibility_control.h\n'}
[4.556049] (micro_ros_msgs) StdoutLine: {'line': b'-- Installing: /home/mouha/crazyflie/ros2_ws/install/micro_ros_msgs/include/micro_ros_msgs/micro_ros_msgs/msg/detail\n'}
[4.556116] (micro_ros_msgs) StdoutLine: {'line': b'-- Installing: /home/mouha/crazyflie/ros2_ws/install/micro_ros_msgs/include/micro_ros_msgs/micro_ros_msgs/msg/detail/entity__type_support.h\n'}
[4.556176] (micro_ros_msgs) StdoutLine: {'line': b'-- Installing: /home/mouha/crazyflie/ros2_ws/install/micro_ros_msgs/include/micro_ros_msgs/micro_ros_msgs/msg/detail/node__functions.h\n'}
[4.556244] (micro_ros_msgs) StdoutLine: {'line': b'-- Installing: /home/mouha/crazyflie/ros2_ws/install/micro_ros_msgs/include/micro_ros_msgs/micro_ros_msgs/msg/detail/graph__type_support.c\n'}
[4.556311] (micro_ros_msgs) StdoutLine: {'line': b'-- Installing: /home/mouha/crazyflie/ros2_ws/install/micro_ros_msgs/include/micro_ros_msgs/micro_ros_msgs/msg/detail/graph__description.c\n'}
[4.556363] (micro_ros_msgs) StdoutLine: {'line': b'-- Installing: /home/mouha/crazyflie/ros2_ws/install/micro_ros_msgs/include/micro_ros_msgs/micro_ros_msgs/msg/detail/node__functions.c\n'}
[4.556438] (micro_ros_msgs) StdoutLine: {'line': b'-- Installing: /home/mouha/crazyflie/ros2_ws/install/micro_ros_msgs/include/micro_ros_msgs/micro_ros_msgs/msg/detail/graph__type_support.h\n'}
[4.556498] (micro_ros_msgs) StdoutLine: {'line': b'-- Installing: /home/mouha/crazyflie/ros2_ws/install/micro_ros_msgs/include/micro_ros_msgs/micro_ros_msgs/msg/detail/entity__functions.h\n'}
[4.556561] (micro_ros_msgs) StdoutLine: {'line': b'-- Installing: /home/mouha/crazyflie/ros2_ws/install/micro_ros_msgs/include/micro_ros_msgs/micro_ros_msgs/msg/detail/entity__type_support.c\n'}
[4.556627] (micro_ros_msgs) StdoutLine: {'line': b'-- Installing: /home/mouha/crazyflie/ros2_ws/install/micro_ros_msgs/include/micro_ros_msgs/micro_ros_msgs/msg/detail/node__type_support.c\n'}
[4.556687] (micro_ros_msgs) StdoutLine: {'line': b'-- Installing: /home/mouha/crazyflie/ros2_ws/install/micro_ros_msgs/include/micro_ros_msgs/micro_ros_msgs/msg/detail/graph__struct.h\n'}
[4.556749] (micro_ros_msgs) StdoutLine: {'line': b'-- Installing: /home/mouha/crazyflie/ros2_ws/install/micro_ros_msgs/include/micro_ros_msgs/micro_ros_msgs/msg/detail/node__struct.h\n'}
[4.556817] (micro_ros_msgs) StdoutLine: {'line': b'-- Installing: /home/mouha/crazyflie/ros2_ws/install/micro_ros_msgs/include/micro_ros_msgs/micro_ros_msgs/msg/detail/graph__functions.h\n'}
[4.556878] (micro_ros_msgs) StdoutLine: {'line': b'-- Installing: /home/mouha/crazyflie/ros2_ws/install/micro_ros_msgs/include/micro_ros_msgs/micro_ros_msgs/msg/detail/entity__functions.c\n'}
[4.556946] (micro_ros_msgs) StdoutLine: {'line': b'-- Installing: /home/mouha/crazyflie/ros2_ws/install/micro_ros_msgs/include/micro_ros_msgs/micro_ros_msgs/msg/detail/node__description.c\n'}
[4.556996] (micro_ros_msgs) StdoutLine: {'line': b'-- Installing: /home/mouha/crazyflie/ros2_ws/install/micro_ros_msgs/include/micro_ros_msgs/micro_ros_msgs/msg/detail/entity__struct.h\n'}
[4.557059] (micro_ros_msgs) StdoutLine: {'line': b'-- Installing: /home/mouha/crazyflie/ros2_ws/install/micro_ros_msgs/include/micro_ros_msgs/micro_ros_msgs/msg/detail/graph__functions.c\n'}
[4.557121] (micro_ros_msgs) StdoutLine: {'line': b'-- Installing: /home/mouha/crazyflie/ros2_ws/install/micro_ros_msgs/include/micro_ros_msgs/micro_ros_msgs/msg/detail/entity__description.c\n'}
[4.557172] (micro_ros_msgs) StdoutLine: {'line': b'-- Installing: /home/mouha/crazyflie/ros2_ws/install/micro_ros_msgs/include/micro_ros_msgs/micro_ros_msgs/msg/detail/node__type_support.h\n'}
[4.557222] (micro_ros_msgs) StdoutLine: {'line': b'-- Installing: /home/mouha/crazyflie/ros2_ws/install/micro_ros_msgs/include/micro_ros_msgs/micro_ros_msgs/msg/node.h\n'}
[4.557273] (micro_ros_msgs) StdoutLine: {'line': b'-- Installing: /home/mouha/crazyflie/ros2_ws/install/micro_ros_msgs/share/micro_ros_msgs/environment/library_path.sh\n'}
[4.557325] (micro_ros_msgs) StdoutLine: {'line': b'-- Installing: /home/mouha/crazyflie/ros2_ws/install/micro_ros_msgs/share/micro_ros_msgs/environment/library_path.dsv\n'}
[4.557397] (micro_ros_msgs) StdoutLine: {'line': b'-- Installing: /home/mouha/crazyflie/ros2_ws/install/micro_ros_msgs/lib/libmicro_ros_msgs__rosidl_generator_c.so\n'}
[4.557486] (micro_ros_msgs) StdoutLine: {'line': b'-- Set non-toolchain portion of runtime path of "/home/mouha/crazyflie/ros2_ws/install/micro_ros_msgs/lib/libmicro_ros_msgs__rosidl_generator_c.so" to ""\n'}
[4.557538] (micro_ros_msgs) StdoutLine: {'line': b'-- Up-to-date: /home/mouha/crazyflie/ros2_ws/install/micro_ros_msgs/include/micro_ros_msgs/micro_ros_msgs\n'}
[4.557609] (micro_ros_msgs) StdoutLine: {'line': b'-- Up-to-date: /home/mouha/crazyflie/ros2_ws/install/micro_ros_msgs/include/micro_ros_msgs/micro_ros_msgs/msg\n'}
[4.557661] (micro_ros_msgs) StdoutLine: {'line': b'-- Up-to-date: /home/mouha/crazyflie/ros2_ws/install/micro_ros_msgs/include/micro_ros_msgs/micro_ros_msgs/msg/detail\n'}
[4.557712] (micro_ros_msgs) StdoutLine: {'line': b'-- Installing: /home/mouha/crazyflie/ros2_ws/install/micro_ros_msgs/include/micro_ros_msgs/micro_ros_msgs/msg/detail/graph__rosidl_typesupport_fastrtps_c.h\n'}
[4.557763] (micro_ros_msgs) StdoutLine: {'line': b'-- Installing: /home/mouha/crazyflie/ros2_ws/install/micro_ros_msgs/include/micro_ros_msgs/micro_ros_msgs/msg/detail/entity__rosidl_typesupport_fastrtps_c.h\n'}
[4.557814] (micro_ros_msgs) StdoutLine: {'line': b'-- Installing: /home/mouha/crazyflie/ros2_ws/install/micro_ros_msgs/include/micro_ros_msgs/micro_ros_msgs/msg/detail/node__rosidl_typesupport_fastrtps_c.h\n'}
[4.557886] (micro_ros_msgs) StdoutLine: {'line': b'-- Installing: /home/mouha/crazyflie/ros2_ws/install/micro_ros_msgs/include/micro_ros_msgs/micro_ros_msgs/msg/rosidl_typesupport_fastrtps_c__visibility_control.h\n'}
[4.557947] (micro_ros_msgs) StdoutLine: {'line': b'-- Installing: /home/mouha/crazyflie/ros2_ws/install/micro_ros_msgs/lib/libmicro_ros_msgs__rosidl_typesupport_fastrtps_c.so\n'}
[4.558021] (micro_ros_msgs) StdoutLine: {'line': b'-- Set non-toolchain portion of runtime path of "/home/mouha/crazyflie/ros2_ws/install/micro_ros_msgs/lib/libmicro_ros_msgs__rosidl_typesupport_fastrtps_c.so" to ""\n'}
[4.558087] (micro_ros_msgs) StdoutLine: {'line': b'-- Up-to-date: /home/mouha/crazyflie/ros2_ws/install/micro_ros_msgs/include/micro_ros_msgs/micro_ros_msgs\n'}
[4.558147] (micro_ros_msgs) StdoutLine: {'line': b'-- Up-to-date: /home/mouha/crazyflie/ros2_ws/install/micro_ros_msgs/include/micro_ros_msgs/micro_ros_msgs/msg\n'}
[4.558209] (micro_ros_msgs) StdoutLine: {'line': b'-- Installing: /home/mouha/crazyflie/ros2_ws/install/micro_ros_msgs/include/micro_ros_msgs/micro_ros_msgs/msg/rosidl_typesupport_introspection_c__visibility_control.h\n'}
[4.558279] (micro_ros_msgs) StdoutLine: {'line': b'-- Up-to-date: /home/mouha/crazyflie/ros2_ws/install/micro_ros_msgs/include/micro_ros_msgs/micro_ros_msgs/msg/detail\n'}
[4.558338] (micro_ros_msgs) StdoutLine: {'line': b'-- Installing: /home/mouha/crazyflie/ros2_ws/install/micro_ros_msgs/include/micro_ros_msgs/micro_ros_msgs/msg/detail/graph__type_support.c\n'}
[4.558388] (micro_ros_msgs) StdoutLine: {'line': b'-- Installing: /home/mouha/crazyflie/ros2_ws/install/micro_ros_msgs/include/micro_ros_msgs/micro_ros_msgs/msg/detail/graph__rosidl_typesupport_introspection_c.h\n'}
[4.558437] (micro_ros_msgs) StdoutLine: {'line': b'-- Installing: /home/mouha/crazyflie/ros2_ws/install/micro_ros_msgs/include/micro_ros_msgs/micro_ros_msgs/msg/detail/node__rosidl_typesupport_introspection_c.h\n'}
[4.558486] (micro_ros_msgs) StdoutLine: {'line': b'-- Installing: /home/mouha/crazyflie/ros2_ws/install/micro_ros_msgs/include/micro_ros_msgs/micro_ros_msgs/msg/detail/entity__type_support.c\n'}
[4.558546] (micro_ros_msgs) StdoutLine: {'line': b'-- Installing: /home/mouha/crazyflie/ros2_ws/install/micro_ros_msgs/include/micro_ros_msgs/micro_ros_msgs/msg/detail/node__type_support.c\n'}
[4.558594] (micro_ros_msgs) StdoutLine: {'line': b'-- Installing: /home/mouha/crazyflie/ros2_ws/install/micro_ros_msgs/include/micro_ros_msgs/micro_ros_msgs/msg/detail/entity__rosidl_typesupport_introspection_c.h\n'}
[4.558644] (micro_ros_msgs) StdoutLine: {'line': b'-- Installing: /home/mouha/crazyflie/ros2_ws/install/micro_ros_msgs/lib/libmicro_ros_msgs__rosidl_typesupport_introspection_c.so\n'}
[4.558707] (micro_ros_msgs) StdoutLine: {'line': b'-- Set non-toolchain portion of runtime path of "/home/mouha/crazyflie/ros2_ws/install/micro_ros_msgs/lib/libmicro_ros_msgs__rosidl_typesupport_introspection_c.so" to ""\n'}
[4.558774] (micro_ros_msgs) StdoutLine: {'line': b'-- Installing: /home/mouha/crazyflie/ros2_ws/install/micro_ros_msgs/lib/libmicro_ros_msgs__rosidl_typesupport_c.so\n'}
[4.558853] (micro_ros_msgs) StdoutLine: {'line': b'-- Set non-toolchain portion of runtime path of "/home/mouha/crazyflie/ros2_ws/install/micro_ros_msgs/lib/libmicro_ros_msgs__rosidl_typesupport_c.so" to ""\n'}
[4.558941] (micro_ros_msgs) StdoutLine: {'line': b'-- Up-to-date: /home/mouha/crazyflie/ros2_ws/install/micro_ros_msgs/include/micro_ros_msgs/micro_ros_msgs\n'}
[4.559001] (micro_ros_msgs) StdoutLine: {'line': b'-- Up-to-date: /home/mouha/crazyflie/ros2_ws/install/micro_ros_msgs/include/micro_ros_msgs/micro_ros_msgs/msg\n'}
[4.559064] (micro_ros_msgs) StdoutLine: {'line': b'-- Installing: /home/mouha/crazyflie/ros2_ws/install/micro_ros_msgs/include/micro_ros_msgs/micro_ros_msgs/msg/node.hpp\n'}
[4.559132] (micro_ros_msgs) StdoutLine: {'line': b'-- Installing: /home/mouha/crazyflie/ros2_ws/install/micro_ros_msgs/include/micro_ros_msgs/micro_ros_msgs/msg/rosidl_generator_cpp__visibility_control.hpp\n'}
[4.559193] (micro_ros_msgs) StdoutLine: {'line': b'-- Installing: /home/mouha/crazyflie/ros2_ws/install/micro_ros_msgs/include/micro_ros_msgs/micro_ros_msgs/msg/entity.hpp\n'}
[4.559254] (micro_ros_msgs) StdoutLine: {'line': b'-- Installing: /home/mouha/crazyflie/ros2_ws/install/micro_ros_msgs/include/micro_ros_msgs/micro_ros_msgs/msg/graph.hpp\n'}
[4.559324] (micro_ros_msgs) StdoutLine: {'line': b'-- Up-to-date: /home/mouha/crazyflie/ros2_ws/install/micro_ros_msgs/include/micro_ros_msgs/micro_ros_msgs/msg/detail\n'}
[4.559372] (micro_ros_msgs) StdoutLine: {'line': b'-- Installing: /home/mouha/crazyflie/ros2_ws/install/micro_ros_msgs/include/micro_ros_msgs/micro_ros_msgs/msg/detail/graph__traits.hpp\n'}
[4.559438] (micro_ros_msgs) StdoutLine: {'line': b'-- Installing: /home/mouha/crazyflie/ros2_ws/install/micro_ros_msgs/include/micro_ros_msgs/micro_ros_msgs/msg/detail/graph__struct.hpp\n'}
[4.559491] (micro_ros_msgs) StdoutLine: {'line': b'-- Installing: /home/mouha/crazyflie/ros2_ws/install/micro_ros_msgs/include/micro_ros_msgs/micro_ros_msgs/msg/detail/node__struct.hpp\n'}
[4.559558] (micro_ros_msgs) StdoutLine: {'line': b'-- Installing: /home/mouha/crazyflie/ros2_ws/install/micro_ros_msgs/include/micro_ros_msgs/micro_ros_msgs/msg/detail/entity__struct.hpp\n'}
[4.559620] (micro_ros_msgs) StdoutLine: {'line': b'-- Installing: /home/mouha/crazyflie/ros2_ws/install/micro_ros_msgs/include/micro_ros_msgs/micro_ros_msgs/msg/detail/graph__builder.hpp\n'}
[4.559681] (micro_ros_msgs) StdoutLine: {'line': b'-- Installing: /home/mouha/crazyflie/ros2_ws/install/micro_ros_msgs/include/micro_ros_msgs/micro_ros_msgs/msg/detail/node__traits.hpp\n'}
[4.559730] (micro_ros_msgs) StdoutLine: {'line': b'-- Installing: /home/mouha/crazyflie/ros2_ws/install/micro_ros_msgs/include/micro_ros_msgs/micro_ros_msgs/msg/detail/entity__type_support.hpp\n'}
[4.559799] (micro_ros_msgs) StdoutLine: {'line': b'-- Installing: /home/mouha/crazyflie/ros2_ws/install/micro_ros_msgs/include/micro_ros_msgs/micro_ros_msgs/msg/detail/node__type_support.hpp\n'}
[4.559870] (micro_ros_msgs) StdoutLine: {'line': b'-- Installing: /home/mouha/crazyflie/ros2_ws/install/micro_ros_msgs/include/micro_ros_msgs/micro_ros_msgs/msg/detail/entity__traits.hpp\n'}
[4.559960] (micro_ros_msgs) StdoutLine: {'line': b'-- Installing: /home/mouha/crazyflie/ros2_ws/install/micro_ros_msgs/include/micro_ros_msgs/micro_ros_msgs/msg/detail/graph__type_support.hpp\n'}
[4.560032] (micro_ros_msgs) StdoutLine: {'line': b'-- Installing: /home/mouha/crazyflie/ros2_ws/install/micro_ros_msgs/include/micro_ros_msgs/micro_ros_msgs/msg/detail/node__builder.hpp\n'}
[4.560084] (micro_ros_msgs) StdoutLine: {'line': b'-- Installing: /home/mouha/crazyflie/ros2_ws/install/micro_ros_msgs/include/micro_ros_msgs/micro_ros_msgs/msg/detail/entity__builder.hpp\n'}
[4.560154] (micro_ros_msgs) StdoutLine: {'line': b'-- Up-to-date: /home/mouha/crazyflie/ros2_ws/install/micro_ros_msgs/include/micro_ros_msgs/micro_ros_msgs\n'}
[4.560216] (micro_ros_msgs) StdoutLine: {'line': b'-- Up-to-date: /home/mouha/crazyflie/ros2_ws/install/micro_ros_msgs/include/micro_ros_msgs/micro_ros_msgs/msg\n'}
[4.560268] (micro_ros_msgs) StdoutLine: {'line': b'-- Installing: /home/mouha/crazyflie/ros2_ws/install/micro_ros_msgs/include/micro_ros_msgs/micro_ros_msgs/msg/rosidl_typesupport_fastrtps_cpp__visibility_control.h\n'}
[4.560321] (micro_ros_msgs) StdoutLine: {'line': b'-- Up-to-date: /home/mouha/crazyflie/ros2_ws/install/micro_ros_msgs/include/micro_ros_msgs/micro_ros_msgs/msg/detail\n'}
[4.560373] (micro_ros_msgs) StdoutLine: {'line': b'-- Installing: /home/mouha/crazyflie/ros2_ws/install/micro_ros_msgs/include/micro_ros_msgs/micro_ros_msgs/msg/detail/entity__rosidl_typesupport_fastrtps_cpp.hpp\n'}
[4.560453] (micro_ros_msgs) StdoutLine: {'line': b'-- Installing: /home/mouha/crazyflie/ros2_ws/install/micro_ros_msgs/include/micro_ros_msgs/micro_ros_msgs/msg/detail/dds_fastrtps\n'}
[4.560515] (micro_ros_msgs) StdoutLine: {'line': b'-- Installing: /home/mouha/crazyflie/ros2_ws/install/micro_ros_msgs/include/micro_ros_msgs/micro_ros_msgs/msg/detail/node__rosidl_typesupport_fastrtps_cpp.hpp\n'}
[4.560635] (micro_ros_msgs) StdoutLine: {'line': b'-- Installing: /home/mouha/crazyflie/ros2_ws/install/micro_ros_msgs/include/micro_ros_msgs/micro_ros_msgs/msg/detail/graph__rosidl_typesupport_fastrtps_cpp.hpp\n'}
[4.560708] (micro_ros_msgs) StdoutLine: {'line': b'-- Installing: /home/mouha/crazyflie/ros2_ws/install/micro_ros_msgs/lib/libmicro_ros_msgs__rosidl_typesupport_fastrtps_cpp.so\n'}
[4.560779] (micro_ros_msgs) StdoutLine: {'line': b'-- Set non-toolchain portion of runtime path of "/home/mouha/crazyflie/ros2_ws/install/micro_ros_msgs/lib/libmicro_ros_msgs__rosidl_typesupport_fastrtps_cpp.so" to ""\n'}
[4.560852] (micro_ros_msgs) StdoutLine: {'line': b'-- Up-to-date: /home/mouha/crazyflie/ros2_ws/install/micro_ros_msgs/include/micro_ros_msgs/micro_ros_msgs\n'}
[4.560941] (micro_ros_msgs) StdoutLine: {'line': b'-- Up-to-date: /home/mouha/crazyflie/ros2_ws/install/micro_ros_msgs/include/micro_ros_msgs/micro_ros_msgs/msg\n'}
[4.561006] (micro_ros_msgs) StdoutLine: {'line': b'-- Up-to-date: /home/mouha/crazyflie/ros2_ws/install/micro_ros_msgs/include/micro_ros_msgs/micro_ros_msgs/msg/detail\n'}
[4.561077] (micro_ros_msgs) StdoutLine: {'line': b'-- Installing: /home/mouha/crazyflie/ros2_ws/install/micro_ros_msgs/include/micro_ros_msgs/micro_ros_msgs/msg/detail/graph__type_support.cpp\n'}
[4.561129] (micro_ros_msgs) StdoutLine: {'line': b'-- Installing: /home/mouha/crazyflie/ros2_ws/install/micro_ros_msgs/include/micro_ros_msgs/micro_ros_msgs/msg/detail/graph__rosidl_typesupport_introspection_cpp.hpp\n'}
[4.561179] (micro_ros_msgs) StdoutLine: {'line': b'-- Installing: /home/mouha/crazyflie/ros2_ws/install/micro_ros_msgs/include/micro_ros_msgs/micro_ros_msgs/msg/detail/entity__rosidl_typesupport_introspection_cpp.hpp\n'}
[4.561228] (micro_ros_msgs) StdoutLine: {'line': b'-- Installing: /home/mouha/crazyflie/ros2_ws/install/micro_ros_msgs/include/micro_ros_msgs/micro_ros_msgs/msg/detail/entity__type_support.cpp\n'}
[4.561277] (micro_ros_msgs) StdoutLine: {'line': b'-- Installing: /home/mouha/crazyflie/ros2_ws/install/micro_ros_msgs/include/micro_ros_msgs/micro_ros_msgs/msg/detail/node__type_support.cpp\n'}
[4.561326] (micro_ros_msgs) StdoutLine: {'line': b'-- Installing: /home/mouha/crazyflie/ros2_ws/install/micro_ros_msgs/include/micro_ros_msgs/micro_ros_msgs/msg/detail/node__rosidl_typesupport_introspection_cpp.hpp\n'}
[4.561399] (micro_ros_msgs) StdoutLine: {'line': b'-- Installing: /home/mouha/crazyflie/ros2_ws/install/micro_ros_msgs/lib/libmicro_ros_msgs__rosidl_typesupport_introspection_cpp.so\n'}
[4.561454] (micro_ros_msgs) StdoutLine: {'line': b'-- Set non-toolchain portion of runtime path of "/home/mouha/crazyflie/ros2_ws/install/micro_ros_msgs/lib/libmicro_ros_msgs__rosidl_typesupport_introspection_cpp.so" to ""\n'}
[4.561524] (micro_ros_msgs) StdoutLine: {'line': b'-- Installing: /home/mouha/crazyflie/ros2_ws/install/micro_ros_msgs/lib/libmicro_ros_msgs__rosidl_typesupport_cpp.so\n'}
[4.561649] (micro_ros_msgs) StdoutLine: {'line': b'-- Set non-toolchain portion of runtime path of "/home/mouha/crazyflie/ros2_ws/install/micro_ros_msgs/lib/libmicro_ros_msgs__rosidl_typesupport_cpp.so" to ""\n'}
[4.561728] (micro_ros_msgs) StdoutLine: {'line': b'-- Installing: /home/mouha/crazyflie/ros2_ws/install/micro_ros_msgs/share/micro_ros_msgs/environment/pythonpath.sh\n'}
[4.561826] (micro_ros_msgs) StdoutLine: {'line': b'-- Installing: /home/mouha/crazyflie/ros2_ws/install/micro_ros_msgs/share/micro_ros_msgs/environment/pythonpath.dsv\n'}
[4.561916] (micro_ros_msgs) StdoutLine: {'line': b'-- Installing: /home/mouha/crazyflie/ros2_ws/install/micro_ros_msgs/lib/python3.12/site-packages/micro_ros_msgs-5.0.2-py3.12.egg-info\n'}
[4.561986] (micro_ros_msgs) StdoutLine: {'line': b'-- Installing: /home/mouha/crazyflie/ros2_ws/install/micro_ros_msgs/lib/python3.12/site-packages/micro_ros_msgs-5.0.2-py3.12.egg-info/top_level.txt\n'}
[4.562041] (micro_ros_msgs) StdoutLine: {'line': b'-- Installing: /home/mouha/crazyflie/ros2_ws/install/micro_ros_msgs/lib/python3.12/site-packages/micro_ros_msgs-5.0.2-py3.12.egg-info/SOURCES.txt\n'}
[4.562111] (micro_ros_msgs) StdoutLine: {'line': b'-- Installing: /home/mouha/crazyflie/ros2_ws/install/micro_ros_msgs/lib/python3.12/site-packages/micro_ros_msgs-5.0.2-py3.12.egg-info/PKG-INFO\n'}
[4.562197] (micro_ros_msgs) StdoutLine: {'line': b'-- Installing: /home/mouha/crazyflie/ros2_ws/install/micro_ros_msgs/lib/python3.12/site-packages/micro_ros_msgs-5.0.2-py3.12.egg-info/dependency_links.txt\n'}
[4.562250] (micro_ros_msgs) StdoutLine: {'line': b'-- Installing: /home/mouha/crazyflie/ros2_ws/install/micro_ros_msgs/lib/python3.12/site-packages/micro_ros_msgs\n'}
[4.562305] (micro_ros_msgs) StdoutLine: {'line': b'-- Installing: /home/mouha/crazyflie/ros2_ws/install/micro_ros_msgs/lib/python3.12/site-packages/micro_ros_msgs/__init__.py\n'}
[4.562433] (micro_ros_msgs) StdoutLine: {'line': b'-- Installing: /home/mouha/crazyflie/ros2_ws/install/micro_ros_msgs/lib/python3.12/site-packages/micro_ros_msgs/micro_ros_msgs_s__rosidl_typesupport_fastrtps_c.so\n'}
[4.562486] (micro_ros_msgs) StdoutLine: {'line': b'-- Installing: /home/mouha/crazyflie/ros2_ws/install/micro_ros_msgs/lib/python3.12/site-packages/micro_ros_msgs/_micro_ros_msgs_s.ep.rosidl_typesupport_fastrtps_c.c\n'}
[4.562540] (micro_ros_msgs) StdoutLine: {'line': b'-- Installing: /home/mouha/crazyflie/ros2_ws/install/micro_ros_msgs/lib/python3.12/site-packages/micro_ros_msgs/micro_ros_msgs_s__rosidl_typesupport_introspection_c.so\n'}
[4.562592] (micro_ros_msgs) StdoutLine: {'line': b'-- Installing: /home/mouha/crazyflie/ros2_ws/install/micro_ros_msgs/lib/python3.12/site-packages/micro_ros_msgs/_micro_ros_msgs_s.ep.rosidl_typesupport_c.c\n'}
[4.562660] (micro_ros_msgs) StdoutLine: {'line': b'-- Installing: /home/mouha/crazyflie/ros2_ws/install/micro_ros_msgs/lib/python3.12/site-packages/micro_ros_msgs/msg\n'}
[4.562750] (micro_ros_msgs) StdoutLine: {'line': b'-- Installing: /home/mouha/crazyflie/ros2_ws/install/micro_ros_msgs/lib/python3.12/site-packages/micro_ros_msgs/msg/__init__.py\n'}
[4.562803] (micro_ros_msgs) StdoutLine: {'line': b'-- Installing: /home/mouha/crazyflie/ros2_ws/install/micro_ros_msgs/lib/python3.12/site-packages/micro_ros_msgs/msg/_graph_s.c\n'}
[4.562856] (micro_ros_msgs) StdoutLine: {'line': b'-- Installing: /home/mouha/crazyflie/ros2_ws/install/micro_ros_msgs/lib/python3.12/site-packages/micro_ros_msgs/msg/_node_s.c\n'}
[4.562920] (micro_ros_msgs) StdoutLine: {'line': b'-- Installing: /home/mouha/crazyflie/ros2_ws/install/micro_ros_msgs/lib/python3.12/site-packages/micro_ros_msgs/msg/_graph.py\n'}
[4.562973] (micro_ros_msgs) StdoutLine: {'line': b'-- Installing: /home/mouha/crazyflie/ros2_ws/install/micro_ros_msgs/lib/python3.12/site-packages/micro_ros_msgs/msg/_entity.py\n'}
[4.563025] (micro_ros_msgs) StdoutLine: {'line': b'-- Installing: /home/mouha/crazyflie/ros2_ws/install/micro_ros_msgs/lib/python3.12/site-packages/micro_ros_msgs/msg/_node.py\n'}
[4.563100] (micro_ros_msgs) StdoutLine: {'line': b'-- Installing: /home/mouha/crazyflie/ros2_ws/install/micro_ros_msgs/lib/python3.12/site-packages/micro_ros_msgs/msg/_entity_s.c\n'}
[4.563151] (micro_ros_msgs) StdoutLine: {'line': b'-- Installing: /home/mouha/crazyflie/ros2_ws/install/micro_ros_msgs/lib/python3.12/site-packages/micro_ros_msgs/_micro_ros_msgs_s.ep.rosidl_typesupport_introspection_c.c\n'}
[4.563200] (micro_ros_msgs) StdoutLine: {'line': b'-- Installing: /home/mouha/crazyflie/ros2_ws/install/micro_ros_msgs/lib/python3.12/site-packages/micro_ros_msgs/micro_ros_msgs_s__rosidl_typesupport_c.so\n'}
[4.597591] (micro_ros_msgs) StdoutLine: {'line': b"Listing '/home/mouha/crazyflie/ros2_ws/install/micro_ros_msgs/lib/python3.12/site-packages/micro_ros_msgs'...\n"}
[4.597756] (micro_ros_msgs) StdoutLine: {'line': b"Compiling '/home/mouha/crazyflie/ros2_ws/install/micro_ros_msgs/lib/python3.12/site-packages/micro_ros_msgs/__init__.py'...\n"}
[4.597814] (micro_ros_msgs) StdoutLine: {'line': b"Listing '/home/mouha/crazyflie/ros2_ws/install/micro_ros_msgs/lib/python3.12/site-packages/micro_ros_msgs/msg'...\n"}
[4.597897] (micro_ros_msgs) StdoutLine: {'line': b"Compiling '/home/mouha/crazyflie/ros2_ws/install/micro_ros_msgs/lib/python3.12/site-packages/micro_ros_msgs/msg/__init__.py'...\n"}
[4.597956] (micro_ros_msgs) StdoutLine: {'line': b"Compiling '/home/mouha/crazyflie/ros2_ws/install/micro_ros_msgs/lib/python3.12/site-packages/micro_ros_msgs/msg/_entity.py'...\n"}
[4.598012] (micro_ros_msgs) StdoutLine: {'line': b"Compiling '/home/mouha/crazyflie/ros2_ws/install/micro_ros_msgs/lib/python3.12/site-packages/micro_ros_msgs/msg/_graph.py'...\n"}
[4.598063] (micro_ros_msgs) StdoutLine: {'line': b"Compiling '/home/mouha/crazyflie/ros2_ws/install/micro_ros_msgs/lib/python3.12/site-packages/micro_ros_msgs/msg/_node.py'...\n"}
[4.602143] (micro_ros_msgs) StdoutLine: {'line': b'-- Installing: /home/mouha/crazyflie/ros2_ws/install/micro_ros_msgs/lib/python3.12/site-packages/micro_ros_msgs/micro_ros_msgs_s__rosidl_typesupport_fastrtps_c.so\n'}
[4.602333] (micro_ros_msgs) StdoutLine: {'line': b'-- Set non-toolchain portion of runtime path of "/home/mouha/crazyflie/ros2_ws/install/micro_ros_msgs/lib/python3.12/site-packages/micro_ros_msgs/micro_ros_msgs_s__rosidl_typesupport_fastrtps_c.so" to ""\n'}
[4.602502] (micro_ros_msgs) StdoutLine: {'line': b'-- Installing: /home/mouha/crazyflie/ros2_ws/install/micro_ros_msgs/lib/python3.12/site-packages/micro_ros_msgs/micro_ros_msgs_s__rosidl_typesupport_introspection_c.so\n'}
[4.602682] (micro_ros_msgs) StdoutLine: {'line': b'-- Set non-toolchain portion of runtime path of "/home/mouha/crazyflie/ros2_ws/install/micro_ros_msgs/lib/python3.12/site-packages/micro_ros_msgs/micro_ros_msgs_s__rosidl_typesupport_introspection_c.so" to ""\n'}
[4.602795] (micro_ros_msgs) StdoutLine: {'line': b'-- Installing: /home/mouha/crazyflie/ros2_ws/install/micro_ros_msgs/lib/python3.12/site-packages/micro_ros_msgs/micro_ros_msgs_s__rosidl_typesupport_c.so\n'}
[4.602904] (micro_ros_msgs) StdoutLine: {'line': b'-- Set non-toolchain portion of runtime path of "/home/mouha/crazyflie/ros2_ws/install/micro_ros_msgs/lib/python3.12/site-packages/micro_ros_msgs/micro_ros_msgs_s__rosidl_typesupport_c.so" to ""\n'}
[4.602967] (micro_ros_msgs) StdoutLine: {'line': b'-- Installing: /home/mouha/crazyflie/ros2_ws/install/micro_ros_msgs/lib/libmicro_ros_msgs__rosidl_generator_py.so\n'}
[4.603133] (micro_ros_msgs) StdoutLine: {'line': b'-- Set non-toolchain portion of runtime path of "/home/mouha/crazyflie/ros2_ws/install/micro_ros_msgs/lib/libmicro_ros_msgs__rosidl_generator_py.so" to ""\n'}
[4.603195] (micro_ros_msgs) StdoutLine: {'line': b'-- Installing: /home/mouha/crazyflie/ros2_ws/install/micro_ros_msgs/share/ament_index/resource_index/rust_packages/micro_ros_msgs\n'}
[4.603260] (micro_ros_msgs) StdoutLine: {'line': b'-- Installing: /home/mouha/crazyflie/ros2_ws/install/micro_ros_msgs/share/micro_ros_msgs/rust\n'}
[4.603323] (micro_ros_msgs) StdoutLine: {'line': b'-- Installing: /home/mouha/crazyflie/ros2_ws/install/micro_ros_msgs/share/micro_ros_msgs/rust/Cargo.toml\n'}
[4.603389] (micro_ros_msgs) StdoutLine: {'line': b'-- Installing: /home/mouha/crazyflie/ros2_ws/install/micro_ros_msgs/share/micro_ros_msgs/rust/build.rs\n'}
[4.603448] (micro_ros_msgs) StdoutLine: {'line': b'-- Installing: /home/mouha/crazyflie/ros2_ws/install/micro_ros_msgs/share/micro_ros_msgs/rust/src\n'}
[4.603516] (micro_ros_msgs) StdoutLine: {'line': b'-- Installing: /home/mouha/crazyflie/ros2_ws/install/micro_ros_msgs/share/micro_ros_msgs/rust/src/lib.rs\n'}
[4.603576] (micro_ros_msgs) StdoutLine: {'line': b'-- Installing: /home/mouha/crazyflie/ros2_ws/install/micro_ros_msgs/share/micro_ros_msgs/rust/src/msg.rs\n'}
[4.603635] (micro_ros_msgs) StdoutLine: {'line': b'-- Installing: /home/mouha/crazyflie/ros2_ws/install/micro_ros_msgs/share/micro_ros_msgs/rust/src/msg\n'}
[4.603693] (micro_ros_msgs) StdoutLine: {'line': b'-- Installing: /home/mouha/crazyflie/ros2_ws/install/micro_ros_msgs/share/micro_ros_msgs/rust/src/msg/rmw.rs\n'}
[4.603752] (micro_ros_msgs) StdoutLine: {'line': b'-- Installing: /home/mouha/crazyflie/ros2_ws/install/micro_ros_msgs/share/micro_ros_msgs/msg/Graph.idl\n'}
[4.603812] (micro_ros_msgs) StdoutLine: {'line': b'-- Installing: /home/mouha/crazyflie/ros2_ws/install/micro_ros_msgs/share/micro_ros_msgs/msg/Node.idl\n'}
[4.603870] (micro_ros_msgs) StdoutLine: {'line': b'-- Installing: /home/mouha/crazyflie/ros2_ws/install/micro_ros_msgs/share/micro_ros_msgs/msg/Entity.idl\n'}
[4.603935] (micro_ros_msgs) StdoutLine: {'line': b'-- Installing: /home/mouha/crazyflie/ros2_ws/install/micro_ros_msgs/share/micro_ros_msgs/msg/Graph.msg\n'}
[4.603993] (micro_ros_msgs) StdoutLine: {'line': b'-- Installing: /home/mouha/crazyflie/ros2_ws/install/micro_ros_msgs/share/micro_ros_msgs/msg/Node.msg\n'}
[4.604043] (micro_ros_msgs) StdoutLine: {'line': b'-- Installing: /home/mouha/crazyflie/ros2_ws/install/micro_ros_msgs/share/micro_ros_msgs/msg/Entity.msg\n'}
[4.604097] (micro_ros_msgs) StdoutLine: {'line': b'-- Installing: /home/mouha/crazyflie/ros2_ws/install/micro_ros_msgs/share/ament_index/resource_index/package_run_dependencies/micro_ros_msgs\n'}
[4.604171] (micro_ros_msgs) StdoutLine: {'line': b'-- Installing: /home/mouha/crazyflie/ros2_ws/install/micro_ros_msgs/share/ament_index/resource_index/parent_prefix_path/micro_ros_msgs\n'}
[4.604230] (micro_ros_msgs) StdoutLine: {'line': b'-- Installing: /home/mouha/crazyflie/ros2_ws/install/micro_ros_msgs/share/micro_ros_msgs/environment/ament_prefix_path.sh\n'}
[4.604290] (micro_ros_msgs) StdoutLine: {'line': b'-- Installing: /home/mouha/crazyflie/ros2_ws/install/micro_ros_msgs/share/micro_ros_msgs/environment/ament_prefix_path.dsv\n'}
[4.604350] (micro_ros_msgs) StdoutLine: {'line': b'-- Installing: /home/mouha/crazyflie/ros2_ws/install/micro_ros_msgs/share/micro_ros_msgs/environment/path.sh\n'}
[4.604411] (micro_ros_msgs) StdoutLine: {'line': b'-- Installing: /home/mouha/crazyflie/ros2_ws/install/micro_ros_msgs/share/micro_ros_msgs/environment/path.dsv\n'}
[4.604470] (micro_ros_msgs) StdoutLine: {'line': b'-- Installing: /home/mouha/crazyflie/ros2_ws/install/micro_ros_msgs/share/micro_ros_msgs/local_setup.bash\n'}
[4.604528] (micro_ros_msgs) StdoutLine: {'line': b'-- Installing: /home/mouha/crazyflie/ros2_ws/install/micro_ros_msgs/share/micro_ros_msgs/local_setup.sh\n'}
[4.604587] (micro_ros_msgs) StdoutLine: {'line': b'-- Installing: /home/mouha/crazyflie/ros2_ws/install/micro_ros_msgs/share/micro_ros_msgs/local_setup.zsh\n'}
[4.604646] (micro_ros_msgs) StdoutLine: {'line': b'-- Installing: /home/mouha/crazyflie/ros2_ws/install/micro_ros_msgs/share/micro_ros_msgs/local_setup.dsv\n'}
[4.604705] (micro_ros_msgs) StdoutLine: {'line': b'-- Installing: /home/mouha/crazyflie/ros2_ws/install/micro_ros_msgs/share/micro_ros_msgs/package.dsv\n'}
[4.604754] (micro_ros_msgs) StdoutLine: {'line': b'-- Installing: /home/mouha/crazyflie/ros2_ws/install/micro_ros_msgs/share/ament_index/resource_index/packages/micro_ros_msgs\n'}
[4.604814] (micro_ros_msgs) StdoutLine: {'line': b'-- Installing: /home/mouha/crazyflie/ros2_ws/install/micro_ros_msgs/share/micro_ros_msgs/cmake/export_micro_ros_msgs__rosidl_generator_cExport.cmake\n'}
[4.604873] (micro_ros_msgs) StdoutLine: {'line': b'-- Installing: /home/mouha/crazyflie/ros2_ws/install/micro_ros_msgs/share/micro_ros_msgs/cmake/export_micro_ros_msgs__rosidl_generator_cExport-noconfig.cmake\n'}
[4.604940] (micro_ros_msgs) StdoutLine: {'line': b'-- Installing: /home/mouha/crazyflie/ros2_ws/install/micro_ros_msgs/share/micro_ros_msgs/cmake/export_micro_ros_msgs__rosidl_typesupport_fastrtps_cExport.cmake\n'}
[4.604998] (micro_ros_msgs) StdoutLine: {'line': b'-- Installing: /home/mouha/crazyflie/ros2_ws/install/micro_ros_msgs/share/micro_ros_msgs/cmake/export_micro_ros_msgs__rosidl_typesupport_fastrtps_cExport-noconfig.cmake\n'}
[4.605060] (micro_ros_msgs) StdoutLine: {'line': b'-- Installing: /home/mouha/crazyflie/ros2_ws/install/micro_ros_msgs/share/micro_ros_msgs/cmake/micro_ros_msgs__rosidl_typesupport_introspection_cExport.cmake\n'}
[4.605123] (micro_ros_msgs) StdoutLine: {'line': b'-- Installing: /home/mouha/crazyflie/ros2_ws/install/micro_ros_msgs/share/micro_ros_msgs/cmake/micro_ros_msgs__rosidl_typesupport_introspection_cExport-noconfig.cmake\n'}
[4.605192] (micro_ros_msgs) StdoutLine: {'line': b'-- Installing: /home/mouha/crazyflie/ros2_ws/install/micro_ros_msgs/share/micro_ros_msgs/cmake/micro_ros_msgs__rosidl_typesupport_cExport.cmake\n'}
[4.605257] (micro_ros_msgs) StdoutLine: {'line': b'-- Installing: /home/mouha/crazyflie/ros2_ws/install/micro_ros_msgs/share/micro_ros_msgs/cmake/micro_ros_msgs__rosidl_typesupport_cExport-noconfig.cmake\n'}
[4.605326] (micro_ros_msgs) StdoutLine: {'line': b'-- Installing: /home/mouha/crazyflie/ros2_ws/install/micro_ros_msgs/share/micro_ros_msgs/cmake/export_micro_ros_msgs__rosidl_generator_cppExport.cmake\n'}
[4.605395] (micro_ros_msgs) StdoutLine: {'line': b'-- Installing: /home/mouha/crazyflie/ros2_ws/install/micro_ros_msgs/share/micro_ros_msgs/cmake/export_micro_ros_msgs__rosidl_typesupport_fastrtps_cppExport.cmake\n'}
[4.605464] (micro_ros_msgs) StdoutLine: {'line': b'-- Installing: /home/mouha/crazyflie/ros2_ws/install/micro_ros_msgs/share/micro_ros_msgs/cmake/export_micro_ros_msgs__rosidl_typesupport_fastrtps_cppExport-noconfig.cmake\n'}
[4.605534] (micro_ros_msgs) StdoutLine: {'line': b'-- Installing: /home/mouha/crazyflie/ros2_ws/install/micro_ros_msgs/share/micro_ros_msgs/cmake/micro_ros_msgs__rosidl_typesupport_introspection_cppExport.cmake\n'}
[4.605596] (micro_ros_msgs) StdoutLine: {'line': b'-- Installing: /home/mouha/crazyflie/ros2_ws/install/micro_ros_msgs/share/micro_ros_msgs/cmake/micro_ros_msgs__rosidl_typesupport_introspection_cppExport-noconfig.cmake\n'}
[4.605665] (micro_ros_msgs) StdoutLine: {'line': b'-- Installing: /home/mouha/crazyflie/ros2_ws/install/micro_ros_msgs/share/micro_ros_msgs/cmake/micro_ros_msgs__rosidl_typesupport_cppExport.cmake\n'}
[4.605728] (micro_ros_msgs) StdoutLine: {'line': b'-- Installing: /home/mouha/crazyflie/ros2_ws/install/micro_ros_msgs/share/micro_ros_msgs/cmake/micro_ros_msgs__rosidl_typesupport_cppExport-noconfig.cmake\n'}
[4.605796] (micro_ros_msgs) StdoutLine: {'line': b'-- Installing: /home/mouha/crazyflie/ros2_ws/install/micro_ros_msgs/share/micro_ros_msgs/cmake/export_micro_ros_msgs__rosidl_generator_pyExport.cmake\n'}
[4.605859] (micro_ros_msgs) StdoutLine: {'line': b'-- Installing: /home/mouha/crazyflie/ros2_ws/install/micro_ros_msgs/share/micro_ros_msgs/cmake/export_micro_ros_msgs__rosidl_generator_pyExport-noconfig.cmake\n'}
[4.605927] (micro_ros_msgs) StdoutLine: {'line': b'-- Installing: /home/mouha/crazyflie/ros2_ws/install/micro_ros_msgs/share/micro_ros_msgs/cmake/rosidl_cmake-extras.cmake\n'}
[4.605990] (micro_ros_msgs) StdoutLine: {'line': b'-- Installing: /home/mouha/crazyflie/ros2_ws/install/micro_ros_msgs/share/micro_ros_msgs/cmake/ament_cmake_export_include_directories-extras.cmake\n'}
[4.606055] (micro_ros_msgs) StdoutLine: {'line': b'-- Installing: /home/mouha/crazyflie/ros2_ws/install/micro_ros_msgs/share/micro_ros_msgs/cmake/ament_cmake_export_libraries-extras.cmake\n'}
[4.606115] (micro_ros_msgs) StdoutLine: {'line': b'-- Installing: /home/mouha/crazyflie/ros2_ws/install/micro_ros_msgs/share/micro_ros_msgs/cmake/ament_cmake_export_targets-extras.cmake\n'}
[4.606174] (micro_ros_msgs) StdoutLine: {'line': b'-- Installing: /home/mouha/crazyflie/ros2_ws/install/micro_ros_msgs/share/micro_ros_msgs/cmake/rosidl_cmake_export_typesupport_targets-extras.cmake\n'}
[4.606234] (micro_ros_msgs) StdoutLine: {'line': b'-- Installing: /home/mouha/crazyflie/ros2_ws/install/micro_ros_msgs/share/micro_ros_msgs/cmake/ament_cmake_export_dependencies-extras.cmake\n'}
[4.606294] (micro_ros_msgs) StdoutLine: {'line': b'-- Installing: /home/mouha/crazyflie/ros2_ws/install/micro_ros_msgs/share/micro_ros_msgs/cmake/rosidl_cmake_export_typesupport_libraries-extras.cmake\n'}
[4.606356] (micro_ros_msgs) StdoutLine: {'line': b'-- Installing: /home/mouha/crazyflie/ros2_ws/install/micro_ros_msgs/share/micro_ros_msgs/cmake/micro_ros_msgsConfig.cmake\n'}
[4.606414] (micro_ros_msgs) StdoutLine: {'line': b'-- Installing: /home/mouha/crazyflie/ros2_ws/install/micro_ros_msgs/share/micro_ros_msgs/cmake/micro_ros_msgsConfig-version.cmake\n'}
[4.606473] (micro_ros_msgs) StdoutLine: {'line': b'-- Installing: /home/mouha/crazyflie/ros2_ws/install/micro_ros_msgs/share/micro_ros_msgs/package.xml\n'}
[4.608102] (micro_ros_msgs) CommandEnded: {'returncode': 0}
[4.610053] (-) TimerEvent: {}
[4.624293] (micro_ros_msgs) JobEnded: {'identifier': 'micro_ros_msgs', 'rc': 0}
[4.624951] (micro_ros_agent) JobStarted: {'identifier': 'micro_ros_agent'}
[4.631865] (micro_ros_agent) JobProgress: {'identifier': 'micro_ros_agent', 'progress': 'cmake'}
[4.632305] (micro_ros_agent) JobProgress: {'identifier': 'micro_ros_agent', 'progress': 'build'}
[4.632320] (micro_ros_agent) Command: {'cmd': ['/usr/bin/cmake', '--build', '/home/mouha/crazyflie/ros2_ws/build/micro_ros_agent', '--', '-j12', '-l12'], 'cwd': '/home/mouha/crazyflie/ros2_ws/build/micro_ros_agent', 'env': OrderedDict({'GJS_DEBUG_TOPICS': 'JS ERROR;JS LOG', 'XDG_ACTIVATION_TOKEN': 'gnome-shell/Terminator/2522-1-mouha-TUF_TIME1250468', 'LESSOPEN': '| /usr/bin/lesspipe %s', 'GZ_SIM_RESOURCE_PATH': '/opt/ros/jazzy/share', 'LANGUAGE': 'en_GB:en', 'USER': 'mouha', 'LC_TIME': 'en_GB.UTF-8', 'GZ_CONFIG_PATH': '/opt/ros/jazzy/opt/gz_sim_vendor/share/gz:/opt/ros/jazzy/opt/sdformat_vendor/share/gz:/opt/ros/jazzy/opt/gz_gui_vendor/share/gz:/opt/ros/jazzy/opt/gz_transport_vendor/share/gz:/opt/ros/jazzy/opt/gz_rendering_vendor/share/gz:/opt/ros/jazzy/opt/gz_plugin_vendor/share/gz:/opt/ros/jazzy/opt/gz_fuel_tools_vendor/share/gz:/opt/ros/jazzy/opt/gz_msgs_vendor/share/gz:/opt/ros/jazzy/opt/gz_common_vendor/share/gz', 'XDG_SESSION_TYPE': 'wayland', 'STM32CubeMX_PATH': '/home/mouha/STM32CubeMX', 'CLUTTER_DISABLE_MIPMAPPED_TEXT': '1', 'SHLVL': '2', 'LD_LIBRARY_PATH': '/home/mouha/crazyflie/ros2_ws/install/micro_ros_msgs/lib:/home/mouha/crazyflie/ros2_ws/install/crazyflie_interfaces/lib:/opt/ros/jazzy/opt/gz_sim_vendor/lib:/opt/ros/jazzy/opt/gz_sensors_vendor/lib:/opt/ros/jazzy/opt/gz_physics_vendor/lib:/opt/ros/jazzy/opt/sdformat_vendor/lib:/opt/ros/jazzy/opt/rviz_ogre_vendor/lib:/opt/ros/jazzy/lib/x86_64-linux-gnu:/opt/ros/jazzy/opt/gz_gui_vendor/lib:/opt/ros/jazzy/opt/gz_transport_vendor/lib:/opt/ros/jazzy/opt/gz_rendering_vendor/lib:/opt/ros/jazzy/opt/gz_plugin_vendor/lib:/opt/ros/jazzy/opt/gz_fuel_tools_vendor/lib:/opt/ros/jazzy/opt/gz_msgs_vendor/lib:/opt/ros/jazzy/opt/gz_common_vendor/lib:/opt/ros/jazzy/opt/gz_math_vendor/lib:/opt/ros/jazzy/opt/gz_utils_vendor/lib:/opt/ros/jazzy/opt/gz_tools_vendor/lib:/opt/ros/jazzy/opt/gz_ogre_next_vendor/lib:/opt/ros/jazzy/opt/gz_dartsim_vendor/lib:/opt/ros/jazzy/opt/gz_cmake_vendor/lib:/opt/ros/jazzy/lib', 'HOME': '/home/mouha', 'OLDPWD': '/home/mouha/crazyflie/ros2_ws/src', 'DESKTOP_SESSION': 'ubuntu', 'GIO_LAUNCHED_DESKTOP_FILE': '/usr/share/applications/terminator.desktop', 'ROS_PYTHON_VERSION': '3', 'GNOME_SHELL_SESSION_MODE': 'ubuntu', 'GTK_MODULES': 'gail:atk-bridge', 'LC_MONETARY': 'en_GB.UTF-8', 'MANAGERPID': '2224', 'SYSTEMD_EXEC_PID': '2522', 'GSM_SKIP_SSH_AGENT_WORKAROUND': 'true', 'DBUS_SESSION_BUS_ADDRESS': 'unix:path=/run/user/1000/bus', 'COLORTERM': 'truecolor', 'TERMINATOR_DBUS_NAME': 'net.tenshu.Terminator25ef4b219e3b005583550f2b0f9f990c3', 'GIO_LAUNCHED_DESKTOP_FILE_PID': '16393', 'DEBUGINFOD_URLS': 'https://debuginfod.ubuntu.com', 'IM_CONFIG_PHASE': '1', 'WAYLAND_DISPLAY': 'wayland-0', 'COLCON_PREFIX_PATH': '/home/mouha/crazyflie/ros2_ws/install:/home/mouha/ros2_ws/install', 'ROS_DISTRO': 'jazzy', 'LOGNAME': 'mouha', 'JOURNAL_STREAM': '10:26710', '_': '/usr/bin/colcon', 'ROS_VERSION': '2', 'MEMORY_PRESSURE_WATCH': '/sys/fs/cgroup/user.slice/user-1000.slice/user@1000.service/session.slice/org.gnome.Shell@wayland.service/memory.pressure', 'XDG_SESSION_CLASS': 'user', 'USERNAME': 'mouha', 'TERM': 'xterm-256color', 'GNOME_DESKTOP_SESSION_ID': 'this-is-deprecated', 'PATH': '/opt/ros/jazzy/opt/gz_msgs_vendor/bin:/opt/ros/jazzy/opt/gz_tools_vendor/bin:/opt/ros/jazzy/opt/gz_ogre_next_vendor/bin:/opt/ros/jazzy/bin:/home/mouha/.local/bin:/usr/local/sbin:/usr/local/bin:/usr/sbin:/usr/bin:/sbin:/bin:/usr/games:/usr/local/games:/snap/bin:/snap/bin', 'SESSION_MANAGER': 'local/mouha-TUF:@/tmp/.ICE-unix/2462,unix/mouha-TUF:/tmp/.ICE-unix/2462', 'INVOCATION_ID': 'd766796c67a3427d8e46b6b593769ef7', 'PAPERSIZE': 'a4', 'XDG_MENU_PREFIX': 'gnome-', 'LC_ADDRESS': 'en_GB.UTF-8', 'GNOME_SETUP_DISPLAY': ':1', 'XDG_RUNTIME_DIR': '/run/user/1000', 'DISPLAY': ':0', 'TERMINATOR_DBUS_PATH': '/net/tenshu/Terminator2', 'LANG': 'en_GB.UTF-8', 'XDG_CURRENT_DESKTOP': 'ubuntu:GNOME', 'LC_TELEPHONE': 'en_GB.UTF-8', 'XMODIFIERS': '@im=ibus', 'XDG_SESSION_DESKTOP': 'ubuntu', 'XAUTHORITY': '/run/user/1000/.mutter-Xwaylandauth.SFWAT3', 'LS_COLORS': 'rs=0:di=01;34:ln=01;36:mh=00:pi=40;33:so=01;35:do=01;35:bd=40;33;01:cd=40;33;01:or=40;31;01:mi=00:su=37;41:sg=30;43:ca=00:tw=30;42:ow=34;42:st=37;44:ex=01;32:*.tar=01;31:*.tgz=01;31:*.arc=01;31:*.arj=01;31:*.taz=01;31:*.lha=01;31:*.lz4=01;31:*.lzh=01;31:*.lzma=01;31:*.tlz=01;31:*.txz=01;31:*.tzo=01;31:*.t7z=01;31:*.zip=01;31:*.z=01;31:*.dz=01;31:*.gz=01;31:*.lrz=01;31:*.lz=01;31:*.lzo=01;31:*.xz=01;31:*.zst=01;31:*.tzst=01;31:*.bz2=01;31:*.bz=01;31:*.tbz=01;31:*.tbz2=01;31:*.tz=01;31:*.deb=01;31:*.rpm=01;31:*.jar=01;31:*.war=01;31:*.ear=01;31:*.sar=01;31:*.rar=01;31:*.alz=01;31:*.ace=01;31:*.zoo=01;31:*.cpio=01;31:*.7z=01;31:*.rz=01;31:*.cab=01;31:*.wim=01;31:*.swm=01;31:*.dwm=01;31:*.esd=01;31:*.avif=01;35:*.jpg=01;35:*.jpeg=01;35:*.mjpg=01;35:*.mjpeg=01;35:*.gif=01;35:*.bmp=01;35:*.pbm=01;35:*.pgm=01;35:*.ppm=01;35:*.tga=01;35:*.xbm=01;35:*.xpm=01;35:*.tif=01;35:*.tiff=01;35:*.png=01;35:*.svg=01;35:*.svgz=01;35:*.mng=01;35:*.pcx=01;35:*.mov=01;35:*.mpg=01;35:*.mpeg=01;35:*.m2v=01;35:*.mkv=01;35:*.webm=01;35:*.webp=01;35:*.ogm=01;35:*.mp4=01;35:*.m4v=01;35:*.mp4v=01;35:*.vob=01;35:*.qt=01;35:*.nuv=01;35:*.wmv=01;35:*.asf=01;35:*.rm=01;35:*.rmvb=01;35:*.flc=01;35:*.avi=01;35:*.fli=01;35:*.flv=01;35:*.gl=01;35:*.dl=01;35:*.xcf=01;35:*.xwd=01;35:*.yuv=01;35:*.cgm=01;35:*.emf=01;35:*.ogv=01;35:*.ogx=01;35:*.aac=00;36:*.au=00;36:*.flac=00;36:*.m4a=00;36:*.mid=00;36:*.midi=00;36:*.mka=00;36:*.mp3=00;36:*.mpc=00;36:*.ogg=00;36:*.ra=00;36:*.wav=00;36:*.oga=00;36:*.opus=00;36:*.spx=00;36:*.xspf=00;36:*~=00;90:*#=00;90:*.bak=00;90:*.crdownload=00;90:*.dpkg-dist=00;90:*.dpkg-new=00;90:*.dpkg-old=00;90:*.dpkg-tmp=00;90:*.old=00;90:*.orig=00;90:*.part=00;90:*.rej=00;90:*.rpmnew=00;90:*.rpmorig=00;90:*.rpmsave=00;90:*.swp=00;90:*.tmp=00;90:*.ucf-dist=00;90:*.ucf-new=00;90:*.ucf-old=00;90:', 'SSH_AUTH_SOCK': '/run/user/1000/keyring/ssh', 'AMENT_PREFIX_PATH': '/home/mouha/crazyflie/ros2_ws/install/micro_ros_msgs:/home/mouha/crazyflie/ros2_ws/install/micro_ros_setup:/home/mouha/crazyflie/ros2_ws/install/crazyflie_sim:/home/mouha/crazyflie/ros2_ws/install/crazyflie_server_py:/home/mouha/crazyflie/ros2_ws/install/crazyflie_examples:/home/mouha/crazyflie/ros2_ws/install/crazyflie_py:/home/mouha/crazyflie/ros2_ws/install/crazyflie:/home/mouha/crazyflie/ros2_ws/install/crazyflie_interfaces:/home/mouha/crazyflie/ros2_ws/install/crazyflie_description:/home/mouha/crazyflie/ros2_ws/install/cf_led_mission:/home/mouha/ros2_ws/install/my_py_pkg:/home/mouha/ros2_ws/install/my_cpp_pkg:/opt/ros/jazzy', 'SHELL': '/bin/bash', 'LC_NAME': 'en_GB.UTF-8', 'TERMINATOR_UUID': 'urn:uuid:7c048b6f-977f-4836-932f-4a361a17132b', 'QT_ACCESSIBILITY': '1', 'GDMSESSION': 'ubuntu', 'LESSCLOSE': '/usr/bin/lesspipe %s %s', 'LC_MEASUREMENT': 'en_GB.UTF-8', 'GJS_DEBUG_OUTPUT': 'stderr', 'LC_IDENTIFICATION': 'en_GB.UTF-8', 'ROS_AUTOMATIC_DISCOVERY_RANGE': 'SUBNET', 'QT_IM_MODULE': 'ibus', 'PWD': '/home/mouha/crazyflie/ros2_ws/build/micro_ros_agent', 'LC_ALL': 'en_US.UTF-8', 'XDG_CONFIG_DIRS': '/etc/xdg/xdg-ubuntu:/etc/xdg', 'XDG_DATA_DIRS': '/usr/share/ubuntu:/usr/share/gnome:/usr/local/share/:/usr/share/:/var/lib/snapd/desktop', 'QTWEBENGINE_DICTIONARIES_PATH': '/usr/share/hunspell-bdic/', 'PYTHONPATH': '/home/mouha/crazyflie/ros2_ws/install/micro_ros_msgs/lib/python3.12/site-packages:/home/mouha/ros2_ws/build/my_py_pkg:/home/mouha/crazyflie/ros2_ws/install/crazyflie_sim/lib/python3.12/site-packages:/home/mouha/crazyflie/ros2_ws/build/crazyflie_server_py:/home/mouha/crazyflie/ros2_ws/install/crazyflie_server_py/lib/python3.12/site-packages:/home/mouha/crazyflie/ros2_ws/install/crazyflie_examples/lib/python3.12/site-packages:/home/mouha/crazyflie/ros2_ws/build/crazyflie_py:/home/mouha/crazyflie/ros2_ws/install/crazyflie_py/lib/python3.12/site-packages:/home/mouha/crazyflie/ros2_ws/install/crazyflie_interfaces/lib/python3.12/site-packages:/home/mouha/crazyflie/ros2_ws/build/cf_led_mission:/home/mouha/crazyflie/ros2_ws/install/cf_led_mission/lib/python3.12/site-packages:/home/mouha/ros2_ws/install/my_py_pkg/lib/python3.12/site-packages:/opt/ros/jazzy/lib/python3.12/site-packages', 'LC_NUMERIC': 'en_GB.UTF-8', 'LC_PAPER': 'en_GB.UTF-8', 'COLCON': '1', 'MEMORY_PRESSURE_WRITE': 'c29tZSAyMDAwMDAgMjAwMDAwMAA=', 'VTE_VERSION': '7600', 'CMAKE_PREFIX_PATH': '/home/mouha/crazyflie/ros2_ws/install/micro_ros_msgs:/home/mouha/crazyflie/ros2_ws/install/micro_ros_setup:/home/mouha/crazyflie/ros2_ws/install/crazyflie_sim:/home/mouha/crazyflie/ros2_ws/install/crazyflie_examples:/home/mouha/crazyflie/ros2_ws/install/crazyflie:/home/mouha/crazyflie/ros2_ws/install/crazyflie_interfaces:/home/mouha/crazyflie/ros2_ws/install/crazyflie_description:/home/mouha/ros2_ws/install/my_cpp_pkg:/opt/ros/jazzy/opt/gz_sim_vendor:/opt/ros/jazzy/opt/gz_sensors_vendor:/opt/ros/jazzy/opt/gz_physics_vendor:/opt/ros/jazzy/opt/sdformat_vendor:/opt/ros/jazzy/opt/gz_gui_vendor:/opt/ros/jazzy/opt/gz_transport_vendor:/opt/ros/jazzy/opt/gz_rendering_vendor:/opt/ros/jazzy/opt/gz_plugin_vendor:/opt/ros/jazzy/opt/gz_fuel_tools_vendor:/opt/ros/jazzy/opt/gz_msgs_vendor:/opt/ros/jazzy/opt/gz_common_vendor:/opt/ros/jazzy/opt/gz_math_vendor:/opt/ros/jazzy/opt/gz_utils_vendor:/opt/ros/jazzy/opt/gz_tools_vendor:/opt/ros/jazzy/opt/gz_ogre_next_vendor:/opt/ros/jazzy/opt/gz_dartsim_vendor:/opt/ros/jazzy/opt/gz_cmake_vendor:/home/mouha/crazyflie/ros2_ws/install/crazyflie_server_py:/home/mouha/crazyflie/ros2_ws/install/crazyflie_py:/home/mouha/crazyflie/ros2_ws/install/cf_led_mission:/home/mouha/ros2_ws/install/my_py_pkg:/opt/ros/jazzy'}), 'shell': False}
[4.670226] (micro_ros_agent) StdoutLine: {'line': b"[  6%] \x1b[34m\x1b[1mPerforming update step for 'xrceagent'\x1b[0m\n"}
[4.688767] (micro_ros_agent) StdoutLine: {'line': b"[ 12%] \x1b[34m\x1b[1mNo patch step for 'xrceagent'\x1b[0m\n"}
[4.707125] (micro_ros_agent) StdoutLine: {'line': b"[ 18%] \x1b[34m\x1b[1mPerforming configure step for 'xrceagent'\x1b[0m\n"}
[4.710119] (-) TimerEvent: {}
[4.714408] (micro_ros_agent) StdoutLine: {'line': b'loading initial cache file /home/mouha/crazyflie/ros2_ws/build/micro_ros_agent/agent/tmp/xrceagent-cache-.cmake\n'}
[4.747040] (micro_ros_agent) StdoutLine: {'line': b'-- Configuring done (0.0s)\n'}
[4.749202] (micro_ros_agent) StdoutLine: {'line': b'-- Generating done (0.0s)\n'}
[4.749741] (micro_ros_agent) StdoutLine: {'line': b'-- Build files have been written to: /home/mouha/crazyflie/ros2_ws/build/micro_ros_agent/agent/src/xrceagent-build\n'}
[4.764240] (micro_ros_agent) StdoutLine: {'line': b"[ 25%] \x1b[34m\x1b[1mPerforming build step for 'xrceagent'\x1b[0m\n"}
[4.794110] (micro_ros_agent) StdoutLine: {'line': b"[  6%] \x1b[34m\x1b[1mPerforming download step (git clone) for 'spdlog'\x1b[0m\n"}
[4.808537] (micro_ros_agent) StderrLine: {'line': b"Cloning into 'spdlog'...\n"}
[4.810199] (-) TimerEvent: {}
[4.910428] (-) TimerEvent: {}
[5.010767] (-) TimerEvent: {}
[5.111105] (-) TimerEvent: {}
[5.211513] (-) TimerEvent: {}
[5.311758] (-) TimerEvent: {}
[5.411999] (-) TimerEvent: {}
[5.512232] (-) TimerEvent: {}
[5.612561] (-) TimerEvent: {}
[5.712841] (-) TimerEvent: {}
[5.813082] (-) TimerEvent: {}
[5.913345] (-) TimerEvent: {}
[6.013588] (-) TimerEvent: {}
[6.113853] (-) TimerEvent: {}
[6.214091] (-) TimerEvent: {}
[6.314356] (-) TimerEvent: {}
[6.414689] (-) TimerEvent: {}
[6.514944] (-) TimerEvent: {}
[6.615182] (-) TimerEvent: {}
[6.715450] (-) TimerEvent: {}
[6.815697] (-) TimerEvent: {}
[6.915951] (-) TimerEvent: {}
[7.016194] (-) TimerEvent: {}
[7.116463] (-) TimerEvent: {}
[7.216737] (-) TimerEvent: {}
[7.317032] (-) TimerEvent: {}
[7.417276] (-) TimerEvent: {}
[7.517516] (-) TimerEvent: {}
[7.617765] (-) TimerEvent: {}
[7.718030] (-) TimerEvent: {}
[7.818261] (-) TimerEvent: {}
[7.918528] (-) TimerEvent: {}
[8.018812] (-) TimerEvent: {}
[8.119059] (-) TimerEvent: {}
[8.219345] (-) TimerEvent: {}
[8.319620] (-) TimerEvent: {}
[8.419870] (-) TimerEvent: {}
[8.520115] (-) TimerEvent: {}
[8.620385] (-) TimerEvent: {}
[8.720664] (-) TimerEvent: {}
[8.820920] (-) TimerEvent: {}
[8.921168] (-) TimerEvent: {}
[9.021443] (-) TimerEvent: {}
[9.121719] (-) TimerEvent: {}
[9.222034] (-) TimerEvent: {}
[9.322280] (-) TimerEvent: {}
[9.422520] (-) TimerEvent: {}
[9.522777] (-) TimerEvent: {}
[9.623108] (-) TimerEvent: {}
[9.723387] (-) TimerEvent: {}
[9.823667] (-) TimerEvent: {}
[9.924017] (-) TimerEvent: {}
[10.024267] (-) TimerEvent: {}
[10.124542] (-) TimerEvent: {}
[10.224790] (-) TimerEvent: {}
[10.325062] (-) TimerEvent: {}
[10.425324] (-) TimerEvent: {}
[10.525578] (-) TimerEvent: {}
[10.625852] (-) TimerEvent: {}
[10.726087] (-) TimerEvent: {}
[10.826362] (-) TimerEvent: {}
[10.926636] (-) TimerEvent: {}
[11.026992] (-) TimerEvent: {}
[11.127233] (-) TimerEvent: {}
[11.227565] (-) TimerEvent: {}
[11.327828] (-) TimerEvent: {}
[11.428061] (-) TimerEvent: {}
[11.528311] (-) TimerEvent: {}
[11.628646] (-) TimerEvent: {}
[11.729036] (-) TimerEvent: {}
[11.829284] (-) TimerEvent: {}
[11.929529] (-) TimerEvent: {}
[12.029795] (-) TimerEvent: {}
[12.130035] (-) TimerEvent: {}
[12.230296] (-) TimerEvent: {}
[12.330541] (-) TimerEvent: {}
[12.430777] (-) TimerEvent: {}
[12.531079] (-) TimerEvent: {}
[12.631402] (-) TimerEvent: {}
[12.731673] (-) TimerEvent: {}
[12.831985] (-) TimerEvent: {}
[12.932301] (-) TimerEvent: {}
[13.032530] (-) TimerEvent: {}
[13.132793] (-) TimerEvent: {}
[13.233034] (-) TimerEvent: {}
[13.333341] (-) TimerEvent: {}
[13.433615] (-) TimerEvent: {}
[13.533890] (-) TimerEvent: {}
[13.634171] (-) TimerEvent: {}
[13.734463] (-) TimerEvent: {}
[13.834727] (-) TimerEvent: {}
[13.935034] (-) TimerEvent: {}
[14.035300] (-) TimerEvent: {}
[14.135568] (-) TimerEvent: {}
[14.235832] (-) TimerEvent: {}
[14.336153] (-) TimerEvent: {}
[14.436565] (-) TimerEvent: {}
[14.536833] (-) TimerEvent: {}
[14.637160] (-) TimerEvent: {}
[14.737503] (-) TimerEvent: {}
[14.837769] (-) TimerEvent: {}
[14.938006] (-) TimerEvent: {}
[15.038275] (-) TimerEvent: {}
[15.138527] (-) TimerEvent: {}
[15.238822] (-) TimerEvent: {}
[15.339176] (-) TimerEvent: {}
[15.439445] (-) TimerEvent: {}
[15.539692] (-) TimerEvent: {}
[15.640073] (-) TimerEvent: {}
[15.740407] (-) TimerEvent: {}
[15.840680] (-) TimerEvent: {}
[15.940996] (-) TimerEvent: {}
[16.041239] (-) TimerEvent: {}
[16.141562] (-) TimerEvent: {}
[16.241840] (-) TimerEvent: {}
[16.342158] (-) TimerEvent: {}
[16.442540] (-) TimerEvent: {}
[16.542816] (-) TimerEvent: {}
[16.643026] (-) TimerEvent: {}
[16.743366] (-) TimerEvent: {}
[16.843632] (-) TimerEvent: {}
[16.943946] (-) TimerEvent: {}
[17.044261] (-) TimerEvent: {}
[17.144614] (-) TimerEvent: {}
[17.244926] (-) TimerEvent: {}
[17.345326] (-) TimerEvent: {}
[17.445594] (-) TimerEvent: {}
[17.545852] (-) TimerEvent: {}
[17.646088] (-) TimerEvent: {}
[17.746410] (-) TimerEvent: {}
[17.846740] (-) TimerEvent: {}
[17.947050] (-) TimerEvent: {}
[18.047395] (-) TimerEvent: {}
[18.147746] (-) TimerEvent: {}
[18.247957] (-) TimerEvent: {}
[18.348221] (-) TimerEvent: {}
[18.448560] (-) TimerEvent: {}
[18.548842] (-) TimerEvent: {}
[18.649077] (-) TimerEvent: {}
[18.749337] (-) TimerEvent: {}
[18.849591] (-) TimerEvent: {}
[18.949846] (-) TimerEvent: {}
[19.050111] (-) TimerEvent: {}
[19.150389] (-) TimerEvent: {}
[19.250663] (-) TimerEvent: {}
[19.351004] (-) TimerEvent: {}
[19.451333] (-) TimerEvent: {}
[19.551635] (-) TimerEvent: {}
[19.651937] (-) TimerEvent: {}
[19.752354] (-) TimerEvent: {}
[19.852654] (-) TimerEvent: {}
[19.952911] (-) TimerEvent: {}
[20.053171] (-) TimerEvent: {}
[20.153453] (-) TimerEvent: {}
[20.253727] (-) TimerEvent: {}
[20.353954] (-) TimerEvent: {}
[20.454237] (-) TimerEvent: {}
[20.554519] (-) TimerEvent: {}
[20.654809] (-) TimerEvent: {}
[20.755072] (-) TimerEvent: {}
[20.855374] (-) TimerEvent: {}
[20.955672] (-) TimerEvent: {}
[21.056054] (-) TimerEvent: {}
[21.156342] (-) TimerEvent: {}
[21.256611] (-) TimerEvent: {}
[21.356925] (-) TimerEvent: {}
[21.457184] (-) TimerEvent: {}
[21.557485] (-) TimerEvent: {}
[21.657764] (-) TimerEvent: {}
[21.758036] (-) TimerEvent: {}
[21.858362] (-) TimerEvent: {}
[21.958663] (-) TimerEvent: {}
[22.058956] (-) TimerEvent: {}
[22.159204] (-) TimerEvent: {}
[22.259437] (-) TimerEvent: {}
[22.359717] (-) TimerEvent: {}
[22.459986] (-) TimerEvent: {}
[22.560206] (-) TimerEvent: {}
[22.660538] (-) TimerEvent: {}
[22.760803] (-) TimerEvent: {}
[22.861147] (-) TimerEvent: {}
[22.961421] (-) TimerEvent: {}
[23.061687] (-) TimerEvent: {}
[23.162059] (-) TimerEvent: {}
[23.262337] (-) TimerEvent: {}
[23.362598] (-) TimerEvent: {}
[23.462866] (-) TimerEvent: {}
[23.563265] (-) TimerEvent: {}
[23.663539] (-) TimerEvent: {}
[23.763819] (-) TimerEvent: {}
[23.864065] (-) TimerEvent: {}
[23.964313] (-) TimerEvent: {}
[24.064592] (-) TimerEvent: {}
[24.164945] (-) TimerEvent: {}
[24.265197] (-) TimerEvent: {}
[24.365443] (-) TimerEvent: {}
[24.465714] (-) TimerEvent: {}
[24.565978] (-) TimerEvent: {}
[24.666221] (-) TimerEvent: {}
[24.766497] (-) TimerEvent: {}
[24.866761] (-) TimerEvent: {}
[24.967064] (-) TimerEvent: {}
[25.067324] (-) TimerEvent: {}
[25.167589] (-) TimerEvent: {}
[25.267855] (-) TimerEvent: {}
[25.368104] (-) TimerEvent: {}
[25.468362] (-) TimerEvent: {}
[25.568630] (-) TimerEvent: {}
[25.668880] (-) TimerEvent: {}
[25.769112] (-) TimerEvent: {}
[25.869381] (-) TimerEvent: {}
[25.969665] (-) TimerEvent: {}
[26.069987] (-) TimerEvent: {}
[26.170222] (-) TimerEvent: {}
[26.270481] (-) TimerEvent: {}
[26.370722] (-) TimerEvent: {}
[26.470936] (-) TimerEvent: {}
[26.571179] (-) TimerEvent: {}
[26.671513] (-) TimerEvent: {}
[26.771776] (-) TimerEvent: {}
[26.872024] (-) TimerEvent: {}
[26.972266] (-) TimerEvent: {}
[27.072533] (-) TimerEvent: {}
[27.172807] (-) TimerEvent: {}
[27.273049] (-) TimerEvent: {}
[27.373279] (-) TimerEvent: {}
[27.473527] (-) TimerEvent: {}
[27.573962] (-) TimerEvent: {}
[27.674237] (-) TimerEvent: {}
[27.774555] (-) TimerEvent: {}
[27.874865] (-) TimerEvent: {}
[27.975212] (-) TimerEvent: {}
[28.075574] (-) TimerEvent: {}
[28.175848] (-) TimerEvent: {}
[28.276173] (-) TimerEvent: {}
[28.376482] (-) TimerEvent: {}
[28.476749] (-) TimerEvent: {}
[28.577003] (-) TimerEvent: {}
[28.677260] (-) TimerEvent: {}
[28.777515] (-) TimerEvent: {}
[28.877862] (-) TimerEvent: {}
[28.978110] (-) TimerEvent: {}
[29.078355] (-) TimerEvent: {}
[29.178622] (-) TimerEvent: {}
[29.278970] (-) TimerEvent: {}
[29.379331] (-) TimerEvent: {}
[29.479703] (-) TimerEvent: {}
[29.580064] (-) TimerEvent: {}
[29.680422] (-) TimerEvent: {}
[29.780701] (-) TimerEvent: {}
[29.880980] (-) TimerEvent: {}
[29.981213] (-) TimerEvent: {}
[30.081488] (-) TimerEvent: {}
[30.181745] (-) TimerEvent: {}
[30.282034] (-) TimerEvent: {}
[30.382307] (-) TimerEvent: {}
[30.482607] (-) TimerEvent: {}
[30.582871] (-) TimerEvent: {}
[30.683123] (-) TimerEvent: {}
[30.783405] (-) TimerEvent: {}
[30.883680] (-) TimerEvent: {}
[30.983943] (-) TimerEvent: {}
[31.084312] (-) TimerEvent: {}
[31.184600] (-) TimerEvent: {}
[31.284872] (-) TimerEvent: {}
[31.385105] (-) TimerEvent: {}
[31.485384] (-) TimerEvent: {}
[31.585632] (-) TimerEvent: {}
[31.685898] (-) TimerEvent: {}
[31.786130] (-) TimerEvent: {}
[31.886402] (-) TimerEvent: {}
[31.986639] (-) TimerEvent: {}
[32.086896] (-) TimerEvent: {}
[32.187123] (-) TimerEvent: {}
[32.287348] (-) TimerEvent: {}
[32.387606] (-) TimerEvent: {}
[32.487856] (-) TimerEvent: {}
[32.588103] (-) TimerEvent: {}
[32.688379] (-) TimerEvent: {}
[32.788651] (-) TimerEvent: {}
[32.888926] (-) TimerEvent: {}
[32.989167] (-) TimerEvent: {}
[33.089444] (-) TimerEvent: {}
[33.189703] (-) TimerEvent: {}
[33.289964] (-) TimerEvent: {}
[33.390274] (-) TimerEvent: {}
[33.490609] (-) TimerEvent: {}
[33.590962] (-) TimerEvent: {}
[33.691217] (-) TimerEvent: {}
[33.791496] (-) TimerEvent: {}
[33.891782] (-) TimerEvent: {}
[33.992063] (-) TimerEvent: {}
[34.092300] (-) TimerEvent: {}
[34.192574] (-) TimerEvent: {}
[34.292852] (-) TimerEvent: {}
[34.393094] (-) TimerEvent: {}
[34.493373] (-) TimerEvent: {}
[34.593645] (-) TimerEvent: {}
[34.693966] (-) TimerEvent: {}
[34.794215] (-) TimerEvent: {}
[34.894492] (-) TimerEvent: {}
[34.994724] (-) TimerEvent: {}
[35.094936] (-) TimerEvent: {}
[35.195173] (-) TimerEvent: {}
[35.295451] (-) TimerEvent: {}
[35.395733] (-) TimerEvent: {}
[35.496049] (-) TimerEvent: {}
[35.596395] (-) TimerEvent: {}
[35.696717] (-) TimerEvent: {}
[35.797006] (-) TimerEvent: {}
[35.897328] (-) TimerEvent: {}
[35.997596] (-) TimerEvent: {}
[36.098032] (-) TimerEvent: {}
[36.198296] (-) TimerEvent: {}
[36.298574] (-) TimerEvent: {}
[36.398939] (-) TimerEvent: {}
[36.499187] (-) TimerEvent: {}
[36.599466] (-) TimerEvent: {}
[36.699738] (-) TimerEvent: {}
[36.799953] (-) TimerEvent: {}
[36.900184] (-) TimerEvent: {}
[37.000437] (-) TimerEvent: {}
[37.100710] (-) TimerEvent: {}
[37.201096] (-) TimerEvent: {}
[37.301369] (-) TimerEvent: {}
[37.401617] (-) TimerEvent: {}
[37.501937] (-) TimerEvent: {}
[37.602170] (-) TimerEvent: {}
[37.702444] (-) TimerEvent: {}
[37.802722] (-) TimerEvent: {}
[37.903052] (-) TimerEvent: {}
[38.003322] (-) TimerEvent: {}
[38.103663] (-) TimerEvent: {}
[38.204054] (-) TimerEvent: {}
[38.304303] (-) TimerEvent: {}
[38.404565] (-) TimerEvent: {}
[38.504860] (-) TimerEvent: {}
[38.605113] (-) TimerEvent: {}
[38.705391] (-) TimerEvent: {}
[38.805650] (-) TimerEvent: {}
[38.905912] (-) TimerEvent: {}
[39.006151] (-) TimerEvent: {}
[39.106412] (-) TimerEvent: {}
[39.206761] (-) TimerEvent: {}
[39.307018] (-) TimerEvent: {}
[39.407381] (-) TimerEvent: {}
[39.507720] (-) TimerEvent: {}
[39.608059] (-) TimerEvent: {}
[39.708403] (-) TimerEvent: {}
[39.808674] (-) TimerEvent: {}
[39.909062] (-) TimerEvent: {}
[40.009353] (-) TimerEvent: {}
[40.109622] (-) TimerEvent: {}
[40.209878] (-) TimerEvent: {}
[40.310160] (-) TimerEvent: {}
[40.410464] (-) TimerEvent: {}
[40.510782] (-) TimerEvent: {}
[40.611044] (-) TimerEvent: {}
[40.711312] (-) TimerEvent: {}
[40.811650] (-) TimerEvent: {}
[40.912006] (-) TimerEvent: {}
[41.012262] (-) TimerEvent: {}
[41.112518] (-) TimerEvent: {}
[41.212773] (-) TimerEvent: {}
[41.312998] (-) TimerEvent: {}
[41.413318] (-) TimerEvent: {}
[41.513565] (-) TimerEvent: {}
[41.613815] (-) TimerEvent: {}
[41.714224] (-) TimerEvent: {}
[41.814500] (-) TimerEvent: {}
[41.914912] (-) TimerEvent: {}
[42.015153] (-) TimerEvent: {}
[42.115495] (-) TimerEvent: {}
[42.215766] (-) TimerEvent: {}
[42.316070] (-) TimerEvent: {}
[42.416348] (-) TimerEvent: {}
[42.516615] (-) TimerEvent: {}
[42.616877] (-) TimerEvent: {}
[42.717221] (-) TimerEvent: {}
[42.817519] (-) TimerEvent: {}
[42.917868] (-) TimerEvent: {}
[43.018137] (-) TimerEvent: {}
[43.118432] (-) TimerEvent: {}
[43.218670] (-) TimerEvent: {}
[43.319066] (-) TimerEvent: {}
[43.419308] (-) TimerEvent: {}
[43.519628] (-) TimerEvent: {}
[43.619900] (-) TimerEvent: {}
[43.720137] (-) TimerEvent: {}
[43.820373] (-) TimerEvent: {}
[43.920651] (-) TimerEvent: {}
[44.020921] (-) TimerEvent: {}
[44.121163] (-) TimerEvent: {}
[44.221448] (-) TimerEvent: {}
[44.321726] (-) TimerEvent: {}
[44.422027] (-) TimerEvent: {}
[44.522267] (-) TimerEvent: {}
[44.622541] (-) TimerEvent: {}
[44.722775] (-) TimerEvent: {}
[44.823146] (-) TimerEvent: {}
[44.923427] (-) TimerEvent: {}
[45.023728] (-) TimerEvent: {}
[45.123977] (-) TimerEvent: {}
[45.224256] (-) TimerEvent: {}
[45.324652] (-) TimerEvent: {}
[45.424931] (-) TimerEvent: {}
[45.525161] (-) TimerEvent: {}
[45.625437] (-) TimerEvent: {}
[45.725681] (-) TimerEvent: {}
[45.825944] (-) TimerEvent: {}
[45.926176] (-) TimerEvent: {}
[46.026460] (-) TimerEvent: {}
[46.126832] (-) TimerEvent: {}
[46.227107] (-) TimerEvent: {}
[46.327344] (-) TimerEvent: {}
[46.427616] (-) TimerEvent: {}
[46.528014] (-) TimerEvent: {}
[46.628294] (-) TimerEvent: {}
[46.728528] (-) TimerEvent: {}
[46.828917] (-) TimerEvent: {}
[46.929179] (-) TimerEvent: {}
[47.029474] (-) TimerEvent: {}
[47.129756] (-) TimerEvent: {}
[47.230075] (-) TimerEvent: {}
[47.330380] (-) TimerEvent: {}
[47.430751] (-) TimerEvent: {}
[47.531107] (-) TimerEvent: {}
[47.631512] (-) TimerEvent: {}
[47.731787] (-) TimerEvent: {}
[47.832045] (-) TimerEvent: {}
[47.932390] (-) TimerEvent: {}
[48.032666] (-) TimerEvent: {}
[48.132997] (-) TimerEvent: {}
[48.233252] (-) TimerEvent: {}
[48.333546] (-) TimerEvent: {}
[48.433840] (-) TimerEvent: {}
[48.534128] (-) TimerEvent: {}
[48.634416] (-) TimerEvent: {}
[48.734758] (-) TimerEvent: {}
[48.835011] (-) TimerEvent: {}
[48.935279] (-) TimerEvent: {}
[49.035618] (-) TimerEvent: {}
[49.135965] (-) TimerEvent: {}
[49.236251] (-) TimerEvent: {}
[49.336529] (-) TimerEvent: {}
[49.436815] (-) TimerEvent: {}
[49.537065] (-) TimerEvent: {}
[49.637353] (-) TimerEvent: {}
[49.737639] (-) TimerEvent: {}
[49.837935] (-) TimerEvent: {}
[49.938180] (-) TimerEvent: {}
[50.038466] (-) TimerEvent: {}
[50.138742] (-) TimerEvent: {}
[50.239046] (-) TimerEvent: {}
[50.339352] (-) TimerEvent: {}
[50.439637] (-) TimerEvent: {}
[50.539930] (-) TimerEvent: {}
[50.640198] (-) TimerEvent: {}
[50.740616] (-) TimerEvent: {}
[50.840895] (-) TimerEvent: {}
[50.941154] (-) TimerEvent: {}
[51.041439] (-) TimerEvent: {}
[51.141692] (-) TimerEvent: {}
[51.242055] (-) TimerEvent: {}
[51.342311] (-) TimerEvent: {}
[51.442578] (-) TimerEvent: {}
[51.542854] (-) TimerEvent: {}
[51.643108] (-) TimerEvent: {}
[51.743447] (-) TimerEvent: {}
[51.843728] (-) TimerEvent: {}
[51.943984] (-) TimerEvent: {}
[52.044272] (-) TimerEvent: {}
[52.144679] (-) TimerEvent: {}
[52.244956] (-) TimerEvent: {}
[52.345334] (-) TimerEvent: {}
[52.445647] (-) TimerEvent: {}
[52.546007] (-) TimerEvent: {}
[52.646281] (-) TimerEvent: {}
[52.746564] (-) TimerEvent: {}
[52.846824] (-) TimerEvent: {}
[52.947145] (-) TimerEvent: {}
[53.047442] (-) TimerEvent: {}
[53.147804] (-) TimerEvent: {}
[53.248070] (-) TimerEvent: {}
[53.348350] (-) TimerEvent: {}
[53.448629] (-) TimerEvent: {}
[53.548911] (-) TimerEvent: {}
[53.649175] (-) TimerEvent: {}
[53.749476] (-) TimerEvent: {}
[53.849767] (-) TimerEvent: {}
[53.950109] (-) TimerEvent: {}
[54.050403] (-) TimerEvent: {}
[54.150815] (-) TimerEvent: {}
[54.251083] (-) TimerEvent: {}
[54.351497] (-) TimerEvent: {}
[54.451764] (-) TimerEvent: {}
[54.552174] (-) TimerEvent: {}
[54.652525] (-) TimerEvent: {}
[54.752876] (-) TimerEvent: {}
[54.853137] (-) TimerEvent: {}
[54.953565] (-) TimerEvent: {}
[55.053849] (-) TimerEvent: {}
[55.154120] (-) TimerEvent: {}
[55.254505] (-) TimerEvent: {}
[55.354766] (-) TimerEvent: {}
[55.455026] (-) TimerEvent: {}
[55.555349] (-) TimerEvent: {}
[55.655710] (-) TimerEvent: {}
[55.755985] (-) TimerEvent: {}
[55.856254] (-) TimerEvent: {}
[55.956657] (-) TimerEvent: {}
[56.056945] (-) TimerEvent: {}
[56.157236] (-) TimerEvent: {}
[56.257526] (-) TimerEvent: {}
[56.357915] (-) TimerEvent: {}
[56.458165] (-) TimerEvent: {}
[56.558449] (-) TimerEvent: {}
[56.658775] (-) TimerEvent: {}
[56.759103] (-) TimerEvent: {}
[56.859373] (-) TimerEvent: {}
[56.959638] (-) TimerEvent: {}
[57.059974] (-) TimerEvent: {}
[57.160229] (-) TimerEvent: {}
[57.260571] (-) TimerEvent: {}
[57.360950] (-) TimerEvent: {}
[57.461192] (-) TimerEvent: {}
[57.561598] (-) TimerEvent: {}
[57.661947] (-) TimerEvent: {}
[57.762266] (-) TimerEvent: {}
[57.862630] (-) TimerEvent: {}
[57.962915] (-) TimerEvent: {}
[58.063151] (-) TimerEvent: {}
[58.163404] (-) TimerEvent: {}
[58.263673] (-) TimerEvent: {}
[58.364074] (-) TimerEvent: {}
[58.464346] (-) TimerEvent: {}
[58.564739] (-) TimerEvent: {}
[58.665049] (-) TimerEvent: {}
[58.765386] (-) TimerEvent: {}
[58.865738] (-) TimerEvent: {}
[58.966065] (-) TimerEvent: {}
[59.066390] (-) TimerEvent: {}
[59.166629] (-) TimerEvent: {}
[59.266976] (-) TimerEvent: {}
[59.367314] (-) TimerEvent: {}
[59.467588] (-) TimerEvent: {}
[59.567962] (-) TimerEvent: {}
[59.668300] (-) TimerEvent: {}
[59.768578] (-) TimerEvent: {}
[59.868913] (-) TimerEvent: {}
[59.969254] (-) TimerEvent: {}
[60.069499] (-) TimerEvent: {}
[60.169736] (-) TimerEvent: {}
[60.269952] (-) TimerEvent: {}
[60.370172] (-) TimerEvent: {}
[60.470418] (-) TimerEvent: {}
[60.570651] (-) TimerEvent: {}
[60.670896] (-) TimerEvent: {}
[60.771119] (-) TimerEvent: {}
[60.871409] (-) TimerEvent: {}
[60.971742] (-) TimerEvent: {}
[61.072022] (-) TimerEvent: {}
[61.172245] (-) TimerEvent: {}
[61.272579] (-) TimerEvent: {}
[61.372904] (-) TimerEvent: {}
[61.473130] (-) TimerEvent: {}
[61.573382] (-) TimerEvent: {}
[61.673610] (-) TimerEvent: {}
[61.773861] (-) TimerEvent: {}
[61.874089] (-) TimerEvent: {}
[61.974345] (-) TimerEvent: {}
[62.074589] (-) TimerEvent: {}
[62.174837] (-) TimerEvent: {}
[62.275041] (-) TimerEvent: {}
[62.375289] (-) TimerEvent: {}
[62.475521] (-) TimerEvent: {}
[62.575769] (-) TimerEvent: {}
[62.675983] (-) TimerEvent: {}
[62.776191] (-) TimerEvent: {}
[62.876453] (-) TimerEvent: {}
[62.976703] (-) TimerEvent: {}
[63.077026] (-) TimerEvent: {}
[63.177279] (-) TimerEvent: {}
[63.277512] (-) TimerEvent: {}
[63.377758] (-) TimerEvent: {}
[63.478027] (-) TimerEvent: {}
[63.578263] (-) TimerEvent: {}
[63.678503] (-) TimerEvent: {}
[63.778731] (-) TimerEvent: {}
[63.878961] (-) TimerEvent: {}
[63.979178] (-) TimerEvent: {}
[64.079427] (-) TimerEvent: {}
[64.179688] (-) TimerEvent: {}
[64.279938] (-) TimerEvent: {}
[64.380154] (-) TimerEvent: {}
[64.480405] (-) TimerEvent: {}
[64.580661] (-) TimerEvent: {}
[64.680920] (-) TimerEvent: {}
[64.781135] (-) TimerEvent: {}
[64.881387] (-) TimerEvent: {}
[64.981637] (-) TimerEvent: {}
[65.081892] (-) TimerEvent: {}
[65.182117] (-) TimerEvent: {}
[65.282417] (-) TimerEvent: {}
[65.382765] (-) TimerEvent: {}
[65.483005] (-) TimerEvent: {}
[65.583266] (-) TimerEvent: {}
[65.683511] (-) TimerEvent: {}
[65.783758] (-) TimerEvent: {}
[65.883982] (-) TimerEvent: {}
[65.984194] (-) TimerEvent: {}
[66.084448] (-) TimerEvent: {}
[66.184698] (-) TimerEvent: {}
[66.284950] (-) TimerEvent: {}
[66.385184] (-) TimerEvent: {}
[66.485443] (-) TimerEvent: {}
[66.585698] (-) TimerEvent: {}
[66.686002] (-) TimerEvent: {}
[66.786230] (-) TimerEvent: {}
[66.886486] (-) TimerEvent: {}
[66.986737] (-) TimerEvent: {}
[67.087040] (-) TimerEvent: {}
[67.187282] (-) TimerEvent: {}
[67.287530] (-) TimerEvent: {}
[67.387780] (-) TimerEvent: {}
[67.488036] (-) TimerEvent: {}
[67.588354] (-) TimerEvent: {}
[67.688625] (-) TimerEvent: {}
[67.788973] (-) TimerEvent: {}
[67.889202] (-) TimerEvent: {}
[67.989445] (-) TimerEvent: {}
[68.089783] (-) TimerEvent: {}
[68.190039] (-) TimerEvent: {}
[68.290384] (-) TimerEvent: {}
[68.390690] (-) TimerEvent: {}
[68.491032] (-) TimerEvent: {}
[68.591361] (-) TimerEvent: {}
[68.691637] (-) TimerEvent: {}
[68.792008] (-) TimerEvent: {}
[68.892253] (-) TimerEvent: {}
[68.992568] (-) TimerEvent: {}
[69.092842] (-) TimerEvent: {}
[69.193082] (-) TimerEvent: {}
[69.293354] (-) TimerEvent: {}
[69.393777] (-) TimerEvent: {}
[69.494103] (-) TimerEvent: {}
[69.594354] (-) TimerEvent: {}
[69.694692] (-) TimerEvent: {}
[69.794947] (-) TimerEvent: {}
[69.895272] (-) TimerEvent: {}
[69.995562] (-) TimerEvent: {}
[70.095960] (-) TimerEvent: {}
[70.196215] (-) TimerEvent: {}
[70.296539] (-) TimerEvent: {}
[70.396817] (-) TimerEvent: {}
[70.497171] (-) TimerEvent: {}
[70.597563] (-) TimerEvent: {}
[70.697990] (-) TimerEvent: {}
[70.798344] (-) TimerEvent: {}
[70.898679] (-) TimerEvent: {}
[70.999102] (-) TimerEvent: {}
[71.099471] (-) TimerEvent: {}
[71.199746] (-) TimerEvent: {}
[71.300018] (-) TimerEvent: {}
[71.400273] (-) TimerEvent: {}
[71.500645] (-) TimerEvent: {}
[71.600956] (-) TimerEvent: {}
[71.701213] (-) TimerEvent: {}
[71.801556] (-) TimerEvent: {}
[71.901836] (-) TimerEvent: {}
[72.002153] (-) TimerEvent: {}
[72.102517] (-) TimerEvent: {}
[72.202804] (-) TimerEvent: {}
[72.303139] (-) TimerEvent: {}
[72.403411] (-) TimerEvent: {}
[72.503699] (-) TimerEvent: {}
[72.604045] (-) TimerEvent: {}
[72.704335] (-) TimerEvent: {}
[72.804617] (-) TimerEvent: {}
[72.904906] (-) TimerEvent: {}
[73.005255] (-) TimerEvent: {}
[73.105624] (-) TimerEvent: {}
[73.206049] (-) TimerEvent: {}
[73.306401] (-) TimerEvent: {}
[73.406829] (-) TimerEvent: {}
[73.507166] (-) TimerEvent: {}
[73.607523] (-) TimerEvent: {}
[73.707843] (-) TimerEvent: {}
[73.808105] (-) TimerEvent: {}
[73.908356] (-) TimerEvent: {}
[74.008681] (-) TimerEvent: {}
[74.109002] (-) TimerEvent: {}
[74.209240] (-) TimerEvent: {}
[74.309513] (-) TimerEvent: {}
[74.409826] (-) TimerEvent: {}
[74.510070] (-) TimerEvent: {}
[74.610296] (-) TimerEvent: {}
[74.710599] (-) TimerEvent: {}
[74.810886] (-) TimerEvent: {}
[74.911136] (-) TimerEvent: {}
[75.011416] (-) TimerEvent: {}
[75.111685] (-) TimerEvent: {}
[75.211963] (-) TimerEvent: {}
[75.312201] (-) TimerEvent: {}
[75.412488] (-) TimerEvent: {}
[75.512758] (-) TimerEvent: {}
[75.613005] (-) TimerEvent: {}
[75.713308] (-) TimerEvent: {}
[75.813646] (-) TimerEvent: {}
[75.914008] (-) TimerEvent: {}
[76.014247] (-) TimerEvent: {}
[76.114552] (-) TimerEvent: {}
[76.214877] (-) TimerEvent: {}
[76.315133] (-) TimerEvent: {}
[76.415422] (-) TimerEvent: {}
[76.515747] (-) TimerEvent: {}
[76.615957] (-) TimerEvent: {}
[76.716303] (-) TimerEvent: {}
[76.816639] (-) TimerEvent: {}
[76.917033] (-) TimerEvent: {}
[77.017443] (-) TimerEvent: {}
[77.117736] (-) TimerEvent: {}
[77.218036] (-) TimerEvent: {}
[77.318371] (-) TimerEvent: {}
[77.418731] (-) TimerEvent: {}
[77.518994] (-) TimerEvent: {}
[77.619334] (-) TimerEvent: {}
[77.719661] (-) TimerEvent: {}
[77.819989] (-) TimerEvent: {}
[77.920353] (-) TimerEvent: {}
[78.020653] (-) TimerEvent: {}
[78.121017] (-) TimerEvent: {}
[78.221275] (-) TimerEvent: {}
[78.321562] (-) TimerEvent: {}
[78.421812] (-) TimerEvent: {}
[78.522063] (-) TimerEvent: {}
[78.622311] (-) TimerEvent: {}
[78.722568] (-) TimerEvent: {}
[78.822815] (-) TimerEvent: {}
[78.923161] (-) TimerEvent: {}
[79.023414] (-) TimerEvent: {}
[79.123722] (-) TimerEvent: {}
[79.223971] (-) TimerEvent: {}
[79.324222] (-) TimerEvent: {}
[79.424475] (-) TimerEvent: {}
[79.524833] (-) TimerEvent: {}
[79.625188] (-) TimerEvent: {}
[79.725470] (-) TimerEvent: {}
[79.825818] (-) TimerEvent: {}
[79.926072] (-) TimerEvent: {}
[80.026403] (-) TimerEvent: {}
[80.126684] (-) TimerEvent: {}
[80.226975] (-) TimerEvent: {}
[80.327312] (-) TimerEvent: {}
[80.427726] (-) TimerEvent: {}
[80.527972] (-) TimerEvent: {}
[80.628239] (-) TimerEvent: {}
[80.728600] (-) TimerEvent: {}
[80.828900] (-) TimerEvent: {}
[80.929149] (-) TimerEvent: {}
[81.029435] (-) TimerEvent: {}
[81.129714] (-) TimerEvent: {}
[81.230100] (-) TimerEvent: {}
[81.330402] (-) TimerEvent: {}
[81.430697] (-) TimerEvent: {}
[81.531028] (-) TimerEvent: {}
[81.631285] (-) TimerEvent: {}
[81.731537] (-) TimerEvent: {}
[81.831823] (-) TimerEvent: {}
[81.932081] (-) TimerEvent: {}
[82.032377] (-) TimerEvent: {}
[82.132669] (-) TimerEvent: {}
[82.233038] (-) TimerEvent: {}
[82.333320] (-) TimerEvent: {}
[82.433625] (-) TimerEvent: {}
[82.533999] (-) TimerEvent: {}
[82.634264] (-) TimerEvent: {}
[82.734622] (-) TimerEvent: {}
[82.834920] (-) TimerEvent: {}
[82.935267] (-) TimerEvent: {}
[83.035562] (-) TimerEvent: {}
[83.135930] (-) TimerEvent: {}
[83.236169] (-) TimerEvent: {}
[83.336402] (-) TimerEvent: {}
[83.436662] (-) TimerEvent: {}
[83.536936] (-) TimerEvent: {}
[83.637176] (-) TimerEvent: {}
[83.737417] (-) TimerEvent: {}
[83.837662] (-) TimerEvent: {}
[83.937965] (-) TimerEvent: {}
[84.038214] (-) TimerEvent: {}
[84.138502] (-) TimerEvent: {}
[84.238761] (-) TimerEvent: {}
[84.339031] (-) TimerEvent: {}
[84.439403] (-) TimerEvent: {}
[84.539687] (-) TimerEvent: {}
[84.640053] (-) TimerEvent: {}
[84.740319] (-) TimerEvent: {}
[84.840592] (-) TimerEvent: {}
[84.940915] (-) TimerEvent: {}
[85.041150] (-) TimerEvent: {}
[85.141420] (-) TimerEvent: {}
[85.241685] (-) TimerEvent: {}
[85.341964] (-) TimerEvent: {}
[85.442216] (-) TimerEvent: {}
[85.542556] (-) TimerEvent: {}
[85.642831] (-) TimerEvent: {}
[85.743089] (-) TimerEvent: {}
[85.843333] (-) TimerEvent: {}
[85.943677] (-) TimerEvent: {}
[86.044077] (-) TimerEvent: {}
[86.144340] (-) TimerEvent: {}
[86.244611] (-) TimerEvent: {}
[86.344862] (-) TimerEvent: {}
[86.445191] (-) TimerEvent: {}
[86.545543] (-) TimerEvent: {}
[86.645903] (-) TimerEvent: {}
[86.746216] (-) TimerEvent: {}
[86.846489] (-) TimerEvent: {}
[86.946804] (-) TimerEvent: {}
[87.047043] (-) TimerEvent: {}
[87.147393] (-) TimerEvent: {}
[87.247712] (-) TimerEvent: {}
[87.347969] (-) TimerEvent: {}
[87.448204] (-) TimerEvent: {}
[87.548507] (-) TimerEvent: {}
[87.648774] (-) TimerEvent: {}
[87.749112] (-) TimerEvent: {}
[87.849370] (-) TimerEvent: {}
[87.949712] (-) TimerEvent: {}
[88.049982] (-) TimerEvent: {}
[88.150331] (-) TimerEvent: {}
[88.250907] (-) TimerEvent: {}
[88.351148] (-) TimerEvent: {}
[88.451389] (-) TimerEvent: {}
[88.551737] (-) TimerEvent: {}
[88.652116] (-) TimerEvent: {}
[88.752470] (-) TimerEvent: {}
[88.852812] (-) TimerEvent: {}
[88.953151] (-) TimerEvent: {}
[89.053505] (-) TimerEvent: {}
[89.153783] (-) TimerEvent: {}
[89.254102] (-) TimerEvent: {}
[89.354379] (-) TimerEvent: {}
[89.454648] (-) TimerEvent: {}
[89.554918] (-) TimerEvent: {}
[89.655170] (-) TimerEvent: {}
[89.755528] (-) TimerEvent: {}
[89.855780] (-) TimerEvent: {}
[89.956055] (-) TimerEvent: {}
[90.056365] (-) TimerEvent: {}
[90.156716] (-) TimerEvent: {}
[90.257054] (-) TimerEvent: {}
[90.357410] (-) TimerEvent: {}
[90.457769] (-) TimerEvent: {}
[90.558092] (-) TimerEvent: {}
[90.658403] (-) TimerEvent: {}
[90.758755] (-) TimerEvent: {}
[90.859158] (-) TimerEvent: {}
[90.959514] (-) TimerEvent: {}
[91.059790] (-) TimerEvent: {}
[91.160058] (-) TimerEvent: {}
[91.260474] (-) TimerEvent: {}
[91.360810] (-) TimerEvent: {}
[91.461147] (-) TimerEvent: {}
[91.561384] (-) TimerEvent: {}
[91.661665] (-) TimerEvent: {}
[91.761926] (-) TimerEvent: {}
[91.862167] (-) TimerEvent: {}
[91.962447] (-) TimerEvent: {}
[92.062770] (-) TimerEvent: {}
[92.163015] (-) TimerEvent: {}
[92.263259] (-) TimerEvent: {}
[92.363615] (-) TimerEvent: {}
[92.463901] (-) TimerEvent: {}
[92.564159] (-) TimerEvent: {}
[92.664433] (-) TimerEvent: {}
[92.764791] (-) TimerEvent: {}
[92.865172] (-) TimerEvent: {}
[92.965532] (-) TimerEvent: {}
[93.065917] (-) TimerEvent: {}
[93.166164] (-) TimerEvent: {}
[93.266570] (-) TimerEvent: {}
[93.366847] (-) TimerEvent: {}
[93.467104] (-) TimerEvent: {}
[93.567416] (-) TimerEvent: {}
[93.667698] (-) TimerEvent: {}
[93.768018] (-) TimerEvent: {}
[93.868294] (-) TimerEvent: {}
[93.968636] (-) TimerEvent: {}
[94.069012] (-) TimerEvent: {}
[94.169368] (-) TimerEvent: {}
[94.269699] (-) TimerEvent: {}
[94.370032] (-) TimerEvent: {}
[94.470389] (-) TimerEvent: {}
[94.570748] (-) TimerEvent: {}
[94.671098] (-) TimerEvent: {}
[94.771342] (-) TimerEvent: {}
[94.871665] (-) TimerEvent: {}
[94.971995] (-) TimerEvent: {}
[95.072240] (-) TimerEvent: {}
[95.172599] (-) TimerEvent: {}
[95.272904] (-) TimerEvent: {}
[95.373224] (-) TimerEvent: {}
[95.473546] (-) TimerEvent: {}
[95.573818] (-) TimerEvent: {}
[95.674153] (-) TimerEvent: {}
[95.774423] (-) TimerEvent: {}
[95.874733] (-) TimerEvent: {}
[95.974966] (-) TimerEvent: {}
[96.075210] (-) TimerEvent: {}
[96.175484] (-) TimerEvent: {}
[96.275838] (-) TimerEvent: {}
[96.376082] (-) TimerEvent: {}
[96.476325] (-) TimerEvent: {}
[96.576678] (-) TimerEvent: {}
[96.677073] (-) TimerEvent: {}
[96.777424] (-) TimerEvent: {}
[96.877835] (-) TimerEvent: {}
[96.978097] (-) TimerEvent: {}
[97.078433] (-) TimerEvent: {}
[97.178711] (-) TimerEvent: {}
[97.279098] (-) TimerEvent: {}
[97.379342] (-) TimerEvent: {}
[97.479590] (-) TimerEvent: {}
[97.579862] (-) TimerEvent: {}
[97.680110] (-) TimerEvent: {}
[97.780382] (-) TimerEvent: {}
[97.880642] (-) TimerEvent: {}
[97.980929] (-) TimerEvent: {}
[98.081162] (-) TimerEvent: {}
[98.181428] (-) TimerEvent: {}
[98.281698] (-) TimerEvent: {}
[98.381977] (-) TimerEvent: {}
[98.482283] (-) TimerEvent: {}
[98.582554] (-) TimerEvent: {}
[98.682865] (-) TimerEvent: {}
[98.783150] (-) TimerEvent: {}
[98.883399] (-) TimerEvent: {}
[98.983736] (-) TimerEvent: {}
[99.084056] (-) TimerEvent: {}
[99.184423] (-) TimerEvent: {}
[99.284703] (-) TimerEvent: {}
[99.385059] (-) TimerEvent: {}
[99.485409] (-) TimerEvent: {}
[99.585753] (-) TimerEvent: {}
[99.686121] (-) TimerEvent: {}
[99.786454] (-) TimerEvent: {}
[99.886788] (-) TimerEvent: {}
[99.987034] (-) TimerEvent: {}
[100.087355] (-) TimerEvent: {}
[100.187679] (-) TimerEvent: {}
[100.287989] (-) TimerEvent: {}
[100.388344] (-) TimerEvent: {}
[100.488597] (-) TimerEvent: {}
[100.588936] (-) TimerEvent: {}
[100.689190] (-) TimerEvent: {}
[100.789542] (-) TimerEvent: {}
[100.889918] (-) TimerEvent: {}
[100.990267] (-) TimerEvent: {}
[101.090632] (-) TimerEvent: {}
[101.190987] (-) TimerEvent: {}
[101.291406] (-) TimerEvent: {}
[101.391766] (-) TimerEvent: {}
[101.492053] (-) TimerEvent: {}
[101.592293] (-) TimerEvent: {}
[101.692642] (-) TimerEvent: {}
[101.792893] (-) TimerEvent: {}
[101.893132] (-) TimerEvent: {}
[101.993492] (-) TimerEvent: {}
[102.093778] (-) TimerEvent: {}
[102.194055] (-) TimerEvent: {}
[102.294334] (-) TimerEvent: {}
[102.394705] (-) TimerEvent: {}
[102.495022] (-) TimerEvent: {}
[102.595273] (-) TimerEvent: {}
[102.695624] (-) TimerEvent: {}
[102.795885] (-) TimerEvent: {}
[102.896216] (-) TimerEvent: {}
[102.996491] (-) TimerEvent: {}
[103.096827] (-) TimerEvent: {}
[103.197073] (-) TimerEvent: {}
[103.297342] (-) TimerEvent: {}
[103.397676] (-) TimerEvent: {}
[103.498037] (-) TimerEvent: {}
[103.598388] (-) TimerEvent: {}
[103.698633] (-) TimerEvent: {}
[103.799010] (-) TimerEvent: {}
[103.899256] (-) TimerEvent: {}
[103.999530] (-) TimerEvent: {}
[104.099809] (-) TimerEvent: {}
[104.200055] (-) TimerEvent: {}
[104.300358] (-) TimerEvent: {}
[104.400631] (-) TimerEvent: {}
[104.500952] (-) TimerEvent: {}
[104.601185] (-) TimerEvent: {}
[104.701525] (-) TimerEvent: {}
[104.801859] (-) TimerEvent: {}
[104.902100] (-) TimerEvent: {}
[105.002360] (-) TimerEvent: {}
[105.102630] (-) TimerEvent: {}
[105.202870] (-) TimerEvent: {}
[105.303125] (-) TimerEvent: {}
[105.403393] (-) TimerEvent: {}
[105.503736] (-) TimerEvent: {}
[105.603997] (-) TimerEvent: {}
[105.704413] (-) TimerEvent: {}
[105.804707] (-) TimerEvent: {}
[105.905029] (-) TimerEvent: {}
[106.005392] (-) TimerEvent: {}
[106.105692] (-) TimerEvent: {}
[106.206045] (-) TimerEvent: {}
[106.306309] (-) TimerEvent: {}
[106.406603] (-) TimerEvent: {}
[106.506901] (-) TimerEvent: {}
[106.607153] (-) TimerEvent: {}
[106.707486] (-) TimerEvent: {}
[106.807776] (-) TimerEvent: {}
[106.908186] (-) TimerEvent: {}
[107.008476] (-) TimerEvent: {}
[107.108826] (-) TimerEvent: {}
[107.209170] (-) TimerEvent: {}
[107.309492] (-) TimerEvent: {}
[107.409748] (-) TimerEvent: {}
[107.510083] (-) TimerEvent: {}
[107.610373] (-) TimerEvent: {}
[107.710718] (-) TimerEvent: {}
[107.811083] (-) TimerEvent: {}
[107.911423] (-) TimerEvent: {}
[108.011707] (-) TimerEvent: {}
[108.111978] (-) TimerEvent: {}
[108.212234] (-) TimerEvent: {}
[108.312647] (-) TimerEvent: {}
[108.412958] (-) TimerEvent: {}
[108.513207] (-) TimerEvent: {}
[108.613480] (-) TimerEvent: {}
[108.713764] (-) TimerEvent: {}
[108.814035] (-) TimerEvent: {}
[108.914288] (-) TimerEvent: {}
[109.014573] (-) TimerEvent: {}
[109.114850] (-) TimerEvent: {}
[109.215108] (-) TimerEvent: {}
[109.315365] (-) TimerEvent: {}
[109.415711] (-) TimerEvent: {}
[109.516040] (-) TimerEvent: {}
[109.616331] (-) TimerEvent: {}
[109.716658] (-) TimerEvent: {}
[109.816999] (-) TimerEvent: {}
[109.917390] (-) TimerEvent: {}
[110.017662] (-) TimerEvent: {}
[110.117935] (-) TimerEvent: {}
[110.218187] (-) TimerEvent: {}
[110.318522] (-) TimerEvent: {}
[110.418887] (-) TimerEvent: {}
[110.519222] (-) TimerEvent: {}
[110.619490] (-) TimerEvent: {}
[110.719745] (-) TimerEvent: {}
[110.819953] (-) TimerEvent: {}
[110.920187] (-) TimerEvent: {}
[111.020452] (-) TimerEvent: {}
[111.120727] (-) TimerEvent: {}
[111.221032] (-) TimerEvent: {}
[111.321277] (-) TimerEvent: {}
[111.421550] (-) TimerEvent: {}
[111.521805] (-) TimerEvent: {}
[111.622132] (-) TimerEvent: {}
[111.722382] (-) TimerEvent: {}
[111.822745] (-) TimerEvent: {}
[111.922993] (-) TimerEvent: {}
[112.023345] (-) TimerEvent: {}
[112.123618] (-) TimerEvent: {}
[112.223978] (-) TimerEvent: {}
[112.324351] (-) TimerEvent: {}
[112.424614] (-) TimerEvent: {}
[112.524886] (-) TimerEvent: {}
[112.625118] (-) TimerEvent: {}
[112.725384] (-) TimerEvent: {}
[112.825746] (-) TimerEvent: {}
[112.925998] (-) TimerEvent: {}
[113.026246] (-) TimerEvent: {}
[113.126522] (-) TimerEvent: {}
[113.226794] (-) TimerEvent: {}
[113.327186] (-) TimerEvent: {}
[113.427440] (-) TimerEvent: {}
[113.527841] (-) TimerEvent: {}
[113.628157] (-) TimerEvent: {}
[113.728562] (-) TimerEvent: {}
[113.828927] (-) TimerEvent: {}
[113.929181] (-) TimerEvent: {}
[114.029456] (-) TimerEvent: {}
[114.129806] (-) TimerEvent: {}
[114.230050] (-) TimerEvent: {}
[114.330381] (-) TimerEvent: {}
[114.430657] (-) TimerEvent: {}
[114.530916] (-) TimerEvent: {}
[114.631155] (-) TimerEvent: {}
[114.731512] (-) TimerEvent: {}
[114.831786] (-) TimerEvent: {}
[114.932031] (-) TimerEvent: {}
[115.032277] (-) TimerEvent: {}
[115.132550] (-) TimerEvent: {}
[115.232826] (-) TimerEvent: {}
[115.333154] (-) TimerEvent: {}
[115.433412] (-) TimerEvent: {}
[115.533682] (-) TimerEvent: {}
[115.634046] (-) TimerEvent: {}
[115.734324] (-) TimerEvent: {}
[115.834588] (-) TimerEvent: {}
[115.934857] (-) TimerEvent: {}
[116.035191] (-) TimerEvent: {}
[116.135433] (-) TimerEvent: {}
[116.235708] (-) TimerEvent: {}
[116.336061] (-) TimerEvent: {}
[116.436335] (-) TimerEvent: {}
[116.536597] (-) TimerEvent: {}
[116.636957] (-) TimerEvent: {}
[116.737329] (-) TimerEvent: {}
[116.837601] (-) TimerEvent: {}
[116.937892] (-) TimerEvent: {}
[117.038133] (-) TimerEvent: {}
[117.138408] (-) TimerEvent: {}
[117.238687] (-) TimerEvent: {}
[117.339072] (-) TimerEvent: {}
[117.439345] (-) TimerEvent: {}
[117.539600] (-) TimerEvent: {}
[117.639942] (-) TimerEvent: {}
[117.740311] (-) TimerEvent: {}
[117.840570] (-) TimerEvent: {}
[117.940910] (-) TimerEvent: {}
[118.041173] (-) TimerEvent: {}
[118.141480] (-) TimerEvent: {}
[118.241832] (-) TimerEvent: {}
[118.342172] (-) TimerEvent: {}
[118.442539] (-) TimerEvent: {}
[118.542834] (-) TimerEvent: {}
[118.643088] (-) TimerEvent: {}
[118.743442] (-) TimerEvent: {}
[118.843806] (-) TimerEvent: {}
[118.944075] (-) TimerEvent: {}
[119.044401] (-) TimerEvent: {}
[119.144817] (-) TimerEvent: {}
[119.245085] (-) TimerEvent: {}
[119.345446] (-) TimerEvent: {}
[119.445804] (-) TimerEvent: {}
[119.546085] (-) TimerEvent: {}
[119.646499] (-) TimerEvent: {}
[119.746780] (-) TimerEvent: {}
[119.847151] (-) TimerEvent: {}
[119.947447] (-) TimerEvent: {}
[120.047833] (-) TimerEvent: {}
[120.148152] (-) TimerEvent: {}
[120.248515] (-) TimerEvent: {}
[120.348890] (-) TimerEvent: {}
[120.449145] (-) TimerEvent: {}
[120.549491] (-) TimerEvent: {}
[120.649762] (-) TimerEvent: {}
[120.750091] (-) TimerEvent: {}
[120.850415] (-) TimerEvent: {}
[120.950782] (-) TimerEvent: {}
[121.051130] (-) TimerEvent: {}
[121.151426] (-) TimerEvent: {}
[121.251699] (-) TimerEvent: {}
[121.351940] (-) TimerEvent: {}
[121.452267] (-) TimerEvent: {}
[121.552542] (-) TimerEvent: {}
[121.652792] (-) TimerEvent: {}
[121.753101] (-) TimerEvent: {}
[121.853371] (-) TimerEvent: {}
[121.953620] (-) TimerEvent: {}
[122.053974] (-) TimerEvent: {}
[122.154400] (-) TimerEvent: {}
[122.254695] (-) TimerEvent: {}
[122.354945] (-) TimerEvent: {}
[122.455177] (-) TimerEvent: {}
[122.555505] (-) TimerEvent: {}
[122.655758] (-) TimerEvent: {}
[122.756133] (-) TimerEvent: {}
[122.856386] (-) TimerEvent: {}
[122.956661] (-) TimerEvent: {}
[123.056942] (-) TimerEvent: {}
[123.157277] (-) TimerEvent: {}
[123.257552] (-) TimerEvent: {}
[123.357806] (-) TimerEvent: {}
[123.458027] (-) TimerEvent: {}
[123.558339] (-) TimerEvent: {}
[123.658608] (-) TimerEvent: {}
[123.758971] (-) TimerEvent: {}
[123.859211] (-) TimerEvent: {}
[123.959617] (-) TimerEvent: {}
[124.059891] (-) TimerEvent: {}
[124.160250] (-) TimerEvent: {}
[124.260519] (-) TimerEvent: {}
[124.360765] (-) TimerEvent: {}
[124.461003] (-) TimerEvent: {}
[124.561246] (-) TimerEvent: {}
[124.661515] (-) TimerEvent: {}
[124.761779] (-) TimerEvent: {}
[124.862018] (-) TimerEvent: {}
[124.962359] (-) TimerEvent: {}
[125.062635] (-) TimerEvent: {}
[125.162911] (-) TimerEvent: {}
[125.263149] (-) TimerEvent: {}
[125.363391] (-) TimerEvent: {}
[125.463781] (-) TimerEvent: {}
[125.564052] (-) TimerEvent: {}
[125.664305] (-) TimerEvent: {}
[125.764647] (-) TimerEvent: {}
[125.865002] (-) TimerEvent: {}
[125.965333] (-) TimerEvent: {}
[126.065664] (-) TimerEvent: {}
[126.166067] (-) TimerEvent: {}
[126.266428] (-) TimerEvent: {}
[126.366705] (-) TimerEvent: {}
[126.467014] (-) TimerEvent: {}
[126.567299] (-) TimerEvent: {}
[126.667581] (-) TimerEvent: {}
[126.767945] (-) TimerEvent: {}
[126.868326] (-) TimerEvent: {}
[126.968687] (-) TimerEvent: {}
[127.069011] (-) TimerEvent: {}
[127.169308] (-) TimerEvent: {}
[127.269590] (-) TimerEvent: {}
[127.369862] (-) TimerEvent: {}
[127.470104] (-) TimerEvent: {}
[127.570353] (-) TimerEvent: {}
[127.670619] (-) TimerEvent: {}
[127.770996] (-) TimerEvent: {}
[127.871329] (-) TimerEvent: {}
[127.971717] (-) TimerEvent: {}
[128.071939] (-) TimerEvent: {}
[128.172182] (-) TimerEvent: {}
[128.272451] (-) TimerEvent: {}
[128.372726] (-) TimerEvent: {}
[128.473076] (-) TimerEvent: {}
[128.573468] (-) TimerEvent: {}
[128.673747] (-) TimerEvent: {}
[128.774072] (-) TimerEvent: {}
[128.874339] (-) TimerEvent: {}
[128.974604] (-) TimerEvent: {}
[129.074843] (-) TimerEvent: {}
[129.175107] (-) TimerEvent: {}
[129.275414] (-) TimerEvent: {}
[129.375758] (-) TimerEvent: {}
[129.476002] (-) TimerEvent: {}
[129.576247] (-) TimerEvent: {}
[129.676490] (-) TimerEvent: {}
[129.776825] (-) TimerEvent: {}
[129.877149] (-) TimerEvent: {}
[129.977437] (-) TimerEvent: {}
[130.077698] (-) TimerEvent: {}
[130.177968] (-) TimerEvent: {}
[130.278278] (-) TimerEvent: {}
[130.378539] (-) TimerEvent: {}
[130.478803] (-) TimerEvent: {}
[130.579044] (-) TimerEvent: {}
[130.679282] (-) TimerEvent: {}
[130.779608] (-) TimerEvent: {}
[130.880017] (-) TimerEvent: {}
[130.980283] (-) TimerEvent: {}
[131.080535] (-) TimerEvent: {}
[131.180799] (-) TimerEvent: {}
[131.281038] (-) TimerEvent: {}
[131.381286] (-) TimerEvent: {}
[131.481546] (-) TimerEvent: {}
[131.581820] (-) TimerEvent: {}
[131.682073] (-) TimerEvent: {}
[131.782321] (-) TimerEvent: {}
[131.882574] (-) TimerEvent: {}
[131.982837] (-) TimerEvent: {}
[132.083081] (-) TimerEvent: {}
[132.183351] (-) TimerEvent: {}
[132.283630] (-) TimerEvent: {}
[132.383909] (-) TimerEvent: {}
[132.484151] (-) TimerEvent: {}
[132.584411] (-) TimerEvent: {}
[132.684695] (-) TimerEvent: {}
[132.785050] (-) TimerEvent: {}
[132.885291] (-) TimerEvent: {}
[132.985556] (-) TimerEvent: {}
[133.085819] (-) TimerEvent: {}
[133.186058] (-) TimerEvent: {}
[133.286288] (-) TimerEvent: {}
[133.386553] (-) TimerEvent: {}
[133.486813] (-) TimerEvent: {}
[133.587053] (-) TimerEvent: {}
[133.687288] (-) TimerEvent: {}
[133.787563] (-) TimerEvent: {}
[133.887840] (-) TimerEvent: {}
[133.988107] (-) TimerEvent: {}
[134.088357] (-) TimerEvent: {}
[134.188633] (-) TimerEvent: {}
[134.288909] (-) TimerEvent: {}
[134.389135] (-) TimerEvent: {}
[134.489402] (-) TimerEvent: {}
[134.589687] (-) TimerEvent: {}
[134.689926] (-) TimerEvent: {}
[134.790159] (-) TimerEvent: {}
[134.890492] (-) TimerEvent: {}
[134.990766] (-) TimerEvent: {}
[135.091005] (-) TimerEvent: {}
[135.191406] (-) TimerEvent: {}
[135.291701] (-) TimerEvent: {}
[135.391971] (-) TimerEvent: {}
[135.492201] (-) TimerEvent: {}
[135.592454] (-) TimerEvent: {}
[135.692733] (-) TimerEvent: {}
[135.793053] (-) TimerEvent: {}
[135.893311] (-) TimerEvent: {}
[135.993596] (-) TimerEvent: {}
[136.093875] (-) TimerEvent: {}
[136.194116] (-) TimerEvent: {}
[136.294464] (-) TimerEvent: {}
[136.394740] (-) TimerEvent: {}
[136.495049] (-) TimerEvent: {}
[136.595345] (-) TimerEvent: {}
[136.695611] (-) TimerEvent: {}
[136.795964] (-) TimerEvent: {}
[136.896215] (-) TimerEvent: {}
[136.996501] (-) TimerEvent: {}
[137.096797] (-) TimerEvent: {}
[137.197016] (-) TimerEvent: {}
[137.297249] (-) TimerEvent: {}
[137.397521] (-) TimerEvent: {}
[137.497789] (-) TimerEvent: {}
[137.598024] (-) TimerEvent: {}
[137.698265] (-) TimerEvent: {}
[137.798528] (-) TimerEvent: {}
[137.898795] (-) TimerEvent: {}
[137.999028] (-) TimerEvent: {}
[138.099273] (-) TimerEvent: {}
[138.199537] (-) TimerEvent: {}
[138.299804] (-) TimerEvent: {}
[138.400052] (-) TimerEvent: {}
[138.500313] (-) TimerEvent: {}
[138.600569] (-) TimerEvent: {}
[138.700840] (-) TimerEvent: {}
[138.801083] (-) TimerEvent: {}
[138.901340] (-) TimerEvent: {}
[139.001616] (-) TimerEvent: {}
[139.101895] (-) TimerEvent: {}
[139.202132] (-) TimerEvent: {}
[139.302412] (-) TimerEvent: {}
[139.402692] (-) TimerEvent: {}
[139.503064] (-) TimerEvent: {}
[139.603322] (-) TimerEvent: {}
[139.703588] (-) TimerEvent: {}
[139.803966] (-) TimerEvent: {}
[139.904218] (-) TimerEvent: {}
[140.004548] (-) TimerEvent: {}
[140.104815] (-) TimerEvent: {}
[140.205152] (-) TimerEvent: {}
[140.305497] (-) TimerEvent: {}
[140.405768] (-) TimerEvent: {}
[140.506094] (-) TimerEvent: {}
[140.606425] (-) TimerEvent: {}
[140.706687] (-) TimerEvent: {}
[140.807045] (-) TimerEvent: {}
[140.907388] (-) TimerEvent: {}
[141.007665] (-) TimerEvent: {}
[141.107999] (-) TimerEvent: {}
[141.208241] (-) TimerEvent: {}
[141.308521] (-) TimerEvent: {}
[141.408770] (-) TimerEvent: {}
[141.509002] (-) TimerEvent: {}
[141.609341] (-) TimerEvent: {}
[141.709614] (-) TimerEvent: {}
[141.809956] (-) TimerEvent: {}
[141.910203] (-) TimerEvent: {}
[142.010476] (-) TimerEvent: {}
[142.110731] (-) TimerEvent: {}
[142.211035] (-) TimerEvent: {}
[142.311342] (-) TimerEvent: {}
[142.411633] (-) TimerEvent: {}
[142.512002] (-) TimerEvent: {}
[142.612247] (-) TimerEvent: {}
[142.712536] (-) TimerEvent: {}
[142.812919] (-) TimerEvent: {}
[142.913289] (-) TimerEvent: {}
[143.013565] (-) TimerEvent: {}
[143.113837] (-) TimerEvent: {}
[143.214076] (-) TimerEvent: {}
[143.314393] (-) TimerEvent: {}
[143.414652] (-) TimerEvent: {}
[143.515058] (-) TimerEvent: {}
[143.615372] (-) TimerEvent: {}
[143.715723] (-) TimerEvent: {}
[143.815941] (-) TimerEvent: {}
[143.916279] (-) TimerEvent: {}
[144.016548] (-) TimerEvent: {}
[144.116817] (-) TimerEvent: {}
[144.217112] (-) TimerEvent: {}
[144.317456] (-) TimerEvent: {}
[144.417748] (-) TimerEvent: {}
[144.517991] (-) TimerEvent: {}
[144.618304] (-) TimerEvent: {}
[144.718591] (-) TimerEvent: {}
[144.818940] (-) TimerEvent: {}
[144.919203] (-) TimerEvent: {}
[145.019545] (-) TimerEvent: {}
[145.119871] (-) TimerEvent: {}
[145.220134] (-) TimerEvent: {}
[145.320473] (-) TimerEvent: {}
[145.420760] (-) TimerEvent: {}
[145.521131] (-) TimerEvent: {}
[145.621468] (-) TimerEvent: {}
[145.721803] (-) TimerEvent: {}
[145.822057] (-) TimerEvent: {}
[145.922335] (-) TimerEvent: {}
[146.022632] (-) TimerEvent: {}
[146.122915] (-) TimerEvent: {}
[146.223237] (-) TimerEvent: {}
[146.323500] (-) TimerEvent: {}
[146.423785] (-) TimerEvent: {}
[146.524116] (-) TimerEvent: {}
[146.624407] (-) TimerEvent: {}
[146.724810] (-) TimerEvent: {}
[146.825064] (-) TimerEvent: {}
[146.925410] (-) TimerEvent: {}
[147.025696] (-) TimerEvent: {}
[147.126086] (-) TimerEvent: {}
[147.226448] (-) TimerEvent: {}
[147.326801] (-) TimerEvent: {}
[147.427080] (-) TimerEvent: {}
[147.527395] (-) TimerEvent: {}
[147.627745] (-) TimerEvent: {}
[147.728013] (-) TimerEvent: {}
[147.828280] (-) TimerEvent: {}
[147.928637] (-) TimerEvent: {}
[148.029030] (-) TimerEvent: {}
[148.129301] (-) TimerEvent: {}
[148.229601] (-) TimerEvent: {}
[148.329975] (-) TimerEvent: {}
[148.430241] (-) TimerEvent: {}
[148.530523] (-) TimerEvent: {}
[148.630903] (-) TimerEvent: {}
[148.731256] (-) TimerEvent: {}
[148.831574] (-) TimerEvent: {}
[148.931840] (-) TimerEvent: {}
[149.032173] (-) TimerEvent: {}
[149.132519] (-) TimerEvent: {}
[149.232802] (-) TimerEvent: {}
[149.333132] (-) TimerEvent: {}
[149.433408] (-) TimerEvent: {}
[149.533662] (-) TimerEvent: {}
[149.634016] (-) TimerEvent: {}
[149.734271] (-) TimerEvent: {}
[149.834533] (-) TimerEvent: {}
[149.934927] (-) TimerEvent: {}
[150.035206] (-) TimerEvent: {}
[150.135486] (-) TimerEvent: {}
[150.235837] (-) TimerEvent: {}
[150.336173] (-) TimerEvent: {}
[150.436458] (-) TimerEvent: {}
[150.536814] (-) TimerEvent: {}
[150.637141] (-) TimerEvent: {}
[150.737468] (-) TimerEvent: {}
[150.837788] (-) TimerEvent: {}
[150.938033] (-) TimerEvent: {}
[151.038343] (-) TimerEvent: {}
[151.138607] (-) TimerEvent: {}
[151.238897] (-) TimerEvent: {}
[151.339163] (-) TimerEvent: {}
[151.439492] (-) TimerEvent: {}
[151.539759] (-) TimerEvent: {}
[151.639990] (-) TimerEvent: {}
[151.740265] (-) TimerEvent: {}
[151.840542] (-) TimerEvent: {}
[151.940798] (-) TimerEvent: {}
[152.041022] (-) TimerEvent: {}
[152.141262] (-) TimerEvent: {}
[152.241596] (-) TimerEvent: {}
[152.341958] (-) TimerEvent: {}
[152.442215] (-) TimerEvent: {}
[152.542483] (-) TimerEvent: {}
[152.642802] (-) TimerEvent: {}
[152.743084] (-) TimerEvent: {}
[152.843367] (-) TimerEvent: {}
[152.943719] (-) TimerEvent: {}
[153.044037] (-) TimerEvent: {}
[153.144374] (-) TimerEvent: {}
[153.244701] (-) TimerEvent: {}
[153.345027] (-) TimerEvent: {}
[153.445331] (-) TimerEvent: {}
[153.545587] (-) TimerEvent: {}
[153.645945] (-) TimerEvent: {}
[153.746201] (-) TimerEvent: {}
[153.846481] (-) TimerEvent: {}
[153.946753] (-) TimerEvent: {}
[154.047090] (-) TimerEvent: {}
[154.147374] (-) TimerEvent: {}
[154.247638] (-) TimerEvent: {}
[154.347952] (-) TimerEvent: {}
[154.448182] (-) TimerEvent: {}
[154.548412] (-) TimerEvent: {}
[154.648725] (-) TimerEvent: {}
[154.749002] (-) TimerEvent: {}
[154.849228] (-) TimerEvent: {}
[154.949487] (-) TimerEvent: {}
[155.049749] (-) TimerEvent: {}
[155.150094] (-) TimerEvent: {}
[155.250381] (-) TimerEvent: {}
[155.350669] (-) TimerEvent: {}
[155.451039] (-) TimerEvent: {}
[155.551291] (-) TimerEvent: {}
[155.651553] (-) TimerEvent: {}
[155.751819] (-) TimerEvent: {}
[155.852062] (-) TimerEvent: {}
[155.952319] (-) TimerEvent: {}
[156.052585] (-) TimerEvent: {}
[156.152940] (-) TimerEvent: {}
[156.253183] (-) TimerEvent: {}
[156.353555] (-) TimerEvent: {}
[156.453822] (-) TimerEvent: {}
[156.554054] (-) TimerEvent: {}
[156.654291] (-) TimerEvent: {}
[156.754530] (-) TimerEvent: {}
[156.854798] (-) TimerEvent: {}
[156.955126] (-) TimerEvent: {}
[157.055374] (-) TimerEvent: {}
[157.155661] (-) TimerEvent: {}
[157.255945] (-) TimerEvent: {}
[157.356200] (-) TimerEvent: {}
[157.456506] (-) TimerEvent: {}
[157.556742] (-) TimerEvent: {}
[157.657016] (-) TimerEvent: {}
[157.757275] (-) TimerEvent: {}
[157.857524] (-) TimerEvent: {}
[157.957778] (-) TimerEvent: {}
[158.058020] (-) TimerEvent: {}
[158.158256] (-) TimerEvent: {}
[158.258517] (-) TimerEvent: {}
[158.358800] (-) TimerEvent: {}
[158.459063] (-) TimerEvent: {}
[158.559301] (-) TimerEvent: {}
[158.659556] (-) TimerEvent: {}
[158.759813] (-) TimerEvent: {}
[158.860056] (-) TimerEvent: {}
[158.960312] (-) TimerEvent: {}
[159.060551] (-) TimerEvent: {}
[159.160819] (-) TimerEvent: {}
[159.261072] (-) TimerEvent: {}
[159.361323] (-) TimerEvent: {}
[159.461572] (-) TimerEvent: {}
[159.561817] (-) TimerEvent: {}
[159.662052] (-) TimerEvent: {}
[159.762305] (-) TimerEvent: {}
[159.862547] (-) TimerEvent: {}
[159.962801] (-) TimerEvent: {}
[160.063115] (-) TimerEvent: {}
[160.163438] (-) TimerEvent: {}
[160.263711] (-) TimerEvent: {}
[160.364050] (-) TimerEvent: {}
[160.464301] (-) TimerEvent: {}
[160.564576] (-) TimerEvent: {}
[160.664911] (-) TimerEvent: {}
[160.765212] (-) TimerEvent: {}
[160.865560] (-) TimerEvent: {}
[160.965871] (-) TimerEvent: {}
[161.066114] (-) TimerEvent: {}
[161.166436] (-) TimerEvent: {}
[161.266685] (-) TimerEvent: {}
[161.367067] (-) TimerEvent: {}
[161.467386] (-) TimerEvent: {}
[161.567648] (-) TimerEvent: {}
[161.667951] (-) TimerEvent: {}
[161.768270] (-) TimerEvent: {}
[161.868520] (-) TimerEvent: {}
[161.968861] (-) TimerEvent: {}
[162.069173] (-) TimerEvent: {}
[162.169506] (-) TimerEvent: {}
[162.269760] (-) TimerEvent: {}
[162.370078] (-) TimerEvent: {}
[162.470414] (-) TimerEvent: {}
[162.570676] (-) TimerEvent: {}
[162.671038] (-) TimerEvent: {}
[162.771344] (-) TimerEvent: {}
[162.871619] (-) TimerEvent: {}
[162.971937] (-) TimerEvent: {}
[163.072281] (-) TimerEvent: {}
[163.172614] (-) TimerEvent: {}
[163.272877] (-) TimerEvent: {}
[163.373189] (-) TimerEvent: {}
[163.473422] (-) TimerEvent: {}
[163.573681] (-) TimerEvent: {}
[163.674011] (-) TimerEvent: {}
[163.774251] (-) TimerEvent: {}
[163.874502] (-) TimerEvent: {}
[163.974784] (-) TimerEvent: {}
[164.075083] (-) TimerEvent: {}
[164.175502] (-) TimerEvent: {}
[164.275780] (-) TimerEvent: {}
[164.376098] (-) TimerEvent: {}
[164.476440] (-) TimerEvent: {}
[164.576708] (-) TimerEvent: {}
[164.677071] (-) TimerEvent: {}
[164.777408] (-) TimerEvent: {}
[164.877676] (-) TimerEvent: {}
[164.977929] (-) TimerEvent: {}
[165.078335] (-) TimerEvent: {}
[165.178699] (-) TimerEvent: {}
[165.279089] (-) TimerEvent: {}
[165.379440] (-) TimerEvent: {}
[165.479714] (-) TimerEvent: {}
[165.580033] (-) TimerEvent: {}
[165.680438] (-) TimerEvent: {}
[165.780710] (-) TimerEvent: {}
[165.880941] (-) TimerEvent: {}
[165.981186] (-) TimerEvent: {}
[166.081424] (-) TimerEvent: {}
[166.181724] (-) TimerEvent: {}
[166.281968] (-) TimerEvent: {}
[166.382202] (-) TimerEvent: {}
[166.482448] (-) TimerEvent: {}
[166.582707] (-) TimerEvent: {}
[166.682980] (-) TimerEvent: {}
[166.783249] (-) TimerEvent: {}
[166.883533] (-) TimerEvent: {}
[166.983820] (-) TimerEvent: {}
[167.084105] (-) TimerEvent: {}
[167.184373] (-) TimerEvent: {}
[167.284650] (-) TimerEvent: {}
[167.384929] (-) TimerEvent: {}
[167.485174] (-) TimerEvent: {}
[167.585441] (-) TimerEvent: {}
[167.685690] (-) TimerEvent: {}
[167.785967] (-) TimerEvent: {}
[167.886271] (-) TimerEvent: {}
[167.986522] (-) TimerEvent: {}
[168.086779] (-) TimerEvent: {}
[168.187002] (-) TimerEvent: {}
[168.287217] (-) TimerEvent: {}
[168.387454] (-) TimerEvent: {}
[168.487706] (-) TimerEvent: {}
[168.587986] (-) TimerEvent: {}
[168.688271] (-) TimerEvent: {}
[168.788532] (-) TimerEvent: {}
[168.888832] (-) TimerEvent: {}
[168.989082] (-) TimerEvent: {}
[169.089339] (-) TimerEvent: {}
[169.189667] (-) TimerEvent: {}
[169.289936] (-) TimerEvent: {}
[169.390178] (-) TimerEvent: {}
[169.490454] (-) TimerEvent: {}
[169.590705] (-) TimerEvent: {}
[169.691075] (-) TimerEvent: {}
[169.791315] (-) TimerEvent: {}
[169.891569] (-) TimerEvent: {}
[169.991833] (-) TimerEvent: {}
[170.092091] (-) TimerEvent: {}
[170.192342] (-) TimerEvent: {}
[170.292596] (-) TimerEvent: {}
[170.392917] (-) TimerEvent: {}
[170.493154] (-) TimerEvent: {}
[170.593496] (-) TimerEvent: {}
[170.693773] (-) TimerEvent: {}
[170.794013] (-) TimerEvent: {}
[170.894282] (-) TimerEvent: {}
[170.994555] (-) TimerEvent: {}
[171.094837] (-) TimerEvent: {}
[171.195223] (-) TimerEvent: {}
[171.295575] (-) TimerEvent: {}
[171.395854] (-) TimerEvent: {}
[171.496096] (-) TimerEvent: {}
[171.596332] (-) TimerEvent: {}
[171.696599] (-) TimerEvent: {}
[171.796843] (-) TimerEvent: {}
[171.897082] (-) TimerEvent: {}
[171.997340] (-) TimerEvent: {}
[172.097583] (-) TimerEvent: {}
[172.197842] (-) TimerEvent: {}
[172.298090] (-) TimerEvent: {}
[172.398330] (-) TimerEvent: {}
[172.498570] (-) TimerEvent: {}
[172.598822] (-) TimerEvent: {}
[172.699098] (-) TimerEvent: {}
[172.799340] (-) TimerEvent: {}
[172.899613] (-) TimerEvent: {}
[172.999854] (-) TimerEvent: {}
[173.100149] (-) TimerEvent: {}
[173.200411] (-) TimerEvent: {}
[173.300701] (-) TimerEvent: {}
[173.400960] (-) TimerEvent: {}
[173.501226] (-) TimerEvent: {}
[173.601480] (-) TimerEvent: {}
[173.701750] (-) TimerEvent: {}
[173.802007] (-) TimerEvent: {}
[173.902285] (-) TimerEvent: {}
[174.002557] (-) TimerEvent: {}
[174.102850] (-) TimerEvent: {}
[174.203168] (-) TimerEvent: {}
[174.303456] (-) TimerEvent: {}
[174.403736] (-) TimerEvent: {}
[174.503970] (-) TimerEvent: {}
[174.604215] (-) TimerEvent: {}
[174.704460] (-) TimerEvent: {}
[174.804719] (-) TimerEvent: {}
[174.905016] (-) TimerEvent: {}
[175.005312] (-) TimerEvent: {}
[175.105602] (-) TimerEvent: {}
[175.205872] (-) TimerEvent: {}
[175.306119] (-) TimerEvent: {}
[175.406400] (-) TimerEvent: {}
[175.506642] (-) TimerEvent: {}
[175.606886] (-) TimerEvent: {}
[175.707171] (-) TimerEvent: {}
[175.807474] (-) TimerEvent: {}
[175.907780] (-) TimerEvent: {}
[176.008031] (-) TimerEvent: {}
[176.108287] (-) TimerEvent: {}
[176.208588] (-) TimerEvent: {}
[176.308900] (-) TimerEvent: {}
[176.409180] (-) TimerEvent: {}
[176.509423] (-) TimerEvent: {}
[176.609662] (-) TimerEvent: {}
[176.709931] (-) TimerEvent: {}
[176.810276] (-) TimerEvent: {}
[176.910573] (-) TimerEvent: {}
[177.010854] (-) TimerEvent: {}
[177.111132] (-) TimerEvent: {}
[177.211406] (-) TimerEvent: {}
[177.311655] (-) TimerEvent: {}
[177.411937] (-) TimerEvent: {}
[177.512290] (-) TimerEvent: {}
[177.612556] (-) TimerEvent: {}
[177.712830] (-) TimerEvent: {}
[177.813076] (-) TimerEvent: {}
[177.913352] (-) TimerEvent: {}
[178.013624] (-) TimerEvent: {}
[178.113896] (-) TimerEvent: {}
[178.214186] (-) TimerEvent: {}
[178.314447] (-) TimerEvent: {}
[178.414786] (-) TimerEvent: {}
[178.515106] (-) TimerEvent: {}
[178.615436] (-) TimerEvent: {}
[178.715721] (-) TimerEvent: {}
[178.815952] (-) TimerEvent: {}
[178.916257] (-) TimerEvent: {}
[179.016572] (-) TimerEvent: {}
[179.116880] (-) TimerEvent: {}
[179.217208] (-) TimerEvent: {}
[179.317460] (-) TimerEvent: {}
[179.417794] (-) TimerEvent: {}
[179.518050] (-) TimerEvent: {}
[179.618353] (-) TimerEvent: {}
[179.718679] (-) TimerEvent: {}
[179.818962] (-) TimerEvent: {}
[179.919298] (-) TimerEvent: {}
[180.019572] (-) TimerEvent: {}
[180.119832] (-) TimerEvent: {}
[180.220088] (-) TimerEvent: {}
[180.320348] (-) TimerEvent: {}
[180.420631] (-) TimerEvent: {}
[180.520876] (-) TimerEvent: {}
[180.621158] (-) TimerEvent: {}
[180.721401] (-) TimerEvent: {}
[180.821640] (-) TimerEvent: {}
[180.921907] (-) TimerEvent: {}
[181.022216] (-) TimerEvent: {}
[181.122474] (-) TimerEvent: {}
[181.222811] (-) TimerEvent: {}
[181.323157] (-) TimerEvent: {}
[181.423420] (-) TimerEvent: {}
[181.523695] (-) TimerEvent: {}
[181.623975] (-) TimerEvent: {}
[181.724230] (-) TimerEvent: {}
[181.824492] (-) TimerEvent: {}
[181.924752] (-) TimerEvent: {}
[182.024966] (-) TimerEvent: {}
[182.125192] (-) TimerEvent: {}
[182.225449] (-) TimerEvent: {}
[182.325684] (-) TimerEvent: {}
[182.426078] (-) TimerEvent: {}
[182.526330] (-) TimerEvent: {}
[182.626592] (-) TimerEvent: {}
[182.726856] (-) TimerEvent: {}
[182.827094] (-) TimerEvent: {}
[182.927371] (-) TimerEvent: {}
[183.027629] (-) TimerEvent: {}
[183.127880] (-) TimerEvent: {}
[183.228132] (-) TimerEvent: {}
[183.328405] (-) TimerEvent: {}
[183.428683] (-) TimerEvent: {}
[183.529008] (-) TimerEvent: {}
[183.629268] (-) TimerEvent: {}
[183.729533] (-) TimerEvent: {}
[183.829864] (-) TimerEvent: {}
[183.930190] (-) TimerEvent: {}
[184.030565] (-) TimerEvent: {}
[184.130849] (-) TimerEvent: {}
[184.231187] (-) TimerEvent: {}
[184.331456] (-) TimerEvent: {}
[184.431777] (-) TimerEvent: {}
[184.532062] (-) TimerEvent: {}
[184.632316] (-) TimerEvent: {}
[184.732592] (-) TimerEvent: {}
[184.832976] (-) TimerEvent: {}
[184.933223] (-) TimerEvent: {}
[185.033506] (-) TimerEvent: {}
[185.133769] (-) TimerEvent: {}
[185.234097] (-) TimerEvent: {}
[185.334443] (-) TimerEvent: {}
[185.434695] (-) TimerEvent: {}
[185.534964] (-) TimerEvent: {}
[185.635204] (-) TimerEvent: {}
[185.735488] (-) TimerEvent: {}
[185.835792] (-) TimerEvent: {}
[185.936089] (-) TimerEvent: {}
[186.036423] (-) TimerEvent: {}
[186.136758] (-) TimerEvent: {}
[186.237052] (-) TimerEvent: {}
[186.337346] (-) TimerEvent: {}
[186.437624] (-) TimerEvent: {}
[186.537982] (-) TimerEvent: {}
[186.638269] (-) TimerEvent: {}
[186.738535] (-) TimerEvent: {}
[186.838848] (-) TimerEvent: {}
[186.939168] (-) TimerEvent: {}
[187.039451] (-) TimerEvent: {}
[187.139734] (-) TimerEvent: {}
[187.239951] (-) TimerEvent: {}
[187.340213] (-) TimerEvent: {}
[187.440517] (-) TimerEvent: {}
[187.540834] (-) TimerEvent: {}
[187.641127] (-) TimerEvent: {}
[187.741437] (-) TimerEvent: {}
[187.841711] (-) TimerEvent: {}
[187.942021] (-) TimerEvent: {}
[188.042357] (-) TimerEvent: {}
[188.142623] (-) TimerEvent: {}
[188.242895] (-) TimerEvent: {}
[188.343171] (-) TimerEvent: {}
[188.443478] (-) TimerEvent: {}
[188.543730] (-) TimerEvent: {}
[188.643947] (-) TimerEvent: {}
[188.744229] (-) TimerEvent: {}
[188.844482] (-) TimerEvent: {}
[188.944788] (-) TimerEvent: {}
[189.045039] (-) TimerEvent: {}
[189.145280] (-) TimerEvent: {}
[189.245566] (-) TimerEvent: {}
[189.345829] (-) TimerEvent: {}
[189.446068] (-) TimerEvent: {}
[189.546417] (-) TimerEvent: {}
[189.646755] (-) TimerEvent: {}
[189.746990] (-) TimerEvent: {}
[189.847281] (-) TimerEvent: {}
[189.947571] (-) TimerEvent: {}
[190.047827] (-) TimerEvent: {}
[190.148175] (-) TimerEvent: {}
[190.248449] (-) TimerEvent: {}
[190.348730] (-) TimerEvent: {}
[190.449045] (-) TimerEvent: {}
[190.549315] (-) TimerEvent: {}
[190.649590] (-) TimerEvent: {}
[190.749855] (-) TimerEvent: {}
[190.850101] (-) TimerEvent: {}
[190.950449] (-) TimerEvent: {}
[191.050726] (-) TimerEvent: {}
[191.151072] (-) TimerEvent: {}
[191.251344] (-) TimerEvent: {}
[191.351602] (-) TimerEvent: {}
[191.451877] (-) TimerEvent: {}
[191.552217] (-) TimerEvent: {}
[191.652563] (-) TimerEvent: {}
[191.752833] (-) TimerEvent: {}
[191.853128] (-) TimerEvent: {}
[191.953442] (-) TimerEvent: {}
[192.053709] (-) TimerEvent: {}
[192.154079] (-) TimerEvent: {}
[192.254360] (-) TimerEvent: {}
[192.354698] (-) TimerEvent: {}
[192.455083] (-) TimerEvent: {}
[192.555341] (-) TimerEvent: {}
[192.655690] (-) TimerEvent: {}
[192.755973] (-) TimerEvent: {}
[192.856299] (-) TimerEvent: {}
[192.956536] (-) TimerEvent: {}
[193.056769] (-) TimerEvent: {}
[193.157073] (-) TimerEvent: {}
[193.257358] (-) TimerEvent: {}
[193.357632] (-) TimerEvent: {}
[193.457903] (-) TimerEvent: {}
[193.558136] (-) TimerEvent: {}
[193.658392] (-) TimerEvent: {}
[193.758659] (-) TimerEvent: {}
[193.858938] (-) TimerEvent: {}
[193.959169] (-) TimerEvent: {}
[194.059418] (-) TimerEvent: {}
[194.159696] (-) TimerEvent: {}
[194.260043] (-) TimerEvent: {}
[194.360325] (-) TimerEvent: {}
[194.460600] (-) TimerEvent: {}
[194.560927] (-) TimerEvent: {}
[194.661166] (-) TimerEvent: {}
[194.761436] (-) TimerEvent: {}
[194.861713] (-) TimerEvent: {}
[194.961969] (-) TimerEvent: {}
[195.062202] (-) TimerEvent: {}
[195.162474] (-) TimerEvent: {}
[195.262794] (-) TimerEvent: {}
[195.363042] (-) TimerEvent: {}
[195.463288] (-) TimerEvent: {}
[195.563547] (-) TimerEvent: {}
[195.663828] (-) TimerEvent: {}
[195.764070] (-) TimerEvent: {}
[195.864388] (-) TimerEvent: {}
[195.964670] (-) TimerEvent: {}
[196.064914] (-) TimerEvent: {}
[196.165241] (-) TimerEvent: {}
[196.265479] (-) TimerEvent: {}
[196.365772] (-) TimerEvent: {}
[196.466198] (-) TimerEvent: {}
[196.566479] (-) TimerEvent: {}
[196.666749] (-) TimerEvent: {}
[196.766994] (-) TimerEvent: {}
[196.867239] (-) TimerEvent: {}
[196.967513] (-) TimerEvent: {}
[197.067878] (-) TimerEvent: {}
[197.168228] (-) TimerEvent: {}
[197.268501] (-) TimerEvent: {}
[197.368873] (-) TimerEvent: {}
[197.469143] (-) TimerEvent: {}
[197.569458] (-) TimerEvent: {}
[197.669742] (-) TimerEvent: {}
[197.769998] (-) TimerEvent: {}
[197.870252] (-) TimerEvent: {}
[197.970543] (-) TimerEvent: {}
[198.070846] (-) TimerEvent: {}
[198.171150] (-) TimerEvent: {}
[198.271445] (-) TimerEvent: {}
[198.371711] (-) TimerEvent: {}
[198.471998] (-) TimerEvent: {}
[198.572995] (-) TimerEvent: {}
[198.673354] (-) TimerEvent: {}
[198.773613] (-) TimerEvent: {}
[198.873879] (-) TimerEvent: {}
[198.974196] (-) TimerEvent: {}
[199.074491] (-) TimerEvent: {}
[199.174781] (-) TimerEvent: {}
[199.275024] (-) TimerEvent: {}
[199.375274] (-) TimerEvent: {}
[199.475533] (-) TimerEvent: {}
[199.575852] (-) TimerEvent: {}
[199.676143] (-) TimerEvent: {}
[199.776414] (-) TimerEvent: {}
[199.876698] (-) TimerEvent: {}
[199.976972] (-) TimerEvent: {}
[200.077306] (-) TimerEvent: {}
[200.177608] (-) TimerEvent: {}
[200.277895] (-) TimerEvent: {}
[200.378197] (-) TimerEvent: {}
[200.478478] (-) TimerEvent: {}
[200.578799] (-) TimerEvent: {}
[200.679125] (-) TimerEvent: {}
[200.779445] (-) TimerEvent: {}
[200.879772] (-) TimerEvent: {}
[200.980033] (-) TimerEvent: {}
[201.080376] (-) TimerEvent: {}
[201.180688] (-) TimerEvent: {}
[201.280959] (-) TimerEvent: {}
[201.381210] (-) TimerEvent: {}
[201.481464] (-) TimerEvent: {}
[201.581768] (-) TimerEvent: {}
[201.682034] (-) TimerEvent: {}
[201.782382] (-) TimerEvent: {}
[201.882641] (-) TimerEvent: {}
[201.982905] (-) TimerEvent: {}
[202.083166] (-) TimerEvent: {}
[202.183457] (-) TimerEvent: {}
[202.283736] (-) TimerEvent: {}
[202.383997] (-) TimerEvent: {}
[202.484294] (-) TimerEvent: {}
[202.584538] (-) TimerEvent: {}
[202.684874] (-) TimerEvent: {}
[202.785146] (-) TimerEvent: {}
[202.885411] (-) TimerEvent: {}
[202.985698] (-) TimerEvent: {}
[203.085943] (-) TimerEvent: {}
[203.186197] (-) TimerEvent: {}
[203.286502] (-) TimerEvent: {}
[203.386751] (-) TimerEvent: {}
[203.487010] (-) TimerEvent: {}
[203.587250] (-) TimerEvent: {}
[203.687495] (-) TimerEvent: {}
[203.787780] (-) TimerEvent: {}
[203.888055] (-) TimerEvent: {}
[203.988377] (-) TimerEvent: {}
[204.088674] (-) TimerEvent: {}
[204.188943] (-) TimerEvent: {}
[204.289225] (-) TimerEvent: {}
[204.389487] (-) TimerEvent: {}
[204.489772] (-) TimerEvent: {}
[204.590032] (-) TimerEvent: {}
[204.690291] (-) TimerEvent: {}
[204.790543] (-) TimerEvent: {}
[204.890876] (-) TimerEvent: {}
[204.991146] (-) TimerEvent: {}
[205.091405] (-) TimerEvent: {}
[205.191675] (-) TimerEvent: {}
[205.291963] (-) TimerEvent: {}
[205.392286] (-) TimerEvent: {}
[205.492575] (-) TimerEvent: {}
[205.592960] (-) TimerEvent: {}
[205.693205] (-) TimerEvent: {}
[205.793483] (-) TimerEvent: {}
[205.893748] (-) TimerEvent: {}
[205.993979] (-) TimerEvent: {}
[206.094287] (-) TimerEvent: {}
[206.194646] (-) TimerEvent: {}
[206.294913] (-) TimerEvent: {}
[206.395302] (-) TimerEvent: {}
[206.495571] (-) TimerEvent: {}
[206.595818] (-) TimerEvent: {}
[206.696100] (-) TimerEvent: {}
[206.796382] (-) TimerEvent: {}
[206.896698] (-) TimerEvent: {}
[206.996966] (-) TimerEvent: {}
[207.097241] (-) TimerEvent: {}
[207.197506] (-) TimerEvent: {}
[207.297777] (-) TimerEvent: {}
[207.398041] (-) TimerEvent: {}
[207.498300] (-) TimerEvent: {}
[207.598621] (-) TimerEvent: {}
[207.698878] (-) TimerEvent: {}
[207.799120] (-) TimerEvent: {}
[207.899429] (-) TimerEvent: {}
[207.999698] (-) TimerEvent: {}
[208.099942] (-) TimerEvent: {}
[208.200243] (-) TimerEvent: {}
[208.300521] (-) TimerEvent: {}
[208.400791] (-) TimerEvent: {}
[208.501029] (-) TimerEvent: {}
[208.601284] (-) TimerEvent: {}
[208.701561] (-) TimerEvent: {}
[208.801814] (-) TimerEvent: {}
[208.902124] (-) TimerEvent: {}
[209.002402] (-) TimerEvent: {}
[209.102734] (-) TimerEvent: {}
[209.202963] (-) TimerEvent: {}
[209.303199] (-) TimerEvent: {}
[209.403543] (-) TimerEvent: {}
[209.503824] (-) TimerEvent: {}
[209.604076] (-) TimerEvent: {}
[209.704347] (-) TimerEvent: {}
[209.804640] (-) TimerEvent: {}
[209.904910] (-) TimerEvent: {}
[210.005156] (-) TimerEvent: {}
[210.105457] (-) TimerEvent: {}
[210.205726] (-) TimerEvent: {}
[210.305959] (-) TimerEvent: {}
[210.406308] (-) TimerEvent: {}
[210.506586] (-) TimerEvent: {}
[210.606867] (-) TimerEvent: {}
[210.707115] (-) TimerEvent: {}
[210.807375] (-) TimerEvent: {}
[210.907741] (-) TimerEvent: {}
[211.008033] (-) TimerEvent: {}
[211.108276] (-) TimerEvent: {}
[211.208587] (-) TimerEvent: {}
[211.308842] (-) TimerEvent: {}
[211.409103] (-) TimerEvent: {}
[211.509379] (-) TimerEvent: {}
[211.609739] (-) TimerEvent: {}
[211.710013] (-) TimerEvent: {}
[211.810271] (-) TimerEvent: {}
[211.910550] (-) TimerEvent: {}
[212.010830] (-) TimerEvent: {}
[212.111090] (-) TimerEvent: {}
[212.211345] (-) TimerEvent: {}
[212.311600] (-) TimerEvent: {}
[212.411887] (-) TimerEvent: {}
[212.512139] (-) TimerEvent: {}
[212.612400] (-) TimerEvent: {}
[212.712673] (-) TimerEvent: {}
[212.812942] (-) TimerEvent: {}
[212.913267] (-) TimerEvent: {}
[213.013550] (-) TimerEvent: {}
[213.113841] (-) TimerEvent: {}
[213.214173] (-) TimerEvent: {}
[213.314407] (-) TimerEvent: {}
[213.414678] (-) TimerEvent: {}
[213.514972] (-) TimerEvent: {}
[213.615252] (-) TimerEvent: {}
[213.715576] (-) TimerEvent: {}
[213.815845] (-) TimerEvent: {}
[213.916120] (-) TimerEvent: {}
[214.016432] (-) TimerEvent: {}
[214.116791] (-) TimerEvent: {}
[214.217117] (-) TimerEvent: {}
[214.317391] (-) TimerEvent: {}
[214.417658] (-) TimerEvent: {}
[214.517910] (-) TimerEvent: {}
[214.618163] (-) TimerEvent: {}
[214.718547] (-) TimerEvent: {}
[214.818809] (-) TimerEvent: {}
[214.919153] (-) TimerEvent: {}
[215.019431] (-) TimerEvent: {}
[215.119756] (-) TimerEvent: {}
[215.220022] (-) TimerEvent: {}
[215.320282] (-) TimerEvent: {}
[215.420527] (-) TimerEvent: {}
[215.520790] (-) TimerEvent: {}
[215.621055] (-) TimerEvent: {}
[215.721305] (-) TimerEvent: {}
[215.821569] (-) TimerEvent: {}
[215.921899] (-) TimerEvent: {}
[216.022151] (-) TimerEvent: {}
[216.122507] (-) TimerEvent: {}
[216.222773] (-) TimerEvent: {}
[216.323081] (-) TimerEvent: {}
[216.423374] (-) TimerEvent: {}
[216.523647] (-) TimerEvent: {}
[216.623931] (-) TimerEvent: {}
[216.724216] (-) TimerEvent: {}
[216.824517] (-) TimerEvent: {}
[216.924781] (-) TimerEvent: {}
[217.025053] (-) TimerEvent: {}
[217.125316] (-) TimerEvent: {}
[217.225605] (-) TimerEvent: {}
[217.325966] (-) TimerEvent: {}
[217.426235] (-) TimerEvent: {}
[217.526499] (-) TimerEvent: {}
[217.626826] (-) TimerEvent: {}
[217.727186] (-) TimerEvent: {}
[217.827514] (-) TimerEvent: {}
[217.927833] (-) TimerEvent: {}
[218.028132] (-) TimerEvent: {}
[218.128447] (-) TimerEvent: {}
[218.228713] (-) TimerEvent: {}
[218.329031] (-) TimerEvent: {}
[218.429305] (-) TimerEvent: {}
[218.529595] (-) TimerEvent: {}
[218.629933] (-) TimerEvent: {}
[218.730195] (-) TimerEvent: {}
[218.830464] (-) TimerEvent: {}
[218.930765] (-) TimerEvent: {}
[219.031045] (-) TimerEvent: {}
[219.131368] (-) TimerEvent: {}
[219.231629] (-) TimerEvent: {}
[219.331896] (-) TimerEvent: {}
[219.432179] (-) TimerEvent: {}
[219.532468] (-) TimerEvent: {}
[219.632762] (-) TimerEvent: {}
[219.733017] (-) TimerEvent: {}
[219.833300] (-) TimerEvent: {}
[219.933578] (-) TimerEvent: {}
[220.033848] (-) TimerEvent: {}
[220.134084] (-) TimerEvent: {}
[220.234452] (-) TimerEvent: {}
[220.334729] (-) TimerEvent: {}
[220.435029] (-) TimerEvent: {}
[220.535322] (-) TimerEvent: {}
[220.635640] (-) TimerEvent: {}
[220.735891] (-) TimerEvent: {}
[220.836129] (-) TimerEvent: {}
[220.936359] (-) TimerEvent: {}
[221.036634] (-) TimerEvent: {}
[221.137043] (-) TimerEvent: {}
[221.237308] (-) TimerEvent: {}
[221.337620] (-) TimerEvent: {}
[221.437886] (-) TimerEvent: {}
[221.538123] (-) TimerEvent: {}
[221.638477] (-) TimerEvent: {}
[221.738739] (-) TimerEvent: {}
[221.839013] (-) TimerEvent: {}
[221.939254] (-) TimerEvent: {}
[222.039493] (-) TimerEvent: {}
[222.139752] (-) TimerEvent: {}
[222.240042] (-) TimerEvent: {}
[222.340301] (-) TimerEvent: {}
[222.440577] (-) TimerEvent: {}
[222.540831] (-) TimerEvent: {}
[222.641083] (-) TimerEvent: {}
[222.741350] (-) TimerEvent: {}
[222.841638] (-) TimerEvent: {}
[222.941916] (-) TimerEvent: {}
[223.042192] (-) TimerEvent: {}
[223.142477] (-) TimerEvent: {}
[223.242843] (-) TimerEvent: {}
[223.343131] (-) TimerEvent: {}
[223.443396] (-) TimerEvent: {}
[223.543688] (-) TimerEvent: {}
[223.643940] (-) TimerEvent: {}
[223.744240] (-) TimerEvent: {}
[223.844586] (-) TimerEvent: {}
[223.944859] (-) TimerEvent: {}
[224.045182] (-) TimerEvent: {}
[224.145502] (-) TimerEvent: {}
[224.245848] (-) TimerEvent: {}
[224.346122] (-) TimerEvent: {}
[224.446377] (-) TimerEvent: {}
[224.546648] (-) TimerEvent: {}
[224.646923] (-) TimerEvent: {}
[224.747172] (-) TimerEvent: {}
[224.847452] (-) TimerEvent: {}
[224.947730] (-) TimerEvent: {}
[225.047943] (-) TimerEvent: {}
[225.148196] (-) TimerEvent: {}
[225.248520] (-) TimerEvent: {}
[225.348854] (-) TimerEvent: {}
[225.449135] (-) TimerEvent: {}
[225.549427] (-) TimerEvent: {}
[225.649723] (-) TimerEvent: {}
[225.749955] (-) TimerEvent: {}
[225.850274] (-) TimerEvent: {}
[225.950580] (-) TimerEvent: {}
[226.050859] (-) TimerEvent: {}
[226.151122] (-) TimerEvent: {}
[226.251396] (-) TimerEvent: {}
[226.351705] (-) TimerEvent: {}
[226.452018] (-) TimerEvent: {}
[226.552312] (-) TimerEvent: {}
[226.652555] (-) TimerEvent: {}
[226.752824] (-) TimerEvent: {}
[226.853179] (-) TimerEvent: {}
[226.953504] (-) TimerEvent: {}
[227.053821] (-) TimerEvent: {}
[227.154132] (-) TimerEvent: {}
[227.254431] (-) TimerEvent: {}
[227.354769] (-) TimerEvent: {}
[227.455090] (-) TimerEvent: {}
[227.555362] (-) TimerEvent: {}
[227.655627] (-) TimerEvent: {}
[227.755922] (-) TimerEvent: {}
[227.856203] (-) TimerEvent: {}
[227.956509] (-) TimerEvent: {}
[228.056792] (-) TimerEvent: {}
[228.157047] (-) TimerEvent: {}
[228.257314] (-) TimerEvent: {}
[228.357668] (-) TimerEvent: {}
[228.457983] (-) TimerEvent: {}
[228.558292] (-) TimerEvent: {}
[228.658570] (-) TimerEvent: {}
[228.758917] (-) TimerEvent: {}
[228.859200] (-) TimerEvent: {}
[228.959489] (-) TimerEvent: {}
[229.059754] (-) TimerEvent: {}
[229.160017] (-) TimerEvent: {}
[229.260293] (-) TimerEvent: {}
[229.360568] (-) TimerEvent: {}
[229.460825] (-) TimerEvent: {}
[229.561085] (-) TimerEvent: {}
[229.661376] (-) TimerEvent: {}
[229.761650] (-) TimerEvent: {}
[229.861914] (-) TimerEvent: {}
[229.962175] (-) TimerEvent: {}
[230.062547] (-) TimerEvent: {}
[230.162865] (-) TimerEvent: {}
[230.263170] (-) TimerEvent: {}
[230.363441] (-) TimerEvent: {}
[230.463747] (-) TimerEvent: {}
[230.564049] (-) TimerEvent: {}
[230.664346] (-) TimerEvent: {}
[230.764606] (-) TimerEvent: {}
[230.864909] (-) TimerEvent: {}
[230.965174] (-) TimerEvent: {}
[231.065411] (-) TimerEvent: {}
[231.165689] (-) TimerEvent: {}
[231.265953] (-) TimerEvent: {}
[231.366262] (-) TimerEvent: {}
[231.466534] (-) TimerEvent: {}
[231.566802] (-) TimerEvent: {}
[231.667071] (-) TimerEvent: {}
[231.767339] (-) TimerEvent: {}
[231.867619] (-) TimerEvent: {}
[231.967867] (-) TimerEvent: {}
[232.068135] (-) TimerEvent: {}
[232.168386] (-) TimerEvent: {}
[232.268721] (-) TimerEvent: {}
[232.369029] (-) TimerEvent: {}
[232.469276] (-) TimerEvent: {}
[232.569513] (-) TimerEvent: {}
[232.669814] (-) TimerEvent: {}
[232.770115] (-) TimerEvent: {}
[232.870364] (-) TimerEvent: {}
[232.970621] (-) TimerEvent: {}
[233.070850] (-) TimerEvent: {}
[233.171082] (-) TimerEvent: {}
[233.271318] (-) TimerEvent: {}
[233.371636] (-) TimerEvent: {}
[233.471876] (-) TimerEvent: {}
[233.572117] (-) TimerEvent: {}
[233.672356] (-) TimerEvent: {}
[233.772617] (-) TimerEvent: {}
[233.872915] (-) TimerEvent: {}
[233.973181] (-) TimerEvent: {}
[234.073483] (-) TimerEvent: {}
[234.173728] (-) TimerEvent: {}
[234.273959] (-) TimerEvent: {}
[234.374225] (-) TimerEvent: {}
[234.474443] (-) TimerEvent: {}
[234.574682] (-) TimerEvent: {}
[234.674931] (-) TimerEvent: {}
[234.775173] (-) TimerEvent: {}
[234.875410] (-) TimerEvent: {}
[234.975638] (-) TimerEvent: {}
[235.075878] (-) TimerEvent: {}
[235.176105] (-) TimerEvent: {}
[235.276330] (-) TimerEvent: {}
[235.376580] (-) TimerEvent: {}
[235.476826] (-) TimerEvent: {}
[235.577092] (-) TimerEvent: {}
[235.677350] (-) TimerEvent: {}
[235.777602] (-) TimerEvent: {}
[235.877872] (-) TimerEvent: {}
[235.978121] (-) TimerEvent: {}
[236.078407] (-) TimerEvent: {}
[236.178712] (-) TimerEvent: {}
[236.279039] (-) TimerEvent: {}
[236.379349] (-) TimerEvent: {}
[236.479653] (-) TimerEvent: {}
[236.579903] (-) TimerEvent: {}
[236.680131] (-) TimerEvent: {}
[236.780376] (-) TimerEvent: {}
[236.880636] (-) TimerEvent: {}
[236.980863] (-) TimerEvent: {}
[237.081171] (-) TimerEvent: {}
[237.181490] (-) TimerEvent: {}
[237.281752] (-) TimerEvent: {}
[237.381961] (-) TimerEvent: {}
[237.482277] (-) TimerEvent: {}
[237.582551] (-) TimerEvent: {}
[237.682863] (-) TimerEvent: {}
[237.783128] (-) TimerEvent: {}
[237.883456] (-) TimerEvent: {}
[237.983798] (-) TimerEvent: {}
[238.084150] (-) TimerEvent: {}
[238.184453] (-) TimerEvent: {}
[238.284719] (-) TimerEvent: {}
[238.385023] (-) TimerEvent: {}
[238.485392] (-) TimerEvent: {}
[238.585712] (-) TimerEvent: {}
[238.685957] (-) TimerEvent: {}
[238.786184] (-) TimerEvent: {}
[238.886432] (-) TimerEvent: {}
[238.986753] (-) TimerEvent: {}
[239.087046] (-) TimerEvent: {}
[239.187318] (-) TimerEvent: {}
[239.287625] (-) TimerEvent: {}
[239.387946] (-) TimerEvent: {}
[239.488216] (-) TimerEvent: {}
[239.588506] (-) TimerEvent: {}
[239.688753] (-) TimerEvent: {}
[239.789002] (-) TimerEvent: {}
[239.889260] (-) TimerEvent: {}
[239.989528] (-) TimerEvent: {}
[240.089831] (-) TimerEvent: {}
[240.190109] (-) TimerEvent: {}
[240.290372] (-) TimerEvent: {}
[240.390650] (-) TimerEvent: {}
[240.490963] (-) TimerEvent: {}
[240.591261] (-) TimerEvent: {}
[240.691549] (-) TimerEvent: {}
[240.791900] (-) TimerEvent: {}
[240.892171] (-) TimerEvent: {}
[240.992454] (-) TimerEvent: {}
[241.092724] (-) TimerEvent: {}
[241.192999] (-) TimerEvent: {}
[241.293343] (-) TimerEvent: {}
[241.393622] (-) TimerEvent: {}
[241.493909] (-) TimerEvent: {}
[241.594164] (-) TimerEvent: {}
[241.694538] (-) TimerEvent: {}
[241.794819] (-) TimerEvent: {}
[241.895066] (-) TimerEvent: {}
[241.995312] (-) TimerEvent: {}
[242.095591] (-) TimerEvent: {}
[242.195869] (-) TimerEvent: {}
[242.296204] (-) TimerEvent: {}
[242.396570] (-) TimerEvent: {}
[242.496899] (-) TimerEvent: {}
[242.597223] (-) TimerEvent: {}
[242.697563] (-) TimerEvent: {}
[242.797845] (-) TimerEvent: {}
[242.898181] (-) TimerEvent: {}
[242.998480] (-) TimerEvent: {}
[243.098829] (-) TimerEvent: {}
[243.199203] (-) TimerEvent: {}
[243.299522] (-) TimerEvent: {}
[243.399856] (-) TimerEvent: {}
[243.500206] (-) TimerEvent: {}
[243.600477] (-) TimerEvent: {}
[243.700751] (-) TimerEvent: {}
[243.801073] (-) TimerEvent: {}
[243.901413] (-) TimerEvent: {}
[244.001702] (-) TimerEvent: {}
[244.101997] (-) TimerEvent: {}
[244.202390] (-) TimerEvent: {}
[244.302748] (-) TimerEvent: {}
[244.403094] (-) TimerEvent: {}
[244.503440] (-) TimerEvent: {}
[244.603779] (-) TimerEvent: {}
[244.704138] (-) TimerEvent: {}
[244.804418] (-) TimerEvent: {}
[244.904776] (-) TimerEvent: {}
[245.005057] (-) TimerEvent: {}
[245.105332] (-) TimerEvent: {}
[245.205639] (-) TimerEvent: {}
[245.306061] (-) TimerEvent: {}
[245.406347] (-) TimerEvent: {}
[245.506621] (-) TimerEvent: {}
[245.606878] (-) TimerEvent: {}
[245.707125] (-) TimerEvent: {}
[245.807396] (-) TimerEvent: {}
[245.907657] (-) TimerEvent: {}
[246.008045] (-) TimerEvent: {}
[246.108309] (-) TimerEvent: {}
[246.208569] (-) TimerEvent: {}
[246.308798] (-) TimerEvent: {}
[246.409037] (-) TimerEvent: {}
[246.509287] (-) TimerEvent: {}
[246.609519] (-) TimerEvent: {}
[246.709773] (-) TimerEvent: {}
[246.809990] (-) TimerEvent: {}
[246.910196] (-) TimerEvent: {}
[247.010462] (-) TimerEvent: {}
[247.110738] (-) TimerEvent: {}
[247.211049] (-) TimerEvent: {}
[247.311300] (-) TimerEvent: {}
[247.411548] (-) TimerEvent: {}
[247.511947] (-) TimerEvent: {}
[247.612194] (-) TimerEvent: {}
[247.712458] (-) TimerEvent: {}
[247.812769] (-) TimerEvent: {}
[247.913032] (-) TimerEvent: {}
[248.013280] (-) TimerEvent: {}
[248.113625] (-) TimerEvent: {}
[248.213957] (-) TimerEvent: {}
[248.314252] (-) TimerEvent: {}
[248.414564] (-) TimerEvent: {}
[248.514838] (-) TimerEvent: {}
[248.615098] (-) TimerEvent: {}
[248.715427] (-) TimerEvent: {}
[248.815700] (-) TimerEvent: {}
[248.916145] (-) TimerEvent: {}
[249.016397] (-) TimerEvent: {}
[249.116699] (-) TimerEvent: {}
[249.216973] (-) TimerEvent: {}
[249.317248] (-) TimerEvent: {}
[249.417525] (-) TimerEvent: {}
[249.517811] (-) TimerEvent: {}
[249.618083] (-) TimerEvent: {}
[249.718381] (-) TimerEvent: {}
[249.818654] (-) TimerEvent: {}
[249.918943] (-) TimerEvent: {}
[250.019194] (-) TimerEvent: {}
[250.119482] (-) TimerEvent: {}
[250.219825] (-) TimerEvent: {}
[250.320189] (-) TimerEvent: {}
[250.420767] (-) TimerEvent: {}
[250.521113] (-) TimerEvent: {}
[250.621370] (-) TimerEvent: {}
[250.721652] (-) TimerEvent: {}
[250.821938] (-) TimerEvent: {}
[250.922194] (-) TimerEvent: {}
[251.022489] (-) TimerEvent: {}
[251.122763] (-) TimerEvent: {}
[251.223038] (-) TimerEvent: {}
[251.323309] (-) TimerEvent: {}
[251.423588] (-) TimerEvent: {}
[251.523853] (-) TimerEvent: {}
[251.624195] (-) TimerEvent: {}
[251.724471] (-) TimerEvent: {}
[251.824733] (-) TimerEvent: {}
[251.924954] (-) TimerEvent: {}
[252.025237] (-) TimerEvent: {}
[252.125609] (-) TimerEvent: {}
[252.225858] (-) TimerEvent: {}
[252.326121] (-) TimerEvent: {}
[252.426399] (-) TimerEvent: {}
[252.526685] (-) TimerEvent: {}
[252.626972] (-) TimerEvent: {}
[252.727255] (-) TimerEvent: {}
[252.827582] (-) TimerEvent: {}
[252.927874] (-) TimerEvent: {}
[253.028172] (-) TimerEvent: {}
[253.128439] (-) TimerEvent: {}
[253.228783] (-) TimerEvent: {}
[253.329086] (-) TimerEvent: {}
[253.429361] (-) TimerEvent: {}
[253.529621] (-) TimerEvent: {}
[253.629896] (-) TimerEvent: {}
[253.730140] (-) TimerEvent: {}
[253.830424] (-) TimerEvent: {}
[253.930661] (-) TimerEvent: {}
[254.030933] (-) TimerEvent: {}
[254.131176] (-) TimerEvent: {}
[254.231441] (-) TimerEvent: {}
[254.331719] (-) TimerEvent: {}
[254.431959] (-) TimerEvent: {}
[254.532259] (-) TimerEvent: {}
[254.632530] (-) TimerEvent: {}
[254.732793] (-) TimerEvent: {}
[254.833051] (-) TimerEvent: {}
[254.933282] (-) TimerEvent: {}
[255.033559] (-) TimerEvent: {}
[255.133817] (-) TimerEvent: {}
[255.234076] (-) TimerEvent: {}
[255.334315] (-) TimerEvent: {}
[255.434561] (-) TimerEvent: {}
[255.534824] (-) TimerEvent: {}
[255.635082] (-) TimerEvent: {}
[255.735382] (-) TimerEvent: {}
[255.835662] (-) TimerEvent: {}
[255.935904] (-) TimerEvent: {}
[256.036185] (-) TimerEvent: {}
[256.136521] (-) TimerEvent: {}
[256.236767] (-) TimerEvent: {}
[256.337021] (-) TimerEvent: {}
[256.437267] (-) TimerEvent: {}
[256.537509] (-) TimerEvent: {}
[256.637778] (-) TimerEvent: {}
[256.738004] (-) TimerEvent: {}
[256.838256] (-) TimerEvent: {}
[256.938557] (-) TimerEvent: {}
[257.038783] (-) TimerEvent: {}
[257.139020] (-) TimerEvent: {}
[257.239299] (-) TimerEvent: {}
[257.339527] (-) TimerEvent: {}
[257.439773] (-) TimerEvent: {}
[257.540013] (-) TimerEvent: {}
[257.640221] (-) TimerEvent: {}
[257.740550] (-) TimerEvent: {}
[257.840817] (-) TimerEvent: {}
[257.941096] (-) TimerEvent: {}
[258.041342] (-) TimerEvent: {}
[258.141601] (-) TimerEvent: {}
[258.241878] (-) TimerEvent: {}
[258.342119] (-) TimerEvent: {}
[258.442410] (-) TimerEvent: {}
[258.542696] (-) TimerEvent: {}
[258.642967] (-) TimerEvent: {}
[258.743208] (-) TimerEvent: {}
[258.843467] (-) TimerEvent: {}
[258.943710] (-) TimerEvent: {}
[259.043968] (-) TimerEvent: {}
[259.144169] (-) TimerEvent: {}
[259.244428] (-) TimerEvent: {}
[259.344691] (-) TimerEvent: {}
[259.445019] (-) TimerEvent: {}
[259.545298] (-) TimerEvent: {}
[259.645618] (-) TimerEvent: {}
[259.745870] (-) TimerEvent: {}
[259.846113] (-) TimerEvent: {}
[259.946385] (-) TimerEvent: {}
[260.046634] (-) TimerEvent: {}
[260.146891] (-) TimerEvent: {}
[260.247129] (-) TimerEvent: {}
[260.347391] (-) TimerEvent: {}
[260.447637] (-) TimerEvent: {}
[260.547904] (-) TimerEvent: {}
[260.648157] (-) TimerEvent: {}
[260.748450] (-) TimerEvent: {}
[260.848710] (-) TimerEvent: {}
[260.948960] (-) TimerEvent: {}
[261.049193] (-) TimerEvent: {}
[261.149449] (-) TimerEvent: {}
[261.249716] (-) TimerEvent: {}
[261.349952] (-) TimerEvent: {}
[261.450219] (-) TimerEvent: {}
[261.550495] (-) TimerEvent: {}
[261.650732] (-) TimerEvent: {}
[261.750949] (-) TimerEvent: {}
[261.851188] (-) TimerEvent: {}
[261.951445] (-) TimerEvent: {}
[262.051699] (-) TimerEvent: {}
[262.151947] (-) TimerEvent: {}
[262.252240] (-) TimerEvent: {}
[262.352520] (-) TimerEvent: {}
[262.452807] (-) TimerEvent: {}
[262.553075] (-) TimerEvent: {}
[262.653325] (-) TimerEvent: {}
[262.753580] (-) TimerEvent: {}
[262.853874] (-) TimerEvent: {}
[262.954114] (-) TimerEvent: {}
[263.054384] (-) TimerEvent: {}
[263.154628] (-) TimerEvent: {}
[263.254903] (-) TimerEvent: {}
[263.355162] (-) TimerEvent: {}
[263.455445] (-) TimerEvent: {}
[263.555846] (-) TimerEvent: {}
[263.656082] (-) TimerEvent: {}
[263.756400] (-) TimerEvent: {}
[263.856639] (-) TimerEvent: {}
[263.956894] (-) TimerEvent: {}
[264.057165] (-) TimerEvent: {}
[264.157393] (-) TimerEvent: {}
[264.257633] (-) TimerEvent: {}
[264.357878] (-) TimerEvent: {}
[264.458140] (-) TimerEvent: {}
[264.558442] (-) TimerEvent: {}
[264.658710] (-) TimerEvent: {}
[264.758961] (-) TimerEvent: {}
[264.859326] (-) TimerEvent: {}
[264.959599] (-) TimerEvent: {}
[265.059870] (-) TimerEvent: {}
[265.160134] (-) TimerEvent: {}
[265.260447] (-) TimerEvent: {}
[265.360718] (-) TimerEvent: {}
[265.460967] (-) TimerEvent: {}
[265.561248] (-) TimerEvent: {}
[265.661511] (-) TimerEvent: {}
[265.761774] (-) TimerEvent: {}
[265.862072] (-) TimerEvent: {}
[265.962313] (-) TimerEvent: {}
[266.062545] (-) TimerEvent: {}
[266.162767] (-) TimerEvent: {}
[266.263058] (-) TimerEvent: {}
[266.363320] (-) TimerEvent: {}
[266.463613] (-) TimerEvent: {}
[266.563861] (-) TimerEvent: {}
[266.664103] (-) TimerEvent: {}
[266.764360] (-) TimerEvent: {}
[266.864613] (-) TimerEvent: {}
[266.964844] (-) TimerEvent: {}
[267.065095] (-) TimerEvent: {}
[267.165377] (-) TimerEvent: {}
[267.265631] (-) TimerEvent: {}
[267.365896] (-) TimerEvent: {}
[267.466154] (-) TimerEvent: {}
[267.566491] (-) TimerEvent: {}
[267.666720] (-) TimerEvent: {}
[267.766963] (-) TimerEvent: {}
[267.867201] (-) TimerEvent: {}
[267.967469] (-) TimerEvent: {}
[268.067822] (-) TimerEvent: {}
[268.168070] (-) TimerEvent: {}
[268.268342] (-) TimerEvent: {}
[268.368603] (-) TimerEvent: {}
[268.468876] (-) TimerEvent: {}
[268.569179] (-) TimerEvent: {}
[268.669433] (-) TimerEvent: {}
[268.769684] (-) TimerEvent: {}
[268.869945] (-) TimerEvent: {}
[268.970274] (-) TimerEvent: {}
[269.070636] (-) TimerEvent: {}
[269.170864] (-) TimerEvent: {}
[269.271100] (-) TimerEvent: {}
[269.371357] (-) TimerEvent: {}
[269.471615] (-) TimerEvent: {}
[269.571981] (-) TimerEvent: {}
[269.672259] (-) TimerEvent: {}
[269.772544] (-) TimerEvent: {}
[269.872859] (-) TimerEvent: {}
[269.973102] (-) TimerEvent: {}
[270.073404] (-) TimerEvent: {}
[270.173664] (-) TimerEvent: {}
[270.273905] (-) TimerEvent: {}
[270.374170] (-) TimerEvent: {}
[270.474415] (-) TimerEvent: {}
[270.574764] (-) TimerEvent: {}
[270.675036] (-) TimerEvent: {}
[270.775277] (-) TimerEvent: {}
[270.875567] (-) TimerEvent: {}
[270.975835] (-) TimerEvent: {}
[271.076100] (-) TimerEvent: {}
[271.176368] (-) TimerEvent: {}
[271.276661] (-) TimerEvent: {}
[271.376945] (-) TimerEvent: {}
[271.477194] (-) TimerEvent: {}
[271.577501] (-) TimerEvent: {}
[271.677774] (-) TimerEvent: {}
[271.778018] (-) TimerEvent: {}
[271.878287] (-) TimerEvent: {}
[271.978583] (-) TimerEvent: {}
[272.078922] (-) TimerEvent: {}
[272.179171] (-) TimerEvent: {}
[272.279422] (-) TimerEvent: {}
[272.379673] (-) TimerEvent: {}
[272.479949] (-) TimerEvent: {}
[272.580198] (-) TimerEvent: {}
[272.680469] (-) TimerEvent: {}
[272.780755] (-) TimerEvent: {}
[272.881008] (-) TimerEvent: {}
[272.981288] (-) TimerEvent: {}
[273.081548] (-) TimerEvent: {}
[273.181809] (-) TimerEvent: {}
[273.282050] (-) TimerEvent: {}
[273.382274] (-) TimerEvent: {}
[273.482514] (-) TimerEvent: {}
[273.582804] (-) TimerEvent: {}
[273.683055] (-) TimerEvent: {}
[273.783307] (-) TimerEvent: {}
[273.883616] (-) TimerEvent: {}
[273.983854] (-) TimerEvent: {}
[274.084123] (-) TimerEvent: {}
[274.184379] (-) TimerEvent: {}
[274.284654] (-) TimerEvent: {}
[274.384891] (-) TimerEvent: {}
[274.485133] (-) TimerEvent: {}
[274.585381] (-) TimerEvent: {}
[274.685618] (-) TimerEvent: {}
[274.785874] (-) TimerEvent: {}
[274.886195] (-) TimerEvent: {}
[274.986477] (-) TimerEvent: {}
[275.086696] (-) TimerEvent: {}
[275.186995] (-) TimerEvent: {}
[275.287234] (-) TimerEvent: {}
[275.387484] (-) TimerEvent: {}
[275.487738] (-) TimerEvent: {}
[275.587971] (-) TimerEvent: {}
[275.688243] (-) TimerEvent: {}
[275.788507] (-) TimerEvent: {}
[275.888762] (-) TimerEvent: {}
[275.989012] (-) TimerEvent: {}
[276.089278] (-) TimerEvent: {}
[276.189515] (-) TimerEvent: {}
[276.289776] (-) TimerEvent: {}
[276.390032] (-) TimerEvent: {}
[276.490299] (-) TimerEvent: {}
[276.590578] (-) TimerEvent: {}
[276.690842] (-) TimerEvent: {}
[276.791107] (-) TimerEvent: {}
[276.891375] (-) TimerEvent: {}
[276.991619] (-) TimerEvent: {}
[277.091900] (-) TimerEvent: {}
[277.192142] (-) TimerEvent: {}
[277.292406] (-) TimerEvent: {}
[277.392660] (-) TimerEvent: {}
[277.492909] (-) TimerEvent: {}
[277.593142] (-) TimerEvent: {}
[277.693394] (-) TimerEvent: {}
[277.793641] (-) TimerEvent: {}
[277.893959] (-) TimerEvent: {}
[277.994212] (-) TimerEvent: {}
[278.094474] (-) TimerEvent: {}
[278.194719] (-) TimerEvent: {}
[278.294957] (-) TimerEvent: {}
[278.395214] (-) TimerEvent: {}
[278.495478] (-) TimerEvent: {}
[278.595759] (-) TimerEvent: {}
[278.696053] (-) TimerEvent: {}
[278.796320] (-) TimerEvent: {}
[278.896588] (-) TimerEvent: {}
[278.996846] (-) TimerEvent: {}
[279.097160] (-) TimerEvent: {}
[279.197401] (-) TimerEvent: {}
[279.297659] (-) TimerEvent: {}
[279.397937] (-) TimerEvent: {}
[279.498173] (-) TimerEvent: {}
[279.598422] (-) TimerEvent: {}
[279.698687] (-) TimerEvent: {}
[279.798934] (-) TimerEvent: {}
[279.899205] (-) TimerEvent: {}
[279.999477] (-) TimerEvent: {}
[280.099753] (-) TimerEvent: {}
[280.200007] (-) TimerEvent: {}
[280.300248] (-) TimerEvent: {}
[280.400530] (-) TimerEvent: {}
[280.500842] (-) TimerEvent: {}
[280.601164] (-) TimerEvent: {}
[280.701450] (-) TimerEvent: {}
[280.801727] (-) TimerEvent: {}
[280.901975] (-) TimerEvent: {}
[281.002276] (-) TimerEvent: {}
[281.102548] (-) TimerEvent: {}
[281.202807] (-) TimerEvent: {}
[281.303165] (-) TimerEvent: {}
[281.403430] (-) TimerEvent: {}
[281.503750] (-) TimerEvent: {}
[281.604019] (-) TimerEvent: {}
[281.704294] (-) TimerEvent: {}
[281.804568] (-) TimerEvent: {}
[281.904862] (-) TimerEvent: {}
[282.005194] (-) TimerEvent: {}
[282.105468] (-) TimerEvent: {}
[282.205752] (-) TimerEvent: {}
[282.305938] (-) TimerEvent: {}
[282.406181] (-) TimerEvent: {}
[282.506445] (-) TimerEvent: {}
[282.606713] (-) TimerEvent: {}
[282.707052] (-) TimerEvent: {}
[282.807368] (-) TimerEvent: {}
[282.907666] (-) TimerEvent: {}
[283.007938] (-) TimerEvent: {}
[283.108253] (-) TimerEvent: {}
[283.208544] (-) TimerEvent: {}
[283.308812] (-) TimerEvent: {}
[283.409117] (-) TimerEvent: {}
[283.509440] (-) TimerEvent: {}
[283.609765] (-) TimerEvent: {}
[283.710013] (-) TimerEvent: {}
[283.810247] (-) TimerEvent: {}
[283.910546] (-) TimerEvent: {}
[284.010850] (-) TimerEvent: {}
[284.111179] (-) TimerEvent: {}
[284.211457] (-) TimerEvent: {}
[284.311731] (-) TimerEvent: {}
[284.411935] (-) TimerEvent: {}
[284.512182] (-) TimerEvent: {}
[284.612426] (-) TimerEvent: {}
[284.718271] (-) TimerEvent: {}
[284.818513] (-) TimerEvent: {}
[284.918768] (-) TimerEvent: {}
[285.019034] (-) TimerEvent: {}
[285.119326] (-) TimerEvent: {}
[285.219598] (-) TimerEvent: {}
[285.319861] (-) TimerEvent: {}
[285.420163] (-) TimerEvent: {}
[285.520393] (-) TimerEvent: {}
[285.620625] (-) TimerEvent: {}
[285.720859] (-) TimerEvent: {}
[285.821146] (-) TimerEvent: {}
[285.921494] (-) TimerEvent: {}
[286.021776] (-) TimerEvent: {}
[286.122017] (-) TimerEvent: {}
[286.222254] (-) TimerEvent: {}
[286.322574] (-) TimerEvent: {}
[286.422861] (-) TimerEvent: {}
[286.523109] (-) TimerEvent: {}
[286.623351] (-) TimerEvent: {}
[286.723599] (-) TimerEvent: {}
[286.823997] (-) TimerEvent: {}
[286.924249] (-) TimerEvent: {}
[287.024534] (-) TimerEvent: {}
[287.124784] (-) TimerEvent: {}
[287.225035] (-) TimerEvent: {}
[287.325280] (-) TimerEvent: {}
[287.425606] (-) TimerEvent: {}
[287.525894] (-) TimerEvent: {}
[287.626148] (-) TimerEvent: {}
[287.726406] (-) TimerEvent: {}
[287.826737] (-) TimerEvent: {}
[287.926961] (-) TimerEvent: {}
[288.027230] (-) TimerEvent: {}
[288.127489] (-) TimerEvent: {}
[288.227752] (-) TimerEvent: {}
[288.328046] (-) TimerEvent: {}
[288.428324] (-) TimerEvent: {}
[288.528628] (-) TimerEvent: {}
[288.628979] (-) TimerEvent: {}
[288.729284] (-) TimerEvent: {}
[288.829543] (-) TimerEvent: {}
[288.929808] (-) TimerEvent: {}
[289.030099] (-) TimerEvent: {}
[289.130381] (-) TimerEvent: {}
[289.230692] (-) TimerEvent: {}
[289.330936] (-) TimerEvent: {}
[289.431176] (-) TimerEvent: {}
[289.531430] (-) TimerEvent: {}
[289.631696] (-) TimerEvent: {}
[289.731968] (-) TimerEvent: {}
[289.832232] (-) TimerEvent: {}
[289.932475] (-) TimerEvent: {}
[290.032732] (-) TimerEvent: {}
[290.132992] (-) TimerEvent: {}
[290.233255] (-) TimerEvent: {}
[290.333499] (-) TimerEvent: {}
[290.433770] (-) TimerEvent: {}
[290.534106] (-) TimerEvent: {}
[290.634411] (-) TimerEvent: {}
[290.734709] (-) TimerEvent: {}
[290.834975] (-) TimerEvent: {}
[290.935278] (-) TimerEvent: {}
[291.035550] (-) TimerEvent: {}
[291.135829] (-) TimerEvent: {}
[291.236124] (-) TimerEvent: {}
[291.336397] (-) TimerEvent: {}
[291.436694] (-) TimerEvent: {}
[291.536949] (-) TimerEvent: {}
[291.637199] (-) TimerEvent: {}
[291.737483] (-) TimerEvent: {}
[291.837722] (-) TimerEvent: {}
[291.937936] (-) TimerEvent: {}
[292.038174] (-) TimerEvent: {}
[292.138439] (-) TimerEvent: {}
[292.238714] (-) TimerEvent: {}
[292.338934] (-) TimerEvent: {}
[292.439166] (-) TimerEvent: {}
[292.539418] (-) TimerEvent: {}
[292.639681] (-) TimerEvent: {}
[292.739933] (-) TimerEvent: {}
[292.840178] (-) TimerEvent: {}
[292.940457] (-) TimerEvent: {}
[293.040734] (-) TimerEvent: {}
[293.141014] (-) TimerEvent: {}
[293.241276] (-) TimerEvent: {}
[293.341538] (-) TimerEvent: {}
[293.441833] (-) TimerEvent: {}
[293.542111] (-) TimerEvent: {}
[293.642382] (-) TimerEvent: {}
[293.742644] (-) TimerEvent: {}
[293.843007] (-) TimerEvent: {}
[293.943312] (-) TimerEvent: {}
[294.043569] (-) TimerEvent: {}
[294.143845] (-) TimerEvent: {}
[294.244116] (-) TimerEvent: {}
[294.344383] (-) TimerEvent: {}
[294.444655] (-) TimerEvent: {}
[294.544952] (-) TimerEvent: {}
[294.645217] (-) TimerEvent: {}
[294.745478] (-) TimerEvent: {}
[294.845803] (-) TimerEvent: {}
[294.946169] (-) TimerEvent: {}
[295.046448] (-) TimerEvent: {}
[295.146789] (-) TimerEvent: {}
[295.247054] (-) TimerEvent: {}
[295.347326] (-) TimerEvent: {}
[295.447572] (-) TimerEvent: {}
[295.547836] (-) TimerEvent: {}
[295.648101] (-) TimerEvent: {}
[295.748425] (-) TimerEvent: {}
[295.848703] (-) TimerEvent: {}
[295.948974] (-) TimerEvent: {}
[296.049244] (-) TimerEvent: {}
[296.149580] (-) TimerEvent: {}
[296.249944] (-) TimerEvent: {}
[296.350198] (-) TimerEvent: {}
[296.450499] (-) TimerEvent: {}
[296.550768] (-) TimerEvent: {}
[296.651046] (-) TimerEvent: {}
[296.751352] (-) TimerEvent: {}
[296.851632] (-) TimerEvent: {}
[296.951931] (-) TimerEvent: {}
[297.052181] (-) TimerEvent: {}
[297.152493] (-) TimerEvent: {}
[297.252760] (-) TimerEvent: {}
[297.352995] (-) TimerEvent: {}
[297.453327] (-) TimerEvent: {}
[297.553571] (-) TimerEvent: {}
[297.653831] (-) TimerEvent: {}
[297.754139] (-) TimerEvent: {}
[297.854392] (-) TimerEvent: {}
[297.954622] (-) TimerEvent: {}
[298.054870] (-) TimerEvent: {}
[298.155122] (-) TimerEvent: {}
[298.255489] (-) TimerEvent: {}
[298.355866] (-) TimerEvent: {}
[298.456176] (-) TimerEvent: {}
[298.556452] (-) TimerEvent: {}
[298.656704] (-) TimerEvent: {}
[298.756974] (-) TimerEvent: {}
[298.857211] (-) TimerEvent: {}
[298.957466] (-) TimerEvent: {}
[299.057787] (-) TimerEvent: {}
[299.158113] (-) TimerEvent: {}
[299.258362] (-) TimerEvent: {}
[299.358640] (-) TimerEvent: {}
[299.458875] (-) TimerEvent: {}
[299.559126] (-) TimerEvent: {}
[299.659440] (-) TimerEvent: {}
[299.759701] (-) TimerEvent: {}
[299.859964] (-) TimerEvent: {}
[299.960260] (-) TimerEvent: {}
[300.060555] (-) TimerEvent: {}
[300.160821] (-) TimerEvent: {}
[300.261083] (-) TimerEvent: {}
[300.361470] (-) TimerEvent: {}
[300.461794] (-) TimerEvent: {}
[300.562089] (-) TimerEvent: {}
[300.662367] (-) TimerEvent: {}
[300.762644] (-) TimerEvent: {}
[300.862955] (-) TimerEvent: {}
[300.963208] (-) TimerEvent: {}
[301.063479] (-) TimerEvent: {}
[301.163758] (-) TimerEvent: {}
[301.264031] (-) TimerEvent: {}
[301.364276] (-) TimerEvent: {}
[301.464535] (-) TimerEvent: {}
[301.564768] (-) TimerEvent: {}
[301.665027] (-) TimerEvent: {}
[301.765297] (-) TimerEvent: {}
[301.869137] (-) TimerEvent: {}
[301.969391] (-) TimerEvent: {}
[302.069663] (-) TimerEvent: {}
[302.169970] (-) TimerEvent: {}
[302.270239] (-) TimerEvent: {}
[302.370496] (-) TimerEvent: {}
[302.470769] (-) TimerEvent: {}
[302.571144] (-) TimerEvent: {}
[302.671437] (-) TimerEvent: {}
[302.771716] (-) TimerEvent: {}
[302.871956] (-) TimerEvent: {}
[302.972199] (-) TimerEvent: {}
[303.072451] (-) TimerEvent: {}
[303.172764] (-) TimerEvent: {}
[303.273011] (-) TimerEvent: {}
[303.373258] (-) TimerEvent: {}
[303.473535] (-) TimerEvent: {}
[303.573796] (-) TimerEvent: {}
[303.674038] (-) TimerEvent: {}
[303.774296] (-) TimerEvent: {}
[303.874584] (-) TimerEvent: {}
[303.974861] (-) TimerEvent: {}
[304.075108] (-) TimerEvent: {}
[304.175446] (-) TimerEvent: {}
[304.275721] (-) TimerEvent: {}
[304.376046] (-) TimerEvent: {}
[304.476305] (-) TimerEvent: {}
[304.576545] (-) TimerEvent: {}
[304.676807] (-) TimerEvent: {}
[304.777125] (-) TimerEvent: {}
[304.877398] (-) TimerEvent: {}
[304.977735] (-) TimerEvent: {}
[305.078024] (-) TimerEvent: {}
[305.178371] (-) TimerEvent: {}
[305.278631] (-) TimerEvent: {}
[305.378936] (-) TimerEvent: {}
[305.479212] (-) TimerEvent: {}
[305.579522] (-) TimerEvent: {}
[305.679821] (-) TimerEvent: {}
[305.780067] (-) TimerEvent: {}
[305.880324] (-) TimerEvent: {}
[305.980566] (-) TimerEvent: {}
[306.080831] (-) TimerEvent: {}
[306.181081] (-) TimerEvent: {}
[306.281324] (-) TimerEvent: {}
[306.381602] (-) TimerEvent: {}
[306.481889] (-) TimerEvent: {}
[306.582163] (-) TimerEvent: {}
[306.682407] (-) TimerEvent: {}
[306.782709] (-) TimerEvent: {}
[306.882966] (-) TimerEvent: {}
[306.983188] (-) TimerEvent: {}
[307.083497] (-) TimerEvent: {}
[307.183728] (-) TimerEvent: {}
[307.284040] (-) TimerEvent: {}
[307.384369] (-) TimerEvent: {}
[307.484633] (-) TimerEvent: {}
[307.584915] (-) TimerEvent: {}
[307.685227] (-) TimerEvent: {}
[307.785560] (-) TimerEvent: {}
[307.885894] (-) TimerEvent: {}
[307.986161] (-) TimerEvent: {}
[308.086430] (-) TimerEvent: {}
[308.186691] (-) TimerEvent: {}
[308.286951] (-) TimerEvent: {}
[308.387292] (-) TimerEvent: {}
[308.487645] (-) TimerEvent: {}
[308.587992] (-) TimerEvent: {}
[308.688361] (-) TimerEvent: {}
[308.788613] (-) TimerEvent: {}
[308.888923] (-) TimerEvent: {}
[308.989159] (-) TimerEvent: {}
[309.089464] (-) TimerEvent: {}
[309.189745] (-) TimerEvent: {}
[309.289933] (-) TimerEvent: {}
[309.390167] (-) TimerEvent: {}
[309.490446] (-) TimerEvent: {}
[309.590742] (-) TimerEvent: {}
[309.691014] (-) TimerEvent: {}
[309.791271] (-) TimerEvent: {}
[309.891529] (-) TimerEvent: {}
[309.991782] (-) TimerEvent: {}
[310.092133] (-) TimerEvent: {}
[310.192404] (-) TimerEvent: {}
[310.292709] (-) TimerEvent: {}
[310.393064] (-) TimerEvent: {}
[310.493308] (-) TimerEvent: {}
[310.593544] (-) TimerEvent: {}
[310.693811] (-) TimerEvent: {}
[310.794078] (-) TimerEvent: {}
[310.894341] (-) TimerEvent: {}
[310.994591] (-) TimerEvent: {}
[311.094843] (-) TimerEvent: {}
[311.195163] (-) TimerEvent: {}
[311.295407] (-) TimerEvent: {}
[311.395710] (-) TimerEvent: {}
[311.495957] (-) TimerEvent: {}
[311.596237] (-) TimerEvent: {}
[311.696504] (-) TimerEvent: {}
[311.796774] (-) TimerEvent: {}
[311.897023] (-) TimerEvent: {}
[311.997262] (-) TimerEvent: {}
[312.097551] (-) TimerEvent: {}
[312.197889] (-) TimerEvent: {}
[312.298128] (-) TimerEvent: {}
[312.398408] (-) TimerEvent: {}
[312.498631] (-) TimerEvent: {}
[312.598888] (-) TimerEvent: {}
[312.699160] (-) TimerEvent: {}
[312.799450] (-) TimerEvent: {}
[312.899698] (-) TimerEvent: {}
[312.999929] (-) TimerEvent: {}
[313.100168] (-) TimerEvent: {}
[313.200466] (-) TimerEvent: {}
[313.300772] (-) TimerEvent: {}
[313.401113] (-) TimerEvent: {}
[313.501361] (-) TimerEvent: {}
[313.601661] (-) TimerEvent: {}
[313.702037] (-) TimerEvent: {}
[313.802337] (-) TimerEvent: {}
[313.902557] (-) TimerEvent: {}
[314.002916] (-) TimerEvent: {}
[314.103169] (-) TimerEvent: {}
[314.203469] (-) TimerEvent: {}
[314.303747] (-) TimerEvent: {}
[314.404080] (-) TimerEvent: {}
[314.504340] (-) TimerEvent: {}
[314.604651] (-) TimerEvent: {}
[314.704934] (-) TimerEvent: {}
[314.805236] (-) TimerEvent: {}
[314.905519] (-) TimerEvent: {}
[315.005804] (-) TimerEvent: {}
[315.106145] (-) TimerEvent: {}
[315.206431] (-) TimerEvent: {}
[315.306712] (-) TimerEvent: {}
[315.407005] (-) TimerEvent: {}
[315.507295] (-) TimerEvent: {}
[315.607552] (-) TimerEvent: {}
[315.707779] (-) TimerEvent: {}
[315.808063] (-) TimerEvent: {}
[315.908368] (-) TimerEvent: {}
[316.008695] (-) TimerEvent: {}
[316.109010] (-) TimerEvent: {}
[316.209295] (-) TimerEvent: {}
[316.309572] (-) TimerEvent: {}
[316.409830] (-) TimerEvent: {}
[316.510090] (-) TimerEvent: {}
[316.610357] (-) TimerEvent: {}
[316.710626] (-) TimerEvent: {}
[316.810894] (-) TimerEvent: {}
[316.911201] (-) TimerEvent: {}
[317.011490] (-) TimerEvent: {}
[317.111772] (-) TimerEvent: {}
[317.212032] (-) TimerEvent: {}
[317.312323] (-) TimerEvent: {}
[317.412638] (-) TimerEvent: {}
[317.512914] (-) TimerEvent: {}
[317.613162] (-) TimerEvent: {}
[317.713423] (-) TimerEvent: {}
[317.813709] (-) TimerEvent: {}
[317.913954] (-) TimerEvent: {}
[318.014214] (-) TimerEvent: {}
[318.114536] (-) TimerEvent: {}
[318.214794] (-) TimerEvent: {}
[318.315075] (-) TimerEvent: {}
[318.415315] (-) TimerEvent: {}
[318.515600] (-) TimerEvent: {}
[318.615845] (-) TimerEvent: {}
[318.716111] (-) TimerEvent: {}
[318.816384] (-) TimerEvent: {}
[318.916630] (-) TimerEvent: {}
[319.016891] (-) TimerEvent: {}
[319.117145] (-) TimerEvent: {}
[319.217422] (-) TimerEvent: {}
[319.317700] (-) TimerEvent: {}
[319.417976] (-) TimerEvent: {}
[319.518257] (-) TimerEvent: {}
[319.618563] (-) TimerEvent: {}
[319.718900] (-) TimerEvent: {}
[319.819143] (-) TimerEvent: {}
[319.919399] (-) TimerEvent: {}
[320.019713] (-) TimerEvent: {}
[320.120012] (-) TimerEvent: {}
[320.220259] (-) TimerEvent: {}
[320.320594] (-) TimerEvent: {}
[320.420860] (-) TimerEvent: {}
[320.521108] (-) TimerEvent: {}
[320.621378] (-) TimerEvent: {}
[320.721637] (-) TimerEvent: {}
[320.821935] (-) TimerEvent: {}
[320.922224] (-) TimerEvent: {}
[321.022487] (-) TimerEvent: {}
[321.122721] (-) TimerEvent: {}
[321.223000] (-) TimerEvent: {}
[321.323276] (-) TimerEvent: {}
[321.423504] (-) TimerEvent: {}
[321.523767] (-) TimerEvent: {}
[321.624000] (-) TimerEvent: {}
[321.724234] (-) TimerEvent: {}
[321.824488] (-) TimerEvent: {}
[321.924760] (-) TimerEvent: {}
[322.025021] (-) TimerEvent: {}
[322.125270] (-) TimerEvent: {}
[322.225568] (-) TimerEvent: {}
[322.325840] (-) TimerEvent: {}
[322.426161] (-) TimerEvent: {}
[322.526422] (-) TimerEvent: {}
[322.626651] (-) TimerEvent: {}
[322.726901] (-) TimerEvent: {}
[322.827139] (-) TimerEvent: {}
[322.927448] (-) TimerEvent: {}
[323.027708] (-) TimerEvent: {}
[323.127967] (-) TimerEvent: {}
[323.228191] (-) TimerEvent: {}
[323.328477] (-) TimerEvent: {}
[323.428787] (-) TimerEvent: {}
[323.529026] (-) TimerEvent: {}
[323.629345] (-) TimerEvent: {}
[323.729578] (-) TimerEvent: {}
[323.829814] (-) TimerEvent: {}
[323.930030] (-) TimerEvent: {}
[324.030264] (-) TimerEvent: {}
[324.130514] (-) TimerEvent: {}
[324.230778] (-) TimerEvent: {}
[324.331019] (-) TimerEvent: {}
[324.431276] (-) TimerEvent: {}
[324.531592] (-) TimerEvent: {}
[324.631858] (-) TimerEvent: {}
[324.732120] (-) TimerEvent: {}
[324.832386] (-) TimerEvent: {}
[324.932658] (-) TimerEvent: {}
[325.032940] (-) TimerEvent: {}
[325.133186] (-) TimerEvent: {}
[325.233447] (-) TimerEvent: {}
[325.333709] (-) TimerEvent: {}
[325.434039] (-) TimerEvent: {}
[325.534305] (-) TimerEvent: {}
[325.634532] (-) TimerEvent: {}
[325.734813] (-) TimerEvent: {}
[325.835091] (-) TimerEvent: {}
[325.935363] (-) TimerEvent: {}
[326.035617] (-) TimerEvent: {}
[326.135861] (-) TimerEvent: {}
[326.236114] (-) TimerEvent: {}
[326.336351] (-) TimerEvent: {}
[326.436573] (-) TimerEvent: {}
[326.536851] (-) TimerEvent: {}
[326.637083] (-) TimerEvent: {}
[326.737405] (-) TimerEvent: {}
[326.837677] (-) TimerEvent: {}
[326.937912] (-) TimerEvent: {}
[327.038152] (-) TimerEvent: {}
[327.138425] (-) TimerEvent: {}
[327.238688] (-) TimerEvent: {}
[327.339084] (-) TimerEvent: {}
[327.439319] (-) TimerEvent: {}
[327.539630] (-) TimerEvent: {}
[327.640029] (-) TimerEvent: {}
[327.740307] (-) TimerEvent: {}
[327.840560] (-) TimerEvent: {}
[327.940851] (-) TimerEvent: {}
[328.041160] (-) TimerEvent: {}
[328.141405] (-) TimerEvent: {}
[328.241686] (-) TimerEvent: {}
[328.342005] (-) TimerEvent: {}
[328.442261] (-) TimerEvent: {}
[328.542522] (-) TimerEvent: {}
[328.642787] (-) TimerEvent: {}
[328.743030] (-) TimerEvent: {}
[328.843292] (-) TimerEvent: {}
[328.943609] (-) TimerEvent: {}
[329.043840] (-) TimerEvent: {}
[329.144071] (-) TimerEvent: {}
[329.244340] (-) TimerEvent: {}
[329.344604] (-) TimerEvent: {}
[329.444910] (-) TimerEvent: {}
[329.545195] (-) TimerEvent: {}
[329.645470] (-) TimerEvent: {}
[329.745798] (-) TimerEvent: {}
[329.846061] (-) TimerEvent: {}
[329.946382] (-) TimerEvent: {}
[330.046620] (-) TimerEvent: {}
[330.146892] (-) TimerEvent: {}
[330.247147] (-) TimerEvent: {}
[330.347398] (-) TimerEvent: {}
[330.447695] (-) TimerEvent: {}
[330.547949] (-) TimerEvent: {}
[330.648194] (-) TimerEvent: {}
[330.748461] (-) TimerEvent: {}
[330.848726] (-) TimerEvent: {}
[330.948977] (-) TimerEvent: {}
[331.049213] (-) TimerEvent: {}
[331.149479] (-) TimerEvent: {}
[331.249756] (-) TimerEvent: {}
[331.350008] (-) TimerEvent: {}
[331.450257] (-) TimerEvent: {}
[331.550577] (-) TimerEvent: {}
[331.650846] (-) TimerEvent: {}
[331.751101] (-) TimerEvent: {}
[331.851408] (-) TimerEvent: {}
[331.951687] (-) TimerEvent: {}
[332.051952] (-) TimerEvent: {}
[332.152186] (-) TimerEvent: {}
[332.252452] (-) TimerEvent: {}
[332.352721] (-) TimerEvent: {}
[332.452948] (-) TimerEvent: {}
[332.553187] (-) TimerEvent: {}
[332.653439] (-) TimerEvent: {}
[332.753720] (-) TimerEvent: {}
[332.853971] (-) TimerEvent: {}
[332.954222] (-) TimerEvent: {}
[333.054533] (-) TimerEvent: {}
[333.154797] (-) TimerEvent: {}
[333.255063] (-) TimerEvent: {}
[333.355333] (-) TimerEvent: {}
[333.455584] (-) TimerEvent: {}
[333.555873] (-) TimerEvent: {}
[333.656116] (-) TimerEvent: {}
[333.756398] (-) TimerEvent: {}
[333.856669] (-) TimerEvent: {}
[333.956937] (-) TimerEvent: {}
[334.057177] (-) TimerEvent: {}
[334.157417] (-) TimerEvent: {}
[334.257657] (-) TimerEvent: {}
[334.357936] (-) TimerEvent: {}
[334.458248] (-) TimerEvent: {}
[334.558521] (-) TimerEvent: {}
[334.658831] (-) TimerEvent: {}
[334.759098] (-) TimerEvent: {}
[334.859365] (-) TimerEvent: {}
[334.959636] (-) TimerEvent: {}
[335.059904] (-) TimerEvent: {}
[335.160151] (-) TimerEvent: {}
[335.260424] (-) TimerEvent: {}
[335.360730] (-) TimerEvent: {}
[335.461006] (-) TimerEvent: {}
[335.561278] (-) TimerEvent: {}
[335.661578] (-) TimerEvent: {}
[335.761818] (-) TimerEvent: {}
[335.862072] (-) TimerEvent: {}
[335.962380] (-) TimerEvent: {}
[336.062656] (-) TimerEvent: {}
[336.162945] (-) TimerEvent: {}
[336.263185] (-) TimerEvent: {}
[336.363437] (-) TimerEvent: {}
[336.463714] (-) TimerEvent: {}
[336.563984] (-) TimerEvent: {}
[336.664222] (-) TimerEvent: {}
[336.764481] (-) TimerEvent: {}
[336.864766] (-) TimerEvent: {}
[336.965015] (-) TimerEvent: {}
[337.065246] (-) TimerEvent: {}
[337.165507] (-) TimerEvent: {}
[337.265796] (-) TimerEvent: {}
[337.366046] (-) TimerEvent: {}
[337.466316] (-) TimerEvent: {}
[337.566549] (-) TimerEvent: {}
[337.666802] (-) TimerEvent: {}
[337.767048] (-) TimerEvent: {}
[337.867302] (-) TimerEvent: {}
[337.967603] (-) TimerEvent: {}
[338.067865] (-) TimerEvent: {}
[338.168137] (-) TimerEvent: {}
[338.268399] (-) TimerEvent: {}
[338.368675] (-) TimerEvent: {}
[338.468988] (-) TimerEvent: {}
[338.569234] (-) TimerEvent: {}
[338.669510] (-) TimerEvent: {}
[338.769793] (-) TimerEvent: {}
[338.870174] (-) TimerEvent: {}
[338.970509] (-) TimerEvent: {}
[339.070832] (-) TimerEvent: {}
[339.171081] (-) TimerEvent: {}
[339.271331] (-) TimerEvent: {}
[339.371591] (-) TimerEvent: {}
[339.471844] (-) TimerEvent: {}
[339.572136] (-) TimerEvent: {}
[339.672476] (-) TimerEvent: {}
[339.772741] (-) TimerEvent: {}
[339.872940] (-) TimerEvent: {}
[339.973220] (-) TimerEvent: {}
[340.073477] (-) TimerEvent: {}
[340.173738] (-) TimerEvent: {}
[340.273964] (-) TimerEvent: {}
[340.374194] (-) TimerEvent: {}
[340.474448] (-) TimerEvent: {}
[340.574708] (-) TimerEvent: {}
[340.675036] (-) TimerEvent: {}
[340.775317] (-) TimerEvent: {}
[340.875580] (-) TimerEvent: {}
[340.975843] (-) TimerEvent: {}
[341.076083] (-) TimerEvent: {}
[341.176379] (-) TimerEvent: {}
[341.276653] (-) TimerEvent: {}
[341.376895] (-) TimerEvent: {}
[341.477209] (-) TimerEvent: {}
[341.577497] (-) TimerEvent: {}
[341.677750] (-) TimerEvent: {}
[341.778051] (-) TimerEvent: {}
[341.878304] (-) TimerEvent: {}
[341.978621] (-) TimerEvent: {}
[342.078951] (-) TimerEvent: {}
[342.179184] (-) TimerEvent: {}
[342.279443] (-) TimerEvent: {}
[342.379675] (-) TimerEvent: {}
[342.479978] (-) TimerEvent: {}
[342.580232] (-) TimerEvent: {}
[342.680512] (-) TimerEvent: {}
[342.780791] (-) TimerEvent: {}
[342.881052] (-) TimerEvent: {}
[342.981315] (-) TimerEvent: {}
[343.081707] (-) TimerEvent: {}
[343.181961] (-) TimerEvent: {}
[343.282208] (-) TimerEvent: {}
[343.382531] (-) TimerEvent: {}
[343.482963] (-) TimerEvent: {}
[343.583277] (-) TimerEvent: {}
[343.683546] (-) TimerEvent: {}
[343.783866] (-) TimerEvent: {}
[343.884108] (-) TimerEvent: {}
[343.984360] (-) TimerEvent: {}
[344.084624] (-) TimerEvent: {}
[344.184851] (-) TimerEvent: {}
[344.285088] (-) TimerEvent: {}
[344.385351] (-) TimerEvent: {}
[344.485622] (-) TimerEvent: {}
[344.585890] (-) TimerEvent: {}
[344.686140] (-) TimerEvent: {}
[344.786397] (-) TimerEvent: {}
[344.886634] (-) TimerEvent: {}
[344.986920] (-) TimerEvent: {}
[345.087166] (-) TimerEvent: {}
[345.187399] (-) TimerEvent: {}
[345.287648] (-) TimerEvent: {}
[345.387971] (-) TimerEvent: {}
[345.488296] (-) TimerEvent: {}
[345.588584] (-) TimerEvent: {}
[345.688854] (-) TimerEvent: {}
[345.789096] (-) TimerEvent: {}
[345.889333] (-) TimerEvent: {}
[345.989571] (-) TimerEvent: {}
[346.089845] (-) TimerEvent: {}
[346.190088] (-) TimerEvent: {}
[346.290359] (-) TimerEvent: {}
[346.390747] (-) TimerEvent: {}
[346.490989] (-) TimerEvent: {}
[346.591249] (-) TimerEvent: {}
[346.691545] (-) TimerEvent: {}
[346.791810] (-) TimerEvent: {}
[346.892053] (-) TimerEvent: {}
[346.992289] (-) TimerEvent: {}
[347.092570] (-) TimerEvent: {}
[347.192811] (-) TimerEvent: {}
[347.293085] (-) TimerEvent: {}
[347.393475] (-) TimerEvent: {}
[347.493811] (-) TimerEvent: {}
[347.594057] (-) TimerEvent: {}
[347.694292] (-) TimerEvent: {}
[347.794563] (-) TimerEvent: {}
[347.894809] (-) TimerEvent: {}
[347.995125] (-) TimerEvent: {}
[348.095417] (-) TimerEvent: {}
[348.195665] (-) TimerEvent: {}
[348.295910] (-) TimerEvent: {}
[348.396167] (-) TimerEvent: {}
[348.496442] (-) TimerEvent: {}
[348.596714] (-) TimerEvent: {}
[348.696934] (-) TimerEvent: {}
[348.797170] (-) TimerEvent: {}
[348.897444] (-) TimerEvent: {}
[348.997753] (-) TimerEvent: {}
[349.097990] (-) TimerEvent: {}
[349.198220] (-) TimerEvent: {}
[349.298515] (-) TimerEvent: {}
[349.398781] (-) TimerEvent: {}
[349.499075] (-) TimerEvent: {}
[349.599323] (-) TimerEvent: {}
[349.699602] (-) TimerEvent: {}
[349.799845] (-) TimerEvent: {}
[349.900094] (-) TimerEvent: {}
[350.000359] (-) TimerEvent: {}
[350.100621] (-) TimerEvent: {}
[350.200942] (-) TimerEvent: {}
[350.301184] (-) TimerEvent: {}
[350.401450] (-) TimerEvent: {}
[350.501752] (-) TimerEvent: {}
[350.602003] (-) TimerEvent: {}
[350.702278] (-) TimerEvent: {}
[350.802560] (-) TimerEvent: {}
[350.902829] (-) TimerEvent: {}
[351.003091] (-) TimerEvent: {}
[351.103342] (-) TimerEvent: {}
[351.203576] (-) TimerEvent: {}
[351.303844] (-) TimerEvent: {}
[351.404103] (-) TimerEvent: {}
[351.504389] (-) TimerEvent: {}
[351.604645] (-) TimerEvent: {}
[351.704938] (-) TimerEvent: {}
[351.805181] (-) TimerEvent: {}
[351.905512] (-) TimerEvent: {}
[352.005774] (-) TimerEvent: {}
[352.106117] (-) TimerEvent: {}
[352.206407] (-) TimerEvent: {}
[352.306624] (-) TimerEvent: {}
[352.406896] (-) TimerEvent: {}
[352.507196] (-) TimerEvent: {}
[352.607473] (-) TimerEvent: {}
[352.707747] (-) TimerEvent: {}
[352.807938] (-) TimerEvent: {}
[352.908176] (-) TimerEvent: {}
[353.008456] (-) TimerEvent: {}
[353.108713] (-) TimerEvent: {}
[353.209062] (-) TimerEvent: {}
[353.309330] (-) TimerEvent: {}
[353.409608] (-) TimerEvent: {}
[353.509855] (-) TimerEvent: {}
[353.610154] (-) TimerEvent: {}
[353.710444] (-) TimerEvent: {}
[353.810711] (-) TimerEvent: {}
[353.910970] (-) TimerEvent: {}
[354.011227] (-) TimerEvent: {}
[354.111510] (-) TimerEvent: {}
[354.211781] (-) TimerEvent: {}
[354.312028] (-) TimerEvent: {}
[354.412285] (-) TimerEvent: {}
[354.512581] (-) TimerEvent: {}
[354.612842] (-) TimerEvent: {}
[354.713099] (-) TimerEvent: {}
[354.813376] (-) TimerEvent: {}
[354.913667] (-) TimerEvent: {}
[355.013983] (-) TimerEvent: {}
[355.114264] (-) TimerEvent: {}
[355.214537] (-) TimerEvent: {}
[355.314860] (-) TimerEvent: {}
[355.415111] (-) TimerEvent: {}
[355.515382] (-) TimerEvent: {}
[355.615660] (-) TimerEvent: {}
[355.715932] (-) TimerEvent: {}
[355.816203] (-) TimerEvent: {}
[355.916466] (-) TimerEvent: {}
[356.016727] (-) TimerEvent: {}
[356.116970] (-) TimerEvent: {}
[356.217213] (-) TimerEvent: {}
[356.317516] (-) TimerEvent: {}
[356.417715] (-) TimerEvent: {}
[356.517995] (-) TimerEvent: {}
[356.618300] (-) TimerEvent: {}
[356.718648] (-) TimerEvent: {}
[356.818959] (-) TimerEvent: {}
[356.919298] (-) TimerEvent: {}
[357.019564] (-) TimerEvent: {}
[357.119856] (-) TimerEvent: {}
[357.220155] (-) TimerEvent: {}
[357.320510] (-) TimerEvent: {}
[357.420856] (-) TimerEvent: {}
[357.521123] (-) TimerEvent: {}
[357.621456] (-) TimerEvent: {}
[357.721743] (-) TimerEvent: {}
[357.821993] (-) TimerEvent: {}
[357.922341] (-) TimerEvent: {}
[358.022642] (-) TimerEvent: {}
[358.122984] (-) TimerEvent: {}
[358.223242] (-) TimerEvent: {}
[358.323499] (-) TimerEvent: {}
[358.423771] (-) TimerEvent: {}
[358.524094] (-) TimerEvent: {}
[358.624356] (-) TimerEvent: {}
[358.724621] (-) TimerEvent: {}
[358.824909] (-) TimerEvent: {}
[358.925240] (-) TimerEvent: {}
[359.025499] (-) TimerEvent: {}
[359.125761] (-) TimerEvent: {}
[359.226000] (-) TimerEvent: {}
[359.326259] (-) TimerEvent: {}
[359.426565] (-) TimerEvent: {}
[359.526833] (-) TimerEvent: {}
[359.627079] (-) TimerEvent: {}
[359.727331] (-) TimerEvent: {}
[359.827612] (-) TimerEvent: {}
[359.927936] (-) TimerEvent: {}
[360.028221] (-) TimerEvent: {}
[360.128484] (-) TimerEvent: {}
[360.228786] (-) TimerEvent: {}
[360.329028] (-) TimerEvent: {}
[360.429273] (-) TimerEvent: {}
[360.529537] (-) TimerEvent: {}
[360.629792] (-) TimerEvent: {}
[360.730093] (-) TimerEvent: {}
[360.830408] (-) TimerEvent: {}
[360.930687] (-) TimerEvent: {}
[361.030943] (-) TimerEvent: {}
[361.131169] (-) TimerEvent: {}
[361.231477] (-) TimerEvent: {}
[361.331733] (-) TimerEvent: {}
[361.431954] (-) TimerEvent: {}
[361.532247] (-) TimerEvent: {}
[361.632514] (-) TimerEvent: {}
[361.732767] (-) TimerEvent: {}
[361.833052] (-) TimerEvent: {}
[361.933324] (-) TimerEvent: {}
[362.033571] (-) TimerEvent: {}
[362.133843] (-) TimerEvent: {}
[362.234073] (-) TimerEvent: {}
[362.334341] (-) TimerEvent: {}
[362.434588] (-) TimerEvent: {}
[362.534871] (-) TimerEvent: {}
[362.635117] (-) TimerEvent: {}
[362.735375] (-) TimerEvent: {}
[362.835659] (-) TimerEvent: {}
[362.935890] (-) TimerEvent: {}
[363.036117] (-) TimerEvent: {}
[363.136374] (-) TimerEvent: {}
[363.236638] (-) TimerEvent: {}
[363.336954] (-) TimerEvent: {}
[363.437200] (-) TimerEvent: {}
[363.537471] (-) TimerEvent: {}
[363.637711] (-) TimerEvent: {}
[363.737935] (-) TimerEvent: {}
[363.838226] (-) TimerEvent: {}
[363.938463] (-) TimerEvent: {}
[364.038711] (-) TimerEvent: {}
[364.138979] (-) TimerEvent: {}
[364.239266] (-) TimerEvent: {}
[364.339510] (-) TimerEvent: {}
[364.439760] (-) TimerEvent: {}
[364.540007] (-) TimerEvent: {}
[364.640266] (-) TimerEvent: {}
[364.740531] (-) TimerEvent: {}
[364.840831] (-) TimerEvent: {}
[364.941111] (-) TimerEvent: {}
[365.041395] (-) TimerEvent: {}
[365.141648] (-) TimerEvent: {}
[365.241972] (-) TimerEvent: {}
[365.342208] (-) TimerEvent: {}
[365.442507] (-) TimerEvent: {}
[365.542776] (-) TimerEvent: {}
[365.643082] (-) TimerEvent: {}
[365.743355] (-) TimerEvent: {}
[365.843596] (-) TimerEvent: {}
[365.943865] (-) TimerEvent: {}
[366.044141] (-) TimerEvent: {}
[366.144411] (-) TimerEvent: {}
[366.244662] (-) TimerEvent: {}
[366.344933] (-) TimerEvent: {}
[366.445187] (-) TimerEvent: {}
[366.545433] (-) TimerEvent: {}
[366.645703] (-) TimerEvent: {}
[366.745957] (-) TimerEvent: {}
[366.846260] (-) TimerEvent: {}
[366.946504] (-) TimerEvent: {}
[367.046753] (-) TimerEvent: {}
[367.146998] (-) TimerEvent: {}
[367.247268] (-) TimerEvent: {}
[367.347530] (-) TimerEvent: {}
[367.447795] (-) TimerEvent: {}
[367.548048] (-) TimerEvent: {}
[367.648319] (-) TimerEvent: {}
[367.748591] (-) TimerEvent: {}
[367.848859] (-) TimerEvent: {}
[367.949092] (-) TimerEvent: {}
[368.049342] (-) TimerEvent: {}
[368.149619] (-) TimerEvent: {}
[368.249991] (-) TimerEvent: {}
[368.350298] (-) TimerEvent: {}
[368.450547] (-) TimerEvent: {}
[368.550798] (-) TimerEvent: {}
[368.651040] (-) TimerEvent: {}
[368.751277] (-) TimerEvent: {}
[368.851537] (-) TimerEvent: {}
[368.951812] (-) TimerEvent: {}
[369.052058] (-) TimerEvent: {}
[369.152331] (-) TimerEvent: {}
[369.252657] (-) TimerEvent: {}
[369.352938] (-) TimerEvent: {}
[369.453230] (-) TimerEvent: {}
[369.553496] (-) TimerEvent: {}
[369.653756] (-) TimerEvent: {}
[369.753989] (-) TimerEvent: {}
[369.854219] (-) TimerEvent: {}
[369.954472] (-) TimerEvent: {}
[370.054744] (-) TimerEvent: {}
[370.155065] (-) TimerEvent: {}
[370.255364] (-) TimerEvent: {}
[370.355654] (-) TimerEvent: {}
[370.456009] (-) TimerEvent: {}
[370.556363] (-) TimerEvent: {}
[370.656628] (-) TimerEvent: {}
[370.756897] (-) TimerEvent: {}
[370.857136] (-) TimerEvent: {}
[370.957527] (-) TimerEvent: {}
[371.057794] (-) TimerEvent: {}
[371.158035] (-) TimerEvent: {}
[371.258293] (-) TimerEvent: {}
[371.358535] (-) TimerEvent: {}
[371.458770] (-) TimerEvent: {}
[371.559067] (-) TimerEvent: {}
[371.659340] (-) TimerEvent: {}
[371.759608] (-) TimerEvent: {}
[371.859879] (-) TimerEvent: {}
[371.960123] (-) TimerEvent: {}
[372.060418] (-) TimerEvent: {}
[372.160677] (-) TimerEvent: {}
[372.260940] (-) TimerEvent: {}
[372.361185] (-) TimerEvent: {}
[372.461431] (-) TimerEvent: {}
[372.561730] (-) TimerEvent: {}
[372.661978] (-) TimerEvent: {}
[372.762298] (-) TimerEvent: {}
[372.862540] (-) TimerEvent: {}
[372.962813] (-) TimerEvent: {}
[373.063053] (-) TimerEvent: {}
[373.163374] (-) TimerEvent: {}
[373.263764] (-) TimerEvent: {}
[373.364023] (-) TimerEvent: {}
[373.464319] (-) TimerEvent: {}
[373.564681] (-) TimerEvent: {}
[373.664943] (-) TimerEvent: {}
[373.765186] (-) TimerEvent: {}
[373.865528] (-) TimerEvent: {}
[373.965871] (-) TimerEvent: {}
[374.066119] (-) TimerEvent: {}
[374.166386] (-) TimerEvent: {}
[374.266636] (-) TimerEvent: {}
[374.367013] (-) TimerEvent: {}
[374.467273] (-) TimerEvent: {}
[374.567548] (-) TimerEvent: {}
[374.667829] (-) TimerEvent: {}
[374.768116] (-) TimerEvent: {}
[374.868388] (-) TimerEvent: {}
[374.968710] (-) TimerEvent: {}
[375.069084] (-) TimerEvent: {}
[375.169358] (-) TimerEvent: {}
[375.269613] (-) TimerEvent: {}
[375.369860] (-) TimerEvent: {}
[375.470096] (-) TimerEvent: {}
[375.570386] (-) TimerEvent: {}
[375.670683] (-) TimerEvent: {}
[375.770974] (-) TimerEvent: {}
[375.871247] (-) TimerEvent: {}
[375.971515] (-) TimerEvent: {}
[376.071830] (-) TimerEvent: {}
[376.172170] (-) TimerEvent: {}
[376.272486] (-) TimerEvent: {}
[376.372765] (-) TimerEvent: {}
[376.473083] (-) TimerEvent: {}
[376.573479] (-) TimerEvent: {}
[376.673755] (-) TimerEvent: {}
[376.773998] (-) TimerEvent: {}
[376.874240] (-) TimerEvent: {}
[376.974526] (-) TimerEvent: {}
[377.074763] (-) TimerEvent: {}
[377.175009] (-) TimerEvent: {}
[377.275319] (-) TimerEvent: {}
[377.375578] (-) TimerEvent: {}
[377.475948] (-) TimerEvent: {}
[377.576196] (-) TimerEvent: {}
[377.676477] (-) TimerEvent: {}
[377.776739] (-) TimerEvent: {}
[377.876940] (-) TimerEvent: {}
[377.977182] (-) TimerEvent: {}
[378.077429] (-) TimerEvent: {}
[378.177700] (-) TimerEvent: {}
[378.277972] (-) TimerEvent: {}
[378.378214] (-) TimerEvent: {}
[378.478525] (-) TimerEvent: {}
[378.578801] (-) TimerEvent: {}
[378.679042] (-) TimerEvent: {}
[378.779281] (-) TimerEvent: {}
[378.879513] (-) TimerEvent: {}
[378.979773] (-) TimerEvent: {}
[379.080020] (-) TimerEvent: {}
[379.180265] (-) TimerEvent: {}
[379.280538] (-) TimerEvent: {}
[379.380799] (-) TimerEvent: {}
[379.481037] (-) TimerEvent: {}
[379.581281] (-) TimerEvent: {}
[379.681523] (-) TimerEvent: {}
[379.781785] (-) TimerEvent: {}
[379.882020] (-) TimerEvent: {}
[379.982254] (-) TimerEvent: {}
[380.082523] (-) TimerEvent: {}
[380.182914] (-) TimerEvent: {}
[380.283164] (-) TimerEvent: {}
[380.383426] (-) TimerEvent: {}
[380.483692] (-) TimerEvent: {}
[380.583957] (-) TimerEvent: {}
[380.684198] (-) TimerEvent: {}
[380.784454] (-) TimerEvent: {}
[380.884728] (-) TimerEvent: {}
[380.984955] (-) TimerEvent: {}
[381.085200] (-) TimerEvent: {}
[381.185525] (-) TimerEvent: {}
[381.285754] (-) TimerEvent: {}
[381.386008] (-) TimerEvent: {}
[381.486262] (-) TimerEvent: {}
[381.586492] (-) TimerEvent: {}
[381.686787] (-) TimerEvent: {}
[381.787136] (-) TimerEvent: {}
[381.887414] (-) TimerEvent: {}
[381.987730] (-) TimerEvent: {}
[382.087955] (-) TimerEvent: {}
[382.188240] (-) TimerEvent: {}
[382.288477] (-) TimerEvent: {}
[382.388735] (-) TimerEvent: {}
[382.488952] (-) TimerEvent: {}
[382.589308] (-) TimerEvent: {}
[382.689587] (-) TimerEvent: {}
[382.789859] (-) TimerEvent: {}
[382.890103] (-) TimerEvent: {}
[382.990380] (-) TimerEvent: {}
[383.090646] (-) TimerEvent: {}
[383.190926] (-) TimerEvent: {}
[383.291231] (-) TimerEvent: {}
[383.391512] (-) TimerEvent: {}
[383.491804] (-) TimerEvent: {}
[383.592112] (-) TimerEvent: {}
[383.692437] (-) TimerEvent: {}
[383.792676] (-) TimerEvent: {}
[383.892985] (-) TimerEvent: {}
[383.993253] (-) TimerEvent: {}
[384.093527] (-) TimerEvent: {}
[384.193768] (-) TimerEvent: {}
[384.294045] (-) TimerEvent: {}
[384.394293] (-) TimerEvent: {}
[384.494555] (-) TimerEvent: {}
[384.594792] (-) TimerEvent: {}
[384.695042] (-) TimerEvent: {}
[384.795320] (-) TimerEvent: {}
[384.895629] (-) TimerEvent: {}
[384.995886] (-) TimerEvent: {}
[385.096156] (-) TimerEvent: {}
[385.196435] (-) TimerEvent: {}
[385.296701] (-) TimerEvent: {}
[385.397025] (-) TimerEvent: {}
[385.497270] (-) TimerEvent: {}
[385.597534] (-) TimerEvent: {}
[385.697805] (-) TimerEvent: {}
[385.798069] (-) TimerEvent: {}
[385.898310] (-) TimerEvent: {}
[385.998588] (-) TimerEvent: {}
[386.098851] (-) TimerEvent: {}
[386.199126] (-) TimerEvent: {}
[386.299364] (-) TimerEvent: {}
[386.399714] (-) TimerEvent: {}
[386.500074] (-) TimerEvent: {}
[386.600329] (-) TimerEvent: {}
[386.700617] (-) TimerEvent: {}
[386.800927] (-) TimerEvent: {}
[386.901190] (-) TimerEvent: {}
[387.001477] (-) TimerEvent: {}
[387.101747] (-) TimerEvent: {}
[387.201997] (-) TimerEvent: {}
[387.302250] (-) TimerEvent: {}
[387.402508] (-) TimerEvent: {}
[387.502820] (-) TimerEvent: {}
[387.603076] (-) TimerEvent: {}
[387.703337] (-) TimerEvent: {}
[387.803660] (-) TimerEvent: {}
[387.903910] (-) TimerEvent: {}
[388.004165] (-) TimerEvent: {}
[388.104446] (-) TimerEvent: {}
[388.204716] (-) TimerEvent: {}
[388.304971] (-) TimerEvent: {}
[388.405212] (-) TimerEvent: {}
[388.505498] (-) TimerEvent: {}
[388.605735] (-) TimerEvent: {}
[388.705976] (-) TimerEvent: {}
[388.806217] (-) TimerEvent: {}
[388.906485] (-) TimerEvent: {}
[389.006718] (-) TimerEvent: {}
[389.106943] (-) TimerEvent: {}
[389.207262] (-) TimerEvent: {}
[389.307532] (-) TimerEvent: {}
[389.407858] (-) TimerEvent: {}
[389.508176] (-) TimerEvent: {}
[389.608455] (-) TimerEvent: {}
[389.708780] (-) TimerEvent: {}
[389.809035] (-) TimerEvent: {}
[389.909296] (-) TimerEvent: {}
[390.009556] (-) TimerEvent: {}
[390.109848] (-) TimerEvent: {}
[390.210102] (-) TimerEvent: {}
[390.310373] (-) TimerEvent: {}
[390.410634] (-) TimerEvent: {}
[390.511005] (-) TimerEvent: {}
[390.611344] (-) TimerEvent: {}
[390.711690] (-) TimerEvent: {}
[390.812089] (-) TimerEvent: {}
[390.912438] (-) TimerEvent: {}
[391.012721] (-) TimerEvent: {}
[391.113026] (-) TimerEvent: {}
[391.213336] (-) TimerEvent: {}
[391.313687] (-) TimerEvent: {}
[391.414042] (-) TimerEvent: {}
[391.514385] (-) TimerEvent: {}
[391.614706] (-) TimerEvent: {}
[391.715035] (-) TimerEvent: {}
[391.815368] (-) TimerEvent: {}
[391.915780] (-) TimerEvent: {}
[392.016134] (-) TimerEvent: {}
[392.116456] (-) TimerEvent: {}
[392.216841] (-) TimerEvent: {}
[392.317256] (-) TimerEvent: {}
[392.417579] (-) TimerEvent: {}
[392.517839] (-) TimerEvent: {}
[392.618177] (-) TimerEvent: {}
[392.718476] (-) TimerEvent: {}
[392.818714] (-) TimerEvent: {}
[392.919029] (-) TimerEvent: {}
[393.019274] (-) TimerEvent: {}
[393.119587] (-) TimerEvent: {}
[393.219908] (-) TimerEvent: {}
[393.320259] (-) TimerEvent: {}
[393.420515] (-) TimerEvent: {}
[393.520863] (-) TimerEvent: {}
[393.621121] (-) TimerEvent: {}
[393.721367] (-) TimerEvent: {}
[393.821591] (-) TimerEvent: {}
[393.921924] (-) TimerEvent: {}
[394.022272] (-) TimerEvent: {}
[394.122609] (-) TimerEvent: {}
[394.222958] (-) TimerEvent: {}
[394.323242] (-) TimerEvent: {}
[394.423564] (-) TimerEvent: {}
[394.523838] (-) TimerEvent: {}
[394.624175] (-) TimerEvent: {}
[394.724435] (-) TimerEvent: {}
[394.824695] (-) TimerEvent: {}
[394.924932] (-) TimerEvent: {}
[395.025154] (-) TimerEvent: {}
[395.125414] (-) TimerEvent: {}
[395.225771] (-) TimerEvent: {}
[395.326111] (-) TimerEvent: {}
[395.426394] (-) TimerEvent: {}
[395.526661] (-) TimerEvent: {}
[395.626944] (-) TimerEvent: {}
[395.727248] (-) TimerEvent: {}
[395.827505] (-) TimerEvent: {}
[395.927899] (-) TimerEvent: {}
[396.028154] (-) TimerEvent: {}
[396.128435] (-) TimerEvent: {}
[396.228686] (-) TimerEvent: {}
[396.282697] (micro_ros_agent) StderrLine: {'line': b'HEAD is now at eb322062 Bump version to 1.9.2\n'}
[396.316292] (micro_ros_agent) StdoutLine: {'line': b"[ 12%] \x1b[34m\x1b[1mPerforming update step for 'spdlog'\x1b[0m\n"}
[396.328808] (-) TimerEvent: {}
[396.333122] (micro_ros_agent) StdoutLine: {'line': b"[ 18%] \x1b[34m\x1b[1mNo patch step for 'spdlog'\x1b[0m\n"}
[396.350556] (micro_ros_agent) StdoutLine: {'line': b"[ 25%] \x1b[34m\x1b[1mPerforming configure step for 'spdlog'\x1b[0m\n"}
[396.357474] (micro_ros_agent) StdoutLine: {'line': b'loading initial cache file /home/mouha/crazyflie/ros2_ws/build/micro_ros_agent/agent/src/xrceagent-build/spdlog/tmp/spdlog-cache-.cmake\n'}
[396.399103] (micro_ros_agent) StdoutLine: {'line': b'-- The CXX compiler identification is GNU 13.3.0\n'}
[396.410254] (micro_ros_agent) StdoutLine: {'line': b'-- Detecting CXX compiler ABI info\n'}
[396.428942] (-) TimerEvent: {}
[396.478968] (micro_ros_agent) StdoutLine: {'line': b'-- Detecting CXX compiler ABI info - done\n'}
[396.485630] (micro_ros_agent) StdoutLine: {'line': b'-- Check for working CXX compiler: /usr/bin/c++ - skipped\n'}
[396.485755] (micro_ros_agent) StdoutLine: {'line': b'-- Detecting CXX compile features\n'}
[396.486116] (micro_ros_agent) StdoutLine: {'line': b'-- Detecting CXX compile features - done\n'}
[396.486511] (micro_ros_agent) StdoutLine: {'line': b'-- Build spdlog: 1.9.2\n'}
[396.489117] (micro_ros_agent) StdoutLine: {'line': b'-- Performing Test CMAKE_HAVE_LIBC_PTHREAD\n'}
[396.529048] (-) TimerEvent: {}
[396.558281] (micro_ros_agent) StdoutLine: {'line': b'-- Performing Test CMAKE_HAVE_LIBC_PTHREAD - Success\n'}
[396.558915] (micro_ros_agent) StdoutLine: {'line': b'-- Found Threads: TRUE  \n'}
[396.559006] (micro_ros_agent) StdoutLine: {'line': b'-- Build type: Release\n'}
[396.559534] (micro_ros_agent) StdoutLine: {'line': b'-- Generating example(s)\n'}
[396.560021] (micro_ros_agent) StdoutLine: {'line': b'-- Generating install\n'}
[396.566724] (micro_ros_agent) StdoutLine: {'line': b'-- Configuring done (0.2s)\n'}
[396.571198] (micro_ros_agent) StdoutLine: {'line': b'-- Generating done (0.0s)\n'}
[396.571624] (micro_ros_agent) StdoutLine: {'line': b'-- Build files have been written to: /home/mouha/crazyflie/ros2_ws/build/micro_ros_agent/agent/src/xrceagent-build/spdlog/src/spdlog-build\n'}
[396.585611] (micro_ros_agent) StdoutLine: {'line': b"[ 31%] \x1b[34m\x1b[1mPerforming build step for 'spdlog'\x1b[0m\n"}
[396.613526] (micro_ros_agent) StdoutLine: {'line': b'[ 20%] \x1b[32mBuilding CXX object CMakeFiles/spdlog.dir/src/spdlog.cpp.o\x1b[0m\n'}
[396.613780] (micro_ros_agent) StdoutLine: {'line': b'[ 20%] \x1b[32mBuilding CXX object CMakeFiles/spdlog.dir/src/file_sinks.cpp.o\x1b[0m\n'}
[396.613877] (micro_ros_agent) StdoutLine: {'line': b'[ 30%] \x1b[32mBuilding CXX object CMakeFiles/spdlog.dir/src/cfg.cpp.o\x1b[0m\n'}
[396.613969] (micro_ros_agent) StdoutLine: {'line': b'[ 40%] \x1b[32mBuilding CXX object CMakeFiles/spdlog.dir/src/fmt.cpp.o\x1b[0m\n'}
[396.614782] (micro_ros_agent) StdoutLine: {'line': b'[ 50%] \x1b[32mBuilding CXX object CMakeFiles/spdlog.dir/src/color_sinks.cpp.o\x1b[0m\n'}
[396.614984] (micro_ros_agent) StdoutLine: {'line': b'[ 60%] \x1b[32mBuilding CXX object CMakeFiles/spdlog.dir/src/stdout_sinks.cpp.o\x1b[0m\n'}
[396.615583] (micro_ros_agent) StdoutLine: {'line': b'[ 70%] \x1b[32mBuilding CXX object CMakeFiles/spdlog.dir/src/async.cpp.o\x1b[0m\n'}
[396.629151] (-) TimerEvent: {}
[396.729450] (-) TimerEvent: {}
[396.829784] (-) TimerEvent: {}
[396.930111] (-) TimerEvent: {}
[397.030474] (-) TimerEvent: {}
[397.130795] (-) TimerEvent: {}
[397.231133] (-) TimerEvent: {}
[397.331466] (-) TimerEvent: {}
[397.431847] (-) TimerEvent: {}
[397.532139] (-) TimerEvent: {}
[397.632470] (-) TimerEvent: {}
[397.732804] (-) TimerEvent: {}
[397.833142] (-) TimerEvent: {}
[397.933437] (-) TimerEvent: {}
[398.033754] (-) TimerEvent: {}
[398.134010] (-) TimerEvent: {}
[398.234315] (-) TimerEvent: {}
[398.334566] (-) TimerEvent: {}
[398.434814] (-) TimerEvent: {}
[398.535109] (-) TimerEvent: {}
[398.635362] (-) TimerEvent: {}
[398.735648] (-) TimerEvent: {}
[398.835907] (-) TimerEvent: {}
[398.936201] (-) TimerEvent: {}
[399.036456] (-) TimerEvent: {}
[399.136720] (-) TimerEvent: {}
[399.237039] (-) TimerEvent: {}
[399.337345] (-) TimerEvent: {}
[399.437606] (-) TimerEvent: {}
[399.537849] (-) TimerEvent: {}
[399.638144] (-) TimerEvent: {}
[399.738388] (-) TimerEvent: {}
[399.838676] (-) TimerEvent: {}
[399.938986] (-) TimerEvent: {}
[400.039222] (-) TimerEvent: {}
[400.139473] (-) TimerEvent: {}
[400.239770] (-) TimerEvent: {}
[400.340085] (-) TimerEvent: {}
[400.440379] (-) TimerEvent: {}
[400.540688] (-) TimerEvent: {}
[400.640938] (-) TimerEvent: {}
[400.741163] (-) TimerEvent: {}
[400.841466] (-) TimerEvent: {}
[400.941714] (-) TimerEvent: {}
[401.042007] (-) TimerEvent: {}
[401.142284] (-) TimerEvent: {}
[401.242649] (-) TimerEvent: {}
[401.342958] (-) TimerEvent: {}
[401.443281] (-) TimerEvent: {}
[401.543596] (-) TimerEvent: {}
[401.643858] (-) TimerEvent: {}
[401.684535] (micro_ros_agent) StdoutLine: {'line': b'[ 80%] \x1b[32m\x1b[1mLinking CXX static library libspdlog.a\x1b[0m\n'}
[401.732666] (micro_ros_agent) StdoutLine: {'line': b'[ 80%] Built target spdlog\n'}
[401.743961] (-) TimerEvent: {}
[401.747266] (micro_ros_agent) StdoutLine: {'line': b'[ 90%] \x1b[32mBuilding CXX object example/CMakeFiles/example.dir/example.cpp.o\x1b[0m\n'}
[401.844057] (-) TimerEvent: {}
[401.944375] (-) TimerEvent: {}
[402.044660] (-) TimerEvent: {}
[402.144906] (-) TimerEvent: {}
[402.245215] (-) TimerEvent: {}
[402.345496] (-) TimerEvent: {}
[402.445749] (-) TimerEvent: {}
[402.546030] (-) TimerEvent: {}
[402.646282] (-) TimerEvent: {}
[402.746540] (-) TimerEvent: {}
[402.846783] (-) TimerEvent: {}
[402.947094] (-) TimerEvent: {}
[403.047340] (-) TimerEvent: {}
[403.147587] (-) TimerEvent: {}
[403.247877] (-) TimerEvent: {}
[403.348163] (-) TimerEvent: {}
[403.448401] (-) TimerEvent: {}
[403.548683] (-) TimerEvent: {}
[403.649008] (-) TimerEvent: {}
[403.749283] (-) TimerEvent: {}
[403.849582] (-) TimerEvent: {}
[403.949893] (-) TimerEvent: {}
[404.050121] (-) TimerEvent: {}
[404.150374] (-) TimerEvent: {}
[404.250692] (-) TimerEvent: {}
[404.350990] (-) TimerEvent: {}
[404.451298] (-) TimerEvent: {}
[404.551546] (-) TimerEvent: {}
[404.637221] (micro_ros_agent) StdoutLine: {'line': b'[100%] \x1b[32m\x1b[1mLinking CXX executable example\x1b[0m\n'}
[404.651658] (-) TimerEvent: {}
[404.697842] (micro_ros_agent) StdoutLine: {'line': b'[100%] Built target example\n'}
[404.717472] (micro_ros_agent) StdoutLine: {'line': b"[ 37%] \x1b[34m\x1b[1mPerforming install step for 'spdlog'\x1b[0m\n"}
[404.751063] (micro_ros_agent) StdoutLine: {'line': b'[ 80%] Built target spdlog\n'}
[404.751751] (-) TimerEvent: {}
[404.767355] (micro_ros_agent) StdoutLine: {'line': b'[100%] Built target example\n'}
[404.779720] (micro_ros_agent) StdoutLine: {'line': b'\x1b[36mInstall the project...\x1b[0m\n'}
[404.785453] (micro_ros_agent) StdoutLine: {'line': b'-- Install configuration: "Release"\n'}
[404.785661] (micro_ros_agent) StdoutLine: {'line': b'-- Installing: /home/mouha/crazyflie/ros2_ws/build/micro_ros_agent/agent/src/xrceagent-build/temp_install/spdlog-1.9.2/include\n'}
[404.785828] (micro_ros_agent) StdoutLine: {'line': b'-- Installing: /home/mouha/crazyflie/ros2_ws/build/micro_ros_agent/agent/src/xrceagent-build/temp_install/spdlog-1.9.2/include/spdlog\n'}
[404.785925] (micro_ros_agent) StdoutLine: {'line': b'-- Installing: /home/mouha/crazyflie/ros2_ws/build/micro_ros_agent/agent/src/xrceagent-build/temp_install/spdlog-1.9.2/include/spdlog/common.h\n'}
[404.786008] (micro_ros_agent) StdoutLine: {'line': b'-- Installing: /home/mouha/crazyflie/ros2_ws/build/micro_ros_agent/agent/src/xrceagent-build/temp_install/spdlog-1.9.2/include/spdlog/cfg\n'}
[404.786093] (micro_ros_agent) StdoutLine: {'line': b'-- Installing: /home/mouha/crazyflie/ros2_ws/build/micro_ros_agent/agent/src/xrceagent-build/temp_install/spdlog-1.9.2/include/spdlog/cfg/helpers.h\n'}
[404.786165] (micro_ros_agent) StdoutLine: {'line': b'-- Installing: /home/mouha/crazyflie/ros2_ws/build/micro_ros_agent/agent/src/xrceagent-build/temp_install/spdlog-1.9.2/include/spdlog/cfg/argv.h\n'}
[404.786241] (micro_ros_agent) StdoutLine: {'line': b'-- Installing: /home/mouha/crazyflie/ros2_ws/build/micro_ros_agent/agent/src/xrceagent-build/temp_install/spdlog-1.9.2/include/spdlog/cfg/helpers-inl.h\n'}
[404.786319] (micro_ros_agent) StdoutLine: {'line': b'-- Installing: /home/mouha/crazyflie/ros2_ws/build/micro_ros_agent/agent/src/xrceagent-build/temp_install/spdlog-1.9.2/include/spdlog/cfg/env.h\n'}
[404.786391] (micro_ros_agent) StdoutLine: {'line': b'-- Installing: /home/mouha/crazyflie/ros2_ws/build/micro_ros_agent/agent/src/xrceagent-build/temp_install/spdlog-1.9.2/include/spdlog/common-inl.h\n'}
[404.786494] (micro_ros_agent) StdoutLine: {'line': b'-- Installing: /home/mouha/crazyflie/ros2_ws/build/micro_ros_agent/agent/src/xrceagent-build/temp_install/spdlog-1.9.2/include/spdlog/logger.h\n'}
[404.786596] (micro_ros_agent) StdoutLine: {'line': b'-- Installing: /home/mouha/crazyflie/ros2_ws/build/micro_ros_agent/agent/src/xrceagent-build/temp_install/spdlog-1.9.2/include/spdlog/version.h\n'}
[404.786692] (micro_ros_agent) StdoutLine: {'line': b'-- Installing: /home/mouha/crazyflie/ros2_ws/build/micro_ros_agent/agent/src/xrceagent-build/temp_install/spdlog-1.9.2/include/spdlog/fwd.h\n'}
[404.786790] (micro_ros_agent) StdoutLine: {'line': b'-- Installing: /home/mouha/crazyflie/ros2_ws/build/micro_ros_agent/agent/src/xrceagent-build/temp_install/spdlog-1.9.2/include/spdlog/pattern_formatter.h\n'}
[404.786889] (micro_ros_agent) StdoutLine: {'line': b'-- Installing: /home/mouha/crazyflie/ros2_ws/build/micro_ros_agent/agent/src/xrceagent-build/temp_install/spdlog-1.9.2/include/spdlog/async.h\n'}
[404.786994] (micro_ros_agent) StdoutLine: {'line': b'-- Installing: /home/mouha/crazyflie/ros2_ws/build/micro_ros_agent/agent/src/xrceagent-build/temp_install/spdlog-1.9.2/include/spdlog/details\n'}
[404.787109] (micro_ros_agent) StdoutLine: {'line': b'-- Installing: /home/mouha/crazyflie/ros2_ws/build/micro_ros_agent/agent/src/xrceagent-build/temp_install/spdlog-1.9.2/include/spdlog/details/file_helper-inl.h\n'}
[404.787206] (micro_ros_agent) StdoutLine: {'line': b'-- Installing: /home/mouha/crazyflie/ros2_ws/build/micro_ros_agent/agent/src/xrceagent-build/temp_install/spdlog-1.9.2/include/spdlog/details/periodic_worker-inl.h\n'}
[404.787302] (micro_ros_agent) StdoutLine: {'line': b'-- Installing: /home/mouha/crazyflie/ros2_ws/build/micro_ros_agent/agent/src/xrceagent-build/temp_install/spdlog-1.9.2/include/spdlog/details/fmt_helper.h\n'}
[404.787399] (micro_ros_agent) StdoutLine: {'line': b'-- Installing: /home/mouha/crazyflie/ros2_ws/build/micro_ros_agent/agent/src/xrceagent-build/temp_install/spdlog-1.9.2/include/spdlog/details/console_globals.h\n'}
[404.787501] (micro_ros_agent) StdoutLine: {'line': b'-- Installing: /home/mouha/crazyflie/ros2_ws/build/micro_ros_agent/agent/src/xrceagent-build/temp_install/spdlog-1.9.2/include/spdlog/details/thread_pool.h\n'}
[404.787594] (micro_ros_agent) StdoutLine: {'line': b'-- Installing: /home/mouha/crazyflie/ros2_ws/build/micro_ros_agent/agent/src/xrceagent-build/temp_install/spdlog-1.9.2/include/spdlog/details/null_mutex.h\n'}
[404.787691] (micro_ros_agent) StdoutLine: {'line': b'-- Installing: /home/mouha/crazyflie/ros2_ws/build/micro_ros_agent/agent/src/xrceagent-build/temp_install/spdlog-1.9.2/include/spdlog/details/tcp_client-windows.h\n'}
[404.787788] (micro_ros_agent) StdoutLine: {'line': b'-- Installing: /home/mouha/crazyflie/ros2_ws/build/micro_ros_agent/agent/src/xrceagent-build/temp_install/spdlog-1.9.2/include/spdlog/details/mpmc_blocking_q.h\n'}
[404.787895] (micro_ros_agent) StdoutLine: {'line': b'-- Installing: /home/mouha/crazyflie/ros2_ws/build/micro_ros_agent/agent/src/xrceagent-build/temp_install/spdlog-1.9.2/include/spdlog/details/log_msg_buffer.h\n'}
[404.788003] (micro_ros_agent) StdoutLine: {'line': b'-- Installing: /home/mouha/crazyflie/ros2_ws/build/micro_ros_agent/agent/src/xrceagent-build/temp_install/spdlog-1.9.2/include/spdlog/details/file_helper.h\n'}
[404.788104] (micro_ros_agent) StdoutLine: {'line': b'-- Installing: /home/mouha/crazyflie/ros2_ws/build/micro_ros_agent/agent/src/xrceagent-build/temp_install/spdlog-1.9.2/include/spdlog/details/circular_q.h\n'}
[404.788202] (micro_ros_agent) StdoutLine: {'line': b'-- Installing: /home/mouha/crazyflie/ros2_ws/build/micro_ros_agent/agent/src/xrceagent-build/temp_install/spdlog-1.9.2/include/spdlog/details/synchronous_factory.h\n'}
[404.788298] (micro_ros_agent) StdoutLine: {'line': b'-- Installing: /home/mouha/crazyflie/ros2_ws/build/micro_ros_agent/agent/src/xrceagent-build/temp_install/spdlog-1.9.2/include/spdlog/details/thread_pool-inl.h\n'}
[404.788395] (micro_ros_agent) StdoutLine: {'line': b'-- Installing: /home/mouha/crazyflie/ros2_ws/build/micro_ros_agent/agent/src/xrceagent-build/temp_install/spdlog-1.9.2/include/spdlog/details/registry-inl.h\n'}
[404.788495] (micro_ros_agent) StdoutLine: {'line': b'-- Installing: /home/mouha/crazyflie/ros2_ws/build/micro_ros_agent/agent/src/xrceagent-build/temp_install/spdlog-1.9.2/include/spdlog/details/windows_include.h\n'}
[404.788593] (micro_ros_agent) StdoutLine: {'line': b'-- Installing: /home/mouha/crazyflie/ros2_ws/build/micro_ros_agent/agent/src/xrceagent-build/temp_install/spdlog-1.9.2/include/spdlog/details/os.h\n'}
[404.788689] (micro_ros_agent) StdoutLine: {'line': b'-- Installing: /home/mouha/crazyflie/ros2_ws/build/micro_ros_agent/agent/src/xrceagent-build/temp_install/spdlog-1.9.2/include/spdlog/details/log_msg_buffer-inl.h\n'}
[404.788786] (micro_ros_agent) StdoutLine: {'line': b'-- Installing: /home/mouha/crazyflie/ros2_ws/build/micro_ros_agent/agent/src/xrceagent-build/temp_install/spdlog-1.9.2/include/spdlog/details/os-inl.h\n'}
[404.788886] (micro_ros_agent) StdoutLine: {'line': b'-- Installing: /home/mouha/crazyflie/ros2_ws/build/micro_ros_agent/agent/src/xrceagent-build/temp_install/spdlog-1.9.2/include/spdlog/details/log_msg.h\n'}
[404.788982] (micro_ros_agent) StdoutLine: {'line': b'-- Installing: /home/mouha/crazyflie/ros2_ws/build/micro_ros_agent/agent/src/xrceagent-build/temp_install/spdlog-1.9.2/include/spdlog/details/periodic_worker.h\n'}
[404.789081] (micro_ros_agent) StdoutLine: {'line': b'-- Installing: /home/mouha/crazyflie/ros2_ws/build/micro_ros_agent/agent/src/xrceagent-build/temp_install/spdlog-1.9.2/include/spdlog/details/tcp_client.h\n'}
[404.789178] (micro_ros_agent) StdoutLine: {'line': b'-- Installing: /home/mouha/crazyflie/ros2_ws/build/micro_ros_agent/agent/src/xrceagent-build/temp_install/spdlog-1.9.2/include/spdlog/details/registry.h\n'}
[404.789274] (micro_ros_agent) StdoutLine: {'line': b'-- Installing: /home/mouha/crazyflie/ros2_ws/build/micro_ros_agent/agent/src/xrceagent-build/temp_install/spdlog-1.9.2/include/spdlog/details/backtracer-inl.h\n'}
[404.789373] (micro_ros_agent) StdoutLine: {'line': b'-- Installing: /home/mouha/crazyflie/ros2_ws/build/micro_ros_agent/agent/src/xrceagent-build/temp_install/spdlog-1.9.2/include/spdlog/details/log_msg-inl.h\n'}
[404.789469] (micro_ros_agent) StdoutLine: {'line': b'-- Installing: /home/mouha/crazyflie/ros2_ws/build/micro_ros_agent/agent/src/xrceagent-build/temp_install/spdlog-1.9.2/include/spdlog/details/backtracer.h\n'}
[404.789572] (micro_ros_agent) StdoutLine: {'line': b'-- Installing: /home/mouha/crazyflie/ros2_ws/build/micro_ros_agent/agent/src/xrceagent-build/temp_install/spdlog-1.9.2/include/spdlog/formatter.h\n'}
[404.789670] (micro_ros_agent) StdoutLine: {'line': b'-- Installing: /home/mouha/crazyflie/ros2_ws/build/micro_ros_agent/agent/src/xrceagent-build/temp_install/spdlog-1.9.2/include/spdlog/async_logger.h\n'}
[404.789761] (micro_ros_agent) StdoutLine: {'line': b'-- Installing: /home/mouha/crazyflie/ros2_ws/build/micro_ros_agent/agent/src/xrceagent-build/temp_install/spdlog-1.9.2/include/spdlog/spdlog.h\n'}
[404.789853] (micro_ros_agent) StdoutLine: {'line': b'-- Installing: /home/mouha/crazyflie/ros2_ws/build/micro_ros_agent/agent/src/xrceagent-build/temp_install/spdlog-1.9.2/include/spdlog/pattern_formatter-inl.h\n'}
[404.789944] (micro_ros_agent) StdoutLine: {'line': b'-- Installing: /home/mouha/crazyflie/ros2_ws/build/micro_ros_agent/agent/src/xrceagent-build/temp_install/spdlog-1.9.2/include/spdlog/spdlog-inl.h\n'}
[404.790030] (micro_ros_agent) StdoutLine: {'line': b'-- Installing: /home/mouha/crazyflie/ros2_ws/build/micro_ros_agent/agent/src/xrceagent-build/temp_install/spdlog-1.9.2/include/spdlog/sinks\n'}
[404.790115] (micro_ros_agent) StdoutLine: {'line': b'-- Installing: /home/mouha/crazyflie/ros2_ws/build/micro_ros_agent/agent/src/xrceagent-build/temp_install/spdlog-1.9.2/include/spdlog/sinks/dist_sink.h\n'}
[404.790203] (micro_ros_agent) StdoutLine: {'line': b'-- Installing: /home/mouha/crazyflie/ros2_ws/build/micro_ros_agent/agent/src/xrceagent-build/temp_install/spdlog-1.9.2/include/spdlog/sinks/sink.h\n'}
[404.790288] (micro_ros_agent) StdoutLine: {'line': b'-- Installing: /home/mouha/crazyflie/ros2_ws/build/micro_ros_agent/agent/src/xrceagent-build/temp_install/spdlog-1.9.2/include/spdlog/sinks/ostream_sink.h\n'}
[404.790373] (micro_ros_agent) StdoutLine: {'line': b'-- Installing: /home/mouha/crazyflie/ros2_ws/build/micro_ros_agent/agent/src/xrceagent-build/temp_install/spdlog-1.9.2/include/spdlog/sinks/rotating_file_sink.h\n'}
[404.790458] (micro_ros_agent) StdoutLine: {'line': b'-- Installing: /home/mouha/crazyflie/ros2_ws/build/micro_ros_agent/agent/src/xrceagent-build/temp_install/spdlog-1.9.2/include/spdlog/sinks/rotating_file_sink-inl.h\n'}
[404.790551] (micro_ros_agent) StdoutLine: {'line': b'-- Installing: /home/mouha/crazyflie/ros2_ws/build/micro_ros_agent/agent/src/xrceagent-build/temp_install/spdlog-1.9.2/include/spdlog/sinks/stdout_sinks.h\n'}
[404.790649] (micro_ros_agent) StdoutLine: {'line': b'-- Installing: /home/mouha/crazyflie/ros2_ws/build/micro_ros_agent/agent/src/xrceagent-build/temp_install/spdlog-1.9.2/include/spdlog/sinks/mongo_sink.h\n'}
[404.790740] (micro_ros_agent) StdoutLine: {'line': b'-- Installing: /home/mouha/crazyflie/ros2_ws/build/micro_ros_agent/agent/src/xrceagent-build/temp_install/spdlog-1.9.2/include/spdlog/sinks/stdout_sinks-inl.h\n'}
[404.790836] (micro_ros_agent) StdoutLine: {'line': b'-- Installing: /home/mouha/crazyflie/ros2_ws/build/micro_ros_agent/agent/src/xrceagent-build/temp_install/spdlog-1.9.2/include/spdlog/sinks/base_sink-inl.h\n'}
[404.790938] (micro_ros_agent) StdoutLine: {'line': b'-- Installing: /home/mouha/crazyflie/ros2_ws/build/micro_ros_agent/agent/src/xrceagent-build/temp_install/spdlog-1.9.2/include/spdlog/sinks/wincolor_sink.h\n'}
[404.791038] (micro_ros_agent) StdoutLine: {'line': b'-- Installing: /home/mouha/crazyflie/ros2_ws/build/micro_ros_agent/agent/src/xrceagent-build/temp_install/spdlog-1.9.2/include/spdlog/sinks/stdout_color_sinks-inl.h\n'}
[404.791128] (micro_ros_agent) StdoutLine: {'line': b'-- Installing: /home/mouha/crazyflie/ros2_ws/build/micro_ros_agent/agent/src/xrceagent-build/temp_install/spdlog-1.9.2/include/spdlog/sinks/basic_file_sink-inl.h\n'}
[404.791217] (micro_ros_agent) StdoutLine: {'line': b'-- Installing: /home/mouha/crazyflie/ros2_ws/build/micro_ros_agent/agent/src/xrceagent-build/temp_install/spdlog-1.9.2/include/spdlog/sinks/basic_file_sink.h\n'}
[404.791310] (micro_ros_agent) StdoutLine: {'line': b'-- Installing: /home/mouha/crazyflie/ros2_ws/build/micro_ros_agent/agent/src/xrceagent-build/temp_install/spdlog-1.9.2/include/spdlog/sinks/systemd_sink.h\n'}
[404.791400] (micro_ros_agent) StdoutLine: {'line': b'-- Installing: /home/mouha/crazyflie/ros2_ws/build/micro_ros_agent/agent/src/xrceagent-build/temp_install/spdlog-1.9.2/include/spdlog/sinks/wincolor_sink-inl.h\n'}
[404.791483] (micro_ros_agent) StdoutLine: {'line': b'-- Installing: /home/mouha/crazyflie/ros2_ws/build/micro_ros_agent/agent/src/xrceagent-build/temp_install/spdlog-1.9.2/include/spdlog/sinks/sink-inl.h\n'}
[404.791578] (micro_ros_agent) StdoutLine: {'line': b'-- Installing: /home/mouha/crazyflie/ros2_ws/build/micro_ros_agent/agent/src/xrceagent-build/temp_install/spdlog-1.9.2/include/spdlog/sinks/tcp_sink.h\n'}
[404.791666] (micro_ros_agent) StdoutLine: {'line': b'-- Installing: /home/mouha/crazyflie/ros2_ws/build/micro_ros_agent/agent/src/xrceagent-build/temp_install/spdlog-1.9.2/include/spdlog/sinks/base_sink.h\n'}
[404.791759] (micro_ros_agent) StdoutLine: {'line': b'-- Installing: /home/mouha/crazyflie/ros2_ws/build/micro_ros_agent/agent/src/xrceagent-build/temp_install/spdlog-1.9.2/include/spdlog/sinks/ansicolor_sink.h\n'}
[404.791843] (micro_ros_agent) StdoutLine: {'line': b'-- Installing: /home/mouha/crazyflie/ros2_ws/build/micro_ros_agent/agent/src/xrceagent-build/temp_install/spdlog-1.9.2/include/spdlog/sinks/win_eventlog_sink.h\n'}
[404.791944] (micro_ros_agent) StdoutLine: {'line': b'-- Installing: /home/mouha/crazyflie/ros2_ws/build/micro_ros_agent/agent/src/xrceagent-build/temp_install/spdlog-1.9.2/include/spdlog/sinks/ringbuffer_sink.h\n'}
[404.792028] (micro_ros_agent) StdoutLine: {'line': b'-- Installing: /home/mouha/crazyflie/ros2_ws/build/micro_ros_agent/agent/src/xrceagent-build/temp_install/spdlog-1.9.2/include/spdlog/sinks/msvc_sink.h\n'}
[404.792115] (micro_ros_agent) StdoutLine: {'line': b'-- Installing: /home/mouha/crazyflie/ros2_ws/build/micro_ros_agent/agent/src/xrceagent-build/temp_install/spdlog-1.9.2/include/spdlog/sinks/daily_file_sink.h\n'}
[404.792201] (micro_ros_agent) StdoutLine: {'line': b'-- Installing: /home/mouha/crazyflie/ros2_ws/build/micro_ros_agent/agent/src/xrceagent-build/temp_install/spdlog-1.9.2/include/spdlog/sinks/stdout_color_sinks.h\n'}
[404.792286] (micro_ros_agent) StdoutLine: {'line': b'-- Installing: /home/mouha/crazyflie/ros2_ws/build/micro_ros_agent/agent/src/xrceagent-build/temp_install/spdlog-1.9.2/include/spdlog/sinks/ansicolor_sink-inl.h\n'}
[404.792372] (micro_ros_agent) StdoutLine: {'line': b'-- Installing: /home/mouha/crazyflie/ros2_ws/build/micro_ros_agent/agent/src/xrceagent-build/temp_install/spdlog-1.9.2/include/spdlog/sinks/qt_sinks.h\n'}
[404.792458] (micro_ros_agent) StdoutLine: {'line': b'-- Installing: /home/mouha/crazyflie/ros2_ws/build/micro_ros_agent/agent/src/xrceagent-build/temp_install/spdlog-1.9.2/include/spdlog/sinks/dup_filter_sink.h\n'}
[404.792543] (micro_ros_agent) StdoutLine: {'line': b'-- Installing: /home/mouha/crazyflie/ros2_ws/build/micro_ros_agent/agent/src/xrceagent-build/temp_install/spdlog-1.9.2/include/spdlog/sinks/android_sink.h\n'}
[404.792629] (micro_ros_agent) StdoutLine: {'line': b'-- Installing: /home/mouha/crazyflie/ros2_ws/build/micro_ros_agent/agent/src/xrceagent-build/temp_install/spdlog-1.9.2/include/spdlog/sinks/syslog_sink.h\n'}
[404.792714] (micro_ros_agent) StdoutLine: {'line': b'-- Installing: /home/mouha/crazyflie/ros2_ws/build/micro_ros_agent/agent/src/xrceagent-build/temp_install/spdlog-1.9.2/include/spdlog/sinks/null_sink.h\n'}
[404.792798] (micro_ros_agent) StdoutLine: {'line': b'-- Installing: /home/mouha/crazyflie/ros2_ws/build/micro_ros_agent/agent/src/xrceagent-build/temp_install/spdlog-1.9.2/include/spdlog/sinks/hourly_file_sink.h\n'}
[404.792893] (micro_ros_agent) StdoutLine: {'line': b'-- Installing: /home/mouha/crazyflie/ros2_ws/build/micro_ros_agent/agent/src/xrceagent-build/temp_install/spdlog-1.9.2/include/spdlog/tweakme.h\n'}
[404.792984] (micro_ros_agent) StdoutLine: {'line': b'-- Installing: /home/mouha/crazyflie/ros2_ws/build/micro_ros_agent/agent/src/xrceagent-build/temp_install/spdlog-1.9.2/include/spdlog/stopwatch.h\n'}
[404.793070] (micro_ros_agent) StdoutLine: {'line': b'-- Installing: /home/mouha/crazyflie/ros2_ws/build/micro_ros_agent/agent/src/xrceagent-build/temp_install/spdlog-1.9.2/include/spdlog/async_logger-inl.h\n'}
[404.793157] (micro_ros_agent) StdoutLine: {'line': b'-- Installing: /home/mouha/crazyflie/ros2_ws/build/micro_ros_agent/agent/src/xrceagent-build/temp_install/spdlog-1.9.2/include/spdlog/logger-inl.h\n'}
[404.793243] (micro_ros_agent) StdoutLine: {'line': b'-- Installing: /home/mouha/crazyflie/ros2_ws/build/micro_ros_agent/agent/src/xrceagent-build/temp_install/spdlog-1.9.2/include/spdlog/fmt\n'}
[404.793329] (micro_ros_agent) StdoutLine: {'line': b'-- Installing: /home/mouha/crazyflie/ros2_ws/build/micro_ros_agent/agent/src/xrceagent-build/temp_install/spdlog-1.9.2/include/spdlog/fmt/bin_to_hex.h\n'}
[404.793415] (micro_ros_agent) StdoutLine: {'line': b'-- Installing: /home/mouha/crazyflie/ros2_ws/build/micro_ros_agent/agent/src/xrceagent-build/temp_install/spdlog-1.9.2/include/spdlog/fmt/compile.h\n'}
[404.793500] (micro_ros_agent) StdoutLine: {'line': b'-- Installing: /home/mouha/crazyflie/ros2_ws/build/micro_ros_agent/agent/src/xrceagent-build/temp_install/spdlog-1.9.2/include/spdlog/fmt/chrono.h\n'}
[404.793586] (micro_ros_agent) StdoutLine: {'line': b'-- Installing: /home/mouha/crazyflie/ros2_ws/build/micro_ros_agent/agent/src/xrceagent-build/temp_install/spdlog-1.9.2/include/spdlog/fmt/xchar.h\n'}
[404.793675] (micro_ros_agent) StdoutLine: {'line': b'-- Installing: /home/mouha/crazyflie/ros2_ws/build/micro_ros_agent/agent/src/xrceagent-build/temp_install/spdlog-1.9.2/include/spdlog/fmt/fmt.h\n'}
[404.793760] (micro_ros_agent) StdoutLine: {'line': b'-- Installing: /home/mouha/crazyflie/ros2_ws/build/micro_ros_agent/agent/src/xrceagent-build/temp_install/spdlog-1.9.2/include/spdlog/fmt/ostr.h\n'}
[404.793845] (micro_ros_agent) StdoutLine: {'line': b'-- Installing: /home/mouha/crazyflie/ros2_ws/build/micro_ros_agent/agent/src/xrceagent-build/temp_install/spdlog-1.9.2/lib/libspdlog.a\n'}
[404.793935] (micro_ros_agent) StdoutLine: {'line': b'-- Installing: /home/mouha/crazyflie/ros2_ws/build/micro_ros_agent/agent/src/xrceagent-build/temp_install/spdlog-1.9.2/include/spdlog/fmt/bundled/\n'}
[404.794020] (micro_ros_agent) StdoutLine: {'line': b'-- Installing: /home/mouha/crazyflie/ros2_ws/build/micro_ros_agent/agent/src/xrceagent-build/temp_install/spdlog-1.9.2/include/spdlog/fmt/bundled//ostream.h\n'}
[404.794112] (micro_ros_agent) StdoutLine: {'line': b'-- Installing: /home/mouha/crazyflie/ros2_ws/build/micro_ros_agent/agent/src/xrceagent-build/temp_install/spdlog-1.9.2/include/spdlog/fmt/bundled//compile.h\n'}
[404.794199] (micro_ros_agent) StdoutLine: {'line': b'-- Installing: /home/mouha/crazyflie/ros2_ws/build/micro_ros_agent/agent/src/xrceagent-build/temp_install/spdlog-1.9.2/include/spdlog/fmt/bundled//color.h\n'}
[404.794284] (micro_ros_agent) StdoutLine: {'line': b'-- Installing: /home/mouha/crazyflie/ros2_ws/build/micro_ros_agent/agent/src/xrceagent-build/temp_install/spdlog-1.9.2/include/spdlog/fmt/bundled//chrono.h\n'}
[404.794370] (micro_ros_agent) StdoutLine: {'line': b'-- Installing: /home/mouha/crazyflie/ros2_ws/build/micro_ros_agent/agent/src/xrceagent-build/temp_install/spdlog-1.9.2/include/spdlog/fmt/bundled//core.h\n'}
[404.794455] (micro_ros_agent) StdoutLine: {'line': b'-- Installing: /home/mouha/crazyflie/ros2_ws/build/micro_ros_agent/agent/src/xrceagent-build/temp_install/spdlog-1.9.2/include/spdlog/fmt/bundled//printf.h\n'}
[404.794540] (micro_ros_agent) StdoutLine: {'line': b'-- Installing: /home/mouha/crazyflie/ros2_ws/build/micro_ros_agent/agent/src/xrceagent-build/temp_install/spdlog-1.9.2/include/spdlog/fmt/bundled//xchar.h\n'}
[404.794625] (micro_ros_agent) StdoutLine: {'line': b'-- Installing: /home/mouha/crazyflie/ros2_ws/build/micro_ros_agent/agent/src/xrceagent-build/temp_install/spdlog-1.9.2/include/spdlog/fmt/bundled//args.h\n'}
[404.794710] (micro_ros_agent) StdoutLine: {'line': b'-- Installing: /home/mouha/crazyflie/ros2_ws/build/micro_ros_agent/agent/src/xrceagent-build/temp_install/spdlog-1.9.2/include/spdlog/fmt/bundled//format.h\n'}
[404.794796] (micro_ros_agent) StdoutLine: {'line': b'-- Installing: /home/mouha/crazyflie/ros2_ws/build/micro_ros_agent/agent/src/xrceagent-build/temp_install/spdlog-1.9.2/include/spdlog/fmt/bundled//format-inl.h\n'}
[404.794885] (micro_ros_agent) StdoutLine: {'line': b'-- Installing: /home/mouha/crazyflie/ros2_ws/build/micro_ros_agent/agent/src/xrceagent-build/temp_install/spdlog-1.9.2/include/spdlog/fmt/bundled//os.h\n'}
[404.794971] (micro_ros_agent) StdoutLine: {'line': b'-- Installing: /home/mouha/crazyflie/ros2_ws/build/micro_ros_agent/agent/src/xrceagent-build/temp_install/spdlog-1.9.2/include/spdlog/fmt/bundled//locale.h\n'}
[404.795056] (micro_ros_agent) StdoutLine: {'line': b'-- Installing: /home/mouha/crazyflie/ros2_ws/build/micro_ros_agent/agent/src/xrceagent-build/temp_install/spdlog-1.9.2/include/spdlog/fmt/bundled//ranges.h\n'}
[404.795141] (micro_ros_agent) StdoutLine: {'line': b'-- Installing: /home/mouha/crazyflie/ros2_ws/build/micro_ros_agent/agent/src/xrceagent-build/temp_install/spdlog-1.9.2/lib/pkgconfig/spdlog.pc\n'}
[404.795230] (micro_ros_agent) StdoutLine: {'line': b'-- Installing: /home/mouha/crazyflie/ros2_ws/build/micro_ros_agent/agent/src/xrceagent-build/temp_install/spdlog-1.9.2/lib/cmake/spdlog/spdlogConfigTargets.cmake\n'}
[404.795319] (micro_ros_agent) StdoutLine: {'line': b'-- Installing: /home/mouha/crazyflie/ros2_ws/build/micro_ros_agent/agent/src/xrceagent-build/temp_install/spdlog-1.9.2/lib/cmake/spdlog/spdlogConfigTargets-release.cmake\n'}
[404.795406] (micro_ros_agent) StdoutLine: {'line': b'-- Installing: /home/mouha/crazyflie/ros2_ws/build/micro_ros_agent/agent/src/xrceagent-build/temp_install/spdlog-1.9.2/lib/cmake/spdlog/spdlogConfig.cmake\n'}
[404.795490] (micro_ros_agent) StdoutLine: {'line': b'-- Installing: /home/mouha/crazyflie/ros2_ws/build/micro_ros_agent/agent/src/xrceagent-build/temp_install/spdlog-1.9.2/lib/cmake/spdlog/spdlogConfigVersion.cmake\n'}
[404.804703] (micro_ros_agent) StdoutLine: {'line': b"[ 43%] \x1b[34m\x1b[1mCompleted 'spdlog'\x1b[0m\n"}
[404.826607] (micro_ros_agent) StdoutLine: {'line': b'[ 50%] Built target spdlog\n'}
[404.840360] (micro_ros_agent) StdoutLine: {'line': b"[ 56%] \x1b[34m\x1b[1mCreating directories for 'uagent'\x1b[0m\n"}
[404.851860] (-) TimerEvent: {}
[404.857628] (micro_ros_agent) StdoutLine: {'line': b"[ 62%] \x1b[34m\x1b[1mNo download step for 'uagent'\x1b[0m\n"}
[404.873987] (micro_ros_agent) StdoutLine: {'line': b"[ 68%] \x1b[34m\x1b[1mNo update step for 'uagent'\x1b[0m\n"}
[404.890229] (micro_ros_agent) StdoutLine: {'line': b"[ 75%] \x1b[34m\x1b[1mNo patch step for 'uagent'\x1b[0m\n"}
[404.907658] (micro_ros_agent) StdoutLine: {'line': b"[ 81%] \x1b[34m\x1b[1mPerforming configure step for 'uagent'\x1b[0m\n"}
[404.913659] (micro_ros_agent) StdoutLine: {'line': b'loading initial cache file /home/mouha/crazyflie/ros2_ws/build/micro_ros_agent/agent/src/xrceagent-build/uagent-prefix/tmp/uagent-cache-.cmake\n'}
[404.917575] (micro_ros_agent) StdoutLine: {'line': b"-- Setting build type to 'Release' as none was specified.\n"}
[404.928170] (micro_ros_agent) StdoutLine: {'line': b'-- Found TinyXML2: /usr/lib/x86_64-linux-gnu/cmake/tinyxml2\n'}
[404.952049] (-) TimerEvent: {}
[404.969098] (micro_ros_agent) StdoutLine: {'line': b'-- Found OpenSSL: /usr/lib/x86_64-linux-gnu/libcrypto.so (found version "3.0.13")  \n'}
[404.972597] (micro_ros_agent) StdoutLine: {'line': b'-- Performing Test CMAKE_HAVE_LIBC_PTHREAD\n'}
[405.036824] (micro_ros_agent) StdoutLine: {'line': b'-- Performing Test CMAKE_HAVE_LIBC_PTHREAD - Success\n'}
[405.037520] (micro_ros_agent) StdoutLine: {'line': b'-- Found Threads: TRUE  \n'}
[405.040636] (micro_ros_agent) StdoutLine: {'line': b'-- Configuring done (0.1s)\n'}
[405.047950] (micro_ros_agent) StdoutLine: {'line': b'-- Generating done (0.0s)\n'}
[405.048371] (micro_ros_agent) StdoutLine: {'line': b'-- Build files have been written to: /home/mouha/crazyflie/ros2_ws/build/micro_ros_agent/agent/src/xrceagent-build\n'}
[405.052132] (-) TimerEvent: {}
[405.064388] (micro_ros_agent) StdoutLine: {'line': b"[ 87%] \x1b[34m\x1b[1mPerforming build step for 'uagent'\x1b[0m\n"}
[405.096949] (micro_ros_agent) StdoutLine: {'line': b'[  2%] \x1b[32mBuilding CXX object CMakeFiles/microxrcedds_agent.dir/src/cpp/Root.cpp.o\x1b[0m\n'}
[405.097200] (micro_ros_agent) StdoutLine: {'line': b'[  4%] \x1b[32mBuilding CXX object CMakeFiles/microxrcedds_agent.dir/src/cpp/AgentInstance.cpp.o\x1b[0m\n'}
[405.097292] (micro_ros_agent) StdoutLine: {'line': b'[  7%] \x1b[32mBuilding CXX object CMakeFiles/microxrcedds_agent.dir/src/cpp/processor/Processor.cpp.o\x1b[0m\n'}
[405.098540] (micro_ros_agent) StdoutLine: {'line': b'[  9%] \x1b[32mBuilding CXX object CMakeFiles/microxrcedds_agent.dir/src/cpp/publisher/Publisher.cpp.o\x1b[0m\n'}
[405.098758] (micro_ros_agent) StdoutLine: {'line': b'[ 11%] \x1b[32mBuilding CXX object CMakeFiles/microxrcedds_agent.dir/src/cpp/participant/Participant.cpp.o\x1b[0m\n'}
[405.098860] (micro_ros_agent) StdoutLine: {'line': b'[ 14%] \x1b[32mBuilding CXX object CMakeFiles/microxrcedds_agent.dir/src/cpp/client/ProxyClient.cpp.o\x1b[0m\n'}
[405.098962] (micro_ros_agent) StdoutLine: {'line': b'[ 16%] \x1b[32mBuilding CXX object CMakeFiles/microxrcedds_agent.dir/src/cpp/datawriter/DataWriter.cpp.o\x1b[0m\n'}
[405.099050] (micro_ros_agent) StdoutLine: {'line': b'[ 19%] \x1b[32mBuilding CXX object CMakeFiles/microxrcedds_agent.dir/src/cpp/topic/Topic.cpp.o\x1b[0m\n'}
[405.100837] (micro_ros_agent) StdoutLine: {'line': b'[ 23%] \x1b[32mBuilding CXX object CMakeFiles/microxrcedds_agent.dir/src/cpp/requester/Requester.cpp.o\x1b[0m\n'}
[405.101072] (micro_ros_agent) StdoutLine: {'line': b'[ 23%] \x1b[32mBuilding CXX object CMakeFiles/microxrcedds_agent.dir/src/cpp/subscriber/Subscriber.cpp.o\x1b[0m\n'}
[405.101245] (micro_ros_agent) StdoutLine: {'line': b'[ 26%] \x1b[32mBuilding CXX object CMakeFiles/microxrcedds_agent.dir/src/cpp/Agent.cpp.o\x1b[0m\n'}
[405.106476] (micro_ros_agent) StdoutLine: {'line': b'[ 28%] \x1b[32mBuilding CXX object CMakeFiles/microxrcedds_agent.dir/src/cpp/datareader/DataReader.cpp.o\x1b[0m\n'}
[405.152959] (-) TimerEvent: {}
[405.253313] (-) TimerEvent: {}
[405.353659] (-) TimerEvent: {}
[405.456141] (-) TimerEvent: {}
[405.556597] (-) TimerEvent: {}
[405.659414] (-) TimerEvent: {}
[405.759962] (-) TimerEvent: {}
[405.862757] (-) TimerEvent: {}
[405.963114] (-) TimerEvent: {}
[406.063471] (-) TimerEvent: {}
[406.163971] (-) TimerEvent: {}
[406.264966] (-) TimerEvent: {}
[406.367970] (-) TimerEvent: {}
[406.394547] (micro_ros_agent) StdoutLine: {'line': b'[ 30%] \x1b[32mBuilding CXX object CMakeFiles/microxrcedds_agent.dir/src/cpp/replier/Replier.cpp.o\x1b[0m\n'}
[406.413432] (micro_ros_agent) StdoutLine: {'line': b'[ 33%] \x1b[32mBuilding CXX object CMakeFiles/microxrcedds_agent.dir/src/cpp/object/XRCEObject.cpp.o\x1b[0m\n'}
[406.443542] (micro_ros_agent) StdoutLine: {'line': b'[ 35%] \x1b[32mBuilding CXX object CMakeFiles/microxrcedds_agent.dir/src/cpp/types/XRCETypes.cpp.o\x1b[0m\n'}
[406.450480] (micro_ros_agent) StdoutLine: {'line': b'[ 38%] \x1b[32mBuilding CXX object CMakeFiles/microxrcedds_agent.dir/src/cpp/types/MessageHeader.cpp.o\x1b[0m\n'}
[406.468081] (-) TimerEvent: {}
[406.568406] (-) TimerEvent: {}
[406.668752] (-) TimerEvent: {}
[406.769963] (-) TimerEvent: {}
[406.870303] (-) TimerEvent: {}
[406.970963] (-) TimerEvent: {}
[407.071405] (-) TimerEvent: {}
[407.074146] (micro_ros_agent) StdoutLine: {'line': b'[ 40%] \x1b[32mBuilding CXX object CMakeFiles/microxrcedds_agent.dir/src/cpp/types/SubMessageHeader.cpp.o\x1b[0m\n'}
[407.127863] (micro_ros_agent) StdoutLine: {'line': b'[ 42%] \x1b[32mBuilding CXX object CMakeFiles/microxrcedds_agent.dir/src/cpp/message/InputMessage.cpp.o\x1b[0m\n'}
[407.171955] (-) TimerEvent: {}
[407.272301] (-) TimerEvent: {}
[407.372961] (-) TimerEvent: {}
[407.473961] (-) TimerEvent: {}
[407.574988] (-) TimerEvent: {}
[407.675973] (-) TimerEvent: {}
[407.780133] (-) TimerEvent: {}
[407.784956] (micro_ros_agent) StdoutLine: {'line': b'[ 45%] \x1b[32mBuilding CXX object CMakeFiles/microxrcedds_agent.dir/src/cpp/message/OutputMessage.cpp.o\x1b[0m\n'}
[407.880261] (-) TimerEvent: {}
[407.980718] (-) TimerEvent: {}
[408.083277] (-) TimerEvent: {}
[408.183662] (-) TimerEvent: {}
[408.286274] (-) TimerEvent: {}
[408.386912] (-) TimerEvent: {}
[408.489965] (-) TimerEvent: {}
[408.590334] (-) TimerEvent: {}
[408.696693] (-) TimerEvent: {}
[408.797059] (-) TimerEvent: {}
[408.897400] (-) TimerEvent: {}
[409.000278] (-) TimerEvent: {}
[409.100634] (-) TimerEvent: {}
[409.200965] (-) TimerEvent: {}
[409.303249] (-) TimerEvent: {}
[409.403730] (-) TimerEvent: {}
[409.506243] (-) TimerEvent: {}
[409.575029] (micro_ros_agent) StdoutLine: {'line': b'[ 47%] \x1b[32mBuilding CXX object CMakeFiles/microxrcedds_agent.dir/src/cpp/utils/ArgumentParser.cpp.o\x1b[0m\n'}
[409.606368] (-) TimerEvent: {}
[409.706829] (-) TimerEvent: {}
[409.807740] (-) TimerEvent: {}
[409.908219] (-) TimerEvent: {}
[409.913381] (micro_ros_agent) StdoutLine: {'line': b'[ 50%] \x1b[32mBuilding CXX object CMakeFiles/microxrcedds_agent.dir/src/cpp/transport/Server.cpp.o\x1b[0m\n'}
[409.913829] (micro_ros_agent) StdoutLine: {'line': b'[ 52%] \x1b[32mBuilding CXX object CMakeFiles/microxrcedds_agent.dir/src/cpp/transport/stream_framing/StreamFramingProtocol.cpp.o\x1b[0m\n'}
[410.008974] (-) TimerEvent: {}
[410.077219] (micro_ros_agent) StdoutLine: {'line': b'[ 54%] \x1b[32mBuilding CXX object CMakeFiles/microxrcedds_agent.dir/src/cpp/transport/custom/CustomAgent.cpp.o\x1b[0m\n'}
[410.110001] (-) TimerEvent: {}
[410.192031] (micro_ros_agent) StdoutLine: {'line': b'[ 57%] \x1b[32mBuilding CXX object CMakeFiles/microxrcedds_agent.dir/src/cpp/transport/udp/UDPv4AgentLinux.cpp.o\x1b[0m\n'}
[410.210963] (-) TimerEvent: {}
[410.311308] (-) TimerEvent: {}
[410.411969] (-) TimerEvent: {}
[410.512960] (-) TimerEvent: {}
[410.615241] (-) TimerEvent: {}
[410.716226] (-) TimerEvent: {}
[410.817963] (-) TimerEvent: {}
[410.918294] (-) TimerEvent: {}
[411.018647] (-) TimerEvent: {}
[411.066938] (micro_ros_agent) StdoutLine: {'line': b'[ 59%] \x1b[32mBuilding CXX object CMakeFiles/microxrcedds_agent.dir/src/cpp/transport/udp/UDPv6AgentLinux.cpp.o\x1b[0m\n'}
[411.118963] (-) TimerEvent: {}
[411.219960] (-) TimerEvent: {}
[411.243029] (micro_ros_agent) StdoutLine: {'line': b'[ 61%] \x1b[32mBuilding CXX object CMakeFiles/microxrcedds_agent.dir/src/cpp/transport/tcp/TCPv4AgentLinux.cpp.o\x1b[0m\n'}
[411.320962] (-) TimerEvent: {}
[411.426964] (-) TimerEvent: {}
[411.527333] (-) TimerEvent: {}
[411.627713] (-) TimerEvent: {}
[411.728059] (-) TimerEvent: {}
[411.739749] (micro_ros_agent) StdoutLine: {'line': b'[ 64%] \x1b[32mBuilding CXX object CMakeFiles/microxrcedds_agent.dir/src/cpp/transport/tcp/TCPv6AgentLinux.cpp.o\x1b[0m\n'}
[411.828999] (-) TimerEvent: {}
[411.929970] (-) TimerEvent: {}
[412.034010] (-) TimerEvent: {}
[412.134491] (-) TimerEvent: {}
[412.188637] (micro_ros_agent) StdoutLine: {'line': b'[ 66%] \x1b[32mBuilding CXX object CMakeFiles/microxrcedds_agent.dir/src/cpp/transport/serial/SerialAgentLinux.cpp.o\x1b[0m\n'}
[412.234681] (-) TimerEvent: {}
[412.336275] (-) TimerEvent: {}
[412.359256] (micro_ros_agent) StdoutLine: {'line': b'[ 69%] \x1b[32mBuilding CXX object CMakeFiles/microxrcedds_agent.dir/src/cpp/transport/serial/TermiosAgentLinux.cpp.o\x1b[0m\n'}
[412.436964] (-) TimerEvent: {}
[412.537324] (-) TimerEvent: {}
[412.640283] (-) TimerEvent: {}
[412.740674] (-) TimerEvent: {}
[412.842836] (-) TimerEvent: {}
[412.943203] (-) TimerEvent: {}
[413.046279] (-) TimerEvent: {}
[413.146643] (-) TimerEvent: {}
[413.248959] (-) TimerEvent: {}
[413.349317] (-) TimerEvent: {}
[413.449674] (-) TimerEvent: {}
[413.550137] (-) TimerEvent: {}
[413.583186] (micro_ros_agent) StdoutLine: {'line': b'[ 71%] \x1b[32mBuilding CXX object CMakeFiles/microxrcedds_agent.dir/src/cpp/transport/serial/MultiSerialAgentLinux.cpp.o\x1b[0m\n'}
[413.650265] (-) TimerEvent: {}
[413.750624] (-) TimerEvent: {}
[413.788416] (micro_ros_agent) StdoutLine: {'line': b'[ 73%] \x1b[32mBuilding CXX object CMakeFiles/microxrcedds_agent.dir/src/cpp/transport/serial/MultiTermiosAgentLinux.cpp.o\x1b[0m\n'}
[413.850763] (-) TimerEvent: {}
[413.954337] (-) TimerEvent: {}
[414.054691] (-) TimerEvent: {}
[414.155135] (-) TimerEvent: {}
[414.257156] (-) TimerEvent: {}
[414.357503] (-) TimerEvent: {}
[414.457951] (-) TimerEvent: {}
[414.558969] (-) TimerEvent: {}
[414.659967] (-) TimerEvent: {}
[414.760434] (-) TimerEvent: {}
[414.864243] (-) TimerEvent: {}
[414.964604] (-) TimerEvent: {}
[415.064972] (-) TimerEvent: {}
[415.165449] (-) TimerEvent: {}
[415.198017] (micro_ros_agent) StdoutLine: {'line': b'[ 76%] \x1b[32mBuilding CXX object CMakeFiles/microxrcedds_agent.dir/src/cpp/transport/serial/PseudoTerminalAgentLinux.cpp.o\x1b[0m\n'}
[415.265610] (-) TimerEvent: {}
[415.369151] (-) TimerEvent: {}
[415.452204] (micro_ros_agent) StdoutLine: {'line': b'[ 78%] \x1b[32mBuilding CXX object CMakeFiles/microxrcedds_agent.dir/src/cpp/transport/can/CanAgentLinux.cpp.o\x1b[0m\n'}
[415.469304] (-) TimerEvent: {}
[415.569687] (-) TimerEvent: {}
[415.675150] (-) TimerEvent: {}
[415.775522] (-) TimerEvent: {}
[415.875968] (-) TimerEvent: {}
[415.976964] (-) TimerEvent: {}
[416.077409] (-) TimerEvent: {}
[416.177972] (-) TimerEvent: {}
[416.281236] (-) TimerEvent: {}
[416.381593] (-) TimerEvent: {}
[416.481963] (-) TimerEvent: {}
[416.494648] (micro_ros_agent) StdoutLine: {'line': b'[ 80%] \x1b[32mBuilding CXX object CMakeFiles/microxrcedds_agent.dir/src/cpp/transport/discovery/DiscoveryServerLinux.cpp.o\x1b[0m\n'}
[416.569017] (micro_ros_agent) StdoutLine: {'line': b'[ 83%] \x1b[32mBuilding CXX object CMakeFiles/microxrcedds_agent.dir/src/cpp/transport/discovery/DiscoveryServer.cpp.o\x1b[0m\n'}
[416.582082] (-) TimerEvent: {}
[416.682425] (-) TimerEvent: {}
[416.782781] (-) TimerEvent: {}
[416.793799] (micro_ros_agent) StdoutLine: {'line': b'[ 85%] \x1b[32mBuilding CXX object CMakeFiles/microxrcedds_agent.dir/src/cpp/types/TopicPubSubType.cpp.o\x1b[0m\n'}
[416.882934] (-) TimerEvent: {}
[416.941913] (micro_ros_agent) StdoutLine: {'line': b'[ 88%] \x1b[32mBuilding CXX object CMakeFiles/microxrcedds_agent.dir/src/cpp/xmlobjects/xmlobjects.cpp.o\x1b[0m\n'}
[416.983053] (-) TimerEvent: {}
[417.083407] (-) TimerEvent: {}
[417.183772] (-) TimerEvent: {}
[417.284125] (-) TimerEvent: {}
[417.384821] (-) TimerEvent: {}
[417.463952] (micro_ros_agent) StdoutLine: {'line': b'[ 90%] \x1b[32mBuilding CXX object CMakeFiles/microxrcedds_agent.dir/src/cpp/middleware/fast/FastEntities.cpp.o\x1b[0m\n'}
[417.485187] (-) TimerEvent: {}
[417.559933] (micro_ros_agent) StdoutLine: {'line': b'[ 92%] \x1b[32mBuilding CXX object CMakeFiles/microxrcedds_agent.dir/src/cpp/middleware/fast/FastMiddleware.cpp.o\x1b[0m\n'}
[417.585962] (-) TimerEvent: {}
[417.686400] (-) TimerEvent: {}
[417.786973] (-) TimerEvent: {}
[417.888963] (-) TimerEvent: {}
[417.989333] (-) TimerEvent: {}
[418.089834] (-) TimerEvent: {}
[418.154422] (micro_ros_agent) StdoutLine: {'line': b'[ 95%] \x1b[32mBuilding CXX object CMakeFiles/microxrcedds_agent.dir/src/cpp/middleware/fastdds/FastDDSEntities.cpp.o\x1b[0m\n'}
[418.189953] (-) TimerEvent: {}
[418.291154] (-) TimerEvent: {}
[418.373943] (micro_ros_agent) StdoutLine: {'line': b'[ 97%] \x1b[32mBuilding CXX object CMakeFiles/microxrcedds_agent.dir/src/cpp/middleware/fastdds/FastDDSMiddleware.cpp.o\x1b[0m\n'}
[418.391283] (-) TimerEvent: {}
[418.494269] (-) TimerEvent: {}
[418.594625] (-) TimerEvent: {}
[418.694962] (-) TimerEvent: {}
[418.795307] (-) TimerEvent: {}
[418.898213] (-) TimerEvent: {}
[419.001972] (-) TimerEvent: {}
[419.103474] (-) TimerEvent: {}
[419.203824] (-) TimerEvent: {}
[419.304173] (-) TimerEvent: {}
[419.404509] (-) TimerEvent: {}
[419.504853] (-) TimerEvent: {}
[419.605202] (-) TimerEvent: {}
[419.705560] (-) TimerEvent: {}
[419.805894] (-) TimerEvent: {}
[419.906250] (-) TimerEvent: {}
[420.006631] (-) TimerEvent: {}
[420.106961] (-) TimerEvent: {}
[420.207290] (-) TimerEvent: {}
[420.307621] (-) TimerEvent: {}
[420.407978] (-) TimerEvent: {}
[420.508319] (-) TimerEvent: {}
[420.608654] (-) TimerEvent: {}
[420.708965] (-) TimerEvent: {}
[420.809277] (-) TimerEvent: {}
[420.909624] (-) TimerEvent: {}
[421.009964] (-) TimerEvent: {}
[421.110300] (-) TimerEvent: {}
[421.210631] (-) TimerEvent: {}
[421.310959] (-) TimerEvent: {}
[421.411281] (-) TimerEvent: {}
[421.511598] (-) TimerEvent: {}
[421.611967] (-) TimerEvent: {}
[421.712284] (-) TimerEvent: {}
[421.812617] (-) TimerEvent: {}
[421.912961] (-) TimerEvent: {}
[422.013294] (-) TimerEvent: {}
[422.113642] (-) TimerEvent: {}
[422.214034] (-) TimerEvent: {}
[422.314353] (-) TimerEvent: {}
[422.414679] (-) TimerEvent: {}
[422.514947] (-) TimerEvent: {}
[422.615226] (-) TimerEvent: {}
[422.715529] (-) TimerEvent: {}
[422.815831] (-) TimerEvent: {}
[422.916113] (-) TimerEvent: {}
[423.016438] (-) TimerEvent: {}
[423.116745] (-) TimerEvent: {}
[423.216949] (-) TimerEvent: {}
[423.317194] (-) TimerEvent: {}
[423.417444] (-) TimerEvent: {}
[423.517734] (-) TimerEvent: {}
[423.618037] (-) TimerEvent: {}
[423.718294] (-) TimerEvent: {}
[423.818554] (-) TimerEvent: {}
[423.918943] (-) TimerEvent: {}
[424.019178] (-) TimerEvent: {}
[424.119425] (-) TimerEvent: {}
[424.219722] (-) TimerEvent: {}
[424.319959] (-) TimerEvent: {}
[424.420202] (-) TimerEvent: {}
[424.520438] (-) TimerEvent: {}
[424.601748] (micro_ros_agent) StdoutLine: {'line': b'[100%] \x1b[32m\x1b[1mLinking CXX shared library libmicroxrcedds_agent.so\x1b[0m\n'}
[424.620554] (-) TimerEvent: {}
[424.720821] (-) TimerEvent: {}
[424.782335] (micro_ros_agent) StdoutLine: {'line': b'[100%] Built target microxrcedds_agent\n'}
[424.799840] (micro_ros_agent) StdoutLine: {'line': b"\x1b[34m\x1b[1mNo install step for 'uagent'\x1b[0m\n"}
[424.816337] (micro_ros_agent) StdoutLine: {'line': b"\x1b[34m\x1b[1mCompleted 'uagent'\x1b[0m\n"}
[424.820975] (-) TimerEvent: {}
[424.838863] (micro_ros_agent) StdoutLine: {'line': b'Built target uagent\n'}
[424.857191] (micro_ros_agent) StdoutLine: {'line': b"[ 31%] \x1b[34m\x1b[1mPerforming install step for 'xrceagent'\x1b[0m\n"}
[424.921088] (-) TimerEvent: {}
[424.925055] (micro_ros_agent) StdoutLine: {'line': b'[100%] Built target microxrcedds_agent\n'}
[424.938874] (micro_ros_agent) StdoutLine: {'line': b'\x1b[36mInstall the project...\x1b[0m\n'}
[424.944704] (micro_ros_agent) StdoutLine: {'line': b'-- Install configuration: "Release"\n'}
[424.944864] (micro_ros_agent) StdoutLine: {'line': b'-- Installing: /home/mouha/crazyflie/ros2_ws/install/micro_ros_agent/lib/libmicroxrcedds_agent.so.2.4.3\n'}
[424.946711] (micro_ros_agent) StdoutLine: {'line': b'-- Installing: /home/mouha/crazyflie/ros2_ws/install/micro_ros_agent/lib/libmicroxrcedds_agent.so.2.4\n'}
[424.946872] (micro_ros_agent) StdoutLine: {'line': b'-- Set non-toolchain portion of runtime path of "/home/mouha/crazyflie/ros2_ws/install/micro_ros_agent/lib/libmicroxrcedds_agent.so.2.4.3" to ""\n'}
[424.946972] (micro_ros_agent) StdoutLine: {'line': b'-- Installing: /home/mouha/crazyflie/ros2_ws/install/micro_ros_agent/lib/libmicroxrcedds_agent.so\n'}
[424.947063] (micro_ros_agent) StdoutLine: {'line': b'-- Installing: /home/mouha/crazyflie/ros2_ws/install/micro_ros_agent/include/uxr/agent\n'}
[424.947121] (micro_ros_agent) StdoutLine: {'line': b'-- Installing: /home/mouha/crazyflie/ros2_ws/install/micro_ros_agent/include/uxr/agent/visibility.hpp\n'}
[424.947189] (micro_ros_agent) StdoutLine: {'line': b'-- Installing: /home/mouha/crazyflie/ros2_ws/install/micro_ros_agent/include/uxr/agent/client\n'}
[424.947283] (micro_ros_agent) StdoutLine: {'line': b'-- Installing: /home/mouha/crazyflie/ros2_ws/install/micro_ros_agent/include/uxr/agent/client/ProxyClient.hpp\n'}
[424.947350] (micro_ros_agent) StdoutLine: {'line': b'-- Installing: /home/mouha/crazyflie/ros2_ws/install/micro_ros_agent/include/uxr/agent/client/session\n'}
[424.947414] (micro_ros_agent) StdoutLine: {'line': b'-- Installing: /home/mouha/crazyflie/ros2_ws/install/micro_ros_agent/include/uxr/agent/client/session/stream\n'}
[424.947496] (micro_ros_agent) StdoutLine: {'line': b'-- Installing: /home/mouha/crazyflie/ros2_ws/install/micro_ros_agent/include/uxr/agent/client/session/stream/OutputStream.hpp\n'}
[424.947558] (micro_ros_agent) StdoutLine: {'line': b'-- Installing: /home/mouha/crazyflie/ros2_ws/install/micro_ros_agent/include/uxr/agent/client/session/stream/InputStream.hpp\n'}
[424.947633] (micro_ros_agent) StdoutLine: {'line': b'-- Installing: /home/mouha/crazyflie/ros2_ws/install/micro_ros_agent/include/uxr/agent/client/session/Session.hpp\n'}
[424.947705] (micro_ros_agent) StdoutLine: {'line': b'-- Installing: /home/mouha/crazyflie/ros2_ws/install/micro_ros_agent/include/uxr/agent/client/session/SessionInfo.hpp\n'}
[424.947770] (micro_ros_agent) StdoutLine: {'line': b'-- Installing: /home/mouha/crazyflie/ros2_ws/install/micro_ros_agent/include/uxr/agent/replier\n'}
[424.947846] (micro_ros_agent) StdoutLine: {'line': b'-- Installing: /home/mouha/crazyflie/ros2_ws/install/micro_ros_agent/include/uxr/agent/replier/Replier.hpp\n'}
[424.947923] (micro_ros_agent) StdoutLine: {'line': b'-- Installing: /home/mouha/crazyflie/ros2_ws/install/micro_ros_agent/include/uxr/agent/transport\n'}
[424.947995] (micro_ros_agent) StdoutLine: {'line': b'-- Installing: /home/mouha/crazyflie/ros2_ws/install/micro_ros_agent/include/uxr/agent/transport/can\n'}
[424.948070] (micro_ros_agent) StdoutLine: {'line': b'-- Installing: /home/mouha/crazyflie/ros2_ws/install/micro_ros_agent/include/uxr/agent/transport/can/CanAgentLinux.hpp\n'}
[424.948144] (micro_ros_agent) StdoutLine: {'line': b'-- Installing: /home/mouha/crazyflie/ros2_ws/install/micro_ros_agent/include/uxr/agent/transport/util\n'}
[424.948216] (micro_ros_agent) StdoutLine: {'line': b'-- Installing: /home/mouha/crazyflie/ros2_ws/install/micro_ros_agent/include/uxr/agent/transport/util/InterfaceLinux.hpp\n'}
[424.948293] (micro_ros_agent) StdoutLine: {'line': b'-- Installing: /home/mouha/crazyflie/ros2_ws/install/micro_ros_agent/include/uxr/agent/transport/util/InterfaceWindows.hpp\n'}
[424.948367] (micro_ros_agent) StdoutLine: {'line': b'-- Installing: /home/mouha/crazyflie/ros2_ws/install/micro_ros_agent/include/uxr/agent/transport/udp\n'}
[424.948435] (micro_ros_agent) StdoutLine: {'line': b'-- Installing: /home/mouha/crazyflie/ros2_ws/install/micro_ros_agent/include/uxr/agent/transport/udp/UDPv6AgentLinux.hpp\n'}
[424.948508] (micro_ros_agent) StdoutLine: {'line': b'-- Installing: /home/mouha/crazyflie/ros2_ws/install/micro_ros_agent/include/uxr/agent/transport/udp/UDPv4AgentWindows.hpp\n'}
[424.948584] (micro_ros_agent) StdoutLine: {'line': b'-- Installing: /home/mouha/crazyflie/ros2_ws/install/micro_ros_agent/include/uxr/agent/transport/udp/UDPv4AgentLinux.hpp\n'}
[424.948646] (micro_ros_agent) StdoutLine: {'line': b'-- Installing: /home/mouha/crazyflie/ros2_ws/install/micro_ros_agent/include/uxr/agent/transport/udp/UDPv6AgentWindows.hpp\n'}
[424.948713] (micro_ros_agent) StdoutLine: {'line': b'-- Installing: /home/mouha/crazyflie/ros2_ws/install/micro_ros_agent/include/uxr/agent/transport/stream_framing\n'}
[424.948784] (micro_ros_agent) StdoutLine: {'line': b'-- Installing: /home/mouha/crazyflie/ros2_ws/install/micro_ros_agent/include/uxr/agent/transport/stream_framing/StreamFramingProtocol.hpp\n'}
[424.948851] (micro_ros_agent) StdoutLine: {'line': b'-- Installing: /home/mouha/crazyflie/ros2_ws/install/micro_ros_agent/include/uxr/agent/transport/custom\n'}
[424.948942] (micro_ros_agent) StdoutLine: {'line': b'-- Installing: /home/mouha/crazyflie/ros2_ws/install/micro_ros_agent/include/uxr/agent/transport/custom/CustomAgent.hpp\n'}
[424.949006] (micro_ros_agent) StdoutLine: {'line': b'-- Installing: /home/mouha/crazyflie/ros2_ws/install/micro_ros_agent/include/uxr/agent/transport/p2p\n'}
[424.949069] (micro_ros_agent) StdoutLine: {'line': b'-- Installing: /home/mouha/crazyflie/ros2_ws/install/micro_ros_agent/include/uxr/agent/transport/p2p/AgentDiscovererLinux.hpp\n'}
[424.949141] (micro_ros_agent) StdoutLine: {'line': b'-- Installing: /home/mouha/crazyflie/ros2_ws/install/micro_ros_agent/include/uxr/agent/transport/p2p/AgentDiscoverer.hpp\n'}
[424.949215] (micro_ros_agent) StdoutLine: {'line': b'-- Installing: /home/mouha/crazyflie/ros2_ws/install/micro_ros_agent/include/uxr/agent/transport/SessionManager.hpp\n'}
[424.949280] (micro_ros_agent) StdoutLine: {'line': b'-- Installing: /home/mouha/crazyflie/ros2_ws/install/micro_ros_agent/include/uxr/agent/transport/TransportRc.hpp\n'}
[424.949351] (micro_ros_agent) StdoutLine: {'line': b'-- Installing: /home/mouha/crazyflie/ros2_ws/install/micro_ros_agent/include/uxr/agent/transport/serial\n'}
[424.949415] (micro_ros_agent) StdoutLine: {'line': b'-- Installing: /home/mouha/crazyflie/ros2_ws/install/micro_ros_agent/include/uxr/agent/transport/serial/TermiosAgentLinux.hpp\n'}
[424.949478] (micro_ros_agent) StdoutLine: {'line': b'-- Installing: /home/mouha/crazyflie/ros2_ws/install/micro_ros_agent/include/uxr/agent/transport/serial/baud_rate_table_linux.h\n'}
[424.949549] (micro_ros_agent) StdoutLine: {'line': b'-- Installing: /home/mouha/crazyflie/ros2_ws/install/micro_ros_agent/include/uxr/agent/transport/serial/MultiSerialAgentLinux.hpp\n'}
[424.949622] (micro_ros_agent) StdoutLine: {'line': b'-- Installing: /home/mouha/crazyflie/ros2_ws/install/micro_ros_agent/include/uxr/agent/transport/serial/SerialAgentLinux.hpp\n'}
[424.949693] (micro_ros_agent) StdoutLine: {'line': b'-- Installing: /home/mouha/crazyflie/ros2_ws/install/micro_ros_agent/include/uxr/agent/transport/serial/MultiTermiosAgentLinux.hpp\n'}
[424.949757] (micro_ros_agent) StdoutLine: {'line': b'-- Installing: /home/mouha/crazyflie/ros2_ws/install/micro_ros_agent/include/uxr/agent/transport/serial/PseudoTerminalAgentLinux.hpp\n'}
[424.949830] (micro_ros_agent) StdoutLine: {'line': b'-- Installing: /home/mouha/crazyflie/ros2_ws/install/micro_ros_agent/include/uxr/agent/transport/Server.hpp\n'}
[424.949916] (micro_ros_agent) StdoutLine: {'line': b'-- Installing: /home/mouha/crazyflie/ros2_ws/install/micro_ros_agent/include/uxr/agent/transport/discovery\n'}
[424.949994] (micro_ros_agent) StdoutLine: {'line': b'-- Installing: /home/mouha/crazyflie/ros2_ws/install/micro_ros_agent/include/uxr/agent/transport/discovery/DiscoveryServer.hpp\n'}
[424.950069] (micro_ros_agent) StdoutLine: {'line': b'-- Installing: /home/mouha/crazyflie/ros2_ws/install/micro_ros_agent/include/uxr/agent/transport/discovery/DiscoveryServerWindows.hpp\n'}
[424.950133] (micro_ros_agent) StdoutLine: {'line': b'-- Installing: /home/mouha/crazyflie/ros2_ws/install/micro_ros_agent/include/uxr/agent/transport/discovery/DiscoveryServerLinux.hpp\n'}
[424.950203] (micro_ros_agent) StdoutLine: {'line': b'-- Installing: /home/mouha/crazyflie/ros2_ws/install/micro_ros_agent/include/uxr/agent/transport/endpoint\n'}
[424.950267] (micro_ros_agent) StdoutLine: {'line': b'-- Installing: /home/mouha/crazyflie/ros2_ws/install/micro_ros_agent/include/uxr/agent/transport/endpoint/SerialEndPoint.hpp\n'}
[424.950331] (micro_ros_agent) StdoutLine: {'line': b'-- Installing: /home/mouha/crazyflie/ros2_ws/install/micro_ros_agent/include/uxr/agent/transport/endpoint/IPv6EndPoint.hpp\n'}
[424.950401] (micro_ros_agent) StdoutLine: {'line': b'-- Installing: /home/mouha/crazyflie/ros2_ws/install/micro_ros_agent/include/uxr/agent/transport/endpoint/MultiSerialEndPoint.hpp\n'}
[424.950452] (micro_ros_agent) StdoutLine: {'line': b'-- Installing: /home/mouha/crazyflie/ros2_ws/install/micro_ros_agent/include/uxr/agent/transport/endpoint/CanEndPoint.hpp\n'}
[424.950521] (micro_ros_agent) StdoutLine: {'line': b'-- Installing: /home/mouha/crazyflie/ros2_ws/install/micro_ros_agent/include/uxr/agent/transport/endpoint/CustomEndPoint.hpp\n'}
[424.950582] (micro_ros_agent) StdoutLine: {'line': b'-- Installing: /home/mouha/crazyflie/ros2_ws/install/micro_ros_agent/include/uxr/agent/transport/endpoint/IPv4EndPoint.hpp\n'}
[424.950657] (micro_ros_agent) StdoutLine: {'line': b'-- Installing: /home/mouha/crazyflie/ros2_ws/install/micro_ros_agent/include/uxr/agent/transport/tcp\n'}
[424.950720] (micro_ros_agent) StdoutLine: {'line': b'-- Installing: /home/mouha/crazyflie/ros2_ws/install/micro_ros_agent/include/uxr/agent/transport/tcp/TCPv6AgentLinux.hpp\n'}
[424.950792] (micro_ros_agent) StdoutLine: {'line': b'-- Installing: /home/mouha/crazyflie/ros2_ws/install/micro_ros_agent/include/uxr/agent/transport/tcp/TCPServerBase.hpp\n'}
[424.950853] (micro_ros_agent) StdoutLine: {'line': b'-- Installing: /home/mouha/crazyflie/ros2_ws/install/micro_ros_agent/include/uxr/agent/transport/tcp/TCPConnection.hpp\n'}
[424.950915] (micro_ros_agent) StdoutLine: {'line': b'-- Installing: /home/mouha/crazyflie/ros2_ws/install/micro_ros_agent/include/uxr/agent/transport/tcp/TCPv4AgentWindows.hpp\n'}
[424.950982] (micro_ros_agent) StdoutLine: {'line': b'-- Installing: /home/mouha/crazyflie/ros2_ws/install/micro_ros_agent/include/uxr/agent/transport/tcp/TCPv4AgentLinux.hpp\n'}
[424.951058] (micro_ros_agent) StdoutLine: {'line': b'-- Installing: /home/mouha/crazyflie/ros2_ws/install/micro_ros_agent/include/uxr/agent/transport/tcp/TCPv6AgentWindows.hpp\n'}
[424.951119] (micro_ros_agent) StdoutLine: {'line': b'-- Installing: /home/mouha/crazyflie/ros2_ws/install/micro_ros_agent/include/uxr/agent/object\n'}
[424.951194] (micro_ros_agent) StdoutLine: {'line': b'-- Installing: /home/mouha/crazyflie/ros2_ws/install/micro_ros_agent/include/uxr/agent/object/XRCEObject.hpp\n'}
[424.951268] (micro_ros_agent) StdoutLine: {'line': b'-- Installing: /home/mouha/crazyflie/ros2_ws/install/micro_ros_agent/include/uxr/agent/Root.hpp\n'}
[424.951340] (micro_ros_agent) StdoutLine: {'line': b'-- Installing: /home/mouha/crazyflie/ros2_ws/install/micro_ros_agent/include/uxr/agent/participant\n'}
[424.951411] (micro_ros_agent) StdoutLine: {'line': b'-- Installing: /home/mouha/crazyflie/ros2_ws/install/micro_ros_agent/include/uxr/agent/participant/Participant.hpp\n'}
[424.951473] (micro_ros_agent) StdoutLine: {'line': b'-- Installing: /home/mouha/crazyflie/ros2_ws/install/micro_ros_agent/include/uxr/agent/requester\n'}
[424.951544] (micro_ros_agent) StdoutLine: {'line': b'-- Installing: /home/mouha/crazyflie/ros2_ws/install/micro_ros_agent/include/uxr/agent/requester/Requester.hpp\n'}
[424.951613] (micro_ros_agent) StdoutLine: {'line': b'-- Installing: /home/mouha/crazyflie/ros2_ws/install/micro_ros_agent/include/uxr/agent/p2p\n'}
[424.951680] (micro_ros_agent) StdoutLine: {'line': b'-- Installing: /home/mouha/crazyflie/ros2_ws/install/micro_ros_agent/include/uxr/agent/p2p/InternalClient.hpp\n'}
[424.951740] (micro_ros_agent) StdoutLine: {'line': b'-- Installing: /home/mouha/crazyflie/ros2_ws/install/micro_ros_agent/include/uxr/agent/p2p/InternalClientManager.hpp\n'}
[424.951809] (micro_ros_agent) StdoutLine: {'line': b'-- Installing: /home/mouha/crazyflie/ros2_ws/install/micro_ros_agent/include/uxr/agent/AgentInstance.hpp\n'}
[424.951877] (micro_ros_agent) StdoutLine: {'line': b'-- Installing: /home/mouha/crazyflie/ros2_ws/install/micro_ros_agent/include/uxr/agent/middleware\n'}
[424.951942] (micro_ros_agent) StdoutLine: {'line': b'-- Installing: /home/mouha/crazyflie/ros2_ws/install/micro_ros_agent/include/uxr/agent/middleware/Middleware.hpp\n'}
[424.952002] (micro_ros_agent) StdoutLine: {'line': b'-- Installing: /home/mouha/crazyflie/ros2_ws/install/micro_ros_agent/include/uxr/agent/middleware/fast\n'}
[424.952070] (micro_ros_agent) StdoutLine: {'line': b'-- Installing: /home/mouha/crazyflie/ros2_ws/install/micro_ros_agent/include/uxr/agent/middleware/fast/FastEntities.hpp\n'}
[424.952120] (micro_ros_agent) StdoutLine: {'line': b'-- Installing: /home/mouha/crazyflie/ros2_ws/install/micro_ros_agent/include/uxr/agent/middleware/fast/FastMiddleware.hpp\n'}
[424.952169] (micro_ros_agent) StdoutLine: {'line': b'-- Installing: /home/mouha/crazyflie/ros2_ws/install/micro_ros_agent/include/uxr/agent/middleware/fastdds\n'}
[424.952217] (micro_ros_agent) StdoutLine: {'line': b'-- Installing: /home/mouha/crazyflie/ros2_ws/install/micro_ros_agent/include/uxr/agent/middleware/fastdds/FastDDSEntities.hpp\n'}
[424.952281] (micro_ros_agent) StdoutLine: {'line': b'-- Installing: /home/mouha/crazyflie/ros2_ws/install/micro_ros_agent/include/uxr/agent/middleware/fastdds/FastDDSMiddleware.hpp\n'}
[424.952340] (micro_ros_agent) StdoutLine: {'line': b'-- Installing: /home/mouha/crazyflie/ros2_ws/install/micro_ros_agent/include/uxr/agent/middleware/utils\n'}
[424.952398] (micro_ros_agent) StdoutLine: {'line': b'-- Installing: /home/mouha/crazyflie/ros2_ws/install/micro_ros_agent/include/uxr/agent/middleware/utils/Callbacks.hpp\n'}
[424.952446] (micro_ros_agent) StdoutLine: {'line': b'-- Installing: /home/mouha/crazyflie/ros2_ws/install/micro_ros_agent/include/uxr/agent/middleware/ced\n'}
[424.952503] (micro_ros_agent) StdoutLine: {'line': b'-- Installing: /home/mouha/crazyflie/ros2_ws/install/micro_ros_agent/include/uxr/agent/middleware/ced/CedMiddleware.hpp\n'}
[424.952559] (micro_ros_agent) StdoutLine: {'line': b'-- Installing: /home/mouha/crazyflie/ros2_ws/install/micro_ros_agent/include/uxr/agent/middleware/ced/CedEntities.hpp\n'}
[424.952615] (micro_ros_agent) StdoutLine: {'line': b'-- Installing: /home/mouha/crazyflie/ros2_ws/install/micro_ros_agent/include/uxr/agent/datareader\n'}
[424.952675] (micro_ros_agent) StdoutLine: {'line': b'-- Installing: /home/mouha/crazyflie/ros2_ws/install/micro_ros_agent/include/uxr/agent/datareader/DataReader.hpp\n'}
[424.952721] (micro_ros_agent) StdoutLine: {'line': b'-- Installing: /home/mouha/crazyflie/ros2_ws/install/micro_ros_agent/include/uxr/agent/utils\n'}
[424.952787] (micro_ros_agent) StdoutLine: {'line': b'-- Installing: /home/mouha/crazyflie/ros2_ws/install/micro_ros_agent/include/uxr/agent/utils/Time.hpp\n'}
[424.952839] (micro_ros_agent) StdoutLine: {'line': b'-- Installing: /home/mouha/crazyflie/ros2_ws/install/micro_ros_agent/include/uxr/agent/utils/TokenBucket.hpp\n'}
[424.952920] (micro_ros_agent) StdoutLine: {'line': b'-- Installing: /home/mouha/crazyflie/ros2_ws/install/micro_ros_agent/include/uxr/agent/utils/SharedMutex.hpp\n'}
[424.952987] (micro_ros_agent) StdoutLine: {'line': b'-- Installing: /home/mouha/crazyflie/ros2_ws/install/micro_ros_agent/include/uxr/agent/utils/ArgumentParser.hpp\n'}
[424.953054] (micro_ros_agent) StdoutLine: {'line': b'-- Installing: /home/mouha/crazyflie/ros2_ws/install/micro_ros_agent/include/uxr/agent/utils/Conversion.hpp\n'}
[424.953112] (micro_ros_agent) StdoutLine: {'line': b'-- Installing: /home/mouha/crazyflie/ros2_ws/install/micro_ros_agent/include/uxr/agent/utils/Functions.hpp\n'}
[424.953179] (micro_ros_agent) StdoutLine: {'line': b'-- Installing: /home/mouha/crazyflie/ros2_ws/install/micro_ros_agent/include/uxr/agent/utils/Color.hpp\n'}
[424.953227] (micro_ros_agent) StdoutLine: {'line': b'-- Installing: /home/mouha/crazyflie/ros2_ws/install/micro_ros_agent/include/uxr/agent/utils/SharedMutexPriority.hpp\n'}
[424.953275] (micro_ros_agent) StdoutLine: {'line': b'-- Installing: /home/mouha/crazyflie/ros2_ws/install/micro_ros_agent/include/uxr/agent/utils/SeqNum.hpp\n'}
[424.953322] (micro_ros_agent) StdoutLine: {'line': b'-- Installing: /home/mouha/crazyflie/ros2_ws/install/micro_ros_agent/include/uxr/agent/logger\n'}
[424.953371] (micro_ros_agent) StdoutLine: {'line': b'-- Installing: /home/mouha/crazyflie/ros2_ws/install/micro_ros_agent/include/uxr/agent/logger/Logger.hpp\n'}
[424.953419] (micro_ros_agent) StdoutLine: {'line': b'-- Installing: /home/mouha/crazyflie/ros2_ws/install/micro_ros_agent/include/uxr/agent/datawriter\n'}
[424.953466] (micro_ros_agent) StdoutLine: {'line': b'-- Installing: /home/mouha/crazyflie/ros2_ws/install/micro_ros_agent/include/uxr/agent/datawriter/DataWriter.hpp\n'}
[424.953513] (micro_ros_agent) StdoutLine: {'line': b'-- Installing: /home/mouha/crazyflie/ros2_ws/install/micro_ros_agent/include/uxr/agent/topic\n'}
[424.953561] (micro_ros_agent) StdoutLine: {'line': b'-- Installing: /home/mouha/crazyflie/ros2_ws/install/micro_ros_agent/include/uxr/agent/topic/Topic.hpp\n'}
[424.953608] (micro_ros_agent) StdoutLine: {'line': b'-- Installing: /home/mouha/crazyflie/ros2_ws/install/micro_ros_agent/include/uxr/agent/scheduler\n'}
[424.953655] (micro_ros_agent) StdoutLine: {'line': b'-- Installing: /home/mouha/crazyflie/ros2_ws/install/micro_ros_agent/include/uxr/agent/scheduler/PacketScheduler.hpp\n'}
[424.953709] (micro_ros_agent) StdoutLine: {'line': b'-- Installing: /home/mouha/crazyflie/ros2_ws/install/micro_ros_agent/include/uxr/agent/scheduler/Scheduler.hpp\n'}
[424.953757] (micro_ros_agent) StdoutLine: {'line': b'-- Installing: /home/mouha/crazyflie/ros2_ws/install/micro_ros_agent/include/uxr/agent/message\n'}
[424.953804] (micro_ros_agent) StdoutLine: {'line': b'-- Installing: /home/mouha/crazyflie/ros2_ws/install/micro_ros_agent/include/uxr/agent/message/InputMessage.hpp\n'}
[424.953851] (micro_ros_agent) StdoutLine: {'line': b'-- Installing: /home/mouha/crazyflie/ros2_ws/install/micro_ros_agent/include/uxr/agent/message/OutputMessage.hpp\n'}
[424.953903] (micro_ros_agent) StdoutLine: {'line': b'-- Installing: /home/mouha/crazyflie/ros2_ws/install/micro_ros_agent/include/uxr/agent/message/Packet.hpp\n'}
[424.953959] (micro_ros_agent) StdoutLine: {'line': b'-- Installing: /home/mouha/crazyflie/ros2_ws/install/micro_ros_agent/include/uxr/agent/publisher\n'}
[424.954041] (micro_ros_agent) StdoutLine: {'line': b'-- Installing: /home/mouha/crazyflie/ros2_ws/install/micro_ros_agent/include/uxr/agent/publisher/Publisher.hpp\n'}
[424.954114] (micro_ros_agent) StdoutLine: {'line': b'-- Installing: /home/mouha/crazyflie/ros2_ws/install/micro_ros_agent/include/uxr/agent/Agent.hpp\n'}
[424.954172] (micro_ros_agent) StdoutLine: {'line': b'-- Installing: /home/mouha/crazyflie/ros2_ws/install/micro_ros_agent/include/uxr/agent/subscriber\n'}
[424.954241] (micro_ros_agent) StdoutLine: {'line': b'-- Installing: /home/mouha/crazyflie/ros2_ws/install/micro_ros_agent/include/uxr/agent/subscriber/Subscriber.hpp\n'}
[424.954296] (micro_ros_agent) StdoutLine: {'line': b'-- Installing: /home/mouha/crazyflie/ros2_ws/install/micro_ros_agent/include/uxr/agent/types\n'}
[424.954356] (micro_ros_agent) StdoutLine: {'line': b'-- Installing: /home/mouha/crazyflie/ros2_ws/install/micro_ros_agent/include/uxr/agent/types/Optional.hpp\n'}
[424.954420] (micro_ros_agent) StdoutLine: {'line': b'-- Installing: /home/mouha/crazyflie/ros2_ws/install/micro_ros_agent/include/uxr/agent/types/TopicPubSubType.hpp\n'}
[424.954479] (micro_ros_agent) StdoutLine: {'line': b'-- Installing: /home/mouha/crazyflie/ros2_ws/install/micro_ros_agent/include/uxr/agent/types/SubMessageHeader.hpp\n'}
[424.954546] (micro_ros_agent) StdoutLine: {'line': b'-- Installing: /home/mouha/crazyflie/ros2_ws/install/micro_ros_agent/include/uxr/agent/types/MessageHeader.hpp\n'}
[424.954605] (micro_ros_agent) StdoutLine: {'line': b'-- Installing: /home/mouha/crazyflie/ros2_ws/install/micro_ros_agent/include/uxr/agent/types/XRCETypes.hpp\n'}
[424.954664] (micro_ros_agent) StdoutLine: {'line': b'-- Installing: /home/mouha/crazyflie/ros2_ws/install/micro_ros_agent/include/uxr/agent/reader\n'}
[424.954732] (micro_ros_agent) StdoutLine: {'line': b'-- Installing: /home/mouha/crazyflie/ros2_ws/install/micro_ros_agent/include/uxr/agent/reader/Reader.hpp\n'}
[424.954791] (micro_ros_agent) StdoutLine: {'line': b'-- Installing: /home/mouha/crazyflie/ros2_ws/install/micro_ros_agent/include/uxr/agent/processor\n'}
[424.954852] (micro_ros_agent) StdoutLine: {'line': b'-- Installing: /home/mouha/crazyflie/ros2_ws/install/micro_ros_agent/include/uxr/agent/processor/Processor.hpp\n'}
[424.954910] (micro_ros_agent) StdoutLine: {'line': b'-- Installing: /home/mouha/crazyflie/ros2_ws/install/micro_ros_agent/share/microxrcedds_agent/cmake/microxrcedds_agentTargets.cmake\n'}
[424.954981] (micro_ros_agent) StdoutLine: {'line': b'-- Installing: /home/mouha/crazyflie/ros2_ws/install/micro_ros_agent/share/microxrcedds_agent/cmake/microxrcedds_agentTargets-release.cmake\n'}
[424.955040] (micro_ros_agent) StdoutLine: {'line': b'-- Installing: /home/mouha/crazyflie/ros2_ws/install/micro_ros_agent/include/uxr/agent/config.hpp\n'}
[424.955101] (micro_ros_agent) StdoutLine: {'line': b'-- Installing: /home/mouha/crazyflie/ros2_ws/install/micro_ros_agent/share/microxrcedds_agent/LICENSE\n'}
[424.955171] (micro_ros_agent) StdoutLine: {'line': b'-- Installing: /home/mouha/crazyflie/ros2_ws/install/micro_ros_agent/share/microxrcedds_agent/cmake/microxrcedds_agentConfig.cmake\n'}
[424.955229] (micro_ros_agent) StdoutLine: {'line': b'-- Installing: /home/mouha/crazyflie/ros2_ws/install/micro_ros_agent/share/microxrcedds_agent/cmake/microxrcedds_agentConfigVersion.cmake\n'}
[424.955290] (micro_ros_agent) StdoutLine: {'line': b'-- Up-to-date: /home/mouha/crazyflie/ros2_ws/install/micro_ros_agent\n'}
[424.955357] (micro_ros_agent) StdoutLine: {'line': b'-- Up-to-date: /home/mouha/crazyflie/ros2_ws/install/micro_ros_agent/lib\n'}
[424.955418] (micro_ros_agent) StdoutLine: {'line': b'-- Installing: /home/mouha/crazyflie/ros2_ws/install/micro_ros_agent/lib/cmake\n'}
[424.955476] (micro_ros_agent) StdoutLine: {'line': b'-- Installing: /home/mouha/crazyflie/ros2_ws/install/micro_ros_agent/lib/cmake/spdlog\n'}
[424.955537] (micro_ros_agent) StdoutLine: {'line': b'-- Installing: /home/mouha/crazyflie/ros2_ws/install/micro_ros_agent/lib/cmake/spdlog/spdlogConfig.cmake\n'}
[424.955596] (micro_ros_agent) StdoutLine: {'line': b'-- Installing: /home/mouha/crazyflie/ros2_ws/install/micro_ros_agent/lib/cmake/spdlog/spdlogConfigTargets.cmake\n'}
[424.955664] (micro_ros_agent) StdoutLine: {'line': b'-- Installing: /home/mouha/crazyflie/ros2_ws/install/micro_ros_agent/lib/cmake/spdlog/spdlogConfigVersion.cmake\n'}
[424.955720] (micro_ros_agent) StdoutLine: {'line': b'-- Installing: /home/mouha/crazyflie/ros2_ws/install/micro_ros_agent/lib/cmake/spdlog/spdlogConfigTargets-release.cmake\n'}
[424.955783] (micro_ros_agent) StdoutLine: {'line': b'-- Installing: /home/mouha/crazyflie/ros2_ws/install/micro_ros_agent/lib/libspdlog.a\n'}
[424.955849] (micro_ros_agent) StdoutLine: {'line': b'-- Installing: /home/mouha/crazyflie/ros2_ws/install/micro_ros_agent/lib/pkgconfig\n'}
[424.955906] (micro_ros_agent) StdoutLine: {'line': b'-- Installing: /home/mouha/crazyflie/ros2_ws/install/micro_ros_agent/lib/pkgconfig/spdlog.pc\n'}
[424.955973] (micro_ros_agent) StdoutLine: {'line': b'-- Up-to-date: /home/mouha/crazyflie/ros2_ws/install/micro_ros_agent/include\n'}
[424.956035] (micro_ros_agent) StdoutLine: {'line': b'-- Installing: /home/mouha/crazyflie/ros2_ws/install/micro_ros_agent/include/spdlog\n'}
[424.956100] (micro_ros_agent) StdoutLine: {'line': b'-- Installing: /home/mouha/crazyflie/ros2_ws/install/micro_ros_agent/include/spdlog/common.h\n'}
[424.956163] (micro_ros_agent) StdoutLine: {'line': b'-- Installing: /home/mouha/crazyflie/ros2_ws/install/micro_ros_agent/include/spdlog/cfg\n'}
[424.956228] (micro_ros_agent) StdoutLine: {'line': b'-- Installing: /home/mouha/crazyflie/ros2_ws/install/micro_ros_agent/include/spdlog/cfg/helpers.h\n'}
[424.956291] (micro_ros_agent) StdoutLine: {'line': b'-- Installing: /home/mouha/crazyflie/ros2_ws/install/micro_ros_agent/include/spdlog/cfg/argv.h\n'}
[424.956344] (micro_ros_agent) StdoutLine: {'line': b'-- Installing: /home/mouha/crazyflie/ros2_ws/install/micro_ros_agent/include/spdlog/cfg/helpers-inl.h\n'}
[424.956411] (micro_ros_agent) StdoutLine: {'line': b'-- Installing: /home/mouha/crazyflie/ros2_ws/install/micro_ros_agent/include/spdlog/cfg/env.h\n'}
[424.956477] (micro_ros_agent) StdoutLine: {'line': b'-- Installing: /home/mouha/crazyflie/ros2_ws/install/micro_ros_agent/include/spdlog/common-inl.h\n'}
[424.956538] (micro_ros_agent) StdoutLine: {'line': b'-- Installing: /home/mouha/crazyflie/ros2_ws/install/micro_ros_agent/include/spdlog/logger.h\n'}
[424.956607] (micro_ros_agent) StdoutLine: {'line': b'-- Installing: /home/mouha/crazyflie/ros2_ws/install/micro_ros_agent/include/spdlog/version.h\n'}
[424.956667] (micro_ros_agent) StdoutLine: {'line': b'-- Installing: /home/mouha/crazyflie/ros2_ws/install/micro_ros_agent/include/spdlog/fwd.h\n'}
[424.956729] (micro_ros_agent) StdoutLine: {'line': b'-- Installing: /home/mouha/crazyflie/ros2_ws/install/micro_ros_agent/include/spdlog/pattern_formatter.h\n'}
[424.956792] (micro_ros_agent) StdoutLine: {'line': b'-- Installing: /home/mouha/crazyflie/ros2_ws/install/micro_ros_agent/include/spdlog/async.h\n'}
[424.956857] (micro_ros_agent) StdoutLine: {'line': b'-- Installing: /home/mouha/crazyflie/ros2_ws/install/micro_ros_agent/include/spdlog/details\n'}
[424.956915] (micro_ros_agent) StdoutLine: {'line': b'-- Installing: /home/mouha/crazyflie/ros2_ws/install/micro_ros_agent/include/spdlog/details/file_helper-inl.h\n'}
[424.956984] (micro_ros_agent) StdoutLine: {'line': b'-- Installing: /home/mouha/crazyflie/ros2_ws/install/micro_ros_agent/include/spdlog/details/periodic_worker-inl.h\n'}
[424.957042] (micro_ros_agent) StdoutLine: {'line': b'-- Installing: /home/mouha/crazyflie/ros2_ws/install/micro_ros_agent/include/spdlog/details/fmt_helper.h\n'}
[424.957100] (micro_ros_agent) StdoutLine: {'line': b'-- Installing: /home/mouha/crazyflie/ros2_ws/install/micro_ros_agent/include/spdlog/details/console_globals.h\n'}
[424.957160] (micro_ros_agent) StdoutLine: {'line': b'-- Installing: /home/mouha/crazyflie/ros2_ws/install/micro_ros_agent/include/spdlog/details/thread_pool.h\n'}
[424.957223] (micro_ros_agent) StdoutLine: {'line': b'-- Installing: /home/mouha/crazyflie/ros2_ws/install/micro_ros_agent/include/spdlog/details/null_mutex.h\n'}
[424.957282] (micro_ros_agent) StdoutLine: {'line': b'-- Installing: /home/mouha/crazyflie/ros2_ws/install/micro_ros_agent/include/spdlog/details/tcp_client-windows.h\n'}
[424.957340] (micro_ros_agent) StdoutLine: {'line': b'-- Installing: /home/mouha/crazyflie/ros2_ws/install/micro_ros_agent/include/spdlog/details/mpmc_blocking_q.h\n'}
[424.957398] (micro_ros_agent) StdoutLine: {'line': b'-- Installing: /home/mouha/crazyflie/ros2_ws/install/micro_ros_agent/include/spdlog/details/log_msg_buffer.h\n'}
[424.957465] (micro_ros_agent) StdoutLine: {'line': b'-- Installing: /home/mouha/crazyflie/ros2_ws/install/micro_ros_agent/include/spdlog/details/file_helper.h\n'}
[424.957523] (micro_ros_agent) StdoutLine: {'line': b'-- Installing: /home/mouha/crazyflie/ros2_ws/install/micro_ros_agent/include/spdlog/details/circular_q.h\n'}
[424.957574] (micro_ros_agent) StdoutLine: {'line': b'-- Installing: /home/mouha/crazyflie/ros2_ws/install/micro_ros_agent/include/spdlog/details/synchronous_factory.h\n'}
[424.957634] (micro_ros_agent) StdoutLine: {'line': b'-- Installing: /home/mouha/crazyflie/ros2_ws/install/micro_ros_agent/include/spdlog/details/thread_pool-inl.h\n'}
[424.957694] (micro_ros_agent) StdoutLine: {'line': b'-- Installing: /home/mouha/crazyflie/ros2_ws/install/micro_ros_agent/include/spdlog/details/registry-inl.h\n'}
[424.957760] (micro_ros_agent) StdoutLine: {'line': b'-- Installing: /home/mouha/crazyflie/ros2_ws/install/micro_ros_agent/include/spdlog/details/windows_include.h\n'}
[424.957812] (micro_ros_agent) StdoutLine: {'line': b'-- Installing: /home/mouha/crazyflie/ros2_ws/install/micro_ros_agent/include/spdlog/details/os.h\n'}
[424.957873] (micro_ros_agent) StdoutLine: {'line': b'-- Installing: /home/mouha/crazyflie/ros2_ws/install/micro_ros_agent/include/spdlog/details/log_msg_buffer-inl.h\n'}
[424.957962] (micro_ros_agent) StdoutLine: {'line': b'-- Installing: /home/mouha/crazyflie/ros2_ws/install/micro_ros_agent/include/spdlog/details/os-inl.h\n'}
[424.958023] (micro_ros_agent) StdoutLine: {'line': b'-- Installing: /home/mouha/crazyflie/ros2_ws/install/micro_ros_agent/include/spdlog/details/log_msg.h\n'}
[424.958093] (micro_ros_agent) StdoutLine: {'line': b'-- Installing: /home/mouha/crazyflie/ros2_ws/install/micro_ros_agent/include/spdlog/details/periodic_worker.h\n'}
[424.958153] (micro_ros_agent) StdoutLine: {'line': b'-- Installing: /home/mouha/crazyflie/ros2_ws/install/micro_ros_agent/include/spdlog/details/tcp_client.h\n'}
[424.958210] (micro_ros_agent) StdoutLine: {'line': b'-- Installing: /home/mouha/crazyflie/ros2_ws/install/micro_ros_agent/include/spdlog/details/registry.h\n'}
[424.958268] (micro_ros_agent) StdoutLine: {'line': b'-- Installing: /home/mouha/crazyflie/ros2_ws/install/micro_ros_agent/include/spdlog/details/backtracer-inl.h\n'}
[424.958324] (micro_ros_agent) StdoutLine: {'line': b'-- Installing: /home/mouha/crazyflie/ros2_ws/install/micro_ros_agent/include/spdlog/details/log_msg-inl.h\n'}
[424.958371] (micro_ros_agent) StdoutLine: {'line': b'-- Installing: /home/mouha/crazyflie/ros2_ws/install/micro_ros_agent/include/spdlog/details/backtracer.h\n'}
[424.958428] (micro_ros_agent) StdoutLine: {'line': b'-- Installing: /home/mouha/crazyflie/ros2_ws/install/micro_ros_agent/include/spdlog/formatter.h\n'}
[424.958488] (micro_ros_agent) StdoutLine: {'line': b'-- Installing: /home/mouha/crazyflie/ros2_ws/install/micro_ros_agent/include/spdlog/async_logger.h\n'}
[424.958555] (micro_ros_agent) StdoutLine: {'line': b'-- Installing: /home/mouha/crazyflie/ros2_ws/install/micro_ros_agent/include/spdlog/spdlog.h\n'}
[424.958606] (micro_ros_agent) StdoutLine: {'line': b'-- Installing: /home/mouha/crazyflie/ros2_ws/install/micro_ros_agent/include/spdlog/pattern_formatter-inl.h\n'}
[424.958666] (micro_ros_agent) StdoutLine: {'line': b'-- Installing: /home/mouha/crazyflie/ros2_ws/install/micro_ros_agent/include/spdlog/spdlog-inl.h\n'}
[424.958713] (micro_ros_agent) StdoutLine: {'line': b'-- Installing: /home/mouha/crazyflie/ros2_ws/install/micro_ros_agent/include/spdlog/sinks\n'}
[424.958771] (micro_ros_agent) StdoutLine: {'line': b'-- Installing: /home/mouha/crazyflie/ros2_ws/install/micro_ros_agent/include/spdlog/sinks/dist_sink.h\n'}
[424.958831] (micro_ros_agent) StdoutLine: {'line': b'-- Installing: /home/mouha/crazyflie/ros2_ws/install/micro_ros_agent/include/spdlog/sinks/sink.h\n'}
[424.958892] (micro_ros_agent) StdoutLine: {'line': b'-- Installing: /home/mouha/crazyflie/ros2_ws/install/micro_ros_agent/include/spdlog/sinks/ostream_sink.h\n'}
[424.958961] (micro_ros_agent) StdoutLine: {'line': b'-- Installing: /home/mouha/crazyflie/ros2_ws/install/micro_ros_agent/include/spdlog/sinks/rotating_file_sink.h\n'}
[424.959025] (micro_ros_agent) StdoutLine: {'line': b'-- Installing: /home/mouha/crazyflie/ros2_ws/install/micro_ros_agent/include/spdlog/sinks/rotating_file_sink-inl.h\n'}
[424.959088] (micro_ros_agent) StdoutLine: {'line': b'-- Installing: /home/mouha/crazyflie/ros2_ws/install/micro_ros_agent/include/spdlog/sinks/stdout_sinks.h\n'}
[424.959148] (micro_ros_agent) StdoutLine: {'line': b'-- Installing: /home/mouha/crazyflie/ros2_ws/install/micro_ros_agent/include/spdlog/sinks/mongo_sink.h\n'}
[424.959206] (micro_ros_agent) StdoutLine: {'line': b'-- Installing: /home/mouha/crazyflie/ros2_ws/install/micro_ros_agent/include/spdlog/sinks/stdout_sinks-inl.h\n'}
[424.959257] (micro_ros_agent) StdoutLine: {'line': b'-- Installing: /home/mouha/crazyflie/ros2_ws/install/micro_ros_agent/include/spdlog/sinks/base_sink-inl.h\n'}
[424.959307] (micro_ros_agent) StdoutLine: {'line': b'-- Installing: /home/mouha/crazyflie/ros2_ws/install/micro_ros_agent/include/spdlog/sinks/wincolor_sink.h\n'}
[424.959358] (micro_ros_agent) StdoutLine: {'line': b'-- Installing: /home/mouha/crazyflie/ros2_ws/install/micro_ros_agent/include/spdlog/sinks/stdout_color_sinks-inl.h\n'}
[424.959410] (micro_ros_agent) StdoutLine: {'line': b'-- Installing: /home/mouha/crazyflie/ros2_ws/install/micro_ros_agent/include/spdlog/sinks/basic_file_sink-inl.h\n'}
[424.959463] (micro_ros_agent) StdoutLine: {'line': b'-- Installing: /home/mouha/crazyflie/ros2_ws/install/micro_ros_agent/include/spdlog/sinks/basic_file_sink.h\n'}
[424.959519] (micro_ros_agent) StdoutLine: {'line': b'-- Installing: /home/mouha/crazyflie/ros2_ws/install/micro_ros_agent/include/spdlog/sinks/systemd_sink.h\n'}
[424.959571] (micro_ros_agent) StdoutLine: {'line': b'-- Installing: /home/mouha/crazyflie/ros2_ws/install/micro_ros_agent/include/spdlog/sinks/wincolor_sink-inl.h\n'}
[424.959622] (micro_ros_agent) StdoutLine: {'line': b'-- Installing: /home/mouha/crazyflie/ros2_ws/install/micro_ros_agent/include/spdlog/sinks/sink-inl.h\n'}
[424.959674] (micro_ros_agent) StdoutLine: {'line': b'-- Installing: /home/mouha/crazyflie/ros2_ws/install/micro_ros_agent/include/spdlog/sinks/tcp_sink.h\n'}
[424.959728] (micro_ros_agent) StdoutLine: {'line': b'-- Installing: /home/mouha/crazyflie/ros2_ws/install/micro_ros_agent/include/spdlog/sinks/base_sink.h\n'}
[424.959778] (micro_ros_agent) StdoutLine: {'line': b'-- Installing: /home/mouha/crazyflie/ros2_ws/install/micro_ros_agent/include/spdlog/sinks/ansicolor_sink.h\n'}
[424.959829] (micro_ros_agent) StdoutLine: {'line': b'-- Installing: /home/mouha/crazyflie/ros2_ws/install/micro_ros_agent/include/spdlog/sinks/win_eventlog_sink.h\n'}
[424.959885] (micro_ros_agent) StdoutLine: {'line': b'-- Installing: /home/mouha/crazyflie/ros2_ws/install/micro_ros_agent/include/spdlog/sinks/ringbuffer_sink.h\n'}
[424.959948] (micro_ros_agent) StdoutLine: {'line': b'-- Installing: /home/mouha/crazyflie/ros2_ws/install/micro_ros_agent/include/spdlog/sinks/msvc_sink.h\n'}
[424.959999] (micro_ros_agent) StdoutLine: {'line': b'-- Installing: /home/mouha/crazyflie/ros2_ws/install/micro_ros_agent/include/spdlog/sinks/daily_file_sink.h\n'}
[424.960050] (micro_ros_agent) StdoutLine: {'line': b'-- Installing: /home/mouha/crazyflie/ros2_ws/install/micro_ros_agent/include/spdlog/sinks/stdout_color_sinks.h\n'}
[424.960103] (micro_ros_agent) StdoutLine: {'line': b'-- Installing: /home/mouha/crazyflie/ros2_ws/install/micro_ros_agent/include/spdlog/sinks/ansicolor_sink-inl.h\n'}
[424.960152] (micro_ros_agent) StdoutLine: {'line': b'-- Installing: /home/mouha/crazyflie/ros2_ws/install/micro_ros_agent/include/spdlog/sinks/qt_sinks.h\n'}
[424.960203] (micro_ros_agent) StdoutLine: {'line': b'-- Installing: /home/mouha/crazyflie/ros2_ws/install/micro_ros_agent/include/spdlog/sinks/dup_filter_sink.h\n'}
[424.960253] (micro_ros_agent) StdoutLine: {'line': b'-- Installing: /home/mouha/crazyflie/ros2_ws/install/micro_ros_agent/include/spdlog/sinks/android_sink.h\n'}
[424.960308] (micro_ros_agent) StdoutLine: {'line': b'-- Installing: /home/mouha/crazyflie/ros2_ws/install/micro_ros_agent/include/spdlog/sinks/syslog_sink.h\n'}
[424.960359] (micro_ros_agent) StdoutLine: {'line': b'-- Installing: /home/mouha/crazyflie/ros2_ws/install/micro_ros_agent/include/spdlog/sinks/null_sink.h\n'}
[424.960416] (micro_ros_agent) StdoutLine: {'line': b'-- Installing: /home/mouha/crazyflie/ros2_ws/install/micro_ros_agent/include/spdlog/sinks/hourly_file_sink.h\n'}
[424.960466] (micro_ros_agent) StdoutLine: {'line': b'-- Installing: /home/mouha/crazyflie/ros2_ws/install/micro_ros_agent/include/spdlog/tweakme.h\n'}
[424.960519] (micro_ros_agent) StdoutLine: {'line': b'-- Installing: /home/mouha/crazyflie/ros2_ws/install/micro_ros_agent/include/spdlog/stopwatch.h\n'}
[424.960570] (micro_ros_agent) StdoutLine: {'line': b'-- Installing: /home/mouha/crazyflie/ros2_ws/install/micro_ros_agent/include/spdlog/async_logger-inl.h\n'}
[424.960623] (micro_ros_agent) StdoutLine: {'line': b'-- Installing: /home/mouha/crazyflie/ros2_ws/install/micro_ros_agent/include/spdlog/logger-inl.h\n'}
[424.960675] (micro_ros_agent) StdoutLine: {'line': b'-- Installing: /home/mouha/crazyflie/ros2_ws/install/micro_ros_agent/include/spdlog/fmt\n'}
[424.960728] (micro_ros_agent) StdoutLine: {'line': b'-- Installing: /home/mouha/crazyflie/ros2_ws/install/micro_ros_agent/include/spdlog/fmt/bundled\n'}
[424.960780] (micro_ros_agent) StdoutLine: {'line': b'-- Installing: /home/mouha/crazyflie/ros2_ws/install/micro_ros_agent/include/spdlog/fmt/bundled/ostream.h\n'}
[424.960832] (micro_ros_agent) StdoutLine: {'line': b'-- Installing: /home/mouha/crazyflie/ros2_ws/install/micro_ros_agent/include/spdlog/fmt/bundled/compile.h\n'}
[424.960889] (micro_ros_agent) StdoutLine: {'line': b'-- Installing: /home/mouha/crazyflie/ros2_ws/install/micro_ros_agent/include/spdlog/fmt/bundled/color.h\n'}
[424.960942] (micro_ros_agent) StdoutLine: {'line': b'-- Installing: /home/mouha/crazyflie/ros2_ws/install/micro_ros_agent/include/spdlog/fmt/bundled/chrono.h\n'}
[424.960994] (micro_ros_agent) StdoutLine: {'line': b'-- Installing: /home/mouha/crazyflie/ros2_ws/install/micro_ros_agent/include/spdlog/fmt/bundled/core.h\n'}
[424.961047] (micro_ros_agent) StdoutLine: {'line': b'-- Installing: /home/mouha/crazyflie/ros2_ws/install/micro_ros_agent/include/spdlog/fmt/bundled/printf.h\n'}
[424.961097] (micro_ros_agent) StdoutLine: {'line': b'-- Installing: /home/mouha/crazyflie/ros2_ws/install/micro_ros_agent/include/spdlog/fmt/bundled/xchar.h\n'}
[424.961149] (micro_ros_agent) StdoutLine: {'line': b'-- Installing: /home/mouha/crazyflie/ros2_ws/install/micro_ros_agent/include/spdlog/fmt/bundled/args.h\n'}
[424.961203] (micro_ros_agent) StdoutLine: {'line': b'-- Installing: /home/mouha/crazyflie/ros2_ws/install/micro_ros_agent/include/spdlog/fmt/bundled/format.h\n'}
[424.961256] (micro_ros_agent) StdoutLine: {'line': b'-- Installing: /home/mouha/crazyflie/ros2_ws/install/micro_ros_agent/include/spdlog/fmt/bundled/format-inl.h\n'}
[424.961308] (micro_ros_agent) StdoutLine: {'line': b'-- Installing: /home/mouha/crazyflie/ros2_ws/install/micro_ros_agent/include/spdlog/fmt/bundled/os.h\n'}
[424.961360] (micro_ros_agent) StdoutLine: {'line': b'-- Installing: /home/mouha/crazyflie/ros2_ws/install/micro_ros_agent/include/spdlog/fmt/bundled/locale.h\n'}
[424.961412] (micro_ros_agent) StdoutLine: {'line': b'-- Installing: /home/mouha/crazyflie/ros2_ws/install/micro_ros_agent/include/spdlog/fmt/bundled/ranges.h\n'}
[424.961463] (micro_ros_agent) StdoutLine: {'line': b'-- Installing: /home/mouha/crazyflie/ros2_ws/install/micro_ros_agent/include/spdlog/fmt/bin_to_hex.h\n'}
[424.961515] (micro_ros_agent) StdoutLine: {'line': b'-- Installing: /home/mouha/crazyflie/ros2_ws/install/micro_ros_agent/include/spdlog/fmt/compile.h\n'}
[424.961567] (micro_ros_agent) StdoutLine: {'line': b'-- Installing: /home/mouha/crazyflie/ros2_ws/install/micro_ros_agent/include/spdlog/fmt/chrono.h\n'}
[424.961618] (micro_ros_agent) StdoutLine: {'line': b'-- Installing: /home/mouha/crazyflie/ros2_ws/install/micro_ros_agent/include/spdlog/fmt/xchar.h\n'}
[424.961673] (micro_ros_agent) StdoutLine: {'line': b'-- Installing: /home/mouha/crazyflie/ros2_ws/install/micro_ros_agent/include/spdlog/fmt/fmt.h\n'}
[424.961724] (micro_ros_agent) StdoutLine: {'line': b'-- Installing: /home/mouha/crazyflie/ros2_ws/install/micro_ros_agent/include/spdlog/fmt/ostr.h\n'}
[424.972599] (micro_ros_agent) StdoutLine: {'line': b"[ 37%] \x1b[34m\x1b[1mCompleted 'xrceagent'\x1b[0m\n"}
[424.996528] (micro_ros_agent) StdoutLine: {'line': b'[ 50%] Built target xrceagent\n'}
[425.010325] (micro_ros_agent) StdoutLine: {'line': b"[ 56%] \x1b[34m\x1b[1mCreating directories for 'micro_ros_agent'\x1b[0m\n"}
[425.021176] (-) TimerEvent: {}
[425.028000] (micro_ros_agent) StdoutLine: {'line': b"[ 62%] \x1b[34m\x1b[1mNo download step for 'micro_ros_agent'\x1b[0m\n"}
[425.044616] (micro_ros_agent) StdoutLine: {'line': b"[ 68%] \x1b[34m\x1b[1mNo update step for 'micro_ros_agent'\x1b[0m\n"}
[425.061017] (micro_ros_agent) StdoutLine: {'line': b"[ 75%] \x1b[34m\x1b[1mNo patch step for 'micro_ros_agent'\x1b[0m\n"}
[425.076998] (micro_ros_agent) StdoutLine: {'line': b"[ 81%] \x1b[34m\x1b[1mPerforming configure step for 'micro_ros_agent'\x1b[0m\n"}
[425.083008] (micro_ros_agent) StdoutLine: {'line': b'loading initial cache file /home/mouha/crazyflie/ros2_ws/build/micro_ros_agent/micro_ros_agent-prefix/tmp/micro_ros_agent-cache-.cmake\n'}
[425.088353] (micro_ros_agent) StdoutLine: {'line': b'-- Found ament_cmake: 2.5.6 (/opt/ros/jazzy/share/ament_cmake/cmake)\n'}
[425.121272] (-) TimerEvent: {}
[425.205948] (micro_ros_agent) StdoutLine: {'line': b'-- Found Python3: /usr/bin/python3 (found version "3.12.3") found components: Interpreter \n'}
[425.221371] (-) TimerEvent: {}
[425.321610] (-) TimerEvent: {}
[425.358921] (micro_ros_agent) StdoutLine: {'line': b'-- Found OpenSSL: /usr/lib/x86_64-linux-gnu/libcrypto.so (found version "3.0.13")  \n'}
[425.363562] (micro_ros_agent) StdoutLine: {'line': b'-- Performing Test CMAKE_HAVE_LIBC_PTHREAD\n'}
[425.421729] (-) TimerEvent: {}
[425.434714] (micro_ros_agent) StdoutLine: {'line': b'-- Performing Test CMAKE_HAVE_LIBC_PTHREAD - Success\n'}
[425.435411] (micro_ros_agent) StdoutLine: {'line': b'-- Found Threads: TRUE  \n'}
[425.442743] (micro_ros_agent) StdoutLine: {'line': b'-- Found rosidl_cmake: 4.6.7 (/opt/ros/jazzy/share/rosidl_cmake/cmake)\n'}
[425.445040] (micro_ros_agent) StdoutLine: {'line': b'-- Found rosidl_adapter: 4.6.7 (/opt/ros/jazzy/share/rosidl_adapter/cmake)\n'}
[425.454393] (micro_ros_agent) StdoutLine: {'line': b'-- Found fastrtps_cmake_module: 3.6.3 (/opt/ros/jazzy/share/fastrtps_cmake_module/cmake)\n'}
[425.456733] (micro_ros_agent) StdoutLine: {'line': b'-- Found rmw_dds_common: 3.1.1 (/opt/ros/jazzy/share/rmw_dds_common/cmake)\n'}
[425.491617] (micro_ros_agent) StdoutLine: {'line': b'-- Found rosidl_generator_c: 4.6.7 (/opt/ros/jazzy/share/rosidl_generator_c/cmake)\n'}
[425.506771] (micro_ros_agent) StdoutLine: {'line': b'-- Found rosidl_generator_cpp: 4.6.7 (/opt/ros/jazzy/share/rosidl_generator_cpp/cmake)\n'}
[425.515106] (micro_ros_agent) StdoutLine: {'line': b'-- Using all available rosidl_typesupport_c: rosidl_typesupport_fastrtps_c;rosidl_typesupport_introspection_c\n'}
[425.521827] (-) TimerEvent: {}
[425.533533] (micro_ros_agent) StdoutLine: {'line': b'-- Using all available rosidl_typesupport_cpp: rosidl_typesupport_fastrtps_cpp;rosidl_typesupport_introspection_cpp\n'}
[425.551353] (micro_ros_agent) StdoutLine: {'line': b'-- Found rmw_fastrtps_shared_cpp: 8.4.3 (/opt/ros/jazzy/share/rmw_fastrtps_shared_cpp/cmake)\n'}
[425.578165] (micro_ros_agent) StdoutLine: {'line': b'-- Found FastRTPS: /opt/ros/jazzy/include (Required is at least version "2.13") \n'}
[425.580887] (micro_ros_agent) StdoutLine: {'line': b'-- Found ament_lint_auto: 0.17.5 (/opt/ros/jazzy/share/ament_lint_auto/cmake)\n'}
[425.584073] (micro_ros_agent) StdoutLine: {'line': b'-- Found ament_cmake_gtest: 2.5.6 (/opt/ros/jazzy/share/ament_cmake_gtest/cmake)\n'}
[425.584659] (micro_ros_agent) StdoutLine: {'line': b'-- Found micro_ros_msgs: 5.0.2 (/home/mouha/crazyflie/ros2_ws/install/micro_ros_msgs/share/micro_ros_msgs/cmake)\n'}
[425.621916] (-) TimerEvent: {}
[425.667473] (micro_ros_agent) StdoutLine: {'line': b'-- Configuring done (0.6s)\n'}
[425.673214] (micro_ros_agent) StdoutLine: {'line': b'-- Generating done (0.0s)\n'}
[425.675441] (micro_ros_agent) StdoutLine: {'line': b'-- Build files have been written to: /home/mouha/crazyflie/ros2_ws/build/micro_ros_agent\n'}
[425.692859] (micro_ros_agent) StdoutLine: {'line': b"[ 87%] \x1b[34m\x1b[1mPerforming build step for 'micro_ros_agent'\x1b[0m\n"}
[425.722030] (-) TimerEvent: {}
[425.723085] (micro_ros_agent) StdoutLine: {'line': b'[ 66%] \x1b[32mBuilding CXX object CMakeFiles/micro_ros_agent.dir/src/agent/graph_manager/graph_manager.cpp.o\x1b[0m\n'}
[425.723314] (micro_ros_agent) StdoutLine: {'line': b'[ 66%] \x1b[32mBuilding CXX object CMakeFiles/micro_ros_agent.dir/src/agent/graph_manager/graph_typesupport.cpp.o\x1b[0m\n'}
[425.723402] (micro_ros_agent) StdoutLine: {'line': b'[ 66%] \x1b[32mBuilding CXX object CMakeFiles/micro_ros_agent.dir/src/agent/Agent.cpp.o\x1b[0m\n'}
[425.723481] (micro_ros_agent) StdoutLine: {'line': b'[ 66%] \x1b[32mBuilding CXX object CMakeFiles/micro_ros_agent.dir/src/main.cpp.o\x1b[0m\n'}
[425.723561] (micro_ros_agent) StdoutLine: {'line': b'[ 83%] \x1b[32mBuilding CXX object CMakeFiles/micro_ros_agent.dir/src/agent/utils/demangle.cpp.o\x1b[0m\n'}
[425.822141] (-) TimerEvent: {}
[425.922474] (-) TimerEvent: {}
[426.022799] (-) TimerEvent: {}
[426.123156] (-) TimerEvent: {}
[426.223542] (-) TimerEvent: {}
[426.323861] (-) TimerEvent: {}
[426.424186] (-) TimerEvent: {}
[426.524496] (-) TimerEvent: {}
[426.624806] (-) TimerEvent: {}
[426.725142] (-) TimerEvent: {}
[426.825469] (-) TimerEvent: {}
[426.925799] (-) TimerEvent: {}
[427.026143] (-) TimerEvent: {}
[427.126464] (-) TimerEvent: {}
[427.226793] (-) TimerEvent: {}
[427.327106] (-) TimerEvent: {}
[427.427423] (-) TimerEvent: {}
[427.527738] (-) TimerEvent: {}
[427.628067] (-) TimerEvent: {}
[427.728386] (-) TimerEvent: {}
[427.828711] (-) TimerEvent: {}
[427.929034] (-) TimerEvent: {}
[428.029345] (-) TimerEvent: {}
[428.129627] (-) TimerEvent: {}
[428.229937] (-) TimerEvent: {}
[428.330185] (-) TimerEvent: {}
[428.430444] (-) TimerEvent: {}
[428.530715] (-) TimerEvent: {}
[428.630957] (-) TimerEvent: {}
[428.702255] (micro_ros_agent) StdoutLine: {'line': b'[100%] \x1b[32m\x1b[1mLinking CXX executable micro_ros_agent\x1b[0m\n'}
[428.731058] (-) TimerEvent: {}
[428.831311] (-) TimerEvent: {}
[428.931582] (-) TimerEvent: {}
[428.961104] (micro_ros_agent) StdoutLine: {'line': b'[100%] Built target micro_ros_agent\n'}
[428.980411] (micro_ros_agent) StdoutLine: {'line': b"\x1b[34m\x1b[1mNo install step for 'micro_ros_agent'\x1b[0m\n"}
[428.998157] (micro_ros_agent) StdoutLine: {'line': b"\x1b[34m\x1b[1mCompleted 'micro_ros_agent'\x1b[0m\n"}
[429.022381] (micro_ros_agent) StdoutLine: {'line': b'Built target micro_ros_agent\n'}
[429.030887] (micro_ros_agent) CommandEnded: {'returncode': 0}
[429.031433] (micro_ros_agent) JobProgress: {'identifier': 'micro_ros_agent', 'progress': 'install'}
[429.031717] (micro_ros_agent) Command: {'cmd': ['/usr/bin/cmake', '--install', '/home/mouha/crazyflie/ros2_ws/build/micro_ros_agent'], 'cwd': '/home/mouha/crazyflie/ros2_ws/build/micro_ros_agent', 'env': OrderedDict({'GJS_DEBUG_TOPICS': 'JS ERROR;JS LOG', 'XDG_ACTIVATION_TOKEN': 'gnome-shell/Terminator/2522-1-mouha-TUF_TIME1250468', 'LESSOPEN': '| /usr/bin/lesspipe %s', 'GZ_SIM_RESOURCE_PATH': '/opt/ros/jazzy/share', 'LANGUAGE': 'en_GB:en', 'USER': 'mouha', 'LC_TIME': 'en_GB.UTF-8', 'GZ_CONFIG_PATH': '/opt/ros/jazzy/opt/gz_sim_vendor/share/gz:/opt/ros/jazzy/opt/sdformat_vendor/share/gz:/opt/ros/jazzy/opt/gz_gui_vendor/share/gz:/opt/ros/jazzy/opt/gz_transport_vendor/share/gz:/opt/ros/jazzy/opt/gz_rendering_vendor/share/gz:/opt/ros/jazzy/opt/gz_plugin_vendor/share/gz:/opt/ros/jazzy/opt/gz_fuel_tools_vendor/share/gz:/opt/ros/jazzy/opt/gz_msgs_vendor/share/gz:/opt/ros/jazzy/opt/gz_common_vendor/share/gz', 'XDG_SESSION_TYPE': 'wayland', 'STM32CubeMX_PATH': '/home/mouha/STM32CubeMX', 'CLUTTER_DISABLE_MIPMAPPED_TEXT': '1', 'SHLVL': '2', 'LD_LIBRARY_PATH': '/home/mouha/crazyflie/ros2_ws/install/micro_ros_msgs/lib:/home/mouha/crazyflie/ros2_ws/install/crazyflie_interfaces/lib:/opt/ros/jazzy/opt/gz_sim_vendor/lib:/opt/ros/jazzy/opt/gz_sensors_vendor/lib:/opt/ros/jazzy/opt/gz_physics_vendor/lib:/opt/ros/jazzy/opt/sdformat_vendor/lib:/opt/ros/jazzy/opt/rviz_ogre_vendor/lib:/opt/ros/jazzy/lib/x86_64-linux-gnu:/opt/ros/jazzy/opt/gz_gui_vendor/lib:/opt/ros/jazzy/opt/gz_transport_vendor/lib:/opt/ros/jazzy/opt/gz_rendering_vendor/lib:/opt/ros/jazzy/opt/gz_plugin_vendor/lib:/opt/ros/jazzy/opt/gz_fuel_tools_vendor/lib:/opt/ros/jazzy/opt/gz_msgs_vendor/lib:/opt/ros/jazzy/opt/gz_common_vendor/lib:/opt/ros/jazzy/opt/gz_math_vendor/lib:/opt/ros/jazzy/opt/gz_utils_vendor/lib:/opt/ros/jazzy/opt/gz_tools_vendor/lib:/opt/ros/jazzy/opt/gz_ogre_next_vendor/lib:/opt/ros/jazzy/opt/gz_dartsim_vendor/lib:/opt/ros/jazzy/opt/gz_cmake_vendor/lib:/opt/ros/jazzy/lib', 'HOME': '/home/mouha', 'OLDPWD': '/home/mouha/crazyflie/ros2_ws/src', 'DESKTOP_SESSION': 'ubuntu', 'GIO_LAUNCHED_DESKTOP_FILE': '/usr/share/applications/terminator.desktop', 'ROS_PYTHON_VERSION': '3', 'GNOME_SHELL_SESSION_MODE': 'ubuntu', 'GTK_MODULES': 'gail:atk-bridge', 'LC_MONETARY': 'en_GB.UTF-8', 'MANAGERPID': '2224', 'SYSTEMD_EXEC_PID': '2522', 'GSM_SKIP_SSH_AGENT_WORKAROUND': 'true', 'DBUS_SESSION_BUS_ADDRESS': 'unix:path=/run/user/1000/bus', 'COLORTERM': 'truecolor', 'TERMINATOR_DBUS_NAME': 'net.tenshu.Terminator25ef4b219e3b005583550f2b0f9f990c3', 'GIO_LAUNCHED_DESKTOP_FILE_PID': '16393', 'DEBUGINFOD_URLS': 'https://debuginfod.ubuntu.com', 'IM_CONFIG_PHASE': '1', 'WAYLAND_DISPLAY': 'wayland-0', 'COLCON_PREFIX_PATH': '/home/mouha/crazyflie/ros2_ws/install:/home/mouha/ros2_ws/install', 'ROS_DISTRO': 'jazzy', 'LOGNAME': 'mouha', 'JOURNAL_STREAM': '10:26710', '_': '/usr/bin/colcon', 'ROS_VERSION': '2', 'MEMORY_PRESSURE_WATCH': '/sys/fs/cgroup/user.slice/user-1000.slice/user@1000.service/session.slice/org.gnome.Shell@wayland.service/memory.pressure', 'XDG_SESSION_CLASS': 'user', 'USERNAME': 'mouha', 'TERM': 'xterm-256color', 'GNOME_DESKTOP_SESSION_ID': 'this-is-deprecated', 'PATH': '/opt/ros/jazzy/opt/gz_msgs_vendor/bin:/opt/ros/jazzy/opt/gz_tools_vendor/bin:/opt/ros/jazzy/opt/gz_ogre_next_vendor/bin:/opt/ros/jazzy/bin:/home/mouha/.local/bin:/usr/local/sbin:/usr/local/bin:/usr/sbin:/usr/bin:/sbin:/bin:/usr/games:/usr/local/games:/snap/bin:/snap/bin', 'SESSION_MANAGER': 'local/mouha-TUF:@/tmp/.ICE-unix/2462,unix/mouha-TUF:/tmp/.ICE-unix/2462', 'INVOCATION_ID': 'd766796c67a3427d8e46b6b593769ef7', 'PAPERSIZE': 'a4', 'XDG_MENU_PREFIX': 'gnome-', 'LC_ADDRESS': 'en_GB.UTF-8', 'GNOME_SETUP_DISPLAY': ':1', 'XDG_RUNTIME_DIR': '/run/user/1000', 'DISPLAY': ':0', 'TERMINATOR_DBUS_PATH': '/net/tenshu/Terminator2', 'LANG': 'en_GB.UTF-8', 'XDG_CURRENT_DESKTOP': 'ubuntu:GNOME', 'LC_TELEPHONE': 'en_GB.UTF-8', 'XMODIFIERS': '@im=ibus', 'XDG_SESSION_DESKTOP': 'ubuntu', 'XAUTHORITY': '/run/user/1000/.mutter-Xwaylandauth.SFWAT3', 'LS_COLORS': 'rs=0:di=01;34:ln=01;36:mh=00:pi=40;33:so=01;35:do=01;35:bd=40;33;01:cd=40;33;01:or=40;31;01:mi=00:su=37;41:sg=30;43:ca=00:tw=30;42:ow=34;42:st=37;44:ex=01;32:*.tar=01;31:*.tgz=01;31:*.arc=01;31:*.arj=01;31:*.taz=01;31:*.lha=01;31:*.lz4=01;31:*.lzh=01;31:*.lzma=01;31:*.tlz=01;31:*.txz=01;31:*.tzo=01;31:*.t7z=01;31:*.zip=01;31:*.z=01;31:*.dz=01;31:*.gz=01;31:*.lrz=01;31:*.lz=01;31:*.lzo=01;31:*.xz=01;31:*.zst=01;31:*.tzst=01;31:*.bz2=01;31:*.bz=01;31:*.tbz=01;31:*.tbz2=01;31:*.tz=01;31:*.deb=01;31:*.rpm=01;31:*.jar=01;31:*.war=01;31:*.ear=01;31:*.sar=01;31:*.rar=01;31:*.alz=01;31:*.ace=01;31:*.zoo=01;31:*.cpio=01;31:*.7z=01;31:*.rz=01;31:*.cab=01;31:*.wim=01;31:*.swm=01;31:*.dwm=01;31:*.esd=01;31:*.avif=01;35:*.jpg=01;35:*.jpeg=01;35:*.mjpg=01;35:*.mjpeg=01;35:*.gif=01;35:*.bmp=01;35:*.pbm=01;35:*.pgm=01;35:*.ppm=01;35:*.tga=01;35:*.xbm=01;35:*.xpm=01;35:*.tif=01;35:*.tiff=01;35:*.png=01;35:*.svg=01;35:*.svgz=01;35:*.mng=01;35:*.pcx=01;35:*.mov=01;35:*.mpg=01;35:*.mpeg=01;35:*.m2v=01;35:*.mkv=01;35:*.webm=01;35:*.webp=01;35:*.ogm=01;35:*.mp4=01;35:*.m4v=01;35:*.mp4v=01;35:*.vob=01;35:*.qt=01;35:*.nuv=01;35:*.wmv=01;35:*.asf=01;35:*.rm=01;35:*.rmvb=01;35:*.flc=01;35:*.avi=01;35:*.fli=01;35:*.flv=01;35:*.gl=01;35:*.dl=01;35:*.xcf=01;35:*.xwd=01;35:*.yuv=01;35:*.cgm=01;35:*.emf=01;35:*.ogv=01;35:*.ogx=01;35:*.aac=00;36:*.au=00;36:*.flac=00;36:*.m4a=00;36:*.mid=00;36:*.midi=00;36:*.mka=00;36:*.mp3=00;36:*.mpc=00;36:*.ogg=00;36:*.ra=00;36:*.wav=00;36:*.oga=00;36:*.opus=00;36:*.spx=00;36:*.xspf=00;36:*~=00;90:*#=00;90:*.bak=00;90:*.crdownload=00;90:*.dpkg-dist=00;90:*.dpkg-new=00;90:*.dpkg-old=00;90:*.dpkg-tmp=00;90:*.old=00;90:*.orig=00;90:*.part=00;90:*.rej=00;90:*.rpmnew=00;90:*.rpmorig=00;90:*.rpmsave=00;90:*.swp=00;90:*.tmp=00;90:*.ucf-dist=00;90:*.ucf-new=00;90:*.ucf-old=00;90:', 'SSH_AUTH_SOCK': '/run/user/1000/keyring/ssh', 'AMENT_PREFIX_PATH': '/home/mouha/crazyflie/ros2_ws/install/micro_ros_msgs:/home/mouha/crazyflie/ros2_ws/install/micro_ros_setup:/home/mouha/crazyflie/ros2_ws/install/crazyflie_sim:/home/mouha/crazyflie/ros2_ws/install/crazyflie_server_py:/home/mouha/crazyflie/ros2_ws/install/crazyflie_examples:/home/mouha/crazyflie/ros2_ws/install/crazyflie_py:/home/mouha/crazyflie/ros2_ws/install/crazyflie:/home/mouha/crazyflie/ros2_ws/install/crazyflie_interfaces:/home/mouha/crazyflie/ros2_ws/install/crazyflie_description:/home/mouha/crazyflie/ros2_ws/install/cf_led_mission:/home/mouha/ros2_ws/install/my_py_pkg:/home/mouha/ros2_ws/install/my_cpp_pkg:/opt/ros/jazzy', 'SHELL': '/bin/bash', 'LC_NAME': 'en_GB.UTF-8', 'TERMINATOR_UUID': 'urn:uuid:7c048b6f-977f-4836-932f-4a361a17132b', 'QT_ACCESSIBILITY': '1', 'GDMSESSION': 'ubuntu', 'LESSCLOSE': '/usr/bin/lesspipe %s %s', 'LC_MEASUREMENT': 'en_GB.UTF-8', 'GJS_DEBUG_OUTPUT': 'stderr', 'LC_IDENTIFICATION': 'en_GB.UTF-8', 'ROS_AUTOMATIC_DISCOVERY_RANGE': 'SUBNET', 'QT_IM_MODULE': 'ibus', 'PWD': '/home/mouha/crazyflie/ros2_ws/build/micro_ros_agent', 'LC_ALL': 'en_US.UTF-8', 'XDG_CONFIG_DIRS': '/etc/xdg/xdg-ubuntu:/etc/xdg', 'XDG_DATA_DIRS': '/usr/share/ubuntu:/usr/share/gnome:/usr/local/share/:/usr/share/:/var/lib/snapd/desktop', 'QTWEBENGINE_DICTIONARIES_PATH': '/usr/share/hunspell-bdic/', 'PYTHONPATH': '/home/mouha/crazyflie/ros2_ws/install/micro_ros_msgs/lib/python3.12/site-packages:/home/mouha/ros2_ws/build/my_py_pkg:/home/mouha/crazyflie/ros2_ws/install/crazyflie_sim/lib/python3.12/site-packages:/home/mouha/crazyflie/ros2_ws/build/crazyflie_server_py:/home/mouha/crazyflie/ros2_ws/install/crazyflie_server_py/lib/python3.12/site-packages:/home/mouha/crazyflie/ros2_ws/install/crazyflie_examples/lib/python3.12/site-packages:/home/mouha/crazyflie/ros2_ws/build/crazyflie_py:/home/mouha/crazyflie/ros2_ws/install/crazyflie_py/lib/python3.12/site-packages:/home/mouha/crazyflie/ros2_ws/install/crazyflie_interfaces/lib/python3.12/site-packages:/home/mouha/crazyflie/ros2_ws/build/cf_led_mission:/home/mouha/crazyflie/ros2_ws/install/cf_led_mission/lib/python3.12/site-packages:/home/mouha/ros2_ws/install/my_py_pkg/lib/python3.12/site-packages:/opt/ros/jazzy/lib/python3.12/site-packages', 'LC_NUMERIC': 'en_GB.UTF-8', 'LC_PAPER': 'en_GB.UTF-8', 'COLCON': '1', 'MEMORY_PRESSURE_WRITE': 'c29tZSAyMDAwMDAgMjAwMDAwMAA=', 'VTE_VERSION': '7600', 'CMAKE_PREFIX_PATH': '/home/mouha/crazyflie/ros2_ws/install/micro_ros_msgs:/home/mouha/crazyflie/ros2_ws/install/micro_ros_setup:/home/mouha/crazyflie/ros2_ws/install/crazyflie_sim:/home/mouha/crazyflie/ros2_ws/install/crazyflie_examples:/home/mouha/crazyflie/ros2_ws/install/crazyflie:/home/mouha/crazyflie/ros2_ws/install/crazyflie_interfaces:/home/mouha/crazyflie/ros2_ws/install/crazyflie_description:/home/mouha/ros2_ws/install/my_cpp_pkg:/opt/ros/jazzy/opt/gz_sim_vendor:/opt/ros/jazzy/opt/gz_sensors_vendor:/opt/ros/jazzy/opt/gz_physics_vendor:/opt/ros/jazzy/opt/sdformat_vendor:/opt/ros/jazzy/opt/gz_gui_vendor:/opt/ros/jazzy/opt/gz_transport_vendor:/opt/ros/jazzy/opt/gz_rendering_vendor:/opt/ros/jazzy/opt/gz_plugin_vendor:/opt/ros/jazzy/opt/gz_fuel_tools_vendor:/opt/ros/jazzy/opt/gz_msgs_vendor:/opt/ros/jazzy/opt/gz_common_vendor:/opt/ros/jazzy/opt/gz_math_vendor:/opt/ros/jazzy/opt/gz_utils_vendor:/opt/ros/jazzy/opt/gz_tools_vendor:/opt/ros/jazzy/opt/gz_ogre_next_vendor:/opt/ros/jazzy/opt/gz_dartsim_vendor:/opt/ros/jazzy/opt/gz_cmake_vendor:/home/mouha/crazyflie/ros2_ws/install/crazyflie_server_py:/home/mouha/crazyflie/ros2_ws/install/crazyflie_py:/home/mouha/crazyflie/ros2_ws/install/cf_led_mission:/home/mouha/ros2_ws/install/my_py_pkg:/opt/ros/jazzy'}), 'shell': False}
[429.032072] (-) TimerEvent: {}
[429.037949] (micro_ros_agent) StdoutLine: {'line': b'-- Install configuration: ""\n'}
[429.038111] (micro_ros_agent) StdoutLine: {'line': b'-- Installing: /home/mouha/crazyflie/ros2_ws/install/micro_ros_agent/share/ament_index/resource_index/package_run_dependencies/micro_ros_agent\n'}
[429.038187] (micro_ros_agent) StdoutLine: {'line': b'-- Installing: /home/mouha/crazyflie/ros2_ws/install/micro_ros_agent/share/ament_index/resource_index/parent_prefix_path/micro_ros_agent\n'}
[429.038251] (micro_ros_agent) StdoutLine: {'line': b'-- Installing: /home/mouha/crazyflie/ros2_ws/install/micro_ros_agent/share/micro_ros_agent/environment/ament_prefix_path.sh\n'}
[429.038314] (micro_ros_agent) StdoutLine: {'line': b'-- Installing: /home/mouha/crazyflie/ros2_ws/install/micro_ros_agent/share/micro_ros_agent/environment/ament_prefix_path.dsv\n'}
[429.038375] (micro_ros_agent) StdoutLine: {'line': b'-- Installing: /home/mouha/crazyflie/ros2_ws/install/micro_ros_agent/share/micro_ros_agent/environment/path.sh\n'}
[429.038438] (micro_ros_agent) StdoutLine: {'line': b'-- Installing: /home/mouha/crazyflie/ros2_ws/install/micro_ros_agent/share/micro_ros_agent/environment/path.dsv\n'}
[429.038499] (micro_ros_agent) StdoutLine: {'line': b'-- Installing: /home/mouha/crazyflie/ros2_ws/install/micro_ros_agent/share/micro_ros_agent/local_setup.bash\n'}
[429.038574] (micro_ros_agent) StdoutLine: {'line': b'-- Installing: /home/mouha/crazyflie/ros2_ws/install/micro_ros_agent/share/micro_ros_agent/local_setup.sh\n'}
[429.038644] (micro_ros_agent) StdoutLine: {'line': b'-- Installing: /home/mouha/crazyflie/ros2_ws/install/micro_ros_agent/share/micro_ros_agent/local_setup.zsh\n'}
[429.038697] (micro_ros_agent) StdoutLine: {'line': b'-- Installing: /home/mouha/crazyflie/ros2_ws/install/micro_ros_agent/share/micro_ros_agent/local_setup.dsv\n'}
[429.038760] (micro_ros_agent) StdoutLine: {'line': b'-- Installing: /home/mouha/crazyflie/ros2_ws/install/micro_ros_agent/share/micro_ros_agent/package.dsv\n'}
[429.038826] (micro_ros_agent) StdoutLine: {'line': b'-- Installing: /home/mouha/crazyflie/ros2_ws/install/micro_ros_agent/share/ament_index/resource_index/packages/micro_ros_agent\n'}
[429.038890] (micro_ros_agent) StdoutLine: {'line': b'-- Installing: /home/mouha/crazyflie/ros2_ws/install/micro_ros_agent/share/micro_ros_agent/cmake/ament_cmake_export_dependencies-extras.cmake\n'}
[429.038969] (micro_ros_agent) StdoutLine: {'line': b'-- Installing: /home/mouha/crazyflie/ros2_ws/install/micro_ros_agent/share/micro_ros_agent/cmake/micro_ros_agentConfig.cmake\n'}
[429.039030] (micro_ros_agent) StdoutLine: {'line': b'-- Installing: /home/mouha/crazyflie/ros2_ws/install/micro_ros_agent/share/micro_ros_agent/cmake/micro_ros_agentConfig-version.cmake\n'}
[429.039082] (micro_ros_agent) StdoutLine: {'line': b'-- Installing: /home/mouha/crazyflie/ros2_ws/install/micro_ros_agent/share/micro_ros_agent/package.xml\n'}
[429.039153] (micro_ros_agent) StdoutLine: {'line': b'-- Installing: /home/mouha/crazyflie/ros2_ws/install/micro_ros_agent/lib/micro_ros_agent/micro_ros_agent\n'}
[429.039947] (micro_ros_agent) StdoutLine: {'line': b'-- Set non-toolchain portion of runtime path of "/home/mouha/crazyflie/ros2_ws/install/micro_ros_agent/lib/micro_ros_agent/micro_ros_agent" to ""\n'}
[429.040038] (micro_ros_agent) StdoutLine: {'line': b'-- Installing: /home/mouha/crazyflie/ros2_ws/install/micro_ros_agent/share/micro_ros_agent/launch\n'}
[429.040093] (micro_ros_agent) StdoutLine: {'line': b'-- Installing: /home/mouha/crazyflie/ros2_ws/install/micro_ros_agent/share/micro_ros_agent/launch/micro_ros_agent_launch.py\n'}
[429.041374] (micro_ros_agent) CommandEnded: {'returncode': 0}
[429.051627] (micro_ros_agent) JobEnded: {'identifier': 'micro_ros_agent', 'rc': 0}
[429.052173] (-) EventReactorShutdown: {}
