[0.092s] DEBUG:colcon:Command line arguments: ['/usr/bin/colcon', 'build', '--symlink-install']
[0.092s] DEBUG:colcon:Parsed command line arguments: Namespace(log_base=None, log_level=None, verb_name='build', build_base='build', install_base='install', merge_install=False, symlink_install=True, test_result_base=None, continue_on_error=False, executor='parallel', parallel_workers=12, event_handlers=None, ignore_user_meta=False, metas=['./colcon.meta'], base_paths=['.'], packages_ignore=None, packages_ignore_regex=None, paths=None, packages_up_to=None, packages_up_to_regex=None, packages_above=None, packages_above_and_dependencies=None, packages_above_depth=None, packages_select_by_dep=None, packages_skip_by_dep=None, packages_skip_up_to=None, packages_select_build_failed=False, packages_skip_build_finished=False, packages_select_test_failures=False, packages_skip_test_passed=False, packages_select=None, packages_skip=None, packages_select_regex=None, packages_skip_regex=None, packages_start=None, packages_end=None, allow_overriding=[], cmake_args=None, cmake_target=None, cmake_target_skip_unavailable=False, cmake_clean_cache=False, cmake_clean_first=False, cmake_force_configure=False, ament_cmake_args=None, catkin_cmake_args=None, catkin_skip_building_tests=False, mixin_files=None, mixin=None, verb_parser=<colcon_mixin.mixin.mixin_argument.MixinArgumentDecorator object at 0x762f536965d0>, verb_extension=<colcon_core.verb.build.BuildVerb object at 0x762f536962d0>, main=<bound method BuildVerb.main of <colcon_core.verb.build.BuildVerb object at 0x762f536962d0>>, mixin_verb=('build',))
[0.119s] Level 1:colcon.colcon_core.package_discovery:discover_packages(colcon_meta) check parameters
[0.119s] Level 1:colcon.colcon_core.package_discovery:discover_packages(recursive) check parameters
[0.119s] Level 1:colcon.colcon_core.package_discovery:discover_packages(ignore) check parameters
[0.119s] Level 1:colcon.colcon_core.package_discovery:discover_packages(path) check parameters
[0.119s] Level 1:colcon.colcon_core.package_discovery:discover_packages(colcon_meta) discover
[0.119s] Level 1:colcon.colcon_core.package_discovery:discover_packages(recursive) discover
[0.119s] INFO:colcon.colcon_core.package_discovery:Crawling recursively for packages in '/home/mouha/crazyflie/ros2_ws'
[0.119s] Level 1:colcon.colcon_core.package_identification:_identify(.) by extensions ['ignore', 'ignore_ament_install']
[0.119s] Level 1:colcon.colcon_core.package_identification:_identify(.) by extension 'ignore'
[0.119s] Level 1:colcon.colcon_core.package_identification:_identify(.) by extension 'ignore_ament_install'
[0.119s] Level 1:colcon.colcon_core.package_identification:_identify(.) by extensions ['colcon_pkg']
[0.119s] Level 1:colcon.colcon_core.package_identification:_identify(.) by extension 'colcon_pkg'
[0.119s] Level 1:colcon.colcon_core.package_identification:_identify(.) by extensions ['colcon_meta']
[0.119s] Level 1:colcon.colcon_core.package_identification:_identify(.) by extension 'colcon_meta'
[0.119s] Level 1:colcon.colcon_core.package_identification:_identify(.) by extensions ['ros']
[0.119s] Level 1:colcon.colcon_core.package_identification:_identify(.) by extension 'ros'
[0.139s] Level 1:colcon.colcon_core.package_identification:_identify(.) by extensions ['cmake', 'python']
[0.139s] Level 1:colcon.colcon_core.package_identification:_identify(.) by extension 'cmake'
[0.139s] Level 1:colcon.colcon_core.package_identification:_identify(.) by extension 'python'
[0.139s] Level 1:colcon.colcon_core.package_identification:_identify(.) by extensions ['python_setup_py']
[0.139s] Level 1:colcon.colcon_core.package_identification:_identify(.) by extension 'python_setup_py'
[0.140s] Level 1:colcon.colcon_core.package_identification:_identify(build) by extensions ['ignore', 'ignore_ament_install']
[0.140s] Level 1:colcon.colcon_core.package_identification:_identify(build) by extension 'ignore'
[0.140s] Level 1:colcon.colcon_core.package_identification:_identify(build) ignored
[0.140s] Level 1:colcon.colcon_core.package_identification:_identify(install) by extensions ['ignore', 'ignore_ament_install']
[0.140s] Level 1:colcon.colcon_core.package_identification:_identify(install) by extension 'ignore'
[0.140s] Level 1:colcon.colcon_core.package_identification:_identify(install) ignored
[0.140s] Level 1:colcon.colcon_core.package_identification:_identify(log) by extensions ['ignore', 'ignore_ament_install']
[0.140s] Level 1:colcon.colcon_core.package_identification:_identify(log) by extension 'ignore'
[0.140s] Level 1:colcon.colcon_core.package_identification:_identify(log) ignored
[0.140s] Level 1:colcon.colcon_core.package_identification:_identify(src) by extensions ['ignore', 'ignore_ament_install']
[0.140s] Level 1:colcon.colcon_core.package_identification:_identify(src) by extension 'ignore'
[0.140s] Level 1:colcon.colcon_core.package_identification:_identify(src) by extension 'ignore_ament_install'
[0.140s] Level 1:colcon.colcon_core.package_identification:_identify(src) by extensions ['colcon_pkg']
[0.140s] Level 1:colcon.colcon_core.package_identification:_identify(src) by extension 'colcon_pkg'
[0.140s] Level 1:colcon.colcon_core.package_identification:_identify(src) by extensions ['colcon_meta']
[0.140s] Level 1:colcon.colcon_core.package_identification:_identify(src) by extension 'colcon_meta'
[0.140s] Level 1:colcon.colcon_core.package_identification:_identify(src) by extensions ['ros']
[0.140s] Level 1:colcon.colcon_core.package_identification:_identify(src) by extension 'ros'
[0.140s] Level 1:colcon.colcon_core.package_identification:_identify(src) by extensions ['cmake', 'python']
[0.140s] Level 1:colcon.colcon_core.package_identification:_identify(src) by extension 'cmake'
[0.140s] Level 1:colcon.colcon_core.package_identification:_identify(src) by extension 'python'
[0.140s] Level 1:colcon.colcon_core.package_identification:_identify(src) by extensions ['python_setup_py']
[0.140s] Level 1:colcon.colcon_core.package_identification:_identify(src) by extension 'python_setup_py'
[0.141s] Level 1:colcon.colcon_core.package_identification:_identify(src/cf_led_mission) by extensions ['ignore', 'ignore_ament_install']
[0.141s] Level 1:colcon.colcon_core.package_identification:_identify(src/cf_led_mission) by extension 'ignore'
[0.141s] Level 1:colcon.colcon_core.package_identification:_identify(src/cf_led_mission) by extension 'ignore_ament_install'
[0.141s] Level 1:colcon.colcon_core.package_identification:_identify(src/cf_led_mission) by extensions ['colcon_pkg']
[0.141s] Level 1:colcon.colcon_core.package_identification:_identify(src/cf_led_mission) by extension 'colcon_pkg'
[0.141s] Level 1:colcon.colcon_core.package_identification:_identify(src/cf_led_mission) by extensions ['colcon_meta']
[0.141s] Level 1:colcon.colcon_core.package_identification:_identify(src/cf_led_mission) by extension 'colcon_meta'
[0.141s] Level 1:colcon.colcon_core.package_identification:_identify(src/cf_led_mission) by extensions ['ros']
[0.141s] Level 1:colcon.colcon_core.package_identification:_identify(src/cf_led_mission) by extension 'ros'
[0.143s] DEBUG:colcon.colcon_core.package_identification:Package 'src/cf_led_mission' with type 'ros.ament_python' and name 'cf_led_mission'
[0.143s] Level 1:colcon.colcon_core.package_identification:_identify(src/crazyswarm2) by extensions ['ignore', 'ignore_ament_install']
[0.143s] Level 1:colcon.colcon_core.package_identification:_identify(src/crazyswarm2) by extension 'ignore'
[0.143s] Level 1:colcon.colcon_core.package_identification:_identify(src/crazyswarm2) by extension 'ignore_ament_install'
[0.143s] Level 1:colcon.colcon_core.package_identification:_identify(src/crazyswarm2) by extensions ['colcon_pkg']
[0.143s] Level 1:colcon.colcon_core.package_identification:_identify(src/crazyswarm2) by extension 'colcon_pkg'
[0.143s] Level 1:colcon.colcon_core.package_identification:_identify(src/crazyswarm2) by extensions ['colcon_meta']
[0.143s] Level 1:colcon.colcon_core.package_identification:_identify(src/crazyswarm2) by extension 'colcon_meta'
[0.143s] Level 1:colcon.colcon_core.package_identification:_identify(src/crazyswarm2) by extensions ['ros']
[0.143s] Level 1:colcon.colcon_core.package_identification:_identify(src/crazyswarm2) by extension 'ros'
[0.143s] Level 1:colcon.colcon_core.package_identification:_identify(src/crazyswarm2) by extensions ['cmake', 'python']
[0.143s] Level 1:colcon.colcon_core.package_identification:_identify(src/crazyswarm2) by extension 'cmake'
[0.143s] Level 1:colcon.colcon_core.package_identification:_identify(src/crazyswarm2) by extension 'python'
[0.143s] Level 1:colcon.colcon_core.package_identification:_identify(src/crazyswarm2) by extensions ['python_setup_py']
[0.143s] Level 1:colcon.colcon_core.package_identification:_identify(src/crazyswarm2) by extension 'python_setup_py'
[0.143s] Level 1:colcon.colcon_core.package_identification:_identify(src/crazyswarm2/crazyflie) by extensions ['ignore', 'ignore_ament_install']
[0.143s] Level 1:colcon.colcon_core.package_identification:_identify(src/crazyswarm2/crazyflie) by extension 'ignore'
[0.143s] Level 1:colcon.colcon_core.package_identification:_identify(src/crazyswarm2/crazyflie) by extension 'ignore_ament_install'
[0.144s] Level 1:colcon.colcon_core.package_identification:_identify(src/crazyswarm2/crazyflie) by extensions ['colcon_pkg']
[0.144s] Level 1:colcon.colcon_core.package_identification:_identify(src/crazyswarm2/crazyflie) by extension 'colcon_pkg'
[0.144s] Level 1:colcon.colcon_core.package_identification:_identify(src/crazyswarm2/crazyflie) by extensions ['colcon_meta']
[0.144s] Level 1:colcon.colcon_core.package_identification:_identify(src/crazyswarm2/crazyflie) by extension 'colcon_meta'
[0.144s] Level 1:colcon.colcon_core.package_identification:_identify(src/crazyswarm2/crazyflie) by extensions ['ros']
[0.144s] Level 1:colcon.colcon_core.package_identification:_identify(src/crazyswarm2/crazyflie) by extension 'ros'
[0.144s] DEBUG:colcon.colcon_core.package_identification:Package 'src/crazyswarm2/crazyflie' with type 'ros.ament_cmake' and name 'crazyflie'
[0.145s] Level 1:colcon.colcon_core.package_identification:_identify(src/crazyswarm2/crazyflie_description) by extensions ['ignore', 'ignore_ament_install']
[0.145s] Level 1:colcon.colcon_core.package_identification:_identify(src/crazyswarm2/crazyflie_description) by extension 'ignore'
[0.145s] Level 1:colcon.colcon_core.package_identification:_identify(src/crazyswarm2/crazyflie_description) by extension 'ignore_ament_install'
[0.145s] Level 1:colcon.colcon_core.package_identification:_identify(src/crazyswarm2/crazyflie_description) by extensions ['colcon_pkg']
[0.145s] Level 1:colcon.colcon_core.package_identification:_identify(src/crazyswarm2/crazyflie_description) by extension 'colcon_pkg'
[0.145s] Level 1:colcon.colcon_core.package_identification:_identify(src/crazyswarm2/crazyflie_description) by extensions ['colcon_meta']
[0.145s] Level 1:colcon.colcon_core.package_identification:_identify(src/crazyswarm2/crazyflie_description) by extension 'colcon_meta'
[0.145s] Level 1:colcon.colcon_core.package_identification:_identify(src/crazyswarm2/crazyflie_description) by extensions ['ros']
[0.145s] Level 1:colcon.colcon_core.package_identification:_identify(src/crazyswarm2/crazyflie_description) by extension 'ros'
[0.145s] DEBUG:colcon.colcon_core.package_identification:Package 'src/crazyswarm2/crazyflie_description' with type 'ros.ament_cmake' and name 'crazyflie_description'
[0.145s] Level 1:colcon.colcon_core.package_identification:_identify(src/crazyswarm2/crazyflie_examples) by extensions ['ignore', 'ignore_ament_install']
[0.145s] Level 1:colcon.colcon_core.package_identification:_identify(src/crazyswarm2/crazyflie_examples) by extension 'ignore'
[0.145s] Level 1:colcon.colcon_core.package_identification:_identify(src/crazyswarm2/crazyflie_examples) by extension 'ignore_ament_install'
[0.145s] Level 1:colcon.colcon_core.package_identification:_identify(src/crazyswarm2/crazyflie_examples) by extensions ['colcon_pkg']
[0.145s] Level 1:colcon.colcon_core.package_identification:_identify(src/crazyswarm2/crazyflie_examples) by extension 'colcon_pkg'
[0.145s] Level 1:colcon.colcon_core.package_identification:_identify(src/crazyswarm2/crazyflie_examples) by extensions ['colcon_meta']
[0.145s] Level 1:colcon.colcon_core.package_identification:_identify(src/crazyswarm2/crazyflie_examples) by extension 'colcon_meta'
[0.145s] Level 1:colcon.colcon_core.package_identification:_identify(src/crazyswarm2/crazyflie_examples) by extensions ['ros']
[0.145s] Level 1:colcon.colcon_core.package_identification:_identify(src/crazyswarm2/crazyflie_examples) by extension 'ros'
[0.146s] DEBUG:colcon.colcon_core.package_identification:Package 'src/crazyswarm2/crazyflie_examples' with type 'ros.ament_cmake' and name 'crazyflie_examples'
[0.146s] Level 1:colcon.colcon_core.package_identification:_identify(src/crazyswarm2/crazyflie_interfaces) by extensions ['ignore', 'ignore_ament_install']
[0.146s] Level 1:colcon.colcon_core.package_identification:_identify(src/crazyswarm2/crazyflie_interfaces) by extension 'ignore'
[0.146s] Level 1:colcon.colcon_core.package_identification:_identify(src/crazyswarm2/crazyflie_interfaces) by extension 'ignore_ament_install'
[0.146s] Level 1:colcon.colcon_core.package_identification:_identify(src/crazyswarm2/crazyflie_interfaces) by extensions ['colcon_pkg']
[0.146s] Level 1:colcon.colcon_core.package_identification:_identify(src/crazyswarm2/crazyflie_interfaces) by extension 'colcon_pkg'
[0.146s] Level 1:colcon.colcon_core.package_identification:_identify(src/crazyswarm2/crazyflie_interfaces) by extensions ['colcon_meta']
[0.146s] Level 1:colcon.colcon_core.package_identification:_identify(src/crazyswarm2/crazyflie_interfaces) by extension 'colcon_meta'
[0.146s] Level 1:colcon.colcon_core.package_identification:_identify(src/crazyswarm2/crazyflie_interfaces) by extensions ['ros']
[0.146s] Level 1:colcon.colcon_core.package_identification:_identify(src/crazyswarm2/crazyflie_interfaces) by extension 'ros'
[0.147s] DEBUG:colcon.colcon_core.package_identification:Package 'src/crazyswarm2/crazyflie_interfaces' with type 'ros.ament_cmake' and name 'crazyflie_interfaces'
[0.147s] Level 1:colcon.colcon_core.package_identification:_identify(src/crazyswarm2/crazyflie_py) by extensions ['ignore', 'ignore_ament_install']
[0.147s] Level 1:colcon.colcon_core.package_identification:_identify(src/crazyswarm2/crazyflie_py) by extension 'ignore'
[0.147s] Level 1:colcon.colcon_core.package_identification:_identify(src/crazyswarm2/crazyflie_py) by extension 'ignore_ament_install'
[0.147s] Level 1:colcon.colcon_core.package_identification:_identify(src/crazyswarm2/crazyflie_py) by extensions ['colcon_pkg']
[0.147s] Level 1:colcon.colcon_core.package_identification:_identify(src/crazyswarm2/crazyflie_py) by extension 'colcon_pkg'
[0.148s] Level 1:colcon.colcon_core.package_identification:_identify(src/crazyswarm2/crazyflie_py) by extensions ['colcon_meta']
[0.148s] Level 1:colcon.colcon_core.package_identification:_identify(src/crazyswarm2/crazyflie_py) by extension 'colcon_meta'
[0.148s] Level 1:colcon.colcon_core.package_identification:_identify(src/crazyswarm2/crazyflie_py) by extensions ['ros']
[0.148s] Level 1:colcon.colcon_core.package_identification:_identify(src/crazyswarm2/crazyflie_py) by extension 'ros'
[0.148s] DEBUG:colcon.colcon_core.package_identification:Package 'src/crazyswarm2/crazyflie_py' with type 'ros.ament_python' and name 'crazyflie_py'
[0.148s] Level 1:colcon.colcon_core.package_identification:_identify(src/crazyswarm2/crazyflie_server_py) by extensions ['ignore', 'ignore_ament_install']
[0.148s] Level 1:colcon.colcon_core.package_identification:_identify(src/crazyswarm2/crazyflie_server_py) by extension 'ignore'
[0.148s] Level 1:colcon.colcon_core.package_identification:_identify(src/crazyswarm2/crazyflie_server_py) by extension 'ignore_ament_install'
[0.148s] Level 1:colcon.colcon_core.package_identification:_identify(src/crazyswarm2/crazyflie_server_py) by extensions ['colcon_pkg']
[0.148s] Level 1:colcon.colcon_core.package_identification:_identify(src/crazyswarm2/crazyflie_server_py) by extension 'colcon_pkg'
[0.148s] Level 1:colcon.colcon_core.package_identification:_identify(src/crazyswarm2/crazyflie_server_py) by extensions ['colcon_meta']
[0.148s] Level 1:colcon.colcon_core.package_identification:_identify(src/crazyswarm2/crazyflie_server_py) by extension 'colcon_meta'
[0.148s] Level 1:colcon.colcon_core.package_identification:_identify(src/crazyswarm2/crazyflie_server_py) by extensions ['ros']
[0.148s] Level 1:colcon.colcon_core.package_identification:_identify(src/crazyswarm2/crazyflie_server_py) by extension 'ros'
[0.149s] DEBUG:colcon.colcon_core.package_identification:Package 'src/crazyswarm2/crazyflie_server_py' with type 'ros.ament_python' and name 'crazyflie_server_py'
[0.149s] Level 1:colcon.colcon_core.package_identification:_identify(src/crazyswarm2/crazyflie_sim) by extensions ['ignore', 'ignore_ament_install']
[0.149s] Level 1:colcon.colcon_core.package_identification:_identify(src/crazyswarm2/crazyflie_sim) by extension 'ignore'
[0.149s] Level 1:colcon.colcon_core.package_identification:_identify(src/crazyswarm2/crazyflie_sim) by extension 'ignore_ament_install'
[0.149s] Level 1:colcon.colcon_core.package_identification:_identify(src/crazyswarm2/crazyflie_sim) by extensions ['colcon_pkg']
[0.149s] Level 1:colcon.colcon_core.package_identification:_identify(src/crazyswarm2/crazyflie_sim) by extension 'colcon_pkg'
[0.149s] Level 1:colcon.colcon_core.package_identification:_identify(src/crazyswarm2/crazyflie_sim) by extensions ['colcon_meta']
[0.149s] Level 1:colcon.colcon_core.package_identification:_identify(src/crazyswarm2/crazyflie_sim) by extension 'colcon_meta'
[0.149s] Level 1:colcon.colcon_core.package_identification:_identify(src/crazyswarm2/crazyflie_sim) by extensions ['ros']
[0.149s] Level 1:colcon.colcon_core.package_identification:_identify(src/crazyswarm2/crazyflie_sim) by extension 'ros'
[0.150s] DEBUG:colcon.colcon_core.package_identification:Package 'src/crazyswarm2/crazyflie_sim' with type 'ros.ament_cmake' and name 'crazyflie_sim'
[0.150s] Level 1:colcon.colcon_core.package_identification:_identify(src/crazyswarm2/docs) by extensions ['ignore', 'ignore_ament_install']
[0.150s] Level 1:colcon.colcon_core.package_identification:_identify(src/crazyswarm2/docs) by extension 'ignore'
[0.150s] Level 1:colcon.colcon_core.package_identification:_identify(src/crazyswarm2/docs) by extension 'ignore_ament_install'
[0.150s] Level 1:colcon.colcon_core.package_identification:_identify(src/crazyswarm2/docs) by extensions ['colcon_pkg']
[0.150s] Level 1:colcon.colcon_core.package_identification:_identify(src/crazyswarm2/docs) by extension 'colcon_pkg'
[0.150s] Level 1:colcon.colcon_core.package_identification:_identify(src/crazyswarm2/docs) by extensions ['colcon_meta']
[0.150s] Level 1:colcon.colcon_core.package_identification:_identify(src/crazyswarm2/docs) by extension 'colcon_meta'
[0.150s] Level 1:colcon.colcon_core.package_identification:_identify(src/crazyswarm2/docs) by extensions ['ros']
[0.150s] Level 1:colcon.colcon_core.package_identification:_identify(src/crazyswarm2/docs) by extension 'ros'
[0.150s] Level 1:colcon.colcon_core.package_identification:_identify(src/crazyswarm2/docs) by extensions ['cmake', 'python']
[0.150s] Level 1:colcon.colcon_core.package_identification:_identify(src/crazyswarm2/docs) by extension 'cmake'
[0.150s] Level 1:colcon.colcon_core.package_identification:_identify(src/crazyswarm2/docs) by extension 'python'
[0.150s] Level 1:colcon.colcon_core.package_identification:_identify(src/crazyswarm2/docs) by extensions ['python_setup_py']
[0.150s] Level 1:colcon.colcon_core.package_identification:_identify(src/crazyswarm2/docs) by extension 'python_setup_py'
[0.150s] Level 1:colcon.colcon_core.package_identification:_identify(src/crazyswarm2/docs/generated) by extensions ['ignore', 'ignore_ament_install']
[0.150s] Level 1:colcon.colcon_core.package_identification:_identify(src/crazyswarm2/docs/generated) by extension 'ignore'
[0.151s] Level 1:colcon.colcon_core.package_identification:_identify(src/crazyswarm2/docs/generated) by extension 'ignore_ament_install'
[0.151s] Level 1:colcon.colcon_core.package_identification:_identify(src/crazyswarm2/docs/generated) by extensions ['colcon_pkg']
[0.151s] Level 1:colcon.colcon_core.package_identification:_identify(src/crazyswarm2/docs/generated) by extension 'colcon_pkg'
[0.151s] Level 1:colcon.colcon_core.package_identification:_identify(src/crazyswarm2/docs/generated) by extensions ['colcon_meta']
[0.151s] Level 1:colcon.colcon_core.package_identification:_identify(src/crazyswarm2/docs/generated) by extension 'colcon_meta'
[0.151s] Level 1:colcon.colcon_core.package_identification:_identify(src/crazyswarm2/docs/generated) by extensions ['ros']
[0.151s] Level 1:colcon.colcon_core.package_identification:_identify(src/crazyswarm2/docs/generated) by extension 'ros'
[0.151s] Level 1:colcon.colcon_core.package_identification:_identify(src/crazyswarm2/docs/generated) by extensions ['cmake', 'python']
[0.151s] Level 1:colcon.colcon_core.package_identification:_identify(src/crazyswarm2/docs/generated) by extension 'cmake'
[0.151s] Level 1:colcon.colcon_core.package_identification:_identify(src/crazyswarm2/docs/generated) by extension 'python'
[0.151s] Level 1:colcon.colcon_core.package_identification:_identify(src/crazyswarm2/docs/generated) by extensions ['python_setup_py']
[0.151s] Level 1:colcon.colcon_core.package_identification:_identify(src/crazyswarm2/docs/generated) by extension 'python_setup_py'
[0.151s] Level 1:colcon.colcon_core.package_identification:_identify(src/crazyswarm2/docs/howto) by extensions ['ignore', 'ignore_ament_install']
[0.151s] Level 1:colcon.colcon_core.package_identification:_identify(src/crazyswarm2/docs/howto) by extension 'ignore'
[0.151s] Level 1:colcon.colcon_core.package_identification:_identify(src/crazyswarm2/docs/howto) by extension 'ignore_ament_install'
[0.151s] Level 1:colcon.colcon_core.package_identification:_identify(src/crazyswarm2/docs/howto) by extensions ['colcon_pkg']
[0.151s] Level 1:colcon.colcon_core.package_identification:_identify(src/crazyswarm2/docs/howto) by extension 'colcon_pkg'
[0.151s] Level 1:colcon.colcon_core.package_identification:_identify(src/crazyswarm2/docs/howto) by extensions ['colcon_meta']
[0.151s] Level 1:colcon.colcon_core.package_identification:_identify(src/crazyswarm2/docs/howto) by extension 'colcon_meta'
[0.151s] Level 1:colcon.colcon_core.package_identification:_identify(src/crazyswarm2/docs/howto) by extensions ['ros']
[0.151s] Level 1:colcon.colcon_core.package_identification:_identify(src/crazyswarm2/docs/howto) by extension 'ros'
[0.151s] Level 1:colcon.colcon_core.package_identification:_identify(src/crazyswarm2/docs/howto) by extensions ['cmake', 'python']
[0.151s] Level 1:colcon.colcon_core.package_identification:_identify(src/crazyswarm2/docs/howto) by extension 'cmake'
[0.151s] Level 1:colcon.colcon_core.package_identification:_identify(src/crazyswarm2/docs/howto) by extension 'python'
[0.151s] Level 1:colcon.colcon_core.package_identification:_identify(src/crazyswarm2/docs/howto) by extensions ['python_setup_py']
[0.151s] Level 1:colcon.colcon_core.package_identification:_identify(src/crazyswarm2/docs/howto) by extension 'python_setup_py'
[0.151s] Level 1:colcon.colcon_core.package_identification:_identify(src/crazyswarm2/docs/images) by extensions ['ignore', 'ignore_ament_install']
[0.151s] Level 1:colcon.colcon_core.package_identification:_identify(src/crazyswarm2/docs/images) by extension 'ignore'
[0.151s] Level 1:colcon.colcon_core.package_identification:_identify(src/crazyswarm2/docs/images) by extension 'ignore_ament_install'
[0.151s] Level 1:colcon.colcon_core.package_identification:_identify(src/crazyswarm2/docs/images) by extensions ['colcon_pkg']
[0.151s] Level 1:colcon.colcon_core.package_identification:_identify(src/crazyswarm2/docs/images) by extension 'colcon_pkg'
[0.151s] Level 1:colcon.colcon_core.package_identification:_identify(src/crazyswarm2/docs/images) by extensions ['colcon_meta']
[0.151s] Level 1:colcon.colcon_core.package_identification:_identify(src/crazyswarm2/docs/images) by extension 'colcon_meta'
[0.152s] Level 1:colcon.colcon_core.package_identification:_identify(src/crazyswarm2/docs/images) by extensions ['ros']
[0.152s] Level 1:colcon.colcon_core.package_identification:_identify(src/crazyswarm2/docs/images) by extension 'ros'
[0.152s] Level 1:colcon.colcon_core.package_identification:_identify(src/crazyswarm2/docs/images) by extensions ['cmake', 'python']
[0.152s] Level 1:colcon.colcon_core.package_identification:_identify(src/crazyswarm2/docs/images) by extension 'cmake'
[0.152s] Level 1:colcon.colcon_core.package_identification:_identify(src/crazyswarm2/docs/images) by extension 'python'
[0.152s] Level 1:colcon.colcon_core.package_identification:_identify(src/crazyswarm2/docs/images) by extensions ['python_setup_py']
[0.152s] Level 1:colcon.colcon_core.package_identification:_identify(src/crazyswarm2/docs/images) by extension 'python_setup_py'
[0.152s] Level 1:colcon.colcon_core.package_identification:_identify(src/crazyswarm2/docs/tutorials) by extensions ['ignore', 'ignore_ament_install']
[0.152s] Level 1:colcon.colcon_core.package_identification:_identify(src/crazyswarm2/docs/tutorials) by extension 'ignore'
[0.152s] Level 1:colcon.colcon_core.package_identification:_identify(src/crazyswarm2/docs/tutorials) by extension 'ignore_ament_install'
[0.152s] Level 1:colcon.colcon_core.package_identification:_identify(src/crazyswarm2/docs/tutorials) by extensions ['colcon_pkg']
[0.152s] Level 1:colcon.colcon_core.package_identification:_identify(src/crazyswarm2/docs/tutorials) by extension 'colcon_pkg'
[0.152s] Level 1:colcon.colcon_core.package_identification:_identify(src/crazyswarm2/docs/tutorials) by extensions ['colcon_meta']
[0.152s] Level 1:colcon.colcon_core.package_identification:_identify(src/crazyswarm2/docs/tutorials) by extension 'colcon_meta'
[0.152s] Level 1:colcon.colcon_core.package_identification:_identify(src/crazyswarm2/docs/tutorials) by extensions ['ros']
[0.152s] Level 1:colcon.colcon_core.package_identification:_identify(src/crazyswarm2/docs/tutorials) by extension 'ros'
[0.152s] Level 1:colcon.colcon_core.package_identification:_identify(src/crazyswarm2/docs/tutorials) by extensions ['cmake', 'python']
[0.152s] Level 1:colcon.colcon_core.package_identification:_identify(src/crazyswarm2/docs/tutorials) by extension 'cmake'
[0.152s] Level 1:colcon.colcon_core.package_identification:_identify(src/crazyswarm2/docs/tutorials) by extension 'python'
[0.152s] Level 1:colcon.colcon_core.package_identification:_identify(src/crazyswarm2/docs/tutorials) by extensions ['python_setup_py']
[0.152s] Level 1:colcon.colcon_core.package_identification:_identify(src/crazyswarm2/docs/tutorials) by extension 'python_setup_py'
[0.152s] Level 1:colcon.colcon_core.package_identification:_identify(src/crazyswarm2/docs2) by extensions ['ignore', 'ignore_ament_install']
[0.152s] Level 1:colcon.colcon_core.package_identification:_identify(src/crazyswarm2/docs2) by extension 'ignore'
[0.152s] Level 1:colcon.colcon_core.package_identification:_identify(src/crazyswarm2/docs2) by extension 'ignore_ament_install'
[0.152s] Level 1:colcon.colcon_core.package_identification:_identify(src/crazyswarm2/docs2) by extensions ['colcon_pkg']
[0.152s] Level 1:colcon.colcon_core.package_identification:_identify(src/crazyswarm2/docs2) by extension 'colcon_pkg'
[0.152s] Level 1:colcon.colcon_core.package_identification:_identify(src/crazyswarm2/docs2) by extensions ['colcon_meta']
[0.152s] Level 1:colcon.colcon_core.package_identification:_identify(src/crazyswarm2/docs2) by extension 'colcon_meta'
[0.152s] Level 1:colcon.colcon_core.package_identification:_identify(src/crazyswarm2/docs2) by extensions ['ros']
[0.152s] Level 1:colcon.colcon_core.package_identification:_identify(src/crazyswarm2/docs2) by extension 'ros'
[0.152s] Level 1:colcon.colcon_core.package_identification:_identify(src/crazyswarm2/docs2) by extensions ['cmake', 'python']
[0.152s] Level 1:colcon.colcon_core.package_identification:_identify(src/crazyswarm2/docs2) by extension 'cmake'
[0.152s] Level 1:colcon.colcon_core.package_identification:_identify(src/crazyswarm2/docs2) by extension 'python'
[0.153s] Level 1:colcon.colcon_core.package_identification:_identify(src/crazyswarm2/docs2) by extensions ['python_setup_py']
[0.153s] Level 1:colcon.colcon_core.package_identification:_identify(src/crazyswarm2/docs2) by extension 'python_setup_py'
[0.153s] Level 1:colcon.colcon_core.package_identification:_identify(src/crazyswarm2/docs2/images) by extensions ['ignore', 'ignore_ament_install']
[0.153s] Level 1:colcon.colcon_core.package_identification:_identify(src/crazyswarm2/docs2/images) by extension 'ignore'
[0.153s] Level 1:colcon.colcon_core.package_identification:_identify(src/crazyswarm2/docs2/images) by extension 'ignore_ament_install'
[0.153s] Level 1:colcon.colcon_core.package_identification:_identify(src/crazyswarm2/docs2/images) by extensions ['colcon_pkg']
[0.153s] Level 1:colcon.colcon_core.package_identification:_identify(src/crazyswarm2/docs2/images) by extension 'colcon_pkg'
[0.153s] Level 1:colcon.colcon_core.package_identification:_identify(src/crazyswarm2/docs2/images) by extensions ['colcon_meta']
[0.153s] Level 1:colcon.colcon_core.package_identification:_identify(src/crazyswarm2/docs2/images) by extension 'colcon_meta'
[0.153s] Level 1:colcon.colcon_core.package_identification:_identify(src/crazyswarm2/docs2/images) by extensions ['ros']
[0.153s] Level 1:colcon.colcon_core.package_identification:_identify(src/crazyswarm2/docs2/images) by extension 'ros'
[0.153s] Level 1:colcon.colcon_core.package_identification:_identify(src/crazyswarm2/docs2/images) by extensions ['cmake', 'python']
[0.153s] Level 1:colcon.colcon_core.package_identification:_identify(src/crazyswarm2/docs2/images) by extension 'cmake'
[0.153s] Level 1:colcon.colcon_core.package_identification:_identify(src/crazyswarm2/docs2/images) by extension 'python'
[0.153s] Level 1:colcon.colcon_core.package_identification:_identify(src/crazyswarm2/docs2/images) by extensions ['python_setup_py']
[0.153s] Level 1:colcon.colcon_core.package_identification:_identify(src/crazyswarm2/docs2/images) by extension 'python_setup_py'
[0.153s] Level 1:colcon.colcon_core.package_identification:_identify(src/crazyswarm2/prebuilt) by extensions ['ignore', 'ignore_ament_install']
[0.153s] Level 1:colcon.colcon_core.package_identification:_identify(src/crazyswarm2/prebuilt) by extension 'ignore'
[0.153s] Level 1:colcon.colcon_core.package_identification:_identify(src/crazyswarm2/prebuilt) by extension 'ignore_ament_install'
[0.153s] Level 1:colcon.colcon_core.package_identification:_identify(src/crazyswarm2/prebuilt) by extensions ['colcon_pkg']
[0.153s] Level 1:colcon.colcon_core.package_identification:_identify(src/crazyswarm2/prebuilt) by extension 'colcon_pkg'
[0.153s] Level 1:colcon.colcon_core.package_identification:_identify(src/crazyswarm2/prebuilt) by extensions ['colcon_meta']
[0.153s] Level 1:colcon.colcon_core.package_identification:_identify(src/crazyswarm2/prebuilt) by extension 'colcon_meta'
[0.153s] Level 1:colcon.colcon_core.package_identification:_identify(src/crazyswarm2/prebuilt) by extensions ['ros']
[0.153s] Level 1:colcon.colcon_core.package_identification:_identify(src/crazyswarm2/prebuilt) by extension 'ros'
[0.153s] Level 1:colcon.colcon_core.package_identification:_identify(src/crazyswarm2/prebuilt) by extensions ['cmake', 'python']
[0.153s] Level 1:colcon.colcon_core.package_identification:_identify(src/crazyswarm2/prebuilt) by extension 'cmake'
[0.153s] Level 1:colcon.colcon_core.package_identification:_identify(src/crazyswarm2/prebuilt) by extension 'python'
[0.153s] Level 1:colcon.colcon_core.package_identification:_identify(src/crazyswarm2/prebuilt) by extensions ['python_setup_py']
[0.153s] Level 1:colcon.colcon_core.package_identification:_identify(src/crazyswarm2/prebuilt) by extension 'python_setup_py'
[0.153s] Level 1:colcon.colcon_core.package_identification:_identify(src/crazyswarm2/ros_ws) by extensions ['ignore', 'ignore_ament_install']
[0.153s] Level 1:colcon.colcon_core.package_identification:_identify(src/crazyswarm2/ros_ws) by extension 'ignore'
[0.153s] Level 1:colcon.colcon_core.package_identification:_identify(src/crazyswarm2/ros_ws) by extension 'ignore_ament_install'
[0.154s] Level 1:colcon.colcon_core.package_identification:_identify(src/crazyswarm2/ros_ws) by extensions ['colcon_pkg']
[0.154s] Level 1:colcon.colcon_core.package_identification:_identify(src/crazyswarm2/ros_ws) by extension 'colcon_pkg'
[0.154s] Level 1:colcon.colcon_core.package_identification:_identify(src/crazyswarm2/ros_ws) by extensions ['colcon_meta']
[0.154s] Level 1:colcon.colcon_core.package_identification:_identify(src/crazyswarm2/ros_ws) by extension 'colcon_meta'
[0.154s] Level 1:colcon.colcon_core.package_identification:_identify(src/crazyswarm2/ros_ws) by extensions ['ros']
[0.154s] Level 1:colcon.colcon_core.package_identification:_identify(src/crazyswarm2/ros_ws) by extension 'ros'
[0.154s] Level 1:colcon.colcon_core.package_identification:_identify(src/crazyswarm2/ros_ws) by extensions ['cmake', 'python']
[0.154s] Level 1:colcon.colcon_core.package_identification:_identify(src/crazyswarm2/ros_ws) by extension 'cmake'
[0.154s] Level 1:colcon.colcon_core.package_identification:_identify(src/crazyswarm2/ros_ws) by extension 'python'
[0.154s] Level 1:colcon.colcon_core.package_identification:_identify(src/crazyswarm2/ros_ws) by extensions ['python_setup_py']
[0.154s] Level 1:colcon.colcon_core.package_identification:_identify(src/crazyswarm2/ros_ws) by extension 'python_setup_py'
[0.154s] Level 1:colcon.colcon_core.package_identification:_identify(src/crazyswarm2/ros_ws/src) by extensions ['ignore', 'ignore_ament_install']
[0.154s] Level 1:colcon.colcon_core.package_identification:_identify(src/crazyswarm2/ros_ws/src) by extension 'ignore'
[0.154s] Level 1:colcon.colcon_core.package_identification:_identify(src/crazyswarm2/ros_ws/src) by extension 'ignore_ament_install'
[0.154s] Level 1:colcon.colcon_core.package_identification:_identify(src/crazyswarm2/ros_ws/src) by extensions ['colcon_pkg']
[0.154s] Level 1:colcon.colcon_core.package_identification:_identify(src/crazyswarm2/ros_ws/src) by extension 'colcon_pkg'
[0.154s] Level 1:colcon.colcon_core.package_identification:_identify(src/crazyswarm2/ros_ws/src) by extensions ['colcon_meta']
[0.154s] Level 1:colcon.colcon_core.package_identification:_identify(src/crazyswarm2/ros_ws/src) by extension 'colcon_meta'
[0.154s] Level 1:colcon.colcon_core.package_identification:_identify(src/crazyswarm2/ros_ws/src) by extensions ['ros']
[0.154s] Level 1:colcon.colcon_core.package_identification:_identify(src/crazyswarm2/ros_ws/src) by extension 'ros'
[0.154s] Level 1:colcon.colcon_core.package_identification:_identify(src/crazyswarm2/ros_ws/src) by extensions ['cmake', 'python']
[0.154s] Level 1:colcon.colcon_core.package_identification:_identify(src/crazyswarm2/ros_ws/src) by extension 'cmake'
[0.154s] Level 1:colcon.colcon_core.package_identification:_identify(src/crazyswarm2/ros_ws/src) by extension 'python'
[0.154s] Level 1:colcon.colcon_core.package_identification:_identify(src/crazyswarm2/ros_ws/src) by extensions ['python_setup_py']
[0.154s] Level 1:colcon.colcon_core.package_identification:_identify(src/crazyswarm2/ros_ws/src) by extension 'python_setup_py'
[0.154s] Level 1:colcon.colcon_core.package_identification:_identify(src/crazyswarm2/ros_ws/src/crazyswarm) by extensions ['ignore', 'ignore_ament_install']
[0.154s] Level 1:colcon.colcon_core.package_identification:_identify(src/crazyswarm2/ros_ws/src/crazyswarm) by extension 'ignore'
[0.154s] Level 1:colcon.colcon_core.package_identification:_identify(src/crazyswarm2/ros_ws/src/crazyswarm) by extension 'ignore_ament_install'
[0.154s] Level 1:colcon.colcon_core.package_identification:_identify(src/crazyswarm2/ros_ws/src/crazyswarm) by extensions ['colcon_pkg']
[0.154s] Level 1:colcon.colcon_core.package_identification:_identify(src/crazyswarm2/ros_ws/src/crazyswarm) by extension 'colcon_pkg'
[0.155s] Level 1:colcon.colcon_core.package_identification:_identify(src/crazyswarm2/ros_ws/src/crazyswarm) by extensions ['colcon_meta']
[0.155s] Level 1:colcon.colcon_core.package_identification:_identify(src/crazyswarm2/ros_ws/src/crazyswarm) by extension 'colcon_meta'
[0.155s] Level 1:colcon.colcon_core.package_identification:_identify(src/crazyswarm2/ros_ws/src/crazyswarm) by extensions ['ros']
[0.155s] Level 1:colcon.colcon_core.package_identification:_identify(src/crazyswarm2/ros_ws/src/crazyswarm) by extension 'ros'
[0.155s] Level 1:colcon.colcon_core.package_identification:_identify(src/crazyswarm2/ros_ws/src/crazyswarm) by extensions ['cmake', 'python']
[0.155s] Level 1:colcon.colcon_core.package_identification:_identify(src/crazyswarm2/ros_ws/src/crazyswarm) by extension 'cmake'
[0.155s] Level 1:colcon.colcon_core.package_identification:_identify(src/crazyswarm2/ros_ws/src/crazyswarm) by extension 'python'
[0.155s] Level 1:colcon.colcon_core.package_identification:_identify(src/crazyswarm2/ros_ws/src/crazyswarm) by extensions ['python_setup_py']
[0.155s] Level 1:colcon.colcon_core.package_identification:_identify(src/crazyswarm2/ros_ws/src/crazyswarm) by extension 'python_setup_py'
[0.155s] Level 1:colcon.colcon_core.package_identification:_identify(src/crazyswarm2/ros_ws/src/crazyswarm/launch) by extensions ['ignore', 'ignore_ament_install']
[0.155s] Level 1:colcon.colcon_core.package_identification:_identify(src/crazyswarm2/ros_ws/src/crazyswarm/launch) by extension 'ignore'
[0.155s] Level 1:colcon.colcon_core.package_identification:_identify(src/crazyswarm2/ros_ws/src/crazyswarm/launch) by extension 'ignore_ament_install'
[0.155s] Level 1:colcon.colcon_core.package_identification:_identify(src/crazyswarm2/ros_ws/src/crazyswarm/launch) by extensions ['colcon_pkg']
[0.155s] Level 1:colcon.colcon_core.package_identification:_identify(src/crazyswarm2/ros_ws/src/crazyswarm/launch) by extension 'colcon_pkg'
[0.155s] Level 1:colcon.colcon_core.package_identification:_identify(src/crazyswarm2/ros_ws/src/crazyswarm/launch) by extensions ['colcon_meta']
[0.155s] Level 1:colcon.colcon_core.package_identification:_identify(src/crazyswarm2/ros_ws/src/crazyswarm/launch) by extension 'colcon_meta'
[0.155s] Level 1:colcon.colcon_core.package_identification:_identify(src/crazyswarm2/ros_ws/src/crazyswarm/launch) by extensions ['ros']
[0.156s] Level 1:colcon.colcon_core.package_identification:_identify(src/crazyswarm2/ros_ws/src/crazyswarm/launch) by extension 'ros'
[0.156s] Level 1:colcon.colcon_core.package_identification:_identify(src/crazyswarm2/ros_ws/src/crazyswarm/launch) by extensions ['cmake', 'python']
[0.156s] Level 1:colcon.colcon_core.package_identification:_identify(src/crazyswarm2/ros_ws/src/crazyswarm/launch) by extension 'cmake'
[0.156s] Level 1:colcon.colcon_core.package_identification:_identify(src/crazyswarm2/ros_ws/src/crazyswarm/launch) by extension 'python'
[0.156s] Level 1:colcon.colcon_core.package_identification:_identify(src/crazyswarm2/ros_ws/src/crazyswarm/launch) by extensions ['python_setup_py']
[0.156s] Level 1:colcon.colcon_core.package_identification:_identify(src/crazyswarm2/ros_ws/src/crazyswarm/launch) by extension 'python_setup_py'
[0.156s] Level 1:colcon.colcon_core.package_identification:_identify(src/crazyswarm2/ros_ws/src/crazyswarm/scripts) by extensions ['ignore', 'ignore_ament_install']
[0.156s] Level 1:colcon.colcon_core.package_identification:_identify(src/crazyswarm2/ros_ws/src/crazyswarm/scripts) by extension 'ignore'
[0.156s] Level 1:colcon.colcon_core.package_identification:_identify(src/crazyswarm2/ros_ws/src/crazyswarm/scripts) by extension 'ignore_ament_install'
[0.156s] Level 1:colcon.colcon_core.package_identification:_identify(src/crazyswarm2/ros_ws/src/crazyswarm/scripts) by extensions ['colcon_pkg']
[0.156s] Level 1:colcon.colcon_core.package_identification:_identify(src/crazyswarm2/ros_ws/src/crazyswarm/scripts) by extension 'colcon_pkg'
[0.156s] Level 1:colcon.colcon_core.package_identification:_identify(src/crazyswarm2/ros_ws/src/crazyswarm/scripts) by extensions ['colcon_meta']
[0.156s] Level 1:colcon.colcon_core.package_identification:_identify(src/crazyswarm2/ros_ws/src/crazyswarm/scripts) by extension 'colcon_meta'
[0.156s] Level 1:colcon.colcon_core.package_identification:_identify(src/crazyswarm2/ros_ws/src/crazyswarm/scripts) by extensions ['ros']
[0.156s] Level 1:colcon.colcon_core.package_identification:_identify(src/crazyswarm2/ros_ws/src/crazyswarm/scripts) by extension 'ros'
[0.156s] Level 1:colcon.colcon_core.package_identification:_identify(src/crazyswarm2/ros_ws/src/crazyswarm/scripts) by extensions ['cmake', 'python']
[0.157s] Level 1:colcon.colcon_core.package_identification:_identify(src/crazyswarm2/ros_ws/src/crazyswarm/scripts) by extension 'cmake'
[0.157s] Level 1:colcon.colcon_core.package_identification:_identify(src/crazyswarm2/ros_ws/src/crazyswarm/scripts) by extension 'python'
[0.157s] Level 1:colcon.colcon_core.package_identification:_identify(src/crazyswarm2/ros_ws/src/crazyswarm/scripts) by extensions ['python_setup_py']
[0.157s] Level 1:colcon.colcon_core.package_identification:_identify(src/crazyswarm2/ros_ws/src/crazyswarm/scripts) by extension 'python_setup_py'
[0.157s] Level 1:colcon.colcon_core.package_identification:_identify(src/crazyswarm2/ros_ws/src/crazyswarm/scripts/crossing2_pps) by extensions ['ignore', 'ignore_ament_install']
[0.157s] Level 1:colcon.colcon_core.package_identification:_identify(src/crazyswarm2/ros_ws/src/crazyswarm/scripts/crossing2_pps) by extension 'ignore'
[0.157s] Level 1:colcon.colcon_core.package_identification:_identify(src/crazyswarm2/ros_ws/src/crazyswarm/scripts/crossing2_pps) by extension 'ignore_ament_install'
[0.157s] Level 1:colcon.colcon_core.package_identification:_identify(src/crazyswarm2/ros_ws/src/crazyswarm/scripts/crossing2_pps) by extensions ['colcon_pkg']
[0.157s] Level 1:colcon.colcon_core.package_identification:_identify(src/crazyswarm2/ros_ws/src/crazyswarm/scripts/crossing2_pps) by extension 'colcon_pkg'
[0.157s] Level 1:colcon.colcon_core.package_identification:_identify(src/crazyswarm2/ros_ws/src/crazyswarm/scripts/crossing2_pps) by extensions ['colcon_meta']
[0.157s] Level 1:colcon.colcon_core.package_identification:_identify(src/crazyswarm2/ros_ws/src/crazyswarm/scripts/crossing2_pps) by extension 'colcon_meta'
[0.157s] Level 1:colcon.colcon_core.package_identification:_identify(src/crazyswarm2/ros_ws/src/crazyswarm/scripts/crossing2_pps) by extensions ['ros']
[0.157s] Level 1:colcon.colcon_core.package_identification:_identify(src/crazyswarm2/ros_ws/src/crazyswarm/scripts/crossing2_pps) by extension 'ros'
[0.157s] Level 1:colcon.colcon_core.package_identification:_identify(src/crazyswarm2/ros_ws/src/crazyswarm/scripts/crossing2_pps) by extensions ['cmake', 'python']
[0.157s] Level 1:colcon.colcon_core.package_identification:_identify(src/crazyswarm2/ros_ws/src/crazyswarm/scripts/crossing2_pps) by extension 'cmake'
[0.158s] Level 1:colcon.colcon_core.package_identification:_identify(src/crazyswarm2/ros_ws/src/crazyswarm/scripts/crossing2_pps) by extension 'python'
[0.158s] Level 1:colcon.colcon_core.package_identification:_identify(src/crazyswarm2/ros_ws/src/crazyswarm/scripts/crossing2_pps) by extensions ['python_setup_py']
[0.158s] Level 1:colcon.colcon_core.package_identification:_identify(src/crazyswarm2/ros_ws/src/crazyswarm/scripts/crossing2_pps) by extension 'python_setup_py'
[0.158s] Level 1:colcon.colcon_core.package_identification:_identify(src/crazyswarm2/ros_ws/src/crazyswarm/scripts/crossing4_pps) by extensions ['ignore', 'ignore_ament_install']
[0.158s] Level 1:colcon.colcon_core.package_identification:_identify(src/crazyswarm2/ros_ws/src/crazyswarm/scripts/crossing4_pps) by extension 'ignore'
[0.158s] Level 1:colcon.colcon_core.package_identification:_identify(src/crazyswarm2/ros_ws/src/crazyswarm/scripts/crossing4_pps) by extension 'ignore_ament_install'
[0.158s] Level 1:colcon.colcon_core.package_identification:_identify(src/crazyswarm2/ros_ws/src/crazyswarm/scripts/crossing4_pps) by extensions ['colcon_pkg']
[0.158s] Level 1:colcon.colcon_core.package_identification:_identify(src/crazyswarm2/ros_ws/src/crazyswarm/scripts/crossing4_pps) by extension 'colcon_pkg'
[0.158s] Level 1:colcon.colcon_core.package_identification:_identify(src/crazyswarm2/ros_ws/src/crazyswarm/scripts/crossing4_pps) by extensions ['colcon_meta']
[0.158s] Level 1:colcon.colcon_core.package_identification:_identify(src/crazyswarm2/ros_ws/src/crazyswarm/scripts/crossing4_pps) by extension 'colcon_meta'
[0.158s] Level 1:colcon.colcon_core.package_identification:_identify(src/crazyswarm2/ros_ws/src/crazyswarm/scripts/crossing4_pps) by extensions ['ros']
[0.158s] Level 1:colcon.colcon_core.package_identification:_identify(src/crazyswarm2/ros_ws/src/crazyswarm/scripts/crossing4_pps) by extension 'ros'
[0.158s] Level 1:colcon.colcon_core.package_identification:_identify(src/crazyswarm2/ros_ws/src/crazyswarm/scripts/crossing4_pps) by extensions ['cmake', 'python']
[0.158s] Level 1:colcon.colcon_core.package_identification:_identify(src/crazyswarm2/ros_ws/src/crazyswarm/scripts/crossing4_pps) by extension 'cmake'
[0.158s] Level 1:colcon.colcon_core.package_identification:_identify(src/crazyswarm2/ros_ws/src/crazyswarm/scripts/crossing4_pps) by extension 'python'
[0.158s] Level 1:colcon.colcon_core.package_identification:_identify(src/crazyswarm2/ros_ws/src/crazyswarm/scripts/crossing4_pps) by extensions ['python_setup_py']
[0.158s] Level 1:colcon.colcon_core.package_identification:_identify(src/crazyswarm2/ros_ws/src/crazyswarm/scripts/crossing4_pps) by extension 'python_setup_py'
[0.159s] Level 1:colcon.colcon_core.package_identification:_identify(src/crazyswarm2/ros_ws/src/crazyswarm/scripts/sequence_trajectories) by extensions ['ignore', 'ignore_ament_install']
[0.159s] Level 1:colcon.colcon_core.package_identification:_identify(src/crazyswarm2/ros_ws/src/crazyswarm/scripts/sequence_trajectories) by extension 'ignore'
[0.159s] Level 1:colcon.colcon_core.package_identification:_identify(src/crazyswarm2/ros_ws/src/crazyswarm/scripts/sequence_trajectories) by extension 'ignore_ament_install'
[0.159s] Level 1:colcon.colcon_core.package_identification:_identify(src/crazyswarm2/ros_ws/src/crazyswarm/scripts/sequence_trajectories) by extensions ['colcon_pkg']
[0.159s] Level 1:colcon.colcon_core.package_identification:_identify(src/crazyswarm2/ros_ws/src/crazyswarm/scripts/sequence_trajectories) by extension 'colcon_pkg'
[0.159s] Level 1:colcon.colcon_core.package_identification:_identify(src/crazyswarm2/ros_ws/src/crazyswarm/scripts/sequence_trajectories) by extensions ['colcon_meta']
[0.159s] Level 1:colcon.colcon_core.package_identification:_identify(src/crazyswarm2/ros_ws/src/crazyswarm/scripts/sequence_trajectories) by extension 'colcon_meta'
[0.159s] Level 1:colcon.colcon_core.package_identification:_identify(src/crazyswarm2/ros_ws/src/crazyswarm/scripts/sequence_trajectories) by extensions ['ros']
[0.159s] Level 1:colcon.colcon_core.package_identification:_identify(src/crazyswarm2/ros_ws/src/crazyswarm/scripts/sequence_trajectories) by extension 'ros'
[0.159s] Level 1:colcon.colcon_core.package_identification:_identify(src/crazyswarm2/ros_ws/src/crazyswarm/scripts/sequence_trajectories) by extensions ['cmake', 'python']
[0.159s] Level 1:colcon.colcon_core.package_identification:_identify(src/crazyswarm2/ros_ws/src/crazyswarm/scripts/sequence_trajectories) by extension 'cmake'
[0.159s] Level 1:colcon.colcon_core.package_identification:_identify(src/crazyswarm2/ros_ws/src/crazyswarm/scripts/sequence_trajectories) by extension 'python'
[0.159s] Level 1:colcon.colcon_core.package_identification:_identify(src/crazyswarm2/ros_ws/src/crazyswarm/scripts/sequence_trajectories) by extensions ['python_setup_py']
[0.159s] Level 1:colcon.colcon_core.package_identification:_identify(src/crazyswarm2/ros_ws/src/crazyswarm/scripts/sequence_trajectories) by extension 'python_setup_py'
[0.159s] Level 1:colcon.colcon_core.package_identification:_identify(src/crazyswarm2/ros_ws/src/crazyswarm/scripts/sequence_trajectories/1) by extensions ['ignore', 'ignore_ament_install']
[0.159s] Level 1:colcon.colcon_core.package_identification:_identify(src/crazyswarm2/ros_ws/src/crazyswarm/scripts/sequence_trajectories/1) by extension 'ignore'
[0.160s] Level 1:colcon.colcon_core.package_identification:_identify(src/crazyswarm2/ros_ws/src/crazyswarm/scripts/sequence_trajectories/1) by extension 'ignore_ament_install'
[0.160s] Level 1:colcon.colcon_core.package_identification:_identify(src/crazyswarm2/ros_ws/src/crazyswarm/scripts/sequence_trajectories/1) by extensions ['colcon_pkg']
[0.160s] Level 1:colcon.colcon_core.package_identification:_identify(src/crazyswarm2/ros_ws/src/crazyswarm/scripts/sequence_trajectories/1) by extension 'colcon_pkg'
[0.160s] Level 1:colcon.colcon_core.package_identification:_identify(src/crazyswarm2/ros_ws/src/crazyswarm/scripts/sequence_trajectories/1) by extensions ['colcon_meta']
[0.160s] Level 1:colcon.colcon_core.package_identification:_identify(src/crazyswarm2/ros_ws/src/crazyswarm/scripts/sequence_trajectories/1) by extension 'colcon_meta'
[0.160s] Level 1:colcon.colcon_core.package_identification:_identify(src/crazyswarm2/ros_ws/src/crazyswarm/scripts/sequence_trajectories/1) by extensions ['ros']
[0.160s] Level 1:colcon.colcon_core.package_identification:_identify(src/crazyswarm2/ros_ws/src/crazyswarm/scripts/sequence_trajectories/1) by extension 'ros'
[0.160s] Level 1:colcon.colcon_core.package_identification:_identify(src/crazyswarm2/ros_ws/src/crazyswarm/scripts/sequence_trajectories/1) by extensions ['cmake', 'python']
[0.160s] Level 1:colcon.colcon_core.package_identification:_identify(src/crazyswarm2/ros_ws/src/crazyswarm/scripts/sequence_trajectories/1) by extension 'cmake'
[0.160s] Level 1:colcon.colcon_core.package_identification:_identify(src/crazyswarm2/ros_ws/src/crazyswarm/scripts/sequence_trajectories/1) by extension 'python'
[0.160s] Level 1:colcon.colcon_core.package_identification:_identify(src/crazyswarm2/ros_ws/src/crazyswarm/scripts/sequence_trajectories/1) by extensions ['python_setup_py']
[0.160s] Level 1:colcon.colcon_core.package_identification:_identify(src/crazyswarm2/ros_ws/src/crazyswarm/scripts/sequence_trajectories/1) by extension 'python_setup_py'
[0.160s] Level 1:colcon.colcon_core.package_identification:_identify(src/crazyswarm2/ros_ws/src/crazyswarm/scripts/sequence_trajectories/2) by extensions ['ignore', 'ignore_ament_install']
[0.160s] Level 1:colcon.colcon_core.package_identification:_identify(src/crazyswarm2/ros_ws/src/crazyswarm/scripts/sequence_trajectories/2) by extension 'ignore'
[0.160s] Level 1:colcon.colcon_core.package_identification:_identify(src/crazyswarm2/ros_ws/src/crazyswarm/scripts/sequence_trajectories/2) by extension 'ignore_ament_install'
[0.160s] Level 1:colcon.colcon_core.package_identification:_identify(src/crazyswarm2/ros_ws/src/crazyswarm/scripts/sequence_trajectories/2) by extensions ['colcon_pkg']
[0.160s] Level 1:colcon.colcon_core.package_identification:_identify(src/crazyswarm2/ros_ws/src/crazyswarm/scripts/sequence_trajectories/2) by extension 'colcon_pkg'
[0.160s] Level 1:colcon.colcon_core.package_identification:_identify(src/crazyswarm2/ros_ws/src/crazyswarm/scripts/sequence_trajectories/2) by extensions ['colcon_meta']
[0.160s] Level 1:colcon.colcon_core.package_identification:_identify(src/crazyswarm2/ros_ws/src/crazyswarm/scripts/sequence_trajectories/2) by extension 'colcon_meta'
[0.161s] Level 1:colcon.colcon_core.package_identification:_identify(src/crazyswarm2/ros_ws/src/crazyswarm/scripts/sequence_trajectories/2) by extensions ['ros']
[0.161s] Level 1:colcon.colcon_core.package_identification:_identify(src/crazyswarm2/ros_ws/src/crazyswarm/scripts/sequence_trajectories/2) by extension 'ros'
[0.161s] Level 1:colcon.colcon_core.package_identification:_identify(src/crazyswarm2/ros_ws/src/crazyswarm/scripts/sequence_trajectories/2) by extensions ['cmake', 'python']
[0.161s] Level 1:colcon.colcon_core.package_identification:_identify(src/crazyswarm2/ros_ws/src/crazyswarm/scripts/sequence_trajectories/2) by extension 'cmake'
[0.161s] Level 1:colcon.colcon_core.package_identification:_identify(src/crazyswarm2/ros_ws/src/crazyswarm/scripts/sequence_trajectories/2) by extension 'python'
[0.161s] Level 1:colcon.colcon_core.package_identification:_identify(src/crazyswarm2/ros_ws/src/crazyswarm/scripts/sequence_trajectories/2) by extensions ['python_setup_py']
[0.161s] Level 1:colcon.colcon_core.package_identification:_identify(src/crazyswarm2/ros_ws/src/crazyswarm/scripts/sequence_trajectories/2) by extension 'python_setup_py'
[0.161s] Level 1:colcon.colcon_core.package_identification:_identify(src/crazyswarm2/ros_ws/src/crazyswarm/scripts/sequence_trajectories/3) by extensions ['ignore', 'ignore_ament_install']
[0.161s] Level 1:colcon.colcon_core.package_identification:_identify(src/crazyswarm2/ros_ws/src/crazyswarm/scripts/sequence_trajectories/3) by extension 'ignore'
[0.161s] Level 1:colcon.colcon_core.package_identification:_identify(src/crazyswarm2/ros_ws/src/crazyswarm/scripts/sequence_trajectories/3) by extension 'ignore_ament_install'
[0.161s] Level 1:colcon.colcon_core.package_identification:_identify(src/crazyswarm2/ros_ws/src/crazyswarm/scripts/sequence_trajectories/3) by extensions ['colcon_pkg']
[0.161s] Level 1:colcon.colcon_core.package_identification:_identify(src/crazyswarm2/ros_ws/src/crazyswarm/scripts/sequence_trajectories/3) by extension 'colcon_pkg'
[0.161s] Level 1:colcon.colcon_core.package_identification:_identify(src/crazyswarm2/ros_ws/src/crazyswarm/scripts/sequence_trajectories/3) by extensions ['colcon_meta']
[0.161s] Level 1:colcon.colcon_core.package_identification:_identify(src/crazyswarm2/ros_ws/src/crazyswarm/scripts/sequence_trajectories/3) by extension 'colcon_meta'
[0.161s] Level 1:colcon.colcon_core.package_identification:_identify(src/crazyswarm2/ros_ws/src/crazyswarm/scripts/sequence_trajectories/3) by extensions ['ros']
[0.161s] Level 1:colcon.colcon_core.package_identification:_identify(src/crazyswarm2/ros_ws/src/crazyswarm/scripts/sequence_trajectories/3) by extension 'ros'
[0.161s] Level 1:colcon.colcon_core.package_identification:_identify(src/crazyswarm2/ros_ws/src/crazyswarm/scripts/sequence_trajectories/3) by extensions ['cmake', 'python']
[0.161s] Level 1:colcon.colcon_core.package_identification:_identify(src/crazyswarm2/ros_ws/src/crazyswarm/scripts/sequence_trajectories/3) by extension 'cmake'
[0.161s] Level 1:colcon.colcon_core.package_identification:_identify(src/crazyswarm2/ros_ws/src/crazyswarm/scripts/sequence_trajectories/3) by extension 'python'
[0.161s] Level 1:colcon.colcon_core.package_identification:_identify(src/crazyswarm2/ros_ws/src/crazyswarm/scripts/sequence_trajectories/3) by extensions ['python_setup_py']
[0.161s] Level 1:colcon.colcon_core.package_identification:_identify(src/crazyswarm2/ros_ws/src/crazyswarm/scripts/sequence_trajectories/3) by extension 'python_setup_py'
[0.162s] Level 1:colcon.colcon_core.package_identification:_identify(src/crazyswarm2/ros_ws/src/crazyswarm/scripts/sequence_trajectories/4) by extensions ['ignore', 'ignore_ament_install']
[0.162s] Level 1:colcon.colcon_core.package_identification:_identify(src/crazyswarm2/ros_ws/src/crazyswarm/scripts/sequence_trajectories/4) by extension 'ignore'
[0.162s] Level 1:colcon.colcon_core.package_identification:_identify(src/crazyswarm2/ros_ws/src/crazyswarm/scripts/sequence_trajectories/4) by extension 'ignore_ament_install'
[0.162s] Level 1:colcon.colcon_core.package_identification:_identify(src/crazyswarm2/ros_ws/src/crazyswarm/scripts/sequence_trajectories/4) by extensions ['colcon_pkg']
[0.162s] Level 1:colcon.colcon_core.package_identification:_identify(src/crazyswarm2/ros_ws/src/crazyswarm/scripts/sequence_trajectories/4) by extension 'colcon_pkg'
[0.162s] Level 1:colcon.colcon_core.package_identification:_identify(src/crazyswarm2/ros_ws/src/crazyswarm/scripts/sequence_trajectories/4) by extensions ['colcon_meta']
[0.162s] Level 1:colcon.colcon_core.package_identification:_identify(src/crazyswarm2/ros_ws/src/crazyswarm/scripts/sequence_trajectories/4) by extension 'colcon_meta'
[0.162s] Level 1:colcon.colcon_core.package_identification:_identify(src/crazyswarm2/ros_ws/src/crazyswarm/scripts/sequence_trajectories/4) by extensions ['ros']
[0.162s] Level 1:colcon.colcon_core.package_identification:_identify(src/crazyswarm2/ros_ws/src/crazyswarm/scripts/sequence_trajectories/4) by extension 'ros'
[0.162s] Level 1:colcon.colcon_core.package_identification:_identify(src/crazyswarm2/ros_ws/src/crazyswarm/scripts/sequence_trajectories/4) by extensions ['cmake', 'python']
[0.162s] Level 1:colcon.colcon_core.package_identification:_identify(src/crazyswarm2/ros_ws/src/crazyswarm/scripts/sequence_trajectories/4) by extension 'cmake'
[0.162s] Level 1:colcon.colcon_core.package_identification:_identify(src/crazyswarm2/ros_ws/src/crazyswarm/scripts/sequence_trajectories/4) by extension 'python'
[0.162s] Level 1:colcon.colcon_core.package_identification:_identify(src/crazyswarm2/ros_ws/src/crazyswarm/scripts/sequence_trajectories/4) by extensions ['python_setup_py']
[0.162s] Level 1:colcon.colcon_core.package_identification:_identify(src/crazyswarm2/ros_ws/src/crazyswarm/scripts/sequence_trajectories/4) by extension 'python_setup_py'
[0.162s] Level 1:colcon.colcon_core.package_identification:_identify(src/crazyswarm2/ros_ws/src/crazyswarm/scripts/sequence_trajectories/5) by extensions ['ignore', 'ignore_ament_install']
[0.162s] Level 1:colcon.colcon_core.package_identification:_identify(src/crazyswarm2/ros_ws/src/crazyswarm/scripts/sequence_trajectories/5) by extension 'ignore'
[0.162s] Level 1:colcon.colcon_core.package_identification:_identify(src/crazyswarm2/ros_ws/src/crazyswarm/scripts/sequence_trajectories/5) by extension 'ignore_ament_install'
[0.162s] Level 1:colcon.colcon_core.package_identification:_identify(src/crazyswarm2/ros_ws/src/crazyswarm/scripts/sequence_trajectories/5) by extensions ['colcon_pkg']
[0.162s] Level 1:colcon.colcon_core.package_identification:_identify(src/crazyswarm2/ros_ws/src/crazyswarm/scripts/sequence_trajectories/5) by extension 'colcon_pkg'
[0.162s] Level 1:colcon.colcon_core.package_identification:_identify(src/crazyswarm2/ros_ws/src/crazyswarm/scripts/sequence_trajectories/5) by extensions ['colcon_meta']
[0.162s] Level 1:colcon.colcon_core.package_identification:_identify(src/crazyswarm2/ros_ws/src/crazyswarm/scripts/sequence_trajectories/5) by extension 'colcon_meta'
[0.162s] Level 1:colcon.colcon_core.package_identification:_identify(src/crazyswarm2/ros_ws/src/crazyswarm/scripts/sequence_trajectories/5) by extensions ['ros']
[0.162s] Level 1:colcon.colcon_core.package_identification:_identify(src/crazyswarm2/ros_ws/src/crazyswarm/scripts/sequence_trajectories/5) by extension 'ros'
[0.162s] Level 1:colcon.colcon_core.package_identification:_identify(src/crazyswarm2/ros_ws/src/crazyswarm/scripts/sequence_trajectories/5) by extensions ['cmake', 'python']
[0.162s] Level 1:colcon.colcon_core.package_identification:_identify(src/crazyswarm2/ros_ws/src/crazyswarm/scripts/sequence_trajectories/5) by extension 'cmake'
[0.162s] Level 1:colcon.colcon_core.package_identification:_identify(src/crazyswarm2/ros_ws/src/crazyswarm/scripts/sequence_trajectories/5) by extension 'python'
[0.162s] Level 1:colcon.colcon_core.package_identification:_identify(src/crazyswarm2/ros_ws/src/crazyswarm/scripts/sequence_trajectories/5) by extensions ['python_setup_py']
[0.162s] Level 1:colcon.colcon_core.package_identification:_identify(src/crazyswarm2/ros_ws/src/crazyswarm/scripts/sequence_trajectories/5) by extension 'python_setup_py'
[0.163s] Level 1:colcon.colcon_core.package_identification:_identify(src/crazyswarm2/ros_ws/src/crazyswarm/scripts/sequence_trajectories/6) by extensions ['ignore', 'ignore_ament_install']
[0.163s] Level 1:colcon.colcon_core.package_identification:_identify(src/crazyswarm2/ros_ws/src/crazyswarm/scripts/sequence_trajectories/6) by extension 'ignore'
[0.163s] Level 1:colcon.colcon_core.package_identification:_identify(src/crazyswarm2/ros_ws/src/crazyswarm/scripts/sequence_trajectories/6) by extension 'ignore_ament_install'
[0.163s] Level 1:colcon.colcon_core.package_identification:_identify(src/crazyswarm2/ros_ws/src/crazyswarm/scripts/sequence_trajectories/6) by extensions ['colcon_pkg']
[0.163s] Level 1:colcon.colcon_core.package_identification:_identify(src/crazyswarm2/ros_ws/src/crazyswarm/scripts/sequence_trajectories/6) by extension 'colcon_pkg'
[0.163s] Level 1:colcon.colcon_core.package_identification:_identify(src/crazyswarm2/ros_ws/src/crazyswarm/scripts/sequence_trajectories/6) by extensions ['colcon_meta']
[0.163s] Level 1:colcon.colcon_core.package_identification:_identify(src/crazyswarm2/ros_ws/src/crazyswarm/scripts/sequence_trajectories/6) by extension 'colcon_meta'
[0.163s] Level 1:colcon.colcon_core.package_identification:_identify(src/crazyswarm2/ros_ws/src/crazyswarm/scripts/sequence_trajectories/6) by extensions ['ros']
[0.163s] Level 1:colcon.colcon_core.package_identification:_identify(src/crazyswarm2/ros_ws/src/crazyswarm/scripts/sequence_trajectories/6) by extension 'ros'
[0.163s] Level 1:colcon.colcon_core.package_identification:_identify(src/crazyswarm2/ros_ws/src/crazyswarm/scripts/sequence_trajectories/6) by extensions ['cmake', 'python']
[0.163s] Level 1:colcon.colcon_core.package_identification:_identify(src/crazyswarm2/ros_ws/src/crazyswarm/scripts/sequence_trajectories/6) by extension 'cmake'
[0.163s] Level 1:colcon.colcon_core.package_identification:_identify(src/crazyswarm2/ros_ws/src/crazyswarm/scripts/sequence_trajectories/6) by extension 'python'
[0.163s] Level 1:colcon.colcon_core.package_identification:_identify(src/crazyswarm2/ros_ws/src/crazyswarm/scripts/sequence_trajectories/6) by extensions ['python_setup_py']
[0.163s] Level 1:colcon.colcon_core.package_identification:_identify(src/crazyswarm2/ros_ws/src/crazyswarm/scripts/sequence_trajectories/6) by extension 'python_setup_py'
[0.163s] Level 1:colcon.colcon_core.package_identification:_identify(src/crazyswarm2/ros_ws/src/crazyswarm/scripts/sequence_trajectories/7) by extensions ['ignore', 'ignore_ament_install']
[0.163s] Level 1:colcon.colcon_core.package_identification:_identify(src/crazyswarm2/ros_ws/src/crazyswarm/scripts/sequence_trajectories/7) by extension 'ignore'
[0.163s] Level 1:colcon.colcon_core.package_identification:_identify(src/crazyswarm2/ros_ws/src/crazyswarm/scripts/sequence_trajectories/7) by extension 'ignore_ament_install'
[0.163s] Level 1:colcon.colcon_core.package_identification:_identify(src/crazyswarm2/ros_ws/src/crazyswarm/scripts/sequence_trajectories/7) by extensions ['colcon_pkg']
[0.163s] Level 1:colcon.colcon_core.package_identification:_identify(src/crazyswarm2/ros_ws/src/crazyswarm/scripts/sequence_trajectories/7) by extension 'colcon_pkg'
[0.163s] Level 1:colcon.colcon_core.package_identification:_identify(src/crazyswarm2/ros_ws/src/crazyswarm/scripts/sequence_trajectories/7) by extensions ['colcon_meta']
[0.163s] Level 1:colcon.colcon_core.package_identification:_identify(src/crazyswarm2/ros_ws/src/crazyswarm/scripts/sequence_trajectories/7) by extension 'colcon_meta'
[0.163s] Level 1:colcon.colcon_core.package_identification:_identify(src/crazyswarm2/ros_ws/src/crazyswarm/scripts/sequence_trajectories/7) by extensions ['ros']
[0.163s] Level 1:colcon.colcon_core.package_identification:_identify(src/crazyswarm2/ros_ws/src/crazyswarm/scripts/sequence_trajectories/7) by extension 'ros'
[0.163s] Level 1:colcon.colcon_core.package_identification:_identify(src/crazyswarm2/ros_ws/src/crazyswarm/scripts/sequence_trajectories/7) by extensions ['cmake', 'python']
[0.163s] Level 1:colcon.colcon_core.package_identification:_identify(src/crazyswarm2/ros_ws/src/crazyswarm/scripts/sequence_trajectories/7) by extension 'cmake'
[0.163s] Level 1:colcon.colcon_core.package_identification:_identify(src/crazyswarm2/ros_ws/src/crazyswarm/scripts/sequence_trajectories/7) by extension 'python'
[0.163s] Level 1:colcon.colcon_core.package_identification:_identify(src/crazyswarm2/ros_ws/src/crazyswarm/scripts/sequence_trajectories/7) by extensions ['python_setup_py']
[0.163s] Level 1:colcon.colcon_core.package_identification:_identify(src/crazyswarm2/ros_ws/src/crazyswarm/scripts/sequence_trajectories/7) by extension 'python_setup_py'
[0.164s] Level 1:colcon.colcon_core.package_identification:_identify(src/crazyswarm2/ros_ws/src/crazyswarm/scripts/swap6v_pps) by extensions ['ignore', 'ignore_ament_install']
[0.164s] Level 1:colcon.colcon_core.package_identification:_identify(src/crazyswarm2/ros_ws/src/crazyswarm/scripts/swap6v_pps) by extension 'ignore'
[0.164s] Level 1:colcon.colcon_core.package_identification:_identify(src/crazyswarm2/ros_ws/src/crazyswarm/scripts/swap6v_pps) by extension 'ignore_ament_install'
[0.164s] Level 1:colcon.colcon_core.package_identification:_identify(src/crazyswarm2/ros_ws/src/crazyswarm/scripts/swap6v_pps) by extensions ['colcon_pkg']
[0.164s] Level 1:colcon.colcon_core.package_identification:_identify(src/crazyswarm2/ros_ws/src/crazyswarm/scripts/swap6v_pps) by extension 'colcon_pkg'
[0.164s] Level 1:colcon.colcon_core.package_identification:_identify(src/crazyswarm2/ros_ws/src/crazyswarm/scripts/swap6v_pps) by extensions ['colcon_meta']
[0.164s] Level 1:colcon.colcon_core.package_identification:_identify(src/crazyswarm2/ros_ws/src/crazyswarm/scripts/swap6v_pps) by extension 'colcon_meta'
[0.164s] Level 1:colcon.colcon_core.package_identification:_identify(src/crazyswarm2/ros_ws/src/crazyswarm/scripts/swap6v_pps) by extensions ['ros']
[0.164s] Level 1:colcon.colcon_core.package_identification:_identify(src/crazyswarm2/ros_ws/src/crazyswarm/scripts/swap6v_pps) by extension 'ros'
[0.164s] Level 1:colcon.colcon_core.package_identification:_identify(src/crazyswarm2/ros_ws/src/crazyswarm/scripts/swap6v_pps) by extensions ['cmake', 'python']
[0.164s] Level 1:colcon.colcon_core.package_identification:_identify(src/crazyswarm2/ros_ws/src/crazyswarm/scripts/swap6v_pps) by extension 'cmake'
[0.164s] Level 1:colcon.colcon_core.package_identification:_identify(src/crazyswarm2/ros_ws/src/crazyswarm/scripts/swap6v_pps) by extension 'python'
[0.164s] Level 1:colcon.colcon_core.package_identification:_identify(src/crazyswarm2/ros_ws/src/crazyswarm/scripts/swap6v_pps) by extensions ['python_setup_py']
[0.164s] Level 1:colcon.colcon_core.package_identification:_identify(src/crazyswarm2/ros_ws/src/crazyswarm/scripts/swap6v_pps) by extension 'python_setup_py'
[0.164s] Level 1:colcon.colcon_core.package_identification:_identify(src/crazyswarm2/systemtests) by extensions ['ignore', 'ignore_ament_install']
[0.164s] Level 1:colcon.colcon_core.package_identification:_identify(src/crazyswarm2/systemtests) by extension 'ignore'
[0.164s] Level 1:colcon.colcon_core.package_identification:_identify(src/crazyswarm2/systemtests) by extension 'ignore_ament_install'
[0.164s] Level 1:colcon.colcon_core.package_identification:_identify(src/crazyswarm2/systemtests) by extensions ['colcon_pkg']
[0.164s] Level 1:colcon.colcon_core.package_identification:_identify(src/crazyswarm2/systemtests) by extension 'colcon_pkg'
[0.164s] Level 1:colcon.colcon_core.package_identification:_identify(src/crazyswarm2/systemtests) by extensions ['colcon_meta']
[0.164s] Level 1:colcon.colcon_core.package_identification:_identify(src/crazyswarm2/systemtests) by extension 'colcon_meta'
[0.165s] Level 1:colcon.colcon_core.package_identification:_identify(src/crazyswarm2/systemtests) by extensions ['ros']
[0.165s] Level 1:colcon.colcon_core.package_identification:_identify(src/crazyswarm2/systemtests) by extension 'ros'
[0.165s] Level 1:colcon.colcon_core.package_identification:_identify(src/crazyswarm2/systemtests) by extensions ['cmake', 'python']
[0.165s] Level 1:colcon.colcon_core.package_identification:_identify(src/crazyswarm2/systemtests) by extension 'cmake'
[0.165s] Level 1:colcon.colcon_core.package_identification:_identify(src/crazyswarm2/systemtests) by extension 'python'
[0.165s] Level 1:colcon.colcon_core.package_identification:_identify(src/crazyswarm2/systemtests) by extensions ['python_setup_py']
[0.165s] Level 1:colcon.colcon_core.package_identification:_identify(src/crazyswarm2/systemtests) by extension 'python_setup_py'
[0.165s] Level 1:colcon.colcon_core.package_identification:_identify(src/crazyswarm2/systemtests/SDplotting) by extensions ['ignore', 'ignore_ament_install']
[0.165s] Level 1:colcon.colcon_core.package_identification:_identify(src/crazyswarm2/systemtests/SDplotting) by extension 'ignore'
[0.165s] Level 1:colcon.colcon_core.package_identification:_identify(src/crazyswarm2/systemtests/SDplotting) by extension 'ignore_ament_install'
[0.165s] Level 1:colcon.colcon_core.package_identification:_identify(src/crazyswarm2/systemtests/SDplotting) by extensions ['colcon_pkg']
[0.165s] Level 1:colcon.colcon_core.package_identification:_identify(src/crazyswarm2/systemtests/SDplotting) by extension 'colcon_pkg'
[0.165s] Level 1:colcon.colcon_core.package_identification:_identify(src/crazyswarm2/systemtests/SDplotting) by extensions ['colcon_meta']
[0.165s] Level 1:colcon.colcon_core.package_identification:_identify(src/crazyswarm2/systemtests/SDplotting) by extension 'colcon_meta'
[0.165s] Level 1:colcon.colcon_core.package_identification:_identify(src/crazyswarm2/systemtests/SDplotting) by extensions ['ros']
[0.165s] Level 1:colcon.colcon_core.package_identification:_identify(src/crazyswarm2/systemtests/SDplotting) by extension 'ros'
[0.165s] Level 1:colcon.colcon_core.package_identification:_identify(src/crazyswarm2/systemtests/SDplotting) by extensions ['cmake', 'python']
[0.165s] Level 1:colcon.colcon_core.package_identification:_identify(src/crazyswarm2/systemtests/SDplotting) by extension 'cmake'
[0.165s] Level 1:colcon.colcon_core.package_identification:_identify(src/crazyswarm2/systemtests/SDplotting) by extension 'python'
[0.165s] Level 1:colcon.colcon_core.package_identification:_identify(src/crazyswarm2/systemtests/SDplotting) by extensions ['python_setup_py']
[0.165s] Level 1:colcon.colcon_core.package_identification:_identify(src/crazyswarm2/systemtests/SDplotting) by extension 'python_setup_py'
[0.165s] Level 1:colcon.colcon_core.package_discovery:discover_packages(recursive) using defaults
[0.165s] Level 1:colcon.colcon_core.package_discovery:discover_packages(ignore) discover
[0.166s] Level 1:colcon.colcon_core.package_discovery:discover_packages(ignore) using defaults
[0.166s] Level 1:colcon.colcon_core.package_discovery:discover_packages(path) discover
[0.166s] Level 1:colcon.colcon_core.package_discovery:discover_packages(path) using defaults
[0.184s] INFO:colcon.colcon_metadata.metadata.colcon_pkg:Updating descriptor of package 'src/crazyswarm2/crazyflie_py' from colcon.pkg: {'python-testing': 'pytest'}
[0.187s] Level 1:colcon.colcon_core.package_discovery:discover_packages(prefix_path) check parameters
[0.187s] Level 1:colcon.colcon_core.package_discovery:discover_packages(prefix_path) discover
[0.190s] DEBUG:colcon.colcon_installed_package_information.package_discovery:Found 377 installed packages in /opt/ros/jazzy
[0.192s] Level 1:colcon.colcon_core.package_discovery:discover_packages(prefix_path) using defaults
[0.228s] Level 5:colcon.colcon_core.verb:set package 'cf_led_mission' build argument 'cmake_args' from command line to 'None'
[0.228s] Level 5:colcon.colcon_core.verb:set package 'cf_led_mission' build argument 'cmake_target' from command line to 'None'
[0.228s] Level 5:colcon.colcon_core.verb:set package 'cf_led_mission' build argument 'cmake_target_skip_unavailable' from command line to 'False'
[0.228s] Level 5:colcon.colcon_core.verb:set package 'cf_led_mission' build argument 'cmake_clean_cache' from command line to 'False'
[0.228s] Level 5:colcon.colcon_core.verb:set package 'cf_led_mission' build argument 'cmake_clean_first' from command line to 'False'
[0.228s] Level 5:colcon.colcon_core.verb:set package 'cf_led_mission' build argument 'cmake_force_configure' from command line to 'False'
[0.228s] Level 5:colcon.colcon_core.verb:set package 'cf_led_mission' build argument 'ament_cmake_args' from command line to 'None'
[0.228s] Level 5:colcon.colcon_core.verb:set package 'cf_led_mission' build argument 'catkin_cmake_args' from command line to 'None'
[0.228s] Level 5:colcon.colcon_core.verb:set package 'cf_led_mission' build argument 'catkin_skip_building_tests' from command line to 'False'
[0.228s] DEBUG:colcon.colcon_core.verb:Building package 'cf_led_mission' with the following arguments: {'ament_cmake_args': None, 'build_base': '/home/mouha/crazyflie/ros2_ws/build/cf_led_mission', 'catkin_cmake_args': None, 'catkin_skip_building_tests': False, 'cmake_args': None, 'cmake_clean_cache': False, 'cmake_clean_first': False, 'cmake_force_configure': False, 'cmake_target': None, 'cmake_target_skip_unavailable': False, 'install_base': '/home/mouha/crazyflie/ros2_ws/install/cf_led_mission', 'merge_install': False, 'path': '/home/mouha/crazyflie/ros2_ws/src/cf_led_mission', 'symlink_install': True, 'test_result_base': None}
[0.228s] Level 5:colcon.colcon_core.verb:set package 'crazyflie_description' build argument 'cmake_args' from command line to 'None'
[0.228s] Level 5:colcon.colcon_core.verb:set package 'crazyflie_description' build argument 'cmake_target' from command line to 'None'
[0.228s] Level 5:colcon.colcon_core.verb:set package 'crazyflie_description' build argument 'cmake_target_skip_unavailable' from command line to 'False'
[0.228s] Level 5:colcon.colcon_core.verb:set package 'crazyflie_description' build argument 'cmake_clean_cache' from command line to 'False'
[0.228s] Level 5:colcon.colcon_core.verb:set package 'crazyflie_description' build argument 'cmake_clean_first' from command line to 'False'
[0.228s] Level 5:colcon.colcon_core.verb:set package 'crazyflie_description' build argument 'cmake_force_configure' from command line to 'False'
[0.228s] Level 5:colcon.colcon_core.verb:set package 'crazyflie_description' build argument 'ament_cmake_args' from command line to 'None'
[0.228s] Level 5:colcon.colcon_core.verb:set package 'crazyflie_description' build argument 'catkin_cmake_args' from command line to 'None'
[0.228s] Level 5:colcon.colcon_core.verb:set package 'crazyflie_description' build argument 'catkin_skip_building_tests' from command line to 'False'
[0.228s] DEBUG:colcon.colcon_core.verb:Building package 'crazyflie_description' with the following arguments: {'ament_cmake_args': None, 'build_base': '/home/mouha/crazyflie/ros2_ws/build/crazyflie_description', 'catkin_cmake_args': None, 'catkin_skip_building_tests': False, 'cmake_args': None, 'cmake_clean_cache': False, 'cmake_clean_first': False, 'cmake_force_configure': False, 'cmake_target': None, 'cmake_target_skip_unavailable': False, 'install_base': '/home/mouha/crazyflie/ros2_ws/install/crazyflie_description', 'merge_install': False, 'path': '/home/mouha/crazyflie/ros2_ws/src/crazyswarm2/crazyflie_description', 'symlink_install': True, 'test_result_base': None}
[0.229s] Level 5:colcon.colcon_core.verb:set package 'crazyflie_interfaces' build argument 'cmake_args' from command line to 'None'
[0.229s] Level 5:colcon.colcon_core.verb:set package 'crazyflie_interfaces' build argument 'cmake_target' from command line to 'None'
[0.229s] Level 5:colcon.colcon_core.verb:set package 'crazyflie_interfaces' build argument 'cmake_target_skip_unavailable' from command line to 'False'
[0.229s] Level 5:colcon.colcon_core.verb:set package 'crazyflie_interfaces' build argument 'cmake_clean_cache' from command line to 'False'
[0.229s] Level 5:colcon.colcon_core.verb:set package 'crazyflie_interfaces' build argument 'cmake_clean_first' from command line to 'False'
[0.229s] Level 5:colcon.colcon_core.verb:set package 'crazyflie_interfaces' build argument 'cmake_force_configure' from command line to 'False'
[0.229s] Level 5:colcon.colcon_core.verb:set package 'crazyflie_interfaces' build argument 'ament_cmake_args' from command line to 'None'
[0.229s] Level 5:colcon.colcon_core.verb:set package 'crazyflie_interfaces' build argument 'catkin_cmake_args' from command line to 'None'
[0.229s] Level 5:colcon.colcon_core.verb:set package 'crazyflie_interfaces' build argument 'catkin_skip_building_tests' from command line to 'False'
[0.229s] DEBUG:colcon.colcon_core.verb:Building package 'crazyflie_interfaces' with the following arguments: {'ament_cmake_args': None, 'build_base': '/home/mouha/crazyflie/ros2_ws/build/crazyflie_interfaces', 'catkin_cmake_args': None, 'catkin_skip_building_tests': False, 'cmake_args': None, 'cmake_clean_cache': False, 'cmake_clean_first': False, 'cmake_force_configure': False, 'cmake_target': None, 'cmake_target_skip_unavailable': False, 'install_base': '/home/mouha/crazyflie/ros2_ws/install/crazyflie_interfaces', 'merge_install': False, 'path': '/home/mouha/crazyflie/ros2_ws/src/crazyswarm2/crazyflie_interfaces', 'symlink_install': True, 'test_result_base': None}
[0.229s] Level 5:colcon.colcon_core.verb:set package 'crazyflie' build argument 'cmake_args' from command line to 'None'
[0.229s] Level 5:colcon.colcon_core.verb:set package 'crazyflie' build argument 'cmake_target' from command line to 'None'
[0.229s] Level 5:colcon.colcon_core.verb:set package 'crazyflie' build argument 'cmake_target_skip_unavailable' from command line to 'False'
[0.229s] Level 5:colcon.colcon_core.verb:set package 'crazyflie' build argument 'cmake_clean_cache' from command line to 'False'
[0.229s] Level 5:colcon.colcon_core.verb:set package 'crazyflie' build argument 'cmake_clean_first' from command line to 'False'
[0.229s] Level 5:colcon.colcon_core.verb:set package 'crazyflie' build argument 'cmake_force_configure' from command line to 'False'
[0.229s] Level 5:colcon.colcon_core.verb:set package 'crazyflie' build argument 'ament_cmake_args' from command line to 'None'
[0.229s] Level 5:colcon.colcon_core.verb:set package 'crazyflie' build argument 'catkin_cmake_args' from command line to 'None'
[0.229s] Level 5:colcon.colcon_core.verb:set package 'crazyflie' build argument 'catkin_skip_building_tests' from command line to 'False'
[0.229s] DEBUG:colcon.colcon_core.verb:Building package 'crazyflie' with the following arguments: {'ament_cmake_args': None, 'build_base': '/home/mouha/crazyflie/ros2_ws/build/crazyflie', 'catkin_cmake_args': None, 'catkin_skip_building_tests': False, 'cmake_args': None, 'cmake_clean_cache': False, 'cmake_clean_first': False, 'cmake_force_configure': False, 'cmake_target': None, 'cmake_target_skip_unavailable': False, 'install_base': '/home/mouha/crazyflie/ros2_ws/install/crazyflie', 'merge_install': False, 'path': '/home/mouha/crazyflie/ros2_ws/src/crazyswarm2/crazyflie', 'symlink_install': True, 'test_result_base': None}
[0.229s] Level 5:colcon.colcon_core.verb:set package 'crazyflie_py' build argument 'cmake_args' from command line to 'None'
[0.229s] Level 5:colcon.colcon_core.verb:set package 'crazyflie_py' build argument 'cmake_target' from command line to 'None'
[0.229s] Level 5:colcon.colcon_core.verb:set package 'crazyflie_py' build argument 'cmake_target_skip_unavailable' from command line to 'False'
[0.229s] Level 5:colcon.colcon_core.verb:set package 'crazyflie_py' build argument 'cmake_clean_cache' from command line to 'False'
[0.229s] Level 5:colcon.colcon_core.verb:set package 'crazyflie_py' build argument 'cmake_clean_first' from command line to 'False'
[0.230s] Level 5:colcon.colcon_core.verb:set package 'crazyflie_py' build argument 'cmake_force_configure' from command line to 'False'
[0.230s] Level 5:colcon.colcon_core.verb:set package 'crazyflie_py' build argument 'ament_cmake_args' from command line to 'None'
[0.230s] Level 5:colcon.colcon_core.verb:set package 'crazyflie_py' build argument 'catkin_cmake_args' from command line to 'None'
[0.230s] Level 5:colcon.colcon_core.verb:set package 'crazyflie_py' build argument 'catkin_skip_building_tests' from command line to 'False'
[0.230s] DEBUG:colcon.colcon_core.verb:Building package 'crazyflie_py' with the following arguments: {'ament_cmake_args': None, 'build_base': '/home/mouha/crazyflie/ros2_ws/build/crazyflie_py', 'catkin_cmake_args': None, 'catkin_skip_building_tests': False, 'cmake_args': None, 'cmake_clean_cache': False, 'cmake_clean_first': False, 'cmake_force_configure': False, 'cmake_target': None, 'cmake_target_skip_unavailable': False, 'install_base': '/home/mouha/crazyflie/ros2_ws/install/crazyflie_py', 'merge_install': False, 'path': '/home/mouha/crazyflie/ros2_ws/src/crazyswarm2/crazyflie_py', 'symlink_install': True, 'test_result_base': None}
[0.230s] Level 5:colcon.colcon_core.verb:set package 'crazyflie_server_py' build argument 'cmake_args' from command line to 'None'
[0.230s] Level 5:colcon.colcon_core.verb:set package 'crazyflie_server_py' build argument 'cmake_target' from command line to 'None'
[0.230s] Level 5:colcon.colcon_core.verb:set package 'crazyflie_server_py' build argument 'cmake_target_skip_unavailable' from command line to 'False'
[0.230s] Level 5:colcon.colcon_core.verb:set package 'crazyflie_server_py' build argument 'cmake_clean_cache' from command line to 'False'
[0.230s] Level 5:colcon.colcon_core.verb:set package 'crazyflie_server_py' build argument 'cmake_clean_first' from command line to 'False'
[0.230s] Level 5:colcon.colcon_core.verb:set package 'crazyflie_server_py' build argument 'cmake_force_configure' from command line to 'False'
[0.230s] Level 5:colcon.colcon_core.verb:set package 'crazyflie_server_py' build argument 'ament_cmake_args' from command line to 'None'
[0.230s] Level 5:colcon.colcon_core.verb:set package 'crazyflie_server_py' build argument 'catkin_cmake_args' from command line to 'None'
[0.230s] Level 5:colcon.colcon_core.verb:set package 'crazyflie_server_py' build argument 'catkin_skip_building_tests' from command line to 'False'
[0.230s] DEBUG:colcon.colcon_core.verb:Building package 'crazyflie_server_py' with the following arguments: {'ament_cmake_args': None, 'build_base': '/home/mouha/crazyflie/ros2_ws/build/crazyflie_server_py', 'catkin_cmake_args': None, 'catkin_skip_building_tests': False, 'cmake_args': None, 'cmake_clean_cache': False, 'cmake_clean_first': False, 'cmake_force_configure': False, 'cmake_target': None, 'cmake_target_skip_unavailable': False, 'install_base': '/home/mouha/crazyflie/ros2_ws/install/crazyflie_server_py', 'merge_install': False, 'path': '/home/mouha/crazyflie/ros2_ws/src/crazyswarm2/crazyflie_server_py', 'symlink_install': True, 'test_result_base': None}
[0.230s] Level 5:colcon.colcon_core.verb:set package 'crazyflie_sim' build argument 'cmake_args' from command line to 'None'
[0.230s] Level 5:colcon.colcon_core.verb:set package 'crazyflie_sim' build argument 'cmake_target' from command line to 'None'
[0.230s] Level 5:colcon.colcon_core.verb:set package 'crazyflie_sim' build argument 'cmake_target_skip_unavailable' from command line to 'False'
[0.230s] Level 5:colcon.colcon_core.verb:set package 'crazyflie_sim' build argument 'cmake_clean_cache' from command line to 'False'
[0.230s] Level 5:colcon.colcon_core.verb:set package 'crazyflie_sim' build argument 'cmake_clean_first' from command line to 'False'
[0.230s] Level 5:colcon.colcon_core.verb:set package 'crazyflie_sim' build argument 'cmake_force_configure' from command line to 'False'
[0.230s] Level 5:colcon.colcon_core.verb:set package 'crazyflie_sim' build argument 'ament_cmake_args' from command line to 'None'
[0.230s] Level 5:colcon.colcon_core.verb:set package 'crazyflie_sim' build argument 'catkin_cmake_args' from command line to 'None'
[0.230s] Level 5:colcon.colcon_core.verb:set package 'crazyflie_sim' build argument 'catkin_skip_building_tests' from command line to 'False'
[0.230s] DEBUG:colcon.colcon_core.verb:Building package 'crazyflie_sim' with the following arguments: {'ament_cmake_args': None, 'build_base': '/home/mouha/crazyflie/ros2_ws/build/crazyflie_sim', 'catkin_cmake_args': None, 'catkin_skip_building_tests': False, 'cmake_args': None, 'cmake_clean_cache': False, 'cmake_clean_first': False, 'cmake_force_configure': False, 'cmake_target': None, 'cmake_target_skip_unavailable': False, 'install_base': '/home/mouha/crazyflie/ros2_ws/install/crazyflie_sim', 'merge_install': False, 'path': '/home/mouha/crazyflie/ros2_ws/src/crazyswarm2/crazyflie_sim', 'symlink_install': True, 'test_result_base': None}
[0.231s] Level 5:colcon.colcon_core.verb:set package 'crazyflie_examples' build argument 'cmake_args' from command line to 'None'
[0.231s] Level 5:colcon.colcon_core.verb:set package 'crazyflie_examples' build argument 'cmake_target' from command line to 'None'
[0.231s] Level 5:colcon.colcon_core.verb:set package 'crazyflie_examples' build argument 'cmake_target_skip_unavailable' from command line to 'False'
[0.231s] Level 5:colcon.colcon_core.verb:set package 'crazyflie_examples' build argument 'cmake_clean_cache' from command line to 'False'
[0.231s] Level 5:colcon.colcon_core.verb:set package 'crazyflie_examples' build argument 'cmake_clean_first' from command line to 'False'
[0.231s] Level 5:colcon.colcon_core.verb:set package 'crazyflie_examples' build argument 'cmake_force_configure' from command line to 'False'
[0.231s] Level 5:colcon.colcon_core.verb:set package 'crazyflie_examples' build argument 'ament_cmake_args' from command line to 'None'
[0.231s] Level 5:colcon.colcon_core.verb:set package 'crazyflie_examples' build argument 'catkin_cmake_args' from command line to 'None'
[0.231s] Level 5:colcon.colcon_core.verb:set package 'crazyflie_examples' build argument 'catkin_skip_building_tests' from command line to 'False'
[0.231s] DEBUG:colcon.colcon_core.verb:Building package 'crazyflie_examples' with the following arguments: {'ament_cmake_args': None, 'build_base': '/home/mouha/crazyflie/ros2_ws/build/crazyflie_examples', 'catkin_cmake_args': None, 'catkin_skip_building_tests': False, 'cmake_args': None, 'cmake_clean_cache': False, 'cmake_clean_first': False, 'cmake_force_configure': False, 'cmake_target': None, 'cmake_target_skip_unavailable': False, 'install_base': '/home/mouha/crazyflie/ros2_ws/install/crazyflie_examples', 'merge_install': False, 'path': '/home/mouha/crazyflie/ros2_ws/src/crazyswarm2/crazyflie_examples', 'symlink_install': True, 'test_result_base': None}
[0.231s] INFO:colcon.colcon_core.executor:Executing jobs using 'parallel' executor
[0.232s] DEBUG:colcon.colcon_parallel_executor.executor.parallel:run_until_complete
[0.232s] INFO:colcon.colcon_ros.task.ament_cmake.build:Building ROS package in '/home/mouha/crazyflie/ros2_ws/src/crazyswarm2/crazyflie_interfaces' with build type 'ament_cmake'
[0.232s] INFO:colcon.colcon_cmake.task.cmake.build:Building CMake package in '/home/mouha/crazyflie/ros2_ws/src/crazyswarm2/crazyflie_interfaces'
[0.235s] INFO:colcon.colcon_core.plugin_system:Skipping extension 'colcon_core.shell.bat': Not used on non-Windows systems
[0.235s] INFO:colcon.colcon_core.shell:Skip shell extension 'powershell' for command environment: Not usable outside of PowerShell
[0.235s] DEBUG:colcon.colcon_core.shell:Skip shell extension 'dsv' for command environment
[0.239s] INFO:colcon.colcon_ros.task.ament_cmake.build:Building ROS package in '/home/mouha/crazyflie/ros2_ws/src/crazyswarm2/crazyflie_description' with build type 'ament_cmake'
[0.239s] INFO:colcon.colcon_cmake.task.cmake.build:Building CMake package in '/home/mouha/crazyflie/ros2_ws/src/crazyswarm2/crazyflie_description'
[0.239s] INFO:colcon.colcon_core.shell:Skip shell extension 'powershell' for command environment: Not usable outside of PowerShell
[0.239s] DEBUG:colcon.colcon_core.shell:Skip shell extension 'dsv' for command environment
[0.242s] INFO:colcon.colcon_ros.task.ament_python.build:Building ROS package in '/home/mouha/crazyflie/ros2_ws/src/cf_led_mission' with build type 'ament_python'
[0.242s] Level 1:colcon.colcon_core.shell:create_environment_hook('cf_led_mission', 'ament_prefix_path')
[0.243s] INFO:colcon.colcon_core.shell:Creating environment hook '/home/mouha/crazyflie/ros2_ws/install/cf_led_mission/share/cf_led_mission/hook/ament_prefix_path.ps1'
[0.244s] INFO:colcon.colcon_core.shell:Creating environment descriptor '/home/mouha/crazyflie/ros2_ws/install/cf_led_mission/share/cf_led_mission/hook/ament_prefix_path.dsv'
[0.244s] INFO:colcon.colcon_core.shell:Creating environment hook '/home/mouha/crazyflie/ros2_ws/install/cf_led_mission/share/cf_led_mission/hook/ament_prefix_path.sh'
[0.245s] INFO:colcon.colcon_core.shell:Skip shell extension 'powershell' for command environment: Not usable outside of PowerShell
[0.245s] DEBUG:colcon.colcon_core.shell:Skip shell extension 'dsv' for command environment
[0.249s] DEBUG:colcon.colcon_core.event_handler.log_command:Invoking command in '/home/mouha/crazyflie/ros2_ws/build/crazyflie_interfaces': CMAKE_PREFIX_PATH=${CMAKE_PREFIX_PATH}:/opt/ros/jazzy DEBUGINFOD_URLS=https://debuginfod.ubuntu.com /usr/bin/cmake /home/mouha/crazyflie/ros2_ws/src/crazyswarm2/crazyflie_interfaces -DAMENT_CMAKE_SYMLINK_INSTALL=1 -DCMAKE_INSTALL_PREFIX=/home/mouha/crazyflie/ros2_ws/install/crazyflie_interfaces
[0.252s] DEBUG:colcon.colcon_core.event_handler.log_command:Invoking command in '/home/mouha/crazyflie/ros2_ws/build/crazyflie_description': CMAKE_PREFIX_PATH=${CMAKE_PREFIX_PATH}:/opt/ros/jazzy DEBUGINFOD_URLS=https://debuginfod.ubuntu.com /usr/bin/cmake /home/mouha/crazyflie/ros2_ws/src/crazyswarm2/crazyflie_description -DAMENT_CMAKE_SYMLINK_INSTALL=1 -DCMAKE_INSTALL_PREFIX=/home/mouha/crazyflie/ros2_ws/install/crazyflie_description
[0.434s] INFO:colcon.colcon_core.task.python.build:Building Python package in '/home/mouha/crazyflie/ros2_ws/src/cf_led_mission'
[0.434s] INFO:colcon.colcon_core.shell:Skip shell extension 'powershell' for command environment: Not usable outside of PowerShell
[0.434s] DEBUG:colcon.colcon_core.shell:Skip shell extension 'dsv' for command environment
[0.884s] DEBUG:colcon.colcon_core.event_handler.log_command:Invoked command in '/home/mouha/crazyflie/ros2_ws/build/crazyflie_description' returned '0': CMAKE_PREFIX_PATH=${CMAKE_PREFIX_PATH}:/opt/ros/jazzy DEBUGINFOD_URLS=https://debuginfod.ubuntu.com /usr/bin/cmake /home/mouha/crazyflie/ros2_ws/src/crazyswarm2/crazyflie_description -DAMENT_CMAKE_SYMLINK_INSTALL=1 -DCMAKE_INSTALL_PREFIX=/home/mouha/crazyflie/ros2_ws/install/crazyflie_description
[0.885s] DEBUG:colcon.colcon_core.event_handler.log_command:Invoking command in '/home/mouha/crazyflie/ros2_ws/build/crazyflie_description': CMAKE_PREFIX_PATH=${CMAKE_PREFIX_PATH}:/opt/ros/jazzy DEBUGINFOD_URLS=https://debuginfod.ubuntu.com /usr/bin/cmake --build /home/mouha/crazyflie/ros2_ws/build/crazyflie_description -- -j12 -l12
[0.915s] DEBUG:colcon.colcon_core.event_handler.log_command:Invoked command in '/home/mouha/crazyflie/ros2_ws/build/crazyflie_description' returned '0': CMAKE_PREFIX_PATH=${CMAKE_PREFIX_PATH}:/opt/ros/jazzy DEBUGINFOD_URLS=https://debuginfod.ubuntu.com /usr/bin/cmake --build /home/mouha/crazyflie/ros2_ws/build/crazyflie_description -- -j12 -l12
[0.923s] DEBUG:colcon.colcon_core.event_handler.log_command:Invoking command in '/home/mouha/crazyflie/ros2_ws/build/crazyflie_description': CMAKE_PREFIX_PATH=${CMAKE_PREFIX_PATH}:/opt/ros/jazzy DEBUGINFOD_URLS=https://debuginfod.ubuntu.com /usr/bin/cmake --install /home/mouha/crazyflie/ros2_ws/build/crazyflie_description
[1.016s] DEBUG:colcon.colcon_core.event_handler.log_command:Invoking command in '/home/mouha/crazyflie/ros2_ws/build/cf_led_mission': DEBUGINFOD_URLS=https://debuginfod.ubuntu.com PYTHONPATH=/home/mouha/crazyflie/ros2_ws/build/cf_led_mission/prefix_override:/usr/lib/python3/dist-packages/colcon_core/task/python/colcon_distutils_commands:/home/mouha/crazyflie/ros2_ws/install/cf_led_mission/lib/python3.12/site-packages:${PYTHONPATH} /usr/bin/python3 -W ignore:setup.py install is deprecated -W ignore:easy_install command is deprecated setup.py develop --editable --build-directory /home/mouha/crazyflie/ros2_ws/build/cf_led_mission/build --no-deps symlink_data
[1.065s] Level 1:colcon.colcon_core.environment:create_environment_scripts_only(crazyflie_description)
[1.066s] DEBUG:colcon.colcon_core.event_handler.log_command:Invoked command in '/home/mouha/crazyflie/ros2_ws/build/crazyflie_description' returned '0': CMAKE_PREFIX_PATH=${CMAKE_PREFIX_PATH}:/opt/ros/jazzy DEBUGINFOD_URLS=https://debuginfod.ubuntu.com /usr/bin/cmake --install /home/mouha/crazyflie/ros2_ws/build/crazyflie_description
[1.071s] Level 1:colcon.colcon_core.environment:checking '/home/mouha/crazyflie/ros2_ws/install/crazyflie_description' for CMake module files
[1.071s] Level 1:colcon.colcon_core.environment:checking '/home/mouha/crazyflie/ros2_ws/install/crazyflie_description' for CMake config files
[1.071s] Level 1:colcon.colcon_core.shell:create_environment_hook('crazyflie_description', 'cmake_prefix_path')
[1.072s] INFO:colcon.colcon_core.shell:Creating environment hook '/home/mouha/crazyflie/ros2_ws/install/crazyflie_description/share/crazyflie_description/hook/cmake_prefix_path.ps1'
[1.072s] INFO:colcon.colcon_core.shell:Creating environment descriptor '/home/mouha/crazyflie/ros2_ws/install/crazyflie_description/share/crazyflie_description/hook/cmake_prefix_path.dsv'
[1.072s] INFO:colcon.colcon_core.shell:Creating environment hook '/home/mouha/crazyflie/ros2_ws/install/crazyflie_description/share/crazyflie_description/hook/cmake_prefix_path.sh'
[1.073s] Level 1:colcon.colcon_core.environment:checking '/home/mouha/crazyflie/ros2_ws/install/crazyflie_description/bin'
[1.073s] Level 1:colcon.colcon_core.environment:checking '/home/mouha/crazyflie/ros2_ws/install/crazyflie_description/lib/pkgconfig/crazyflie_description.pc'
[1.073s] Level 1:colcon.colcon_core.environment:checking '/home/mouha/crazyflie/ros2_ws/install/crazyflie_description/lib/python3.12/site-packages'
[1.073s] Level 1:colcon.colcon_core.environment:checking '/home/mouha/crazyflie/ros2_ws/install/crazyflie_description/bin'
[1.073s] INFO:colcon.colcon_core.shell:Creating package script '/home/mouha/crazyflie/ros2_ws/install/crazyflie_description/share/crazyflie_description/package.ps1'
[1.074s] INFO:colcon.colcon_core.shell:Creating package descriptor '/home/mouha/crazyflie/ros2_ws/install/crazyflie_description/share/crazyflie_description/package.dsv'
[1.074s] INFO:colcon.colcon_core.shell:Creating package script '/home/mouha/crazyflie/ros2_ws/install/crazyflie_description/share/crazyflie_description/package.sh'
[1.075s] INFO:colcon.colcon_core.shell:Creating package script '/home/mouha/crazyflie/ros2_ws/install/crazyflie_description/share/crazyflie_description/package.bash'
[1.075s] INFO:colcon.colcon_core.shell:Creating package script '/home/mouha/crazyflie/ros2_ws/install/crazyflie_description/share/crazyflie_description/package.zsh'
[1.076s] Level 1:colcon.colcon_core.environment:create_file_with_runtime_dependencies(/home/mouha/crazyflie/ros2_ws/install/crazyflie_description/share/colcon-core/packages/crazyflie_description)
[1.076s] Level 1:colcon.colcon_core.environment:create_environment_scripts_only(crazyflie_description)
[1.076s] Level 1:colcon.colcon_core.environment:checking '/home/mouha/crazyflie/ros2_ws/install/crazyflie_description' for CMake module files
[1.076s] Level 1:colcon.colcon_core.environment:checking '/home/mouha/crazyflie/ros2_ws/install/crazyflie_description' for CMake config files
[1.077s] Level 1:colcon.colcon_core.shell:create_environment_hook('crazyflie_description', 'cmake_prefix_path')
[1.077s] INFO:colcon.colcon_core.shell:Creating environment hook '/home/mouha/crazyflie/ros2_ws/install/crazyflie_description/share/crazyflie_description/hook/cmake_prefix_path.ps1'
[1.077s] INFO:colcon.colcon_core.shell:Creating environment descriptor '/home/mouha/crazyflie/ros2_ws/install/crazyflie_description/share/crazyflie_description/hook/cmake_prefix_path.dsv'
[1.077s] INFO:colcon.colcon_core.shell:Creating environment hook '/home/mouha/crazyflie/ros2_ws/install/crazyflie_description/share/crazyflie_description/hook/cmake_prefix_path.sh'
[1.078s] Level 1:colcon.colcon_core.environment:checking '/home/mouha/crazyflie/ros2_ws/install/crazyflie_description/bin'
[1.078s] Level 1:colcon.colcon_core.environment:checking '/home/mouha/crazyflie/ros2_ws/install/crazyflie_description/lib/pkgconfig/crazyflie_description.pc'
[1.078s] Level 1:colcon.colcon_core.environment:checking '/home/mouha/crazyflie/ros2_ws/install/crazyflie_description/lib/python3.12/site-packages'
[1.078s] Level 1:colcon.colcon_core.environment:checking '/home/mouha/crazyflie/ros2_ws/install/crazyflie_description/bin'
[1.078s] INFO:colcon.colcon_core.shell:Creating package script '/home/mouha/crazyflie/ros2_ws/install/crazyflie_description/share/crazyflie_description/package.ps1'
[1.079s] INFO:colcon.colcon_core.shell:Creating package descriptor '/home/mouha/crazyflie/ros2_ws/install/crazyflie_description/share/crazyflie_description/package.dsv'
[1.079s] INFO:colcon.colcon_core.shell:Creating package script '/home/mouha/crazyflie/ros2_ws/install/crazyflie_description/share/crazyflie_description/package.sh'
[1.079s] INFO:colcon.colcon_core.shell:Creating package script '/home/mouha/crazyflie/ros2_ws/install/crazyflie_description/share/crazyflie_description/package.bash'
[1.079s] INFO:colcon.colcon_core.shell:Creating package script '/home/mouha/crazyflie/ros2_ws/install/crazyflie_description/share/crazyflie_description/package.zsh'
[1.080s] Level 1:colcon.colcon_core.environment:create_file_with_runtime_dependencies(/home/mouha/crazyflie/ros2_ws/install/crazyflie_description/share/colcon-core/packages/crazyflie_description)
[1.553s] Level 1:colcon.colcon_core.shell:create_environment_hook('cf_led_mission', 'pythonpath_develop')
[1.553s] INFO:colcon.colcon_core.shell:Creating environment hook '/home/mouha/crazyflie/ros2_ws/build/cf_led_mission/share/cf_led_mission/hook/pythonpath_develop.ps1'
[1.553s] DEBUG:colcon.colcon_core.event_handler.log_command:Invoked command in '/home/mouha/crazyflie/ros2_ws/build/cf_led_mission' returned '0': DEBUGINFOD_URLS=https://debuginfod.ubuntu.com PYTHONPATH=/home/mouha/crazyflie/ros2_ws/build/cf_led_mission/prefix_override:/usr/lib/python3/dist-packages/colcon_core/task/python/colcon_distutils_commands:/home/mouha/crazyflie/ros2_ws/install/cf_led_mission/lib/python3.12/site-packages:${PYTHONPATH} /usr/bin/python3 -W ignore:setup.py install is deprecated -W ignore:easy_install command is deprecated setup.py develop --editable --build-directory /home/mouha/crazyflie/ros2_ws/build/cf_led_mission/build --no-deps symlink_data
[1.554s] INFO:colcon.colcon_core.shell:Creating environment descriptor '/home/mouha/crazyflie/ros2_ws/build/cf_led_mission/share/cf_led_mission/hook/pythonpath_develop.dsv'
[1.554s] INFO:colcon.colcon_core.shell:Creating environment hook '/home/mouha/crazyflie/ros2_ws/build/cf_led_mission/share/cf_led_mission/hook/pythonpath_develop.sh'
[1.554s] Level 1:colcon.colcon_core.environment:checking '/home/mouha/crazyflie/ros2_ws/install/cf_led_mission' for CMake module files
[1.555s] Level 1:colcon.colcon_core.environment:checking '/home/mouha/crazyflie/ros2_ws/install/cf_led_mission' for CMake config files
[1.555s] Level 1:colcon.colcon_core.environment:checking '/home/mouha/crazyflie/ros2_ws/install/cf_led_mission/lib'
[1.555s] Level 1:colcon.colcon_core.environment:checking '/home/mouha/crazyflie/ros2_ws/install/cf_led_mission/bin'
[1.555s] Level 1:colcon.colcon_core.environment:checking '/home/mouha/crazyflie/ros2_ws/install/cf_led_mission/lib/pkgconfig/cf_led_mission.pc'
[1.555s] Level 1:colcon.colcon_core.environment:checking '/home/mouha/crazyflie/ros2_ws/install/cf_led_mission/lib/python3.12/site-packages'
[1.555s] Level 1:colcon.colcon_core.shell:create_environment_hook('cf_led_mission', 'pythonpath')
[1.555s] INFO:colcon.colcon_core.shell:Creating environment hook '/home/mouha/crazyflie/ros2_ws/install/cf_led_mission/share/cf_led_mission/hook/pythonpath.ps1'
[1.556s] INFO:colcon.colcon_core.shell:Creating environment descriptor '/home/mouha/crazyflie/ros2_ws/install/cf_led_mission/share/cf_led_mission/hook/pythonpath.dsv'
[1.556s] INFO:colcon.colcon_core.shell:Creating environment hook '/home/mouha/crazyflie/ros2_ws/install/cf_led_mission/share/cf_led_mission/hook/pythonpath.sh'
[1.556s] Level 1:colcon.colcon_core.environment:checking '/home/mouha/crazyflie/ros2_ws/install/cf_led_mission/bin'
[1.556s] Level 1:colcon.colcon_core.environment:create_environment_scripts_only(cf_led_mission)
[1.557s] INFO:colcon.colcon_core.shell:Creating package script '/home/mouha/crazyflie/ros2_ws/install/cf_led_mission/share/cf_led_mission/package.ps1'
[1.557s] INFO:colcon.colcon_core.shell:Creating package descriptor '/home/mouha/crazyflie/ros2_ws/install/cf_led_mission/share/cf_led_mission/package.dsv'
[1.557s] INFO:colcon.colcon_core.shell:Creating package script '/home/mouha/crazyflie/ros2_ws/install/cf_led_mission/share/cf_led_mission/package.sh'
[1.557s] INFO:colcon.colcon_core.shell:Creating package script '/home/mouha/crazyflie/ros2_ws/install/cf_led_mission/share/cf_led_mission/package.bash'
[1.558s] INFO:colcon.colcon_core.shell:Creating package script '/home/mouha/crazyflie/ros2_ws/install/cf_led_mission/share/cf_led_mission/package.zsh'
[1.558s] Level 1:colcon.colcon_core.environment:create_file_with_runtime_dependencies(/home/mouha/crazyflie/ros2_ws/install/cf_led_mission/share/colcon-core/packages/cf_led_mission)
[3.146s] DEBUG:colcon.colcon_core.event_handler.log_command:Invoked command in '/home/mouha/crazyflie/ros2_ws/build/crazyflie_interfaces' returned '0': CMAKE_PREFIX_PATH=${CMAKE_PREFIX_PATH}:/opt/ros/jazzy DEBUGINFOD_URLS=https://debuginfod.ubuntu.com /usr/bin/cmake /home/mouha/crazyflie/ros2_ws/src/crazyswarm2/crazyflie_interfaces -DAMENT_CMAKE_SYMLINK_INSTALL=1 -DCMAKE_INSTALL_PREFIX=/home/mouha/crazyflie/ros2_ws/install/crazyflie_interfaces
[3.147s] DEBUG:colcon.colcon_core.event_handler.log_command:Invoking command in '/home/mouha/crazyflie/ros2_ws/build/crazyflie_interfaces': CMAKE_PREFIX_PATH=${CMAKE_PREFIX_PATH}:/opt/ros/jazzy DEBUGINFOD_URLS=https://debuginfod.ubuntu.com /usr/bin/cmake --build /home/mouha/crazyflie/ros2_ws/build/crazyflie_interfaces -- -j12 -l12
[15.549s] DEBUG:colcon.colcon_core.event_handler.log_command:Invoked command in '/home/mouha/crazyflie/ros2_ws/build/crazyflie_interfaces' returned '0': CMAKE_PREFIX_PATH=${CMAKE_PREFIX_PATH}:/opt/ros/jazzy DEBUGINFOD_URLS=https://debuginfod.ubuntu.com /usr/bin/cmake --build /home/mouha/crazyflie/ros2_ws/build/crazyflie_interfaces -- -j12 -l12
[15.550s] DEBUG:colcon.colcon_core.event_handler.log_command:Invoking command in '/home/mouha/crazyflie/ros2_ws/build/crazyflie_interfaces': CMAKE_PREFIX_PATH=${CMAKE_PREFIX_PATH}:/opt/ros/jazzy DEBUGINFOD_URLS=https://debuginfod.ubuntu.com /usr/bin/cmake --install /home/mouha/crazyflie/ros2_ws/build/crazyflie_interfaces
[18.627s] Level 1:colcon.colcon_core.environment:create_environment_scripts_only(crazyflie_interfaces)
[18.627s] Level 1:colcon.colcon_core.environment:checking '/home/mouha/crazyflie/ros2_ws/install/crazyflie_interfaces' for CMake module files
[18.628s] DEBUG:colcon.colcon_core.event_handler.log_command:Invoked command in '/home/mouha/crazyflie/ros2_ws/build/crazyflie_interfaces' returned '0': CMAKE_PREFIX_PATH=${CMAKE_PREFIX_PATH}:/opt/ros/jazzy DEBUGINFOD_URLS=https://debuginfod.ubuntu.com /usr/bin/cmake --install /home/mouha/crazyflie/ros2_ws/build/crazyflie_interfaces
[18.628s] Level 1:colcon.colcon_core.environment:checking '/home/mouha/crazyflie/ros2_ws/install/crazyflie_interfaces' for CMake config files
[18.629s] Level 1:colcon.colcon_core.shell:create_environment_hook('crazyflie_interfaces', 'cmake_prefix_path')
[18.629s] INFO:colcon.colcon_core.shell:Creating environment hook '/home/mouha/crazyflie/ros2_ws/install/crazyflie_interfaces/share/crazyflie_interfaces/hook/cmake_prefix_path.ps1'
[18.629s] INFO:colcon.colcon_core.shell:Creating environment descriptor '/home/mouha/crazyflie/ros2_ws/install/crazyflie_interfaces/share/crazyflie_interfaces/hook/cmake_prefix_path.dsv'
[18.629s] INFO:colcon.colcon_core.shell:Creating environment hook '/home/mouha/crazyflie/ros2_ws/install/crazyflie_interfaces/share/crazyflie_interfaces/hook/cmake_prefix_path.sh'
[18.630s] Level 1:colcon.colcon_core.environment:checking '/home/mouha/crazyflie/ros2_ws/install/crazyflie_interfaces/lib'
[18.630s] Level 1:colcon.colcon_core.shell:create_environment_hook('crazyflie_interfaces', 'ld_library_path_lib')
[18.630s] INFO:colcon.colcon_core.shell:Creating environment hook '/home/mouha/crazyflie/ros2_ws/install/crazyflie_interfaces/share/crazyflie_interfaces/hook/ld_library_path_lib.ps1'
[18.630s] INFO:colcon.colcon_core.shell:Creating environment descriptor '/home/mouha/crazyflie/ros2_ws/install/crazyflie_interfaces/share/crazyflie_interfaces/hook/ld_library_path_lib.dsv'
[18.630s] INFO:colcon.colcon_core.shell:Creating environment hook '/home/mouha/crazyflie/ros2_ws/install/crazyflie_interfaces/share/crazyflie_interfaces/hook/ld_library_path_lib.sh'
[18.630s] Level 1:colcon.colcon_core.environment:checking '/home/mouha/crazyflie/ros2_ws/install/crazyflie_interfaces/bin'
[18.630s] Level 1:colcon.colcon_core.environment:checking '/home/mouha/crazyflie/ros2_ws/install/crazyflie_interfaces/lib/pkgconfig/crazyflie_interfaces.pc'
[18.631s] Level 1:colcon.colcon_core.environment:checking '/home/mouha/crazyflie/ros2_ws/install/crazyflie_interfaces/lib/python3.12/site-packages'
[18.631s] Level 1:colcon.colcon_core.shell:create_environment_hook('crazyflie_interfaces', 'pythonpath')
[18.631s] INFO:colcon.colcon_core.shell:Creating environment hook '/home/mouha/crazyflie/ros2_ws/install/crazyflie_interfaces/share/crazyflie_interfaces/hook/pythonpath.ps1'
[18.631s] INFO:colcon.colcon_core.shell:Creating environment descriptor '/home/mouha/crazyflie/ros2_ws/install/crazyflie_interfaces/share/crazyflie_interfaces/hook/pythonpath.dsv'
[18.631s] INFO:colcon.colcon_core.shell:Creating environment hook '/home/mouha/crazyflie/ros2_ws/install/crazyflie_interfaces/share/crazyflie_interfaces/hook/pythonpath.sh'
[18.632s] Level 1:colcon.colcon_core.environment:checking '/home/mouha/crazyflie/ros2_ws/install/crazyflie_interfaces/bin'
[18.632s] INFO:colcon.colcon_core.shell:Creating package script '/home/mouha/crazyflie/ros2_ws/install/crazyflie_interfaces/share/crazyflie_interfaces/package.ps1'
[18.632s] INFO:colcon.colcon_core.shell:Creating package descriptor '/home/mouha/crazyflie/ros2_ws/install/crazyflie_interfaces/share/crazyflie_interfaces/package.dsv'
[18.633s] INFO:colcon.colcon_core.shell:Creating package script '/home/mouha/crazyflie/ros2_ws/install/crazyflie_interfaces/share/crazyflie_interfaces/package.sh'
[18.633s] INFO:colcon.colcon_core.shell:Creating package script '/home/mouha/crazyflie/ros2_ws/install/crazyflie_interfaces/share/crazyflie_interfaces/package.bash'
[18.633s] INFO:colcon.colcon_core.shell:Creating package script '/home/mouha/crazyflie/ros2_ws/install/crazyflie_interfaces/share/crazyflie_interfaces/package.zsh'
[18.633s] Level 1:colcon.colcon_core.environment:create_file_with_runtime_dependencies(/home/mouha/crazyflie/ros2_ws/install/crazyflie_interfaces/share/colcon-core/packages/crazyflie_interfaces)
[18.633s] Level 1:colcon.colcon_core.environment:create_environment_scripts_only(crazyflie_interfaces)
[18.634s] Level 1:colcon.colcon_core.environment:checking '/home/mouha/crazyflie/ros2_ws/install/crazyflie_interfaces' for CMake module files
[18.634s] Level 1:colcon.colcon_core.environment:checking '/home/mouha/crazyflie/ros2_ws/install/crazyflie_interfaces' for CMake config files
[18.634s] Level 1:colcon.colcon_core.shell:create_environment_hook('crazyflie_interfaces', 'cmake_prefix_path')
[18.634s] INFO:colcon.colcon_core.shell:Creating environment hook '/home/mouha/crazyflie/ros2_ws/install/crazyflie_interfaces/share/crazyflie_interfaces/hook/cmake_prefix_path.ps1'
[18.635s] INFO:colcon.colcon_core.shell:Creating environment descriptor '/home/mouha/crazyflie/ros2_ws/install/crazyflie_interfaces/share/crazyflie_interfaces/hook/cmake_prefix_path.dsv'
[18.635s] INFO:colcon.colcon_core.shell:Creating environment hook '/home/mouha/crazyflie/ros2_ws/install/crazyflie_interfaces/share/crazyflie_interfaces/hook/cmake_prefix_path.sh'
[18.635s] Level 1:colcon.colcon_core.environment:checking '/home/mouha/crazyflie/ros2_ws/install/crazyflie_interfaces/lib'
[18.635s] Level 1:colcon.colcon_core.shell:create_environment_hook('crazyflie_interfaces', 'ld_library_path_lib')
[18.635s] INFO:colcon.colcon_core.shell:Creating environment hook '/home/mouha/crazyflie/ros2_ws/install/crazyflie_interfaces/share/crazyflie_interfaces/hook/ld_library_path_lib.ps1'
[18.635s] INFO:colcon.colcon_core.shell:Creating environment descriptor '/home/mouha/crazyflie/ros2_ws/install/crazyflie_interfaces/share/crazyflie_interfaces/hook/ld_library_path_lib.dsv'
[18.636s] INFO:colcon.colcon_core.shell:Creating environment hook '/home/mouha/crazyflie/ros2_ws/install/crazyflie_interfaces/share/crazyflie_interfaces/hook/ld_library_path_lib.sh'
[18.636s] Level 1:colcon.colcon_core.environment:checking '/home/mouha/crazyflie/ros2_ws/install/crazyflie_interfaces/bin'
[18.636s] Level 1:colcon.colcon_core.environment:checking '/home/mouha/crazyflie/ros2_ws/install/crazyflie_interfaces/lib/pkgconfig/crazyflie_interfaces.pc'
[18.636s] Level 1:colcon.colcon_core.environment:checking '/home/mouha/crazyflie/ros2_ws/install/crazyflie_interfaces/lib/python3.12/site-packages'
[18.636s] Level 1:colcon.colcon_core.shell:create_environment_hook('crazyflie_interfaces', 'pythonpath')
[18.636s] INFO:colcon.colcon_core.shell:Creating environment hook '/home/mouha/crazyflie/ros2_ws/install/crazyflie_interfaces/share/crazyflie_interfaces/hook/pythonpath.ps1'
[18.637s] INFO:colcon.colcon_core.shell:Creating environment descriptor '/home/mouha/crazyflie/ros2_ws/install/crazyflie_interfaces/share/crazyflie_interfaces/hook/pythonpath.dsv'
[18.637s] INFO:colcon.colcon_core.shell:Creating environment hook '/home/mouha/crazyflie/ros2_ws/install/crazyflie_interfaces/share/crazyflie_interfaces/hook/pythonpath.sh'
[18.637s] Level 1:colcon.colcon_core.environment:checking '/home/mouha/crazyflie/ros2_ws/install/crazyflie_interfaces/bin'
[18.637s] INFO:colcon.colcon_core.shell:Creating package script '/home/mouha/crazyflie/ros2_ws/install/crazyflie_interfaces/share/crazyflie_interfaces/package.ps1'
[18.638s] INFO:colcon.colcon_core.shell:Creating package descriptor '/home/mouha/crazyflie/ros2_ws/install/crazyflie_interfaces/share/crazyflie_interfaces/package.dsv'
[18.638s] INFO:colcon.colcon_core.shell:Creating package script '/home/mouha/crazyflie/ros2_ws/install/crazyflie_interfaces/share/crazyflie_interfaces/package.sh'
[18.638s] INFO:colcon.colcon_core.shell:Creating package script '/home/mouha/crazyflie/ros2_ws/install/crazyflie_interfaces/share/crazyflie_interfaces/package.bash'
[18.639s] INFO:colcon.colcon_core.shell:Creating package script '/home/mouha/crazyflie/ros2_ws/install/crazyflie_interfaces/share/crazyflie_interfaces/package.zsh'
[18.639s] Level 1:colcon.colcon_core.environment:create_file_with_runtime_dependencies(/home/mouha/crazyflie/ros2_ws/install/crazyflie_interfaces/share/colcon-core/packages/crazyflie_interfaces)
[18.639s] INFO:colcon.colcon_ros.task.ament_python.build:Building ROS package in '/home/mouha/crazyflie/ros2_ws/src/crazyswarm2/crazyflie_py' with build type 'ament_python'
[18.639s] Level 1:colcon.colcon_core.shell:create_environment_hook('crazyflie_py', 'ament_prefix_path')
[18.639s] INFO:colcon.colcon_core.shell:Creating environment hook '/home/mouha/crazyflie/ros2_ws/install/crazyflie_py/share/crazyflie_py/hook/ament_prefix_path.ps1'
[18.640s] INFO:colcon.colcon_core.shell:Creating environment descriptor '/home/mouha/crazyflie/ros2_ws/install/crazyflie_py/share/crazyflie_py/hook/ament_prefix_path.dsv'
[18.640s] INFO:colcon.colcon_core.shell:Creating environment hook '/home/mouha/crazyflie/ros2_ws/install/crazyflie_py/share/crazyflie_py/hook/ament_prefix_path.sh'
[18.640s] INFO:colcon.colcon_core.shell:Skip shell extension 'powershell' for command environment: Not usable outside of PowerShell
[18.640s] DEBUG:colcon.colcon_core.shell:Skip shell extension 'dsv' for command environment
[18.642s] INFO:colcon.colcon_ros.task.ament_cmake.build:Building ROS package in '/home/mouha/crazyflie/ros2_ws/src/crazyswarm2/crazyflie' with build type 'ament_cmake'
[18.642s] INFO:colcon.colcon_cmake.task.cmake.build:Building CMake package in '/home/mouha/crazyflie/ros2_ws/src/crazyswarm2/crazyflie'
[18.643s] INFO:colcon.colcon_core.shell:Skip shell extension 'powershell' for command environment: Not usable outside of PowerShell
[18.643s] DEBUG:colcon.colcon_core.shell:Skip shell extension 'dsv' for command environment
[18.645s] INFO:colcon.colcon_ros.task.ament_python.build:Building ROS package in '/home/mouha/crazyflie/ros2_ws/src/crazyswarm2/crazyflie_server_py' with build type 'ament_python'
[18.645s] Level 1:colcon.colcon_core.shell:create_environment_hook('crazyflie_server_py', 'ament_prefix_path')
[18.645s] INFO:colcon.colcon_core.shell:Creating environment hook '/home/mouha/crazyflie/ros2_ws/install/crazyflie_server_py/share/crazyflie_server_py/hook/ament_prefix_path.ps1'
[18.646s] INFO:colcon.colcon_core.shell:Creating environment descriptor '/home/mouha/crazyflie/ros2_ws/install/crazyflie_server_py/share/crazyflie_server_py/hook/ament_prefix_path.dsv'
[18.646s] INFO:colcon.colcon_core.shell:Creating environment hook '/home/mouha/crazyflie/ros2_ws/install/crazyflie_server_py/share/crazyflie_server_py/hook/ament_prefix_path.sh'
[18.646s] INFO:colcon.colcon_core.shell:Skip shell extension 'powershell' for command environment: Not usable outside of PowerShell
[18.646s] DEBUG:colcon.colcon_core.shell:Skip shell extension 'dsv' for command environment
[18.648s] INFO:colcon.colcon_ros.task.ament_cmake.build:Building ROS package in '/home/mouha/crazyflie/ros2_ws/src/crazyswarm2/crazyflie_sim' with build type 'ament_cmake'
[18.648s] INFO:colcon.colcon_cmake.task.cmake.build:Building CMake package in '/home/mouha/crazyflie/ros2_ws/src/crazyswarm2/crazyflie_sim'
[18.648s] INFO:colcon.colcon_core.shell:Skip shell extension 'powershell' for command environment: Not usable outside of PowerShell
[18.648s] DEBUG:colcon.colcon_core.shell:Skip shell extension 'dsv' for command environment
[18.821s] INFO:colcon.colcon_core.task.python.build:Building Python package in '/home/mouha/crazyflie/ros2_ws/src/crazyswarm2/crazyflie_py'
[18.821s] INFO:colcon.colcon_core.shell:Skip shell extension 'powershell' for command environment: Not usable outside of PowerShell
[18.821s] DEBUG:colcon.colcon_core.shell:Skip shell extension 'dsv' for command environment
[18.825s] DEBUG:colcon.colcon_core.event_handler.log_command:Invoking command in '/home/mouha/crazyflie/ros2_ws/build/crazyflie': AMENT_PREFIX_PATH=/home/mouha/crazyflie/ros2_ws/install/crazyflie_interfaces:/home/mouha/crazyflie/ros2_ws/install/crazyflie_description:${AMENT_PREFIX_PATH} CMAKE_PREFIX_PATH=/home/mouha/crazyflie/ros2_ws/install/crazyflie_interfaces:/home/mouha/crazyflie/ros2_ws/install/crazyflie_description:/opt/ros/jazzy/opt/gz_sim_vendor:/opt/ros/jazzy/opt/gz_sensors_vendor:/opt/ros/jazzy/opt/gz_physics_vendor:/opt/ros/jazzy/opt/sdformat_vendor:/opt/ros/jazzy/opt/gz_gui_vendor:/opt/ros/jazzy/opt/gz_transport_vendor:/opt/ros/jazzy/opt/gz_rendering_vendor:/opt/ros/jazzy/opt/gz_plugin_vendor:/opt/ros/jazzy/opt/gz_fuel_tools_vendor:/opt/ros/jazzy/opt/gz_msgs_vendor:/opt/ros/jazzy/opt/gz_common_vendor:/opt/ros/jazzy/opt/gz_math_vendor:/opt/ros/jazzy/opt/gz_utils_vendor:/opt/ros/jazzy/opt/gz_tools_vendor:/opt/ros/jazzy/opt/gz_ogre_next_vendor:/opt/ros/jazzy/opt/gz_dartsim_vendor:/opt/ros/jazzy/opt/gz_cmake_vendor:/opt/ros/jazzy DEBUGINFOD_URLS=https://debuginfod.ubuntu.com LD_LIBRARY_PATH=/home/mouha/crazyflie/ros2_ws/install/crazyflie_interfaces/lib:${LD_LIBRARY_PATH} PYTHONPATH=/home/mouha/crazyflie/ros2_ws/install/crazyflie_interfaces/lib/python3.12/site-packages:${PYTHONPATH} /usr/bin/cmake /home/mouha/crazyflie/ros2_ws/src/crazyswarm2/crazyflie -DAMENT_CMAKE_SYMLINK_INSTALL=1 -DCMAKE_INSTALL_PREFIX=/home/mouha/crazyflie/ros2_ws/install/crazyflie
[18.995s] INFO:colcon.colcon_core.task.python.build:Building Python package in '/home/mouha/crazyflie/ros2_ws/src/crazyswarm2/crazyflie_server_py'
[18.995s] INFO:colcon.colcon_core.shell:Skip shell extension 'powershell' for command environment: Not usable outside of PowerShell
[18.996s] DEBUG:colcon.colcon_core.shell:Skip shell extension 'dsv' for command environment
[19.001s] DEBUG:colcon.colcon_core.event_handler.log_command:Invoking command in '/home/mouha/crazyflie/ros2_ws/build/crazyflie_sim': AMENT_PREFIX_PATH=/home/mouha/crazyflie/ros2_ws/install/crazyflie_interfaces:${AMENT_PREFIX_PATH} CMAKE_PREFIX_PATH=/home/mouha/crazyflie/ros2_ws/install/crazyflie_interfaces:/opt/ros/jazzy/opt/gz_sim_vendor:/opt/ros/jazzy/opt/gz_sensors_vendor:/opt/ros/jazzy/opt/gz_physics_vendor:/opt/ros/jazzy/opt/sdformat_vendor:/opt/ros/jazzy/opt/gz_gui_vendor:/opt/ros/jazzy/opt/gz_transport_vendor:/opt/ros/jazzy/opt/gz_rendering_vendor:/opt/ros/jazzy/opt/gz_plugin_vendor:/opt/ros/jazzy/opt/gz_fuel_tools_vendor:/opt/ros/jazzy/opt/gz_msgs_vendor:/opt/ros/jazzy/opt/gz_common_vendor:/opt/ros/jazzy/opt/gz_math_vendor:/opt/ros/jazzy/opt/gz_utils_vendor:/opt/ros/jazzy/opt/gz_tools_vendor:/opt/ros/jazzy/opt/gz_ogre_next_vendor:/opt/ros/jazzy/opt/gz_dartsim_vendor:/opt/ros/jazzy/opt/gz_cmake_vendor:/opt/ros/jazzy DEBUGINFOD_URLS=https://debuginfod.ubuntu.com LD_LIBRARY_PATH=/home/mouha/crazyflie/ros2_ws/install/crazyflie_interfaces/lib:${LD_LIBRARY_PATH} PYTHONPATH=/home/mouha/crazyflie/ros2_ws/install/crazyflie_interfaces/lib/python3.12/site-packages:${PYTHONPATH} /usr/bin/cmake /home/mouha/crazyflie/ros2_ws/src/crazyswarm2/crazyflie_sim -DAMENT_CMAKE_SYMLINK_INSTALL=1 -DCMAKE_INSTALL_PREFIX=/home/mouha/crazyflie/ros2_ws/install/crazyflie_sim
[19.526s] DEBUG:colcon.colcon_core.event_handler.log_command:Invoking command in '/home/mouha/crazyflie/ros2_ws/build/crazyflie_server_py': AMENT_PREFIX_PATH=/home/mouha/crazyflie/ros2_ws/install/crazyflie_interfaces:${AMENT_PREFIX_PATH} CMAKE_PREFIX_PATH=/home/mouha/crazyflie/ros2_ws/install/crazyflie_interfaces:${CMAKE_PREFIX_PATH} DEBUGINFOD_URLS=https://debuginfod.ubuntu.com LD_LIBRARY_PATH=/home/mouha/crazyflie/ros2_ws/install/crazyflie_interfaces/lib:${LD_LIBRARY_PATH} PYTHONPATH=/home/mouha/crazyflie/ros2_ws/build/crazyflie_server_py/prefix_override:/usr/lib/python3/dist-packages/colcon_core/task/python/colcon_distutils_commands:/home/mouha/crazyflie/ros2_ws/install/crazyflie_server_py/lib/python3.12/site-packages:/home/mouha/crazyflie/ros2_ws/install/crazyflie_interfaces/lib/python3.12/site-packages:${PYTHONPATH} /usr/bin/python3 -W ignore:setup.py install is deprecated -W ignore:easy_install command is deprecated setup.py develop --editable --build-directory /home/mouha/crazyflie/ros2_ws/build/crazyflie_server_py/build --no-deps symlink_data
[19.539s] DEBUG:colcon.colcon_core.event_handler.log_command:Invoking command in '/home/mouha/crazyflie/ros2_ws/build/crazyflie_py': AMENT_PREFIX_PATH=/home/mouha/crazyflie/ros2_ws/install/crazyflie_interfaces:${AMENT_PREFIX_PATH} CMAKE_PREFIX_PATH=/home/mouha/crazyflie/ros2_ws/install/crazyflie_interfaces:${CMAKE_PREFIX_PATH} DEBUGINFOD_URLS=https://debuginfod.ubuntu.com LD_LIBRARY_PATH=/home/mouha/crazyflie/ros2_ws/install/crazyflie_interfaces/lib:${LD_LIBRARY_PATH} PYTHONPATH=/home/mouha/crazyflie/ros2_ws/build/crazyflie_py/prefix_override:/usr/lib/python3/dist-packages/colcon_core/task/python/colcon_distutils_commands:/home/mouha/crazyflie/ros2_ws/install/crazyflie_py/lib/python3.12/site-packages:/home/mouha/crazyflie/ros2_ws/install/crazyflie_interfaces/lib/python3.12/site-packages:${PYTHONPATH} /usr/bin/python3 -W ignore:setup.py install is deprecated -W ignore:easy_install command is deprecated setup.py develop --editable --build-directory /home/mouha/crazyflie/ros2_ws/build/crazyflie_py/build --no-deps symlink_data
[20.094s] Level 1:colcon.colcon_core.shell:create_environment_hook('crazyflie_server_py', 'pythonpath_develop')
[20.095s] INFO:colcon.colcon_core.shell:Creating environment hook '/home/mouha/crazyflie/ros2_ws/build/crazyflie_server_py/share/crazyflie_server_py/hook/pythonpath_develop.ps1'
[20.096s] INFO:colcon.colcon_core.shell:Creating environment descriptor '/home/mouha/crazyflie/ros2_ws/build/crazyflie_server_py/share/crazyflie_server_py/hook/pythonpath_develop.dsv'
[20.096s] INFO:colcon.colcon_core.shell:Creating environment hook '/home/mouha/crazyflie/ros2_ws/build/crazyflie_server_py/share/crazyflie_server_py/hook/pythonpath_develop.sh'
[20.097s] Level 1:colcon.colcon_core.environment:checking '/home/mouha/crazyflie/ros2_ws/install/crazyflie_server_py' for CMake module files
[20.098s] Level 1:colcon.colcon_core.environment:checking '/home/mouha/crazyflie/ros2_ws/install/crazyflie_server_py' for CMake config files
[20.098s] DEBUG:colcon.colcon_core.event_handler.log_command:Invoked command in '/home/mouha/crazyflie/ros2_ws/build/crazyflie_server_py' returned '0': AMENT_PREFIX_PATH=/home/mouha/crazyflie/ros2_ws/install/crazyflie_interfaces:${AMENT_PREFIX_PATH} CMAKE_PREFIX_PATH=/home/mouha/crazyflie/ros2_ws/install/crazyflie_interfaces:${CMAKE_PREFIX_PATH} DEBUGINFOD_URLS=https://debuginfod.ubuntu.com LD_LIBRARY_PATH=/home/mouha/crazyflie/ros2_ws/install/crazyflie_interfaces/lib:${LD_LIBRARY_PATH} PYTHONPATH=/home/mouha/crazyflie/ros2_ws/build/crazyflie_server_py/prefix_override:/usr/lib/python3/dist-packages/colcon_core/task/python/colcon_distutils_commands:/home/mouha/crazyflie/ros2_ws/install/crazyflie_server_py/lib/python3.12/site-packages:/home/mouha/crazyflie/ros2_ws/install/crazyflie_interfaces/lib/python3.12/site-packages:${PYTHONPATH} /usr/bin/python3 -W ignore:setup.py install is deprecated -W ignore:easy_install command is deprecated setup.py develop --editable --build-directory /home/mouha/crazyflie/ros2_ws/build/crazyflie_server_py/build --no-deps symlink_data
[20.099s] Level 1:colcon.colcon_core.environment:checking '/home/mouha/crazyflie/ros2_ws/install/crazyflie_server_py/lib'
[20.099s] Level 1:colcon.colcon_core.environment:checking '/home/mouha/crazyflie/ros2_ws/install/crazyflie_server_py/bin'
[20.099s] Level 1:colcon.colcon_core.environment:checking '/home/mouha/crazyflie/ros2_ws/install/crazyflie_server_py/lib/pkgconfig/crazyflie_server_py.pc'
[20.099s] Level 1:colcon.colcon_core.environment:checking '/home/mouha/crazyflie/ros2_ws/install/crazyflie_server_py/lib/python3.12/site-packages'
[20.099s] Level 1:colcon.colcon_core.shell:create_environment_hook('crazyflie_server_py', 'pythonpath')
[20.100s] INFO:colcon.colcon_core.shell:Creating environment hook '/home/mouha/crazyflie/ros2_ws/install/crazyflie_server_py/share/crazyflie_server_py/hook/pythonpath.ps1'
[20.100s] INFO:colcon.colcon_core.shell:Creating environment descriptor '/home/mouha/crazyflie/ros2_ws/install/crazyflie_server_py/share/crazyflie_server_py/hook/pythonpath.dsv'
[20.101s] INFO:colcon.colcon_core.shell:Creating environment hook '/home/mouha/crazyflie/ros2_ws/install/crazyflie_server_py/share/crazyflie_server_py/hook/pythonpath.sh'
[20.101s] Level 1:colcon.colcon_core.environment:checking '/home/mouha/crazyflie/ros2_ws/install/crazyflie_server_py/bin'
[20.101s] Level 1:colcon.colcon_core.environment:create_environment_scripts_only(crazyflie_server_py)
[20.102s] INFO:colcon.colcon_core.shell:Creating package script '/home/mouha/crazyflie/ros2_ws/install/crazyflie_server_py/share/crazyflie_server_py/package.ps1'
[20.102s] INFO:colcon.colcon_core.shell:Creating package descriptor '/home/mouha/crazyflie/ros2_ws/install/crazyflie_server_py/share/crazyflie_server_py/package.dsv'
[20.103s] INFO:colcon.colcon_core.shell:Creating package script '/home/mouha/crazyflie/ros2_ws/install/crazyflie_server_py/share/crazyflie_server_py/package.sh'
[20.103s] INFO:colcon.colcon_core.shell:Creating package script '/home/mouha/crazyflie/ros2_ws/install/crazyflie_server_py/share/crazyflie_server_py/package.bash'
[20.104s] INFO:colcon.colcon_core.shell:Creating package script '/home/mouha/crazyflie/ros2_ws/install/crazyflie_server_py/share/crazyflie_server_py/package.zsh'
[20.104s] Level 1:colcon.colcon_core.environment:create_file_with_runtime_dependencies(/home/mouha/crazyflie/ros2_ws/install/crazyflie_server_py/share/colcon-core/packages/crazyflie_server_py)
[20.122s] Level 1:colcon.colcon_core.shell:create_environment_hook('crazyflie_py', 'pythonpath_develop')
[20.123s] INFO:colcon.colcon_core.shell:Creating environment hook '/home/mouha/crazyflie/ros2_ws/build/crazyflie_py/share/crazyflie_py/hook/pythonpath_develop.ps1'
[20.123s] DEBUG:colcon.colcon_core.event_handler.log_command:Invoked command in '/home/mouha/crazyflie/ros2_ws/build/crazyflie_py' returned '0': AMENT_PREFIX_PATH=/home/mouha/crazyflie/ros2_ws/install/crazyflie_interfaces:${AMENT_PREFIX_PATH} CMAKE_PREFIX_PATH=/home/mouha/crazyflie/ros2_ws/install/crazyflie_interfaces:${CMAKE_PREFIX_PATH} DEBUGINFOD_URLS=https://debuginfod.ubuntu.com LD_LIBRARY_PATH=/home/mouha/crazyflie/ros2_ws/install/crazyflie_interfaces/lib:${LD_LIBRARY_PATH} PYTHONPATH=/home/mouha/crazyflie/ros2_ws/build/crazyflie_py/prefix_override:/usr/lib/python3/dist-packages/colcon_core/task/python/colcon_distutils_commands:/home/mouha/crazyflie/ros2_ws/install/crazyflie_py/lib/python3.12/site-packages:/home/mouha/crazyflie/ros2_ws/install/crazyflie_interfaces/lib/python3.12/site-packages:${PYTHONPATH} /usr/bin/python3 -W ignore:setup.py install is deprecated -W ignore:easy_install command is deprecated setup.py develop --editable --build-directory /home/mouha/crazyflie/ros2_ws/build/crazyflie_py/build --no-deps symlink_data
[20.123s] INFO:colcon.colcon_core.shell:Creating environment descriptor '/home/mouha/crazyflie/ros2_ws/build/crazyflie_py/share/crazyflie_py/hook/pythonpath_develop.dsv'
[20.124s] INFO:colcon.colcon_core.shell:Creating environment hook '/home/mouha/crazyflie/ros2_ws/build/crazyflie_py/share/crazyflie_py/hook/pythonpath_develop.sh'
[20.124s] Level 1:colcon.colcon_core.environment:checking '/home/mouha/crazyflie/ros2_ws/install/crazyflie_py' for CMake module files
[20.124s] Level 1:colcon.colcon_core.environment:checking '/home/mouha/crazyflie/ros2_ws/install/crazyflie_py' for CMake config files
[20.125s] Level 1:colcon.colcon_core.environment:checking '/home/mouha/crazyflie/ros2_ws/install/crazyflie_py/lib'
[20.125s] Level 1:colcon.colcon_core.environment:checking '/home/mouha/crazyflie/ros2_ws/install/crazyflie_py/bin'
[20.125s] Level 1:colcon.colcon_core.environment:checking '/home/mouha/crazyflie/ros2_ws/install/crazyflie_py/lib/pkgconfig/crazyflie_py.pc'
[20.125s] Level 1:colcon.colcon_core.environment:checking '/home/mouha/crazyflie/ros2_ws/install/crazyflie_py/lib/python3.12/site-packages'
[20.125s] Level 1:colcon.colcon_core.shell:create_environment_hook('crazyflie_py', 'pythonpath')
[20.125s] INFO:colcon.colcon_core.shell:Creating environment hook '/home/mouha/crazyflie/ros2_ws/install/crazyflie_py/share/crazyflie_py/hook/pythonpath.ps1'
[20.125s] INFO:colcon.colcon_core.shell:Creating environment descriptor '/home/mouha/crazyflie/ros2_ws/install/crazyflie_py/share/crazyflie_py/hook/pythonpath.dsv'
[20.126s] INFO:colcon.colcon_core.shell:Creating environment hook '/home/mouha/crazyflie/ros2_ws/install/crazyflie_py/share/crazyflie_py/hook/pythonpath.sh'
[20.126s] Level 1:colcon.colcon_core.environment:checking '/home/mouha/crazyflie/ros2_ws/install/crazyflie_py/bin'
[20.126s] Level 1:colcon.colcon_core.environment:create_environment_scripts_only(crazyflie_py)
[20.126s] INFO:colcon.colcon_core.shell:Creating package script '/home/mouha/crazyflie/ros2_ws/install/crazyflie_py/share/crazyflie_py/package.ps1'
[20.127s] INFO:colcon.colcon_core.shell:Creating package descriptor '/home/mouha/crazyflie/ros2_ws/install/crazyflie_py/share/crazyflie_py/package.dsv'
[20.127s] INFO:colcon.colcon_core.shell:Creating package script '/home/mouha/crazyflie/ros2_ws/install/crazyflie_py/share/crazyflie_py/package.sh'
[20.127s] INFO:colcon.colcon_core.shell:Creating package script '/home/mouha/crazyflie/ros2_ws/install/crazyflie_py/share/crazyflie_py/package.bash'
[20.127s] INFO:colcon.colcon_core.shell:Creating package script '/home/mouha/crazyflie/ros2_ws/install/crazyflie_py/share/crazyflie_py/package.zsh'
[20.128s] Level 1:colcon.colcon_core.environment:create_file_with_runtime_dependencies(/home/mouha/crazyflie/ros2_ws/install/crazyflie_py/share/colcon-core/packages/crazyflie_py)
[20.128s] INFO:colcon.colcon_ros.task.ament_cmake.build:Building ROS package in '/home/mouha/crazyflie/ros2_ws/src/crazyswarm2/crazyflie_examples' with build type 'ament_cmake'
[20.128s] INFO:colcon.colcon_cmake.task.cmake.build:Building CMake package in '/home/mouha/crazyflie/ros2_ws/src/crazyswarm2/crazyflie_examples'
[20.128s] INFO:colcon.colcon_core.shell:Skip shell extension 'powershell' for command environment: Not usable outside of PowerShell
[20.128s] DEBUG:colcon.colcon_core.shell:Skip shell extension 'dsv' for command environment
[20.137s] DEBUG:colcon.colcon_core.event_handler.log_command:Invoking command in '/home/mouha/crazyflie/ros2_ws/build/crazyflie_examples': AMENT_PREFIX_PATH=/home/mouha/crazyflie/ros2_ws/install/crazyflie_py:/home/mouha/crazyflie/ros2_ws/install/crazyflie_interfaces:${AMENT_PREFIX_PATH} CMAKE_PREFIX_PATH=/home/mouha/crazyflie/ros2_ws/install/crazyflie_interfaces:/opt/ros/jazzy/opt/gz_sim_vendor:/opt/ros/jazzy/opt/gz_sensors_vendor:/opt/ros/jazzy/opt/gz_physics_vendor:/opt/ros/jazzy/opt/sdformat_vendor:/opt/ros/jazzy/opt/gz_gui_vendor:/opt/ros/jazzy/opt/gz_transport_vendor:/opt/ros/jazzy/opt/gz_rendering_vendor:/opt/ros/jazzy/opt/gz_plugin_vendor:/opt/ros/jazzy/opt/gz_fuel_tools_vendor:/opt/ros/jazzy/opt/gz_msgs_vendor:/opt/ros/jazzy/opt/gz_common_vendor:/opt/ros/jazzy/opt/gz_math_vendor:/opt/ros/jazzy/opt/gz_utils_vendor:/opt/ros/jazzy/opt/gz_tools_vendor:/opt/ros/jazzy/opt/gz_ogre_next_vendor:/opt/ros/jazzy/opt/gz_dartsim_vendor:/opt/ros/jazzy/opt/gz_cmake_vendor:/opt/ros/jazzy DEBUGINFOD_URLS=https://debuginfod.ubuntu.com LD_LIBRARY_PATH=/home/mouha/crazyflie/ros2_ws/install/crazyflie_interfaces/lib:${LD_LIBRARY_PATH} PYTHONPATH=/home/mouha/crazyflie/ros2_ws/build/crazyflie_py:/home/mouha/crazyflie/ros2_ws/install/crazyflie_py/lib/python3.12/site-packages:/home/mouha/crazyflie/ros2_ws/install/crazyflie_interfaces/lib/python3.12/site-packages:${PYTHONPATH} /usr/bin/cmake /home/mouha/crazyflie/ros2_ws/src/crazyswarm2/crazyflie_examples -DAMENT_CMAKE_SYMLINK_INSTALL=1 -DCMAKE_INSTALL_PREFIX=/home/mouha/crazyflie/ros2_ws/install/crazyflie_examples
[20.187s] DEBUG:colcon.colcon_core.event_handler.log_command:Invoked command in '/home/mouha/crazyflie/ros2_ws/build/crazyflie' returned '0': AMENT_PREFIX_PATH=/home/mouha/crazyflie/ros2_ws/install/crazyflie_interfaces:/home/mouha/crazyflie/ros2_ws/install/crazyflie_description:${AMENT_PREFIX_PATH} CMAKE_PREFIX_PATH=/home/mouha/crazyflie/ros2_ws/install/crazyflie_interfaces:/home/mouha/crazyflie/ros2_ws/install/crazyflie_description:/opt/ros/jazzy/opt/gz_sim_vendor:/opt/ros/jazzy/opt/gz_sensors_vendor:/opt/ros/jazzy/opt/gz_physics_vendor:/opt/ros/jazzy/opt/sdformat_vendor:/opt/ros/jazzy/opt/gz_gui_vendor:/opt/ros/jazzy/opt/gz_transport_vendor:/opt/ros/jazzy/opt/gz_rendering_vendor:/opt/ros/jazzy/opt/gz_plugin_vendor:/opt/ros/jazzy/opt/gz_fuel_tools_vendor:/opt/ros/jazzy/opt/gz_msgs_vendor:/opt/ros/jazzy/opt/gz_common_vendor:/opt/ros/jazzy/opt/gz_math_vendor:/opt/ros/jazzy/opt/gz_utils_vendor:/opt/ros/jazzy/opt/gz_tools_vendor:/opt/ros/jazzy/opt/gz_ogre_next_vendor:/opt/ros/jazzy/opt/gz_dartsim_vendor:/opt/ros/jazzy/opt/gz_cmake_vendor:/opt/ros/jazzy DEBUGINFOD_URLS=https://debuginfod.ubuntu.com LD_LIBRARY_PATH=/home/mouha/crazyflie/ros2_ws/install/crazyflie_interfaces/lib:${LD_LIBRARY_PATH} PYTHONPATH=/home/mouha/crazyflie/ros2_ws/install/crazyflie_interfaces/lib/python3.12/site-packages:${PYTHONPATH} /usr/bin/cmake /home/mouha/crazyflie/ros2_ws/src/crazyswarm2/crazyflie -DAMENT_CMAKE_SYMLINK_INSTALL=1 -DCMAKE_INSTALL_PREFIX=/home/mouha/crazyflie/ros2_ws/install/crazyflie
[20.188s] DEBUG:colcon.colcon_core.event_handler.log_command:Invoking command in '/home/mouha/crazyflie/ros2_ws/build/crazyflie': AMENT_PREFIX_PATH=/home/mouha/crazyflie/ros2_ws/install/crazyflie_interfaces:/home/mouha/crazyflie/ros2_ws/install/crazyflie_description:${AMENT_PREFIX_PATH} CMAKE_PREFIX_PATH=/home/mouha/crazyflie/ros2_ws/install/crazyflie_interfaces:/home/mouha/crazyflie/ros2_ws/install/crazyflie_description:/opt/ros/jazzy/opt/gz_sim_vendor:/opt/ros/jazzy/opt/gz_sensors_vendor:/opt/ros/jazzy/opt/gz_physics_vendor:/opt/ros/jazzy/opt/sdformat_vendor:/opt/ros/jazzy/opt/gz_gui_vendor:/opt/ros/jazzy/opt/gz_transport_vendor:/opt/ros/jazzy/opt/gz_rendering_vendor:/opt/ros/jazzy/opt/gz_plugin_vendor:/opt/ros/jazzy/opt/gz_fuel_tools_vendor:/opt/ros/jazzy/opt/gz_msgs_vendor:/opt/ros/jazzy/opt/gz_common_vendor:/opt/ros/jazzy/opt/gz_math_vendor:/opt/ros/jazzy/opt/gz_utils_vendor:/opt/ros/jazzy/opt/gz_tools_vendor:/opt/ros/jazzy/opt/gz_ogre_next_vendor:/opt/ros/jazzy/opt/gz_dartsim_vendor:/opt/ros/jazzy/opt/gz_cmake_vendor:/opt/ros/jazzy DEBUGINFOD_URLS=https://debuginfod.ubuntu.com LD_LIBRARY_PATH=/home/mouha/crazyflie/ros2_ws/install/crazyflie_interfaces/lib:${LD_LIBRARY_PATH} PYTHONPATH=/home/mouha/crazyflie/ros2_ws/install/crazyflie_interfaces/lib/python3.12/site-packages:${PYTHONPATH} /usr/bin/cmake --build /home/mouha/crazyflie/ros2_ws/build/crazyflie -- -j12 -l12
[20.916s] DEBUG:colcon.colcon_core.event_handler.log_command:Invoked command in '/home/mouha/crazyflie/ros2_ws/build/crazyflie_sim' returned '0': AMENT_PREFIX_PATH=/home/mouha/crazyflie/ros2_ws/install/crazyflie_interfaces:${AMENT_PREFIX_PATH} CMAKE_PREFIX_PATH=/home/mouha/crazyflie/ros2_ws/install/crazyflie_interfaces:/opt/ros/jazzy/opt/gz_sim_vendor:/opt/ros/jazzy/opt/gz_sensors_vendor:/opt/ros/jazzy/opt/gz_physics_vendor:/opt/ros/jazzy/opt/sdformat_vendor:/opt/ros/jazzy/opt/gz_gui_vendor:/opt/ros/jazzy/opt/gz_transport_vendor:/opt/ros/jazzy/opt/gz_rendering_vendor:/opt/ros/jazzy/opt/gz_plugin_vendor:/opt/ros/jazzy/opt/gz_fuel_tools_vendor:/opt/ros/jazzy/opt/gz_msgs_vendor:/opt/ros/jazzy/opt/gz_common_vendor:/opt/ros/jazzy/opt/gz_math_vendor:/opt/ros/jazzy/opt/gz_utils_vendor:/opt/ros/jazzy/opt/gz_tools_vendor:/opt/ros/jazzy/opt/gz_ogre_next_vendor:/opt/ros/jazzy/opt/gz_dartsim_vendor:/opt/ros/jazzy/opt/gz_cmake_vendor:/opt/ros/jazzy DEBUGINFOD_URLS=https://debuginfod.ubuntu.com LD_LIBRARY_PATH=/home/mouha/crazyflie/ros2_ws/install/crazyflie_interfaces/lib:${LD_LIBRARY_PATH} PYTHONPATH=/home/mouha/crazyflie/ros2_ws/install/crazyflie_interfaces/lib/python3.12/site-packages:${PYTHONPATH} /usr/bin/cmake /home/mouha/crazyflie/ros2_ws/src/crazyswarm2/crazyflie_sim -DAMENT_CMAKE_SYMLINK_INSTALL=1 -DCMAKE_INSTALL_PREFIX=/home/mouha/crazyflie/ros2_ws/install/crazyflie_sim
[20.917s] DEBUG:colcon.colcon_core.event_handler.log_command:Invoking command in '/home/mouha/crazyflie/ros2_ws/build/crazyflie_sim': AMENT_PREFIX_PATH=/home/mouha/crazyflie/ros2_ws/install/crazyflie_interfaces:${AMENT_PREFIX_PATH} CMAKE_PREFIX_PATH=/home/mouha/crazyflie/ros2_ws/install/crazyflie_interfaces:/opt/ros/jazzy/opt/gz_sim_vendor:/opt/ros/jazzy/opt/gz_sensors_vendor:/opt/ros/jazzy/opt/gz_physics_vendor:/opt/ros/jazzy/opt/sdformat_vendor:/opt/ros/jazzy/opt/gz_gui_vendor:/opt/ros/jazzy/opt/gz_transport_vendor:/opt/ros/jazzy/opt/gz_rendering_vendor:/opt/ros/jazzy/opt/gz_plugin_vendor:/opt/ros/jazzy/opt/gz_fuel_tools_vendor:/opt/ros/jazzy/opt/gz_msgs_vendor:/opt/ros/jazzy/opt/gz_common_vendor:/opt/ros/jazzy/opt/gz_math_vendor:/opt/ros/jazzy/opt/gz_utils_vendor:/opt/ros/jazzy/opt/gz_tools_vendor:/opt/ros/jazzy/opt/gz_ogre_next_vendor:/opt/ros/jazzy/opt/gz_dartsim_vendor:/opt/ros/jazzy/opt/gz_cmake_vendor:/opt/ros/jazzy DEBUGINFOD_URLS=https://debuginfod.ubuntu.com LD_LIBRARY_PATH=/home/mouha/crazyflie/ros2_ws/install/crazyflie_interfaces/lib:${LD_LIBRARY_PATH} PYTHONPATH=/home/mouha/crazyflie/ros2_ws/install/crazyflie_interfaces/lib/python3.12/site-packages:${PYTHONPATH} /usr/bin/cmake --build /home/mouha/crazyflie/ros2_ws/build/crazyflie_sim -- -j12 -l12
[21.573s] DEBUG:colcon.colcon_core.event_handler.log_command:Invoked command in '/home/mouha/crazyflie/ros2_ws/build/crazyflie_sim' returned '0': AMENT_PREFIX_PATH=/home/mouha/crazyflie/ros2_ws/install/crazyflie_interfaces:${AMENT_PREFIX_PATH} CMAKE_PREFIX_PATH=/home/mouha/crazyflie/ros2_ws/install/crazyflie_interfaces:/opt/ros/jazzy/opt/gz_sim_vendor:/opt/ros/jazzy/opt/gz_sensors_vendor:/opt/ros/jazzy/opt/gz_physics_vendor:/opt/ros/jazzy/opt/sdformat_vendor:/opt/ros/jazzy/opt/gz_gui_vendor:/opt/ros/jazzy/opt/gz_transport_vendor:/opt/ros/jazzy/opt/gz_rendering_vendor:/opt/ros/jazzy/opt/gz_plugin_vendor:/opt/ros/jazzy/opt/gz_fuel_tools_vendor:/opt/ros/jazzy/opt/gz_msgs_vendor:/opt/ros/jazzy/opt/gz_common_vendor:/opt/ros/jazzy/opt/gz_math_vendor:/opt/ros/jazzy/opt/gz_utils_vendor:/opt/ros/jazzy/opt/gz_tools_vendor:/opt/ros/jazzy/opt/gz_ogre_next_vendor:/opt/ros/jazzy/opt/gz_dartsim_vendor:/opt/ros/jazzy/opt/gz_cmake_vendor:/opt/ros/jazzy DEBUGINFOD_URLS=https://debuginfod.ubuntu.com LD_LIBRARY_PATH=/home/mouha/crazyflie/ros2_ws/install/crazyflie_interfaces/lib:${LD_LIBRARY_PATH} PYTHONPATH=/home/mouha/crazyflie/ros2_ws/install/crazyflie_interfaces/lib/python3.12/site-packages:${PYTHONPATH} /usr/bin/cmake --build /home/mouha/crazyflie/ros2_ws/build/crazyflie_sim -- -j12 -l12
[21.574s] DEBUG:colcon.colcon_core.event_handler.log_command:Invoking command in '/home/mouha/crazyflie/ros2_ws/build/crazyflie_sim': AMENT_PREFIX_PATH=/home/mouha/crazyflie/ros2_ws/install/crazyflie_interfaces:${AMENT_PREFIX_PATH} CMAKE_PREFIX_PATH=/home/mouha/crazyflie/ros2_ws/install/crazyflie_interfaces:/opt/ros/jazzy/opt/gz_sim_vendor:/opt/ros/jazzy/opt/gz_sensors_vendor:/opt/ros/jazzy/opt/gz_physics_vendor:/opt/ros/jazzy/opt/sdformat_vendor:/opt/ros/jazzy/opt/gz_gui_vendor:/opt/ros/jazzy/opt/gz_transport_vendor:/opt/ros/jazzy/opt/gz_rendering_vendor:/opt/ros/jazzy/opt/gz_plugin_vendor:/opt/ros/jazzy/opt/gz_fuel_tools_vendor:/opt/ros/jazzy/opt/gz_msgs_vendor:/opt/ros/jazzy/opt/gz_common_vendor:/opt/ros/jazzy/opt/gz_math_vendor:/opt/ros/jazzy/opt/gz_utils_vendor:/opt/ros/jazzy/opt/gz_tools_vendor:/opt/ros/jazzy/opt/gz_ogre_next_vendor:/opt/ros/jazzy/opt/gz_dartsim_vendor:/opt/ros/jazzy/opt/gz_cmake_vendor:/opt/ros/jazzy DEBUGINFOD_URLS=https://debuginfod.ubuntu.com LD_LIBRARY_PATH=/home/mouha/crazyflie/ros2_ws/install/crazyflie_interfaces/lib:${LD_LIBRARY_PATH} PYTHONPATH=/home/mouha/crazyflie/ros2_ws/install/crazyflie_interfaces/lib/python3.12/site-packages:${PYTHONPATH} /usr/bin/cmake --install /home/mouha/crazyflie/ros2_ws/build/crazyflie_sim
[21.933s] DEBUG:colcon.colcon_core.event_handler.log_command:Invoked command in '/home/mouha/crazyflie/ros2_ws/build/crazyflie_examples' returned '0': AMENT_PREFIX_PATH=/home/mouha/crazyflie/ros2_ws/install/crazyflie_py:/home/mouha/crazyflie/ros2_ws/install/crazyflie_interfaces:${AMENT_PREFIX_PATH} CMAKE_PREFIX_PATH=/home/mouha/crazyflie/ros2_ws/install/crazyflie_interfaces:/opt/ros/jazzy/opt/gz_sim_vendor:/opt/ros/jazzy/opt/gz_sensors_vendor:/opt/ros/jazzy/opt/gz_physics_vendor:/opt/ros/jazzy/opt/sdformat_vendor:/opt/ros/jazzy/opt/gz_gui_vendor:/opt/ros/jazzy/opt/gz_transport_vendor:/opt/ros/jazzy/opt/gz_rendering_vendor:/opt/ros/jazzy/opt/gz_plugin_vendor:/opt/ros/jazzy/opt/gz_fuel_tools_vendor:/opt/ros/jazzy/opt/gz_msgs_vendor:/opt/ros/jazzy/opt/gz_common_vendor:/opt/ros/jazzy/opt/gz_math_vendor:/opt/ros/jazzy/opt/gz_utils_vendor:/opt/ros/jazzy/opt/gz_tools_vendor:/opt/ros/jazzy/opt/gz_ogre_next_vendor:/opt/ros/jazzy/opt/gz_dartsim_vendor:/opt/ros/jazzy/opt/gz_cmake_vendor:/opt/ros/jazzy DEBUGINFOD_URLS=https://debuginfod.ubuntu.com LD_LIBRARY_PATH=/home/mouha/crazyflie/ros2_ws/install/crazyflie_interfaces/lib:${LD_LIBRARY_PATH} PYTHONPATH=/home/mouha/crazyflie/ros2_ws/build/crazyflie_py:/home/mouha/crazyflie/ros2_ws/install/crazyflie_py/lib/python3.12/site-packages:/home/mouha/crazyflie/ros2_ws/install/crazyflie_interfaces/lib/python3.12/site-packages:${PYTHONPATH} /usr/bin/cmake /home/mouha/crazyflie/ros2_ws/src/crazyswarm2/crazyflie_examples -DAMENT_CMAKE_SYMLINK_INSTALL=1 -DCMAKE_INSTALL_PREFIX=/home/mouha/crazyflie/ros2_ws/install/crazyflie_examples
[21.934s] DEBUG:colcon.colcon_core.event_handler.log_command:Invoking command in '/home/mouha/crazyflie/ros2_ws/build/crazyflie_examples': AMENT_PREFIX_PATH=/home/mouha/crazyflie/ros2_ws/install/crazyflie_py:/home/mouha/crazyflie/ros2_ws/install/crazyflie_interfaces:${AMENT_PREFIX_PATH} CMAKE_PREFIX_PATH=/home/mouha/crazyflie/ros2_ws/install/crazyflie_interfaces:/opt/ros/jazzy/opt/gz_sim_vendor:/opt/ros/jazzy/opt/gz_sensors_vendor:/opt/ros/jazzy/opt/gz_physics_vendor:/opt/ros/jazzy/opt/sdformat_vendor:/opt/ros/jazzy/opt/gz_gui_vendor:/opt/ros/jazzy/opt/gz_transport_vendor:/opt/ros/jazzy/opt/gz_rendering_vendor:/opt/ros/jazzy/opt/gz_plugin_vendor:/opt/ros/jazzy/opt/gz_fuel_tools_vendor:/opt/ros/jazzy/opt/gz_msgs_vendor:/opt/ros/jazzy/opt/gz_common_vendor:/opt/ros/jazzy/opt/gz_math_vendor:/opt/ros/jazzy/opt/gz_utils_vendor:/opt/ros/jazzy/opt/gz_tools_vendor:/opt/ros/jazzy/opt/gz_ogre_next_vendor:/opt/ros/jazzy/opt/gz_dartsim_vendor:/opt/ros/jazzy/opt/gz_cmake_vendor:/opt/ros/jazzy DEBUGINFOD_URLS=https://debuginfod.ubuntu.com LD_LIBRARY_PATH=/home/mouha/crazyflie/ros2_ws/install/crazyflie_interfaces/lib:${LD_LIBRARY_PATH} PYTHONPATH=/home/mouha/crazyflie/ros2_ws/build/crazyflie_py:/home/mouha/crazyflie/ros2_ws/install/crazyflie_py/lib/python3.12/site-packages:/home/mouha/crazyflie/ros2_ws/install/crazyflie_interfaces/lib/python3.12/site-packages:${PYTHONPATH} /usr/bin/cmake --build /home/mouha/crazyflie/ros2_ws/build/crazyflie_examples -- -j12 -l12
[22.099s] Level 1:colcon.colcon_core.environment:create_environment_scripts_only(crazyflie_sim)
[22.099s] Level 1:colcon.colcon_core.environment:checking '/home/mouha/crazyflie/ros2_ws/install/crazyflie_sim' for CMake module files
[22.100s] DEBUG:colcon.colcon_core.event_handler.log_command:Invoked command in '/home/mouha/crazyflie/ros2_ws/build/crazyflie_sim' returned '0': AMENT_PREFIX_PATH=/home/mouha/crazyflie/ros2_ws/install/crazyflie_interfaces:${AMENT_PREFIX_PATH} CMAKE_PREFIX_PATH=/home/mouha/crazyflie/ros2_ws/install/crazyflie_interfaces:/opt/ros/jazzy/opt/gz_sim_vendor:/opt/ros/jazzy/opt/gz_sensors_vendor:/opt/ros/jazzy/opt/gz_physics_vendor:/opt/ros/jazzy/opt/sdformat_vendor:/opt/ros/jazzy/opt/gz_gui_vendor:/opt/ros/jazzy/opt/gz_transport_vendor:/opt/ros/jazzy/opt/gz_rendering_vendor:/opt/ros/jazzy/opt/gz_plugin_vendor:/opt/ros/jazzy/opt/gz_fuel_tools_vendor:/opt/ros/jazzy/opt/gz_msgs_vendor:/opt/ros/jazzy/opt/gz_common_vendor:/opt/ros/jazzy/opt/gz_math_vendor:/opt/ros/jazzy/opt/gz_utils_vendor:/opt/ros/jazzy/opt/gz_tools_vendor:/opt/ros/jazzy/opt/gz_ogre_next_vendor:/opt/ros/jazzy/opt/gz_dartsim_vendor:/opt/ros/jazzy/opt/gz_cmake_vendor:/opt/ros/jazzy DEBUGINFOD_URLS=https://debuginfod.ubuntu.com LD_LIBRARY_PATH=/home/mouha/crazyflie/ros2_ws/install/crazyflie_interfaces/lib:${LD_LIBRARY_PATH} PYTHONPATH=/home/mouha/crazyflie/ros2_ws/install/crazyflie_interfaces/lib/python3.12/site-packages:${PYTHONPATH} /usr/bin/cmake --install /home/mouha/crazyflie/ros2_ws/build/crazyflie_sim
[22.100s] Level 1:colcon.colcon_core.environment:checking '/home/mouha/crazyflie/ros2_ws/install/crazyflie_sim' for CMake config files
[22.100s] Level 1:colcon.colcon_core.shell:create_environment_hook('crazyflie_sim', 'cmake_prefix_path')
[22.100s] INFO:colcon.colcon_core.shell:Creating environment hook '/home/mouha/crazyflie/ros2_ws/install/crazyflie_sim/share/crazyflie_sim/hook/cmake_prefix_path.ps1'
[22.100s] INFO:colcon.colcon_core.shell:Creating environment descriptor '/home/mouha/crazyflie/ros2_ws/install/crazyflie_sim/share/crazyflie_sim/hook/cmake_prefix_path.dsv'
[22.101s] INFO:colcon.colcon_core.shell:Creating environment hook '/home/mouha/crazyflie/ros2_ws/install/crazyflie_sim/share/crazyflie_sim/hook/cmake_prefix_path.sh'
[22.101s] Level 1:colcon.colcon_core.environment:checking '/home/mouha/crazyflie/ros2_ws/install/crazyflie_sim/lib'
[22.101s] Level 1:colcon.colcon_core.environment:checking '/home/mouha/crazyflie/ros2_ws/install/crazyflie_sim/bin'
[22.101s] Level 1:colcon.colcon_core.environment:checking '/home/mouha/crazyflie/ros2_ws/install/crazyflie_sim/lib/pkgconfig/crazyflie_sim.pc'
[22.101s] Level 1:colcon.colcon_core.environment:checking '/home/mouha/crazyflie/ros2_ws/install/crazyflie_sim/lib/python3.12/site-packages'
[22.101s] Level 1:colcon.colcon_core.shell:create_environment_hook('crazyflie_sim', 'pythonpath')
[22.102s] INFO:colcon.colcon_core.shell:Creating environment hook '/home/mouha/crazyflie/ros2_ws/install/crazyflie_sim/share/crazyflie_sim/hook/pythonpath.ps1'
[22.102s] INFO:colcon.colcon_core.shell:Creating environment descriptor '/home/mouha/crazyflie/ros2_ws/install/crazyflie_sim/share/crazyflie_sim/hook/pythonpath.dsv'
[22.102s] INFO:colcon.colcon_core.shell:Creating environment hook '/home/mouha/crazyflie/ros2_ws/install/crazyflie_sim/share/crazyflie_sim/hook/pythonpath.sh'
[22.103s] Level 1:colcon.colcon_core.environment:checking '/home/mouha/crazyflie/ros2_ws/install/crazyflie_sim/bin'
[22.103s] INFO:colcon.colcon_core.shell:Creating package script '/home/mouha/crazyflie/ros2_ws/install/crazyflie_sim/share/crazyflie_sim/package.ps1'
[22.103s] INFO:colcon.colcon_core.shell:Creating package descriptor '/home/mouha/crazyflie/ros2_ws/install/crazyflie_sim/share/crazyflie_sim/package.dsv'
[22.104s] INFO:colcon.colcon_core.shell:Creating package script '/home/mouha/crazyflie/ros2_ws/install/crazyflie_sim/share/crazyflie_sim/package.sh'
[22.104s] INFO:colcon.colcon_core.shell:Creating package script '/home/mouha/crazyflie/ros2_ws/install/crazyflie_sim/share/crazyflie_sim/package.bash'
[22.104s] INFO:colcon.colcon_core.shell:Creating package script '/home/mouha/crazyflie/ros2_ws/install/crazyflie_sim/share/crazyflie_sim/package.zsh'
[22.104s] Level 1:colcon.colcon_core.environment:create_file_with_runtime_dependencies(/home/mouha/crazyflie/ros2_ws/install/crazyflie_sim/share/colcon-core/packages/crazyflie_sim)
[22.105s] Level 1:colcon.colcon_core.environment:create_environment_scripts_only(crazyflie_sim)
[22.105s] Level 1:colcon.colcon_core.environment:checking '/home/mouha/crazyflie/ros2_ws/install/crazyflie_sim' for CMake module files
[22.105s] Level 1:colcon.colcon_core.environment:checking '/home/mouha/crazyflie/ros2_ws/install/crazyflie_sim' for CMake config files
[22.105s] Level 1:colcon.colcon_core.shell:create_environment_hook('crazyflie_sim', 'cmake_prefix_path')
[22.106s] INFO:colcon.colcon_core.shell:Creating environment hook '/home/mouha/crazyflie/ros2_ws/install/crazyflie_sim/share/crazyflie_sim/hook/cmake_prefix_path.ps1'
[22.106s] INFO:colcon.colcon_core.shell:Creating environment descriptor '/home/mouha/crazyflie/ros2_ws/install/crazyflie_sim/share/crazyflie_sim/hook/cmake_prefix_path.dsv'
[22.106s] INFO:colcon.colcon_core.shell:Creating environment hook '/home/mouha/crazyflie/ros2_ws/install/crazyflie_sim/share/crazyflie_sim/hook/cmake_prefix_path.sh'
[22.106s] Level 1:colcon.colcon_core.environment:checking '/home/mouha/crazyflie/ros2_ws/install/crazyflie_sim/lib'
[22.107s] Level 1:colcon.colcon_core.environment:checking '/home/mouha/crazyflie/ros2_ws/install/crazyflie_sim/bin'
[22.107s] Level 1:colcon.colcon_core.environment:checking '/home/mouha/crazyflie/ros2_ws/install/crazyflie_sim/lib/pkgconfig/crazyflie_sim.pc'
[22.107s] Level 1:colcon.colcon_core.environment:checking '/home/mouha/crazyflie/ros2_ws/install/crazyflie_sim/lib/python3.12/site-packages'
[22.107s] Level 1:colcon.colcon_core.shell:create_environment_hook('crazyflie_sim', 'pythonpath')
[22.107s] INFO:colcon.colcon_core.shell:Creating environment hook '/home/mouha/crazyflie/ros2_ws/install/crazyflie_sim/share/crazyflie_sim/hook/pythonpath.ps1'
[22.107s] INFO:colcon.colcon_core.shell:Creating environment descriptor '/home/mouha/crazyflie/ros2_ws/install/crazyflie_sim/share/crazyflie_sim/hook/pythonpath.dsv'
[22.107s] INFO:colcon.colcon_core.shell:Creating environment hook '/home/mouha/crazyflie/ros2_ws/install/crazyflie_sim/share/crazyflie_sim/hook/pythonpath.sh'
[22.108s] Level 1:colcon.colcon_core.environment:checking '/home/mouha/crazyflie/ros2_ws/install/crazyflie_sim/bin'
[22.108s] INFO:colcon.colcon_core.shell:Creating package script '/home/mouha/crazyflie/ros2_ws/install/crazyflie_sim/share/crazyflie_sim/package.ps1'
[22.108s] INFO:colcon.colcon_core.shell:Creating package descriptor '/home/mouha/crazyflie/ros2_ws/install/crazyflie_sim/share/crazyflie_sim/package.dsv'
[22.109s] INFO:colcon.colcon_core.shell:Creating package script '/home/mouha/crazyflie/ros2_ws/install/crazyflie_sim/share/crazyflie_sim/package.sh'
[22.109s] INFO:colcon.colcon_core.shell:Creating package script '/home/mouha/crazyflie/ros2_ws/install/crazyflie_sim/share/crazyflie_sim/package.bash'
[22.109s] INFO:colcon.colcon_core.shell:Creating package script '/home/mouha/crazyflie/ros2_ws/install/crazyflie_sim/share/crazyflie_sim/package.zsh'
[22.110s] Level 1:colcon.colcon_core.environment:create_file_with_runtime_dependencies(/home/mouha/crazyflie/ros2_ws/install/crazyflie_sim/share/colcon-core/packages/crazyflie_sim)
[22.457s] DEBUG:colcon.colcon_core.event_handler.log_command:Invoked command in '/home/mouha/crazyflie/ros2_ws/build/crazyflie_examples' returned '0': AMENT_PREFIX_PATH=/home/mouha/crazyflie/ros2_ws/install/crazyflie_py:/home/mouha/crazyflie/ros2_ws/install/crazyflie_interfaces:${AMENT_PREFIX_PATH} CMAKE_PREFIX_PATH=/home/mouha/crazyflie/ros2_ws/install/crazyflie_interfaces:/opt/ros/jazzy/opt/gz_sim_vendor:/opt/ros/jazzy/opt/gz_sensors_vendor:/opt/ros/jazzy/opt/gz_physics_vendor:/opt/ros/jazzy/opt/sdformat_vendor:/opt/ros/jazzy/opt/gz_gui_vendor:/opt/ros/jazzy/opt/gz_transport_vendor:/opt/ros/jazzy/opt/gz_rendering_vendor:/opt/ros/jazzy/opt/gz_plugin_vendor:/opt/ros/jazzy/opt/gz_fuel_tools_vendor:/opt/ros/jazzy/opt/gz_msgs_vendor:/opt/ros/jazzy/opt/gz_common_vendor:/opt/ros/jazzy/opt/gz_math_vendor:/opt/ros/jazzy/opt/gz_utils_vendor:/opt/ros/jazzy/opt/gz_tools_vendor:/opt/ros/jazzy/opt/gz_ogre_next_vendor:/opt/ros/jazzy/opt/gz_dartsim_vendor:/opt/ros/jazzy/opt/gz_cmake_vendor:/opt/ros/jazzy DEBUGINFOD_URLS=https://debuginfod.ubuntu.com LD_LIBRARY_PATH=/home/mouha/crazyflie/ros2_ws/install/crazyflie_interfaces/lib:${LD_LIBRARY_PATH} PYTHONPATH=/home/mouha/crazyflie/ros2_ws/build/crazyflie_py:/home/mouha/crazyflie/ros2_ws/install/crazyflie_py/lib/python3.12/site-packages:/home/mouha/crazyflie/ros2_ws/install/crazyflie_interfaces/lib/python3.12/site-packages:${PYTHONPATH} /usr/bin/cmake --build /home/mouha/crazyflie/ros2_ws/build/crazyflie_examples -- -j12 -l12
[22.458s] DEBUG:colcon.colcon_core.event_handler.log_command:Invoking command in '/home/mouha/crazyflie/ros2_ws/build/crazyflie_examples': AMENT_PREFIX_PATH=/home/mouha/crazyflie/ros2_ws/install/crazyflie_py:/home/mouha/crazyflie/ros2_ws/install/crazyflie_interfaces:${AMENT_PREFIX_PATH} CMAKE_PREFIX_PATH=/home/mouha/crazyflie/ros2_ws/install/crazyflie_interfaces:/opt/ros/jazzy/opt/gz_sim_vendor:/opt/ros/jazzy/opt/gz_sensors_vendor:/opt/ros/jazzy/opt/gz_physics_vendor:/opt/ros/jazzy/opt/sdformat_vendor:/opt/ros/jazzy/opt/gz_gui_vendor:/opt/ros/jazzy/opt/gz_transport_vendor:/opt/ros/jazzy/opt/gz_rendering_vendor:/opt/ros/jazzy/opt/gz_plugin_vendor:/opt/ros/jazzy/opt/gz_fuel_tools_vendor:/opt/ros/jazzy/opt/gz_msgs_vendor:/opt/ros/jazzy/opt/gz_common_vendor:/opt/ros/jazzy/opt/gz_math_vendor:/opt/ros/jazzy/opt/gz_utils_vendor:/opt/ros/jazzy/opt/gz_tools_vendor:/opt/ros/jazzy/opt/gz_ogre_next_vendor:/opt/ros/jazzy/opt/gz_dartsim_vendor:/opt/ros/jazzy/opt/gz_cmake_vendor:/opt/ros/jazzy DEBUGINFOD_URLS=https://debuginfod.ubuntu.com LD_LIBRARY_PATH=/home/mouha/crazyflie/ros2_ws/install/crazyflie_interfaces/lib:${LD_LIBRARY_PATH} PYTHONPATH=/home/mouha/crazyflie/ros2_ws/build/crazyflie_py:/home/mouha/crazyflie/ros2_ws/install/crazyflie_py/lib/python3.12/site-packages:/home/mouha/crazyflie/ros2_ws/install/crazyflie_interfaces/lib/python3.12/site-packages:${PYTHONPATH} /usr/bin/cmake --install /home/mouha/crazyflie/ros2_ws/build/crazyflie_examples
[22.985s] Level 1:colcon.colcon_core.environment:create_environment_scripts_only(crazyflie_examples)
[22.985s] Level 1:colcon.colcon_core.environment:checking '/home/mouha/crazyflie/ros2_ws/install/crazyflie_examples' for CMake module files
[22.985s] DEBUG:colcon.colcon_core.event_handler.log_command:Invoked command in '/home/mouha/crazyflie/ros2_ws/build/crazyflie_examples' returned '0': AMENT_PREFIX_PATH=/home/mouha/crazyflie/ros2_ws/install/crazyflie_py:/home/mouha/crazyflie/ros2_ws/install/crazyflie_interfaces:${AMENT_PREFIX_PATH} CMAKE_PREFIX_PATH=/home/mouha/crazyflie/ros2_ws/install/crazyflie_interfaces:/opt/ros/jazzy/opt/gz_sim_vendor:/opt/ros/jazzy/opt/gz_sensors_vendor:/opt/ros/jazzy/opt/gz_physics_vendor:/opt/ros/jazzy/opt/sdformat_vendor:/opt/ros/jazzy/opt/gz_gui_vendor:/opt/ros/jazzy/opt/gz_transport_vendor:/opt/ros/jazzy/opt/gz_rendering_vendor:/opt/ros/jazzy/opt/gz_plugin_vendor:/opt/ros/jazzy/opt/gz_fuel_tools_vendor:/opt/ros/jazzy/opt/gz_msgs_vendor:/opt/ros/jazzy/opt/gz_common_vendor:/opt/ros/jazzy/opt/gz_math_vendor:/opt/ros/jazzy/opt/gz_utils_vendor:/opt/ros/jazzy/opt/gz_tools_vendor:/opt/ros/jazzy/opt/gz_ogre_next_vendor:/opt/ros/jazzy/opt/gz_dartsim_vendor:/opt/ros/jazzy/opt/gz_cmake_vendor:/opt/ros/jazzy DEBUGINFOD_URLS=https://debuginfod.ubuntu.com LD_LIBRARY_PATH=/home/mouha/crazyflie/ros2_ws/install/crazyflie_interfaces/lib:${LD_LIBRARY_PATH} PYTHONPATH=/home/mouha/crazyflie/ros2_ws/build/crazyflie_py:/home/mouha/crazyflie/ros2_ws/install/crazyflie_py/lib/python3.12/site-packages:/home/mouha/crazyflie/ros2_ws/install/crazyflie_interfaces/lib/python3.12/site-packages:${PYTHONPATH} /usr/bin/cmake --install /home/mouha/crazyflie/ros2_ws/build/crazyflie_examples
[22.986s] Level 1:colcon.colcon_core.environment:checking '/home/mouha/crazyflie/ros2_ws/install/crazyflie_examples' for CMake config files
[22.986s] Level 1:colcon.colcon_core.shell:create_environment_hook('crazyflie_examples', 'cmake_prefix_path')
[22.986s] INFO:colcon.colcon_core.shell:Creating environment hook '/home/mouha/crazyflie/ros2_ws/install/crazyflie_examples/share/crazyflie_examples/hook/cmake_prefix_path.ps1'
[22.987s] INFO:colcon.colcon_core.shell:Creating environment descriptor '/home/mouha/crazyflie/ros2_ws/install/crazyflie_examples/share/crazyflie_examples/hook/cmake_prefix_path.dsv'
[22.987s] INFO:colcon.colcon_core.shell:Creating environment hook '/home/mouha/crazyflie/ros2_ws/install/crazyflie_examples/share/crazyflie_examples/hook/cmake_prefix_path.sh'
[22.987s] Level 1:colcon.colcon_core.environment:checking '/home/mouha/crazyflie/ros2_ws/install/crazyflie_examples/lib'
[22.987s] Level 1:colcon.colcon_core.environment:checking '/home/mouha/crazyflie/ros2_ws/install/crazyflie_examples/bin'
[22.987s] Level 1:colcon.colcon_core.environment:checking '/home/mouha/crazyflie/ros2_ws/install/crazyflie_examples/lib/pkgconfig/crazyflie_examples.pc'
[22.988s] Level 1:colcon.colcon_core.environment:checking '/home/mouha/crazyflie/ros2_ws/install/crazyflie_examples/lib/python3.12/site-packages'
[22.988s] Level 1:colcon.colcon_core.shell:create_environment_hook('crazyflie_examples', 'pythonpath')
[22.988s] INFO:colcon.colcon_core.shell:Creating environment hook '/home/mouha/crazyflie/ros2_ws/install/crazyflie_examples/share/crazyflie_examples/hook/pythonpath.ps1'
[22.988s] INFO:colcon.colcon_core.shell:Creating environment descriptor '/home/mouha/crazyflie/ros2_ws/install/crazyflie_examples/share/crazyflie_examples/hook/pythonpath.dsv'
[22.988s] INFO:colcon.colcon_core.shell:Creating environment hook '/home/mouha/crazyflie/ros2_ws/install/crazyflie_examples/share/crazyflie_examples/hook/pythonpath.sh'
[22.989s] Level 1:colcon.colcon_core.environment:checking '/home/mouha/crazyflie/ros2_ws/install/crazyflie_examples/bin'
[22.989s] INFO:colcon.colcon_core.shell:Creating package script '/home/mouha/crazyflie/ros2_ws/install/crazyflie_examples/share/crazyflie_examples/package.ps1'
[22.990s] INFO:colcon.colcon_core.shell:Creating package descriptor '/home/mouha/crazyflie/ros2_ws/install/crazyflie_examples/share/crazyflie_examples/package.dsv'
[22.990s] INFO:colcon.colcon_core.shell:Creating package script '/home/mouha/crazyflie/ros2_ws/install/crazyflie_examples/share/crazyflie_examples/package.sh'
[22.990s] INFO:colcon.colcon_core.shell:Creating package script '/home/mouha/crazyflie/ros2_ws/install/crazyflie_examples/share/crazyflie_examples/package.bash'
[22.990s] INFO:colcon.colcon_core.shell:Creating package script '/home/mouha/crazyflie/ros2_ws/install/crazyflie_examples/share/crazyflie_examples/package.zsh'
[22.991s] Level 1:colcon.colcon_core.environment:create_file_with_runtime_dependencies(/home/mouha/crazyflie/ros2_ws/install/crazyflie_examples/share/colcon-core/packages/crazyflie_examples)
[22.991s] Level 1:colcon.colcon_core.environment:create_environment_scripts_only(crazyflie_examples)
[22.991s] Level 1:colcon.colcon_core.environment:checking '/home/mouha/crazyflie/ros2_ws/install/crazyflie_examples' for CMake module files
[22.992s] Level 1:colcon.colcon_core.environment:checking '/home/mouha/crazyflie/ros2_ws/install/crazyflie_examples' for CMake config files
[22.992s] Level 1:colcon.colcon_core.shell:create_environment_hook('crazyflie_examples', 'cmake_prefix_path')
[22.992s] INFO:colcon.colcon_core.shell:Creating environment hook '/home/mouha/crazyflie/ros2_ws/install/crazyflie_examples/share/crazyflie_examples/hook/cmake_prefix_path.ps1'
[22.992s] INFO:colcon.colcon_core.shell:Creating environment descriptor '/home/mouha/crazyflie/ros2_ws/install/crazyflie_examples/share/crazyflie_examples/hook/cmake_prefix_path.dsv'
[22.993s] INFO:colcon.colcon_core.shell:Creating environment hook '/home/mouha/crazyflie/ros2_ws/install/crazyflie_examples/share/crazyflie_examples/hook/cmake_prefix_path.sh'
[22.993s] Level 1:colcon.colcon_core.environment:checking '/home/mouha/crazyflie/ros2_ws/install/crazyflie_examples/lib'
[22.993s] Level 1:colcon.colcon_core.environment:checking '/home/mouha/crazyflie/ros2_ws/install/crazyflie_examples/bin'
[22.993s] Level 1:colcon.colcon_core.environment:checking '/home/mouha/crazyflie/ros2_ws/install/crazyflie_examples/lib/pkgconfig/crazyflie_examples.pc'
[22.993s] Level 1:colcon.colcon_core.environment:checking '/home/mouha/crazyflie/ros2_ws/install/crazyflie_examples/lib/python3.12/site-packages'
[22.994s] Level 1:colcon.colcon_core.shell:create_environment_hook('crazyflie_examples', 'pythonpath')
[22.994s] INFO:colcon.colcon_core.shell:Creating environment hook '/home/mouha/crazyflie/ros2_ws/install/crazyflie_examples/share/crazyflie_examples/hook/pythonpath.ps1'
[22.994s] INFO:colcon.colcon_core.shell:Creating environment descriptor '/home/mouha/crazyflie/ros2_ws/install/crazyflie_examples/share/crazyflie_examples/hook/pythonpath.dsv'
[22.994s] INFO:colcon.colcon_core.shell:Creating environment hook '/home/mouha/crazyflie/ros2_ws/install/crazyflie_examples/share/crazyflie_examples/hook/pythonpath.sh'
[22.995s] Level 1:colcon.colcon_core.environment:checking '/home/mouha/crazyflie/ros2_ws/install/crazyflie_examples/bin'
[22.995s] INFO:colcon.colcon_core.shell:Creating package script '/home/mouha/crazyflie/ros2_ws/install/crazyflie_examples/share/crazyflie_examples/package.ps1'
[22.996s] INFO:colcon.colcon_core.shell:Creating package descriptor '/home/mouha/crazyflie/ros2_ws/install/crazyflie_examples/share/crazyflie_examples/package.dsv'
[22.996s] INFO:colcon.colcon_core.shell:Creating package script '/home/mouha/crazyflie/ros2_ws/install/crazyflie_examples/share/crazyflie_examples/package.sh'
[22.996s] INFO:colcon.colcon_core.shell:Creating package script '/home/mouha/crazyflie/ros2_ws/install/crazyflie_examples/share/crazyflie_examples/package.bash'
[22.997s] INFO:colcon.colcon_core.shell:Creating package script '/home/mouha/crazyflie/ros2_ws/install/crazyflie_examples/share/crazyflie_examples/package.zsh'
[22.997s] Level 1:colcon.colcon_core.environment:create_file_with_runtime_dependencies(/home/mouha/crazyflie/ros2_ws/install/crazyflie_examples/share/colcon-core/packages/crazyflie_examples)
[55.710s] DEBUG:colcon.colcon_core.event_handler.log_command:Invoked command in '/home/mouha/crazyflie/ros2_ws/build/crazyflie' returned '0': AMENT_PREFIX_PATH=/home/mouha/crazyflie/ros2_ws/install/crazyflie_interfaces:/home/mouha/crazyflie/ros2_ws/install/crazyflie_description:${AMENT_PREFIX_PATH} CMAKE_PREFIX_PATH=/home/mouha/crazyflie/ros2_ws/install/crazyflie_interfaces:/home/mouha/crazyflie/ros2_ws/install/crazyflie_description:/opt/ros/jazzy/opt/gz_sim_vendor:/opt/ros/jazzy/opt/gz_sensors_vendor:/opt/ros/jazzy/opt/gz_physics_vendor:/opt/ros/jazzy/opt/sdformat_vendor:/opt/ros/jazzy/opt/gz_gui_vendor:/opt/ros/jazzy/opt/gz_transport_vendor:/opt/ros/jazzy/opt/gz_rendering_vendor:/opt/ros/jazzy/opt/gz_plugin_vendor:/opt/ros/jazzy/opt/gz_fuel_tools_vendor:/opt/ros/jazzy/opt/gz_msgs_vendor:/opt/ros/jazzy/opt/gz_common_vendor:/opt/ros/jazzy/opt/gz_math_vendor:/opt/ros/jazzy/opt/gz_utils_vendor:/opt/ros/jazzy/opt/gz_tools_vendor:/opt/ros/jazzy/opt/gz_ogre_next_vendor:/opt/ros/jazzy/opt/gz_dartsim_vendor:/opt/ros/jazzy/opt/gz_cmake_vendor:/opt/ros/jazzy DEBUGINFOD_URLS=https://debuginfod.ubuntu.com LD_LIBRARY_PATH=/home/mouha/crazyflie/ros2_ws/install/crazyflie_interfaces/lib:${LD_LIBRARY_PATH} PYTHONPATH=/home/mouha/crazyflie/ros2_ws/install/crazyflie_interfaces/lib/python3.12/site-packages:${PYTHONPATH} /usr/bin/cmake --build /home/mouha/crazyflie/ros2_ws/build/crazyflie -- -j12 -l12
[55.711s] DEBUG:colcon.colcon_core.event_handler.log_command:Invoking command in '/home/mouha/crazyflie/ros2_ws/build/crazyflie': AMENT_PREFIX_PATH=/home/mouha/crazyflie/ros2_ws/install/crazyflie_interfaces:/home/mouha/crazyflie/ros2_ws/install/crazyflie_description:${AMENT_PREFIX_PATH} CMAKE_PREFIX_PATH=/home/mouha/crazyflie/ros2_ws/install/crazyflie_interfaces:/home/mouha/crazyflie/ros2_ws/install/crazyflie_description:/opt/ros/jazzy/opt/gz_sim_vendor:/opt/ros/jazzy/opt/gz_sensors_vendor:/opt/ros/jazzy/opt/gz_physics_vendor:/opt/ros/jazzy/opt/sdformat_vendor:/opt/ros/jazzy/opt/gz_gui_vendor:/opt/ros/jazzy/opt/gz_transport_vendor:/opt/ros/jazzy/opt/gz_rendering_vendor:/opt/ros/jazzy/opt/gz_plugin_vendor:/opt/ros/jazzy/opt/gz_fuel_tools_vendor:/opt/ros/jazzy/opt/gz_msgs_vendor:/opt/ros/jazzy/opt/gz_common_vendor:/opt/ros/jazzy/opt/gz_math_vendor:/opt/ros/jazzy/opt/gz_utils_vendor:/opt/ros/jazzy/opt/gz_tools_vendor:/opt/ros/jazzy/opt/gz_ogre_next_vendor:/opt/ros/jazzy/opt/gz_dartsim_vendor:/opt/ros/jazzy/opt/gz_cmake_vendor:/opt/ros/jazzy DEBUGINFOD_URLS=https://debuginfod.ubuntu.com LD_LIBRARY_PATH=/home/mouha/crazyflie/ros2_ws/install/crazyflie_interfaces/lib:${LD_LIBRARY_PATH} PYTHONPATH=/home/mouha/crazyflie/ros2_ws/install/crazyflie_interfaces/lib/python3.12/site-packages:${PYTHONPATH} /usr/bin/cmake --install /home/mouha/crazyflie/ros2_ws/build/crazyflie
[55.974s] Level 1:colcon.colcon_core.environment:create_environment_scripts_only(crazyflie)
[55.975s] Level 1:colcon.colcon_core.environment:checking '/home/mouha/crazyflie/ros2_ws/install/crazyflie' for CMake module files
[55.975s] DEBUG:colcon.colcon_core.event_handler.log_command:Invoked command in '/home/mouha/crazyflie/ros2_ws/build/crazyflie' returned '0': AMENT_PREFIX_PATH=/home/mouha/crazyflie/ros2_ws/install/crazyflie_interfaces:/home/mouha/crazyflie/ros2_ws/install/crazyflie_description:${AMENT_PREFIX_PATH} CMAKE_PREFIX_PATH=/home/mouha/crazyflie/ros2_ws/install/crazyflie_interfaces:/home/mouha/crazyflie/ros2_ws/install/crazyflie_description:/opt/ros/jazzy/opt/gz_sim_vendor:/opt/ros/jazzy/opt/gz_sensors_vendor:/opt/ros/jazzy/opt/gz_physics_vendor:/opt/ros/jazzy/opt/sdformat_vendor:/opt/ros/jazzy/opt/gz_gui_vendor:/opt/ros/jazzy/opt/gz_transport_vendor:/opt/ros/jazzy/opt/gz_rendering_vendor:/opt/ros/jazzy/opt/gz_plugin_vendor:/opt/ros/jazzy/opt/gz_fuel_tools_vendor:/opt/ros/jazzy/opt/gz_msgs_vendor:/opt/ros/jazzy/opt/gz_common_vendor:/opt/ros/jazzy/opt/gz_math_vendor:/opt/ros/jazzy/opt/gz_utils_vendor:/opt/ros/jazzy/opt/gz_tools_vendor:/opt/ros/jazzy/opt/gz_ogre_next_vendor:/opt/ros/jazzy/opt/gz_dartsim_vendor:/opt/ros/jazzy/opt/gz_cmake_vendor:/opt/ros/jazzy DEBUGINFOD_URLS=https://debuginfod.ubuntu.com LD_LIBRARY_PATH=/home/mouha/crazyflie/ros2_ws/install/crazyflie_interfaces/lib:${LD_LIBRARY_PATH} PYTHONPATH=/home/mouha/crazyflie/ros2_ws/install/crazyflie_interfaces/lib/python3.12/site-packages:${PYTHONPATH} /usr/bin/cmake --install /home/mouha/crazyflie/ros2_ws/build/crazyflie
[55.975s] Level 1:colcon.colcon_core.environment:checking '/home/mouha/crazyflie/ros2_ws/install/crazyflie' for CMake config files
[55.975s] Level 1:colcon.colcon_core.shell:create_environment_hook('crazyflie', 'cmake_prefix_path')
[55.975s] INFO:colcon.colcon_core.shell:Creating environment hook '/home/mouha/crazyflie/ros2_ws/install/crazyflie/share/crazyflie/hook/cmake_prefix_path.ps1'
[55.976s] INFO:colcon.colcon_core.shell:Creating environment descriptor '/home/mouha/crazyflie/ros2_ws/install/crazyflie/share/crazyflie/hook/cmake_prefix_path.dsv'
[55.976s] INFO:colcon.colcon_core.shell:Creating environment hook '/home/mouha/crazyflie/ros2_ws/install/crazyflie/share/crazyflie/hook/cmake_prefix_path.sh'
[55.976s] Level 1:colcon.colcon_core.environment:checking '/home/mouha/crazyflie/ros2_ws/install/crazyflie/lib'
[55.976s] Level 1:colcon.colcon_core.environment:checking '/home/mouha/crazyflie/ros2_ws/install/crazyflie/bin'
[55.976s] Level 1:colcon.colcon_core.environment:checking '/home/mouha/crazyflie/ros2_ws/install/crazyflie/lib/pkgconfig/crazyflie.pc'
[55.977s] Level 1:colcon.colcon_core.environment:checking '/home/mouha/crazyflie/ros2_ws/install/crazyflie/lib/python3.12/site-packages'
[55.977s] Level 1:colcon.colcon_core.environment:checking '/home/mouha/crazyflie/ros2_ws/install/crazyflie/bin'
[55.977s] INFO:colcon.colcon_core.shell:Creating package script '/home/mouha/crazyflie/ros2_ws/install/crazyflie/share/crazyflie/package.ps1'
[55.977s] INFO:colcon.colcon_core.shell:Creating package descriptor '/home/mouha/crazyflie/ros2_ws/install/crazyflie/share/crazyflie/package.dsv'
[55.978s] INFO:colcon.colcon_core.shell:Creating package script '/home/mouha/crazyflie/ros2_ws/install/crazyflie/share/crazyflie/package.sh'
[55.978s] INFO:colcon.colcon_core.shell:Creating package script '/home/mouha/crazyflie/ros2_ws/install/crazyflie/share/crazyflie/package.bash'
[55.978s] INFO:colcon.colcon_core.shell:Creating package script '/home/mouha/crazyflie/ros2_ws/install/crazyflie/share/crazyflie/package.zsh'
[55.978s] Level 1:colcon.colcon_core.environment:create_file_with_runtime_dependencies(/home/mouha/crazyflie/ros2_ws/install/crazyflie/share/colcon-core/packages/crazyflie)
[55.978s] Level 1:colcon.colcon_core.environment:create_environment_scripts_only(crazyflie)
[55.979s] Level 1:colcon.colcon_core.environment:checking '/home/mouha/crazyflie/ros2_ws/install/crazyflie' for CMake module files
[55.979s] Level 1:colcon.colcon_core.environment:checking '/home/mouha/crazyflie/ros2_ws/install/crazyflie' for CMake config files
[55.979s] Level 1:colcon.colcon_core.shell:create_environment_hook('crazyflie', 'cmake_prefix_path')
[55.979s] INFO:colcon.colcon_core.shell:Creating environment hook '/home/mouha/crazyflie/ros2_ws/install/crazyflie/share/crazyflie/hook/cmake_prefix_path.ps1'
[55.979s] INFO:colcon.colcon_core.shell:Creating environment descriptor '/home/mouha/crazyflie/ros2_ws/install/crazyflie/share/crazyflie/hook/cmake_prefix_path.dsv'
[55.980s] INFO:colcon.colcon_core.shell:Creating environment hook '/home/mouha/crazyflie/ros2_ws/install/crazyflie/share/crazyflie/hook/cmake_prefix_path.sh'
[55.980s] Level 1:colcon.colcon_core.environment:checking '/home/mouha/crazyflie/ros2_ws/install/crazyflie/lib'
[55.980s] Level 1:colcon.colcon_core.environment:checking '/home/mouha/crazyflie/ros2_ws/install/crazyflie/bin'
[55.980s] Level 1:colcon.colcon_core.environment:checking '/home/mouha/crazyflie/ros2_ws/install/crazyflie/lib/pkgconfig/crazyflie.pc'
[55.980s] Level 1:colcon.colcon_core.environment:checking '/home/mouha/crazyflie/ros2_ws/install/crazyflie/lib/python3.12/site-packages'
[55.980s] Level 1:colcon.colcon_core.environment:checking '/home/mouha/crazyflie/ros2_ws/install/crazyflie/bin'
[55.980s] INFO:colcon.colcon_core.shell:Creating package script '/home/mouha/crazyflie/ros2_ws/install/crazyflie/share/crazyflie/package.ps1'
[55.981s] INFO:colcon.colcon_core.shell:Creating package descriptor '/home/mouha/crazyflie/ros2_ws/install/crazyflie/share/crazyflie/package.dsv'
[55.981s] INFO:colcon.colcon_core.shell:Creating package script '/home/mouha/crazyflie/ros2_ws/install/crazyflie/share/crazyflie/package.sh'
[55.981s] INFO:colcon.colcon_core.shell:Creating package script '/home/mouha/crazyflie/ros2_ws/install/crazyflie/share/crazyflie/package.bash'
[55.981s] INFO:colcon.colcon_core.shell:Creating package script '/home/mouha/crazyflie/ros2_ws/install/crazyflie/share/crazyflie/package.zsh'
[55.982s] Level 1:colcon.colcon_core.environment:create_file_with_runtime_dependencies(/home/mouha/crazyflie/ros2_ws/install/crazyflie/share/colcon-core/packages/crazyflie)
[55.982s] DEBUG:colcon.colcon_parallel_executor.executor.parallel:closing loop
[55.982s] DEBUG:colcon.colcon_parallel_executor.executor.parallel:loop closed
[55.982s] DEBUG:colcon.colcon_parallel_executor.executor.parallel:run_until_complete finished with '0'
[55.982s] DEBUG:colcon.colcon_core.event_reactor:joining thread
[55.998s] INFO:colcon.colcon_core.plugin_system:Skipping extension 'colcon_notification.desktop_notification.terminal_notifier': Not used on non-Darwin systems
[55.999s] INFO:colcon.colcon_core.plugin_system:Skipping extension 'colcon_notification.desktop_notification.win32': Not used on non-Windows systems
[55.999s] INFO:colcon.colcon_notification.desktop_notification:Sending desktop notification using 'notify2'
[56.007s] DEBUG:colcon.colcon_core.event_reactor:joined thread
[56.007s] INFO:colcon.colcon_core.shell:Creating prefix script '/home/mouha/crazyflie/ros2_ws/install/local_setup.ps1'
[56.008s] INFO:colcon.colcon_core.shell:Creating prefix util module '/home/mouha/crazyflie/ros2_ws/install/_local_setup_util_ps1.py'
[56.009s] INFO:colcon.colcon_core.shell:Creating prefix chain script '/home/mouha/crazyflie/ros2_ws/install/setup.ps1'
[56.010s] INFO:colcon.colcon_core.shell:Creating prefix script '/home/mouha/crazyflie/ros2_ws/install/local_setup.sh'
[56.010s] INFO:colcon.colcon_core.shell:Creating prefix util module '/home/mouha/crazyflie/ros2_ws/install/_local_setup_util_sh.py'
[56.011s] INFO:colcon.colcon_core.shell:Creating prefix chain script '/home/mouha/crazyflie/ros2_ws/install/setup.sh'
[56.011s] INFO:colcon.colcon_core.shell:Creating prefix script '/home/mouha/crazyflie/ros2_ws/install/local_setup.bash'
[56.012s] INFO:colcon.colcon_core.shell:Creating prefix chain script '/home/mouha/crazyflie/ros2_ws/install/setup.bash'
[56.013s] INFO:colcon.colcon_core.shell:Creating prefix script '/home/mouha/crazyflie/ros2_ws/install/local_setup.zsh'
[56.013s] INFO:colcon.colcon_core.shell:Creating prefix chain script '/home/mouha/crazyflie/ros2_ws/install/setup.zsh'
