[0.090s] DEBUG:colcon:Command line arguments: ['/usr/bin/colcon', 'build', '--symlink-install']
[0.090s] DEBUG:colcon:Parsed command line arguments: Namespace(log_base=None, log_level=None, verb_name='build', build_base='build', install_base='install', merge_install=False, symlink_install=True, test_result_base=None, continue_on_error=False, executor='parallel', parallel_workers=12, event_handlers=None, ignore_user_meta=False, metas=['./colcon.meta'], base_paths=['.'], packages_ignore=None, packages_ignore_regex=None, paths=None, packages_up_to=None, packages_up_to_regex=None, packages_above=None, packages_above_and_dependencies=None, packages_above_depth=None, packages_select_by_dep=None, packages_skip_by_dep=None, packages_skip_up_to=None, packages_select_build_failed=False, packages_skip_build_finished=False, packages_select_test_failures=False, packages_skip_test_passed=False, packages_select=None, packages_skip=None, packages_select_regex=None, packages_skip_regex=None, packages_start=None, packages_end=None, allow_overriding=[], cmake_args=None, cmake_target=None, cmake_target_skip_unavailable=False, cmake_clean_cache=False, cmake_clean_first=False, cmake_force_configure=False, ament_cmake_args=None, catkin_cmake_args=None, catkin_skip_building_tests=False, mixin_files=None, mixin=None, verb_parser=<colcon_mixin.mixin.mixin_argument.MixinArgumentDecorator object at 0x7a2497fa3a70>, verb_extension=<colcon_core.verb.build.BuildVerb object at 0x7a2497fa36b0>, main=<bound method BuildVerb.main of <colcon_core.verb.build.BuildVerb object at 0x7a2497fa36b0>>, mixin_verb=('build',))
[0.121s] Level 1:colcon.colcon_core.package_discovery:discover_packages(colcon_meta) check parameters
[0.121s] Level 1:colcon.colcon_core.package_discovery:discover_packages(recursive) check parameters
[0.121s] Level 1:colcon.colcon_core.package_discovery:discover_packages(ignore) check parameters
[0.121s] Level 1:colcon.colcon_core.package_discovery:discover_packages(path) check parameters
[0.121s] Level 1:colcon.colcon_core.package_discovery:discover_packages(colcon_meta) discover
[0.121s] Level 1:colcon.colcon_core.package_discovery:discover_packages(recursive) discover
[0.121s] INFO:colcon.colcon_core.package_discovery:Crawling recursively for packages in '/home/mouha/crazyflie/ros2_ws'
[0.121s] Level 1:colcon.colcon_core.package_identification:_identify(.) by extensions ['ignore', 'ignore_ament_install']
[0.121s] Level 1:colcon.colcon_core.package_identification:_identify(.) by extension 'ignore'
[0.122s] Level 1:colcon.colcon_core.package_identification:_identify(.) by extension 'ignore_ament_install'
[0.122s] Level 1:colcon.colcon_core.package_identification:_identify(.) by extensions ['colcon_pkg']
[0.122s] Level 1:colcon.colcon_core.package_identification:_identify(.) by extension 'colcon_pkg'
[0.122s] Level 1:colcon.colcon_core.package_identification:_identify(.) by extensions ['colcon_meta']
[0.122s] Level 1:colcon.colcon_core.package_identification:_identify(.) by extension 'colcon_meta'
[0.122s] Level 1:colcon.colcon_core.package_identification:_identify(.) by extensions ['ros']
[0.122s] Level 1:colcon.colcon_core.package_identification:_identify(.) by extension 'ros'
[0.148s] Level 1:colcon.colcon_core.package_identification:_identify(.) by extensions ['cmake', 'python']
[0.148s] Level 1:colcon.colcon_core.package_identification:_identify(.) by extension 'cmake'
[0.148s] Level 1:colcon.colcon_core.package_identification:_identify(.) by extension 'python'
[0.148s] Level 1:colcon.colcon_core.package_identification:_identify(.) by extensions ['python_setup_py']
[0.148s] Level 1:colcon.colcon_core.package_identification:_identify(.) by extension 'python_setup_py'
[0.149s] Level 1:colcon.colcon_core.package_identification:_identify(build) by extensions ['ignore', 'ignore_ament_install']
[0.149s] Level 1:colcon.colcon_core.package_identification:_identify(build) by extension 'ignore'
[0.149s] Level 1:colcon.colcon_core.package_identification:_identify(build) ignored
[0.149s] Level 1:colcon.colcon_core.package_identification:_identify(install) by extensions ['ignore', 'ignore_ament_install']
[0.149s] Level 1:colcon.colcon_core.package_identification:_identify(install) by extension 'ignore'
[0.149s] Level 1:colcon.colcon_core.package_identification:_identify(install) ignored
[0.149s] Level 1:colcon.colcon_core.package_identification:_identify(log) by extensions ['ignore', 'ignore_ament_install']
[0.149s] Level 1:colcon.colcon_core.package_identification:_identify(log) by extension 'ignore'
[0.149s] Level 1:colcon.colcon_core.package_identification:_identify(log) ignored
[0.149s] Level 1:colcon.colcon_core.package_identification:_identify(src) by extensions ['ignore', 'ignore_ament_install']
[0.149s] Level 1:colcon.colcon_core.package_identification:_identify(src) by extension 'ignore'
[0.150s] Level 1:colcon.colcon_core.package_identification:_identify(src) by extension 'ignore_ament_install'
[0.150s] Level 1:colcon.colcon_core.package_identification:_identify(src) by extensions ['colcon_pkg']
[0.150s] Level 1:colcon.colcon_core.package_identification:_identify(src) by extension 'colcon_pkg'
[0.150s] Level 1:colcon.colcon_core.package_identification:_identify(src) by extensions ['colcon_meta']
[0.150s] Level 1:colcon.colcon_core.package_identification:_identify(src) by extension 'colcon_meta'
[0.150s] Level 1:colcon.colcon_core.package_identification:_identify(src) by extensions ['ros']
[0.150s] Level 1:colcon.colcon_core.package_identification:_identify(src) by extension 'ros'
[0.150s] Level 1:colcon.colcon_core.package_identification:_identify(src) by extensions ['cmake', 'python']
[0.150s] Level 1:colcon.colcon_core.package_identification:_identify(src) by extension 'cmake'
[0.150s] Level 1:colcon.colcon_core.package_identification:_identify(src) by extension 'python'
[0.150s] Level 1:colcon.colcon_core.package_identification:_identify(src) by extensions ['python_setup_py']
[0.150s] Level 1:colcon.colcon_core.package_identification:_identify(src) by extension 'python_setup_py'
[0.150s] Level 1:colcon.colcon_core.package_identification:_identify(src/cf_led_mission) by extensions ['ignore', 'ignore_ament_install']
[0.150s] Level 1:colcon.colcon_core.package_identification:_identify(src/cf_led_mission) by extension 'ignore'
[0.150s] Level 1:colcon.colcon_core.package_identification:_identify(src/cf_led_mission) by extension 'ignore_ament_install'
[0.150s] Level 1:colcon.colcon_core.package_identification:_identify(src/cf_led_mission) by extensions ['colcon_pkg']
[0.150s] Level 1:colcon.colcon_core.package_identification:_identify(src/cf_led_mission) by extension 'colcon_pkg'
[0.150s] Level 1:colcon.colcon_core.package_identification:_identify(src/cf_led_mission) by extensions ['colcon_meta']
[0.150s] Level 1:colcon.colcon_core.package_identification:_identify(src/cf_led_mission) by extension 'colcon_meta'
[0.151s] Level 1:colcon.colcon_core.package_identification:_identify(src/cf_led_mission) by extensions ['ros']
[0.151s] Level 1:colcon.colcon_core.package_identification:_identify(src/cf_led_mission) by extension 'ros'
[0.154s] DEBUG:colcon.colcon_core.package_identification:Package 'src/cf_led_mission' with type 'ros.ament_python' and name 'cf_led_mission'
[0.154s] Level 1:colcon.colcon_core.package_identification:_identify(src/crazyswarm2) by extensions ['ignore', 'ignore_ament_install']
[0.154s] Level 1:colcon.colcon_core.package_identification:_identify(src/crazyswarm2) by extension 'ignore'
[0.154s] Level 1:colcon.colcon_core.package_identification:_identify(src/crazyswarm2) by extension 'ignore_ament_install'
[0.154s] Level 1:colcon.colcon_core.package_identification:_identify(src/crazyswarm2) by extensions ['colcon_pkg']
[0.154s] Level 1:colcon.colcon_core.package_identification:_identify(src/crazyswarm2) by extension 'colcon_pkg'
[0.154s] Level 1:colcon.colcon_core.package_identification:_identify(src/crazyswarm2) by extensions ['colcon_meta']
[0.154s] Level 1:colcon.colcon_core.package_identification:_identify(src/crazyswarm2) by extension 'colcon_meta'
[0.154s] Level 1:colcon.colcon_core.package_identification:_identify(src/crazyswarm2) by extensions ['ros']
[0.154s] Level 1:colcon.colcon_core.package_identification:_identify(src/crazyswarm2) by extension 'ros'
[0.155s] Level 1:colcon.colcon_core.package_identification:_identify(src/crazyswarm2) by extensions ['cmake', 'python']
[0.155s] Level 1:colcon.colcon_core.package_identification:_identify(src/crazyswarm2) by extension 'cmake'
[0.155s] Level 1:colcon.colcon_core.package_identification:_identify(src/crazyswarm2) by extension 'python'
[0.155s] Level 1:colcon.colcon_core.package_identification:_identify(src/crazyswarm2) by extensions ['python_setup_py']
[0.155s] Level 1:colcon.colcon_core.package_identification:_identify(src/crazyswarm2) by extension 'python_setup_py'
[0.155s] Level 1:colcon.colcon_core.package_identification:_identify(src/crazyswarm2/crazyflie) by extensions ['ignore', 'ignore_ament_install']
[0.155s] Level 1:colcon.colcon_core.package_identification:_identify(src/crazyswarm2/crazyflie) by extension 'ignore'
[0.155s] Level 1:colcon.colcon_core.package_identification:_identify(src/crazyswarm2/crazyflie) by extension 'ignore_ament_install'
[0.155s] Level 1:colcon.colcon_core.package_identification:_identify(src/crazyswarm2/crazyflie) by extensions ['colcon_pkg']
[0.155s] Level 1:colcon.colcon_core.package_identification:_identify(src/crazyswarm2/crazyflie) by extension 'colcon_pkg'
[0.155s] Level 1:colcon.colcon_core.package_identification:_identify(src/crazyswarm2/crazyflie) by extensions ['colcon_meta']
[0.155s] Level 1:colcon.colcon_core.package_identification:_identify(src/crazyswarm2/crazyflie) by extension 'colcon_meta'
[0.155s] Level 1:colcon.colcon_core.package_identification:_identify(src/crazyswarm2/crazyflie) by extensions ['ros']
[0.155s] Level 1:colcon.colcon_core.package_identification:_identify(src/crazyswarm2/crazyflie) by extension 'ros'
[0.157s] DEBUG:colcon.colcon_core.package_identification:Package 'src/crazyswarm2/crazyflie' with type 'ros.ament_cmake' and name 'crazyflie'
[0.157s] Level 1:colcon.colcon_core.package_identification:_identify(src/crazyswarm2/crazyflie_description) by extensions ['ignore', 'ignore_ament_install']
[0.157s] Level 1:colcon.colcon_core.package_identification:_identify(src/crazyswarm2/crazyflie_description) by extension 'ignore'
[0.157s] Level 1:colcon.colcon_core.package_identification:_identify(src/crazyswarm2/crazyflie_description) by extension 'ignore_ament_install'
[0.157s] Level 1:colcon.colcon_core.package_identification:_identify(src/crazyswarm2/crazyflie_description) by extensions ['colcon_pkg']
[0.157s] Level 1:colcon.colcon_core.package_identification:_identify(src/crazyswarm2/crazyflie_description) by extension 'colcon_pkg'
[0.157s] Level 1:colcon.colcon_core.package_identification:_identify(src/crazyswarm2/crazyflie_description) by extensions ['colcon_meta']
[0.157s] Level 1:colcon.colcon_core.package_identification:_identify(src/crazyswarm2/crazyflie_description) by extension 'colcon_meta'
[0.157s] Level 1:colcon.colcon_core.package_identification:_identify(src/crazyswarm2/crazyflie_description) by extensions ['ros']
[0.157s] Level 1:colcon.colcon_core.package_identification:_identify(src/crazyswarm2/crazyflie_description) by extension 'ros'
[0.158s] DEBUG:colcon.colcon_core.package_identification:Package 'src/crazyswarm2/crazyflie_description' with type 'ros.ament_cmake' and name 'crazyflie_description'
[0.158s] Level 1:colcon.colcon_core.package_identification:_identify(src/crazyswarm2/crazyflie_examples) by extensions ['ignore', 'ignore_ament_install']
[0.158s] Level 1:colcon.colcon_core.package_identification:_identify(src/crazyswarm2/crazyflie_examples) by extension 'ignore'
[0.158s] Level 1:colcon.colcon_core.package_identification:_identify(src/crazyswarm2/crazyflie_examples) by extension 'ignore_ament_install'
[0.158s] Level 1:colcon.colcon_core.package_identification:_identify(src/crazyswarm2/crazyflie_examples) by extensions ['colcon_pkg']
[0.158s] Level 1:colcon.colcon_core.package_identification:_identify(src/crazyswarm2/crazyflie_examples) by extension 'colcon_pkg'
[0.158s] Level 1:colcon.colcon_core.package_identification:_identify(src/crazyswarm2/crazyflie_examples) by extensions ['colcon_meta']
[0.158s] Level 1:colcon.colcon_core.package_identification:_identify(src/crazyswarm2/crazyflie_examples) by extension 'colcon_meta'
[0.159s] Level 1:colcon.colcon_core.package_identification:_identify(src/crazyswarm2/crazyflie_examples) by extensions ['ros']
[0.159s] Level 1:colcon.colcon_core.package_identification:_identify(src/crazyswarm2/crazyflie_examples) by extension 'ros'
[0.160s] DEBUG:colcon.colcon_core.package_identification:Package 'src/crazyswarm2/crazyflie_examples' with type 'ros.ament_cmake' and name 'crazyflie_examples'
[0.160s] Level 1:colcon.colcon_core.package_identification:_identify(src/crazyswarm2/crazyflie_interfaces) by extensions ['ignore', 'ignore_ament_install']
[0.160s] Level 1:colcon.colcon_core.package_identification:_identify(src/crazyswarm2/crazyflie_interfaces) by extension 'ignore'
[0.160s] Level 1:colcon.colcon_core.package_identification:_identify(src/crazyswarm2/crazyflie_interfaces) by extension 'ignore_ament_install'
[0.160s] Level 1:colcon.colcon_core.package_identification:_identify(src/crazyswarm2/crazyflie_interfaces) by extensions ['colcon_pkg']
[0.160s] Level 1:colcon.colcon_core.package_identification:_identify(src/crazyswarm2/crazyflie_interfaces) by extension 'colcon_pkg'
[0.160s] Level 1:colcon.colcon_core.package_identification:_identify(src/crazyswarm2/crazyflie_interfaces) by extensions ['colcon_meta']
[0.160s] Level 1:colcon.colcon_core.package_identification:_identify(src/crazyswarm2/crazyflie_interfaces) by extension 'colcon_meta'
[0.160s] Level 1:colcon.colcon_core.package_identification:_identify(src/crazyswarm2/crazyflie_interfaces) by extensions ['ros']
[0.160s] Level 1:colcon.colcon_core.package_identification:_identify(src/crazyswarm2/crazyflie_interfaces) by extension 'ros'
[0.161s] DEBUG:colcon.colcon_core.package_identification:Package 'src/crazyswarm2/crazyflie_interfaces' with type 'ros.ament_cmake' and name 'crazyflie_interfaces'
[0.161s] Level 1:colcon.colcon_core.package_identification:_identify(src/crazyswarm2/crazyflie_py) by extensions ['ignore', 'ignore_ament_install']
[0.161s] Level 1:colcon.colcon_core.package_identification:_identify(src/crazyswarm2/crazyflie_py) by extension 'ignore'
[0.161s] Level 1:colcon.colcon_core.package_identification:_identify(src/crazyswarm2/crazyflie_py) by extension 'ignore_ament_install'
[0.161s] Level 1:colcon.colcon_core.package_identification:_identify(src/crazyswarm2/crazyflie_py) by extensions ['colcon_pkg']
[0.161s] Level 1:colcon.colcon_core.package_identification:_identify(src/crazyswarm2/crazyflie_py) by extension 'colcon_pkg'
[0.162s] Level 1:colcon.colcon_core.package_identification:_identify(src/crazyswarm2/crazyflie_py) by extensions ['colcon_meta']
[0.162s] Level 1:colcon.colcon_core.package_identification:_identify(src/crazyswarm2/crazyflie_py) by extension 'colcon_meta'
[0.162s] Level 1:colcon.colcon_core.package_identification:_identify(src/crazyswarm2/crazyflie_py) by extensions ['ros']
[0.162s] Level 1:colcon.colcon_core.package_identification:_identify(src/crazyswarm2/crazyflie_py) by extension 'ros'
[0.163s] DEBUG:colcon.colcon_core.package_identification:Package 'src/crazyswarm2/crazyflie_py' with type 'ros.ament_python' and name 'crazyflie_py'
[0.163s] Level 1:colcon.colcon_core.package_identification:_identify(src/crazyswarm2/crazyflie_server_py) by extensions ['ignore', 'ignore_ament_install']
[0.163s] Level 1:colcon.colcon_core.package_identification:_identify(src/crazyswarm2/crazyflie_server_py) by extension 'ignore'
[0.163s] Level 1:colcon.colcon_core.package_identification:_identify(src/crazyswarm2/crazyflie_server_py) by extension 'ignore_ament_install'
[0.163s] Level 1:colcon.colcon_core.package_identification:_identify(src/crazyswarm2/crazyflie_server_py) by extensions ['colcon_pkg']
[0.163s] Level 1:colcon.colcon_core.package_identification:_identify(src/crazyswarm2/crazyflie_server_py) by extension 'colcon_pkg'
[0.163s] Level 1:colcon.colcon_core.package_identification:_identify(src/crazyswarm2/crazyflie_server_py) by extensions ['colcon_meta']
[0.163s] Level 1:colcon.colcon_core.package_identification:_identify(src/crazyswarm2/crazyflie_server_py) by extension 'colcon_meta'
[0.163s] Level 1:colcon.colcon_core.package_identification:_identify(src/crazyswarm2/crazyflie_server_py) by extensions ['ros']
[0.163s] Level 1:colcon.colcon_core.package_identification:_identify(src/crazyswarm2/crazyflie_server_py) by extension 'ros'
[0.164s] DEBUG:colcon.colcon_core.package_identification:Package 'src/crazyswarm2/crazyflie_server_py' with type 'ros.ament_python' and name 'crazyflie_server_py'
[0.164s] Level 1:colcon.colcon_core.package_identification:_identify(src/crazyswarm2/crazyflie_sim) by extensions ['ignore', 'ignore_ament_install']
[0.164s] Level 1:colcon.colcon_core.package_identification:_identify(src/crazyswarm2/crazyflie_sim) by extension 'ignore'
[0.164s] Level 1:colcon.colcon_core.package_identification:_identify(src/crazyswarm2/crazyflie_sim) by extension 'ignore_ament_install'
[0.164s] Level 1:colcon.colcon_core.package_identification:_identify(src/crazyswarm2/crazyflie_sim) by extensions ['colcon_pkg']
[0.164s] Level 1:colcon.colcon_core.package_identification:_identify(src/crazyswarm2/crazyflie_sim) by extension 'colcon_pkg'
[0.164s] Level 1:colcon.colcon_core.package_identification:_identify(src/crazyswarm2/crazyflie_sim) by extensions ['colcon_meta']
[0.164s] Level 1:colcon.colcon_core.package_identification:_identify(src/crazyswarm2/crazyflie_sim) by extension 'colcon_meta'
[0.164s] Level 1:colcon.colcon_core.package_identification:_identify(src/crazyswarm2/crazyflie_sim) by extensions ['ros']
[0.164s] Level 1:colcon.colcon_core.package_identification:_identify(src/crazyswarm2/crazyflie_sim) by extension 'ros'
[0.165s] DEBUG:colcon.colcon_core.package_identification:Package 'src/crazyswarm2/crazyflie_sim' with type 'ros.ament_cmake' and name 'crazyflie_sim'
[0.165s] Level 1:colcon.colcon_core.package_identification:_identify(src/crazyswarm2/docs) by extensions ['ignore', 'ignore_ament_install']
[0.165s] Level 1:colcon.colcon_core.package_identification:_identify(src/crazyswarm2/docs) by extension 'ignore'
[0.165s] Level 1:colcon.colcon_core.package_identification:_identify(src/crazyswarm2/docs) by extension 'ignore_ament_install'
[0.165s] Level 1:colcon.colcon_core.package_identification:_identify(src/crazyswarm2/docs) by extensions ['colcon_pkg']
[0.165s] Level 1:colcon.colcon_core.package_identification:_identify(src/crazyswarm2/docs) by extension 'colcon_pkg'
[0.165s] Level 1:colcon.colcon_core.package_identification:_identify(src/crazyswarm2/docs) by extensions ['colcon_meta']
[0.165s] Level 1:colcon.colcon_core.package_identification:_identify(src/crazyswarm2/docs) by extension 'colcon_meta'
[0.166s] Level 1:colcon.colcon_core.package_identification:_identify(src/crazyswarm2/docs) by extensions ['ros']
[0.166s] Level 1:colcon.colcon_core.package_identification:_identify(src/crazyswarm2/docs) by extension 'ros'
[0.166s] Level 1:colcon.colcon_core.package_identification:_identify(src/crazyswarm2/docs) by extensions ['cmake', 'python']
[0.166s] Level 1:colcon.colcon_core.package_identification:_identify(src/crazyswarm2/docs) by extension 'cmake'
[0.166s] Level 1:colcon.colcon_core.package_identification:_identify(src/crazyswarm2/docs) by extension 'python'
[0.166s] Level 1:colcon.colcon_core.package_identification:_identify(src/crazyswarm2/docs) by extensions ['python_setup_py']
[0.166s] Level 1:colcon.colcon_core.package_identification:_identify(src/crazyswarm2/docs) by extension 'python_setup_py'
[0.166s] Level 1:colcon.colcon_core.package_identification:_identify(src/crazyswarm2/docs/generated) by extensions ['ignore', 'ignore_ament_install']
[0.166s] Level 1:colcon.colcon_core.package_identification:_identify(src/crazyswarm2/docs/generated) by extension 'ignore'
[0.166s] Level 1:colcon.colcon_core.package_identification:_identify(src/crazyswarm2/docs/generated) by extension 'ignore_ament_install'
[0.166s] Level 1:colcon.colcon_core.package_identification:_identify(src/crazyswarm2/docs/generated) by extensions ['colcon_pkg']
[0.166s] Level 1:colcon.colcon_core.package_identification:_identify(src/crazyswarm2/docs/generated) by extension 'colcon_pkg'
[0.166s] Level 1:colcon.colcon_core.package_identification:_identify(src/crazyswarm2/docs/generated) by extensions ['colcon_meta']
[0.166s] Level 1:colcon.colcon_core.package_identification:_identify(src/crazyswarm2/docs/generated) by extension 'colcon_meta'
[0.166s] Level 1:colcon.colcon_core.package_identification:_identify(src/crazyswarm2/docs/generated) by extensions ['ros']
[0.166s] Level 1:colcon.colcon_core.package_identification:_identify(src/crazyswarm2/docs/generated) by extension 'ros'
[0.166s] Level 1:colcon.colcon_core.package_identification:_identify(src/crazyswarm2/docs/generated) by extensions ['cmake', 'python']
[0.166s] Level 1:colcon.colcon_core.package_identification:_identify(src/crazyswarm2/docs/generated) by extension 'cmake'
[0.166s] Level 1:colcon.colcon_core.package_identification:_identify(src/crazyswarm2/docs/generated) by extension 'python'
[0.166s] Level 1:colcon.colcon_core.package_identification:_identify(src/crazyswarm2/docs/generated) by extensions ['python_setup_py']
[0.166s] Level 1:colcon.colcon_core.package_identification:_identify(src/crazyswarm2/docs/generated) by extension 'python_setup_py'
[0.166s] Level 1:colcon.colcon_core.package_identification:_identify(src/crazyswarm2/docs/howto) by extensions ['ignore', 'ignore_ament_install']
[0.166s] Level 1:colcon.colcon_core.package_identification:_identify(src/crazyswarm2/docs/howto) by extension 'ignore'
[0.166s] Level 1:colcon.colcon_core.package_identification:_identify(src/crazyswarm2/docs/howto) by extension 'ignore_ament_install'
[0.166s] Level 1:colcon.colcon_core.package_identification:_identify(src/crazyswarm2/docs/howto) by extensions ['colcon_pkg']
[0.166s] Level 1:colcon.colcon_core.package_identification:_identify(src/crazyswarm2/docs/howto) by extension 'colcon_pkg'
[0.167s] Level 1:colcon.colcon_core.package_identification:_identify(src/crazyswarm2/docs/howto) by extensions ['colcon_meta']
[0.167s] Level 1:colcon.colcon_core.package_identification:_identify(src/crazyswarm2/docs/howto) by extension 'colcon_meta'
[0.167s] Level 1:colcon.colcon_core.package_identification:_identify(src/crazyswarm2/docs/howto) by extensions ['ros']
[0.167s] Level 1:colcon.colcon_core.package_identification:_identify(src/crazyswarm2/docs/howto) by extension 'ros'
[0.167s] Level 1:colcon.colcon_core.package_identification:_identify(src/crazyswarm2/docs/howto) by extensions ['cmake', 'python']
[0.167s] Level 1:colcon.colcon_core.package_identification:_identify(src/crazyswarm2/docs/howto) by extension 'cmake'
[0.167s] Level 1:colcon.colcon_core.package_identification:_identify(src/crazyswarm2/docs/howto) by extension 'python'
[0.167s] Level 1:colcon.colcon_core.package_identification:_identify(src/crazyswarm2/docs/howto) by extensions ['python_setup_py']
[0.167s] Level 1:colcon.colcon_core.package_identification:_identify(src/crazyswarm2/docs/howto) by extension 'python_setup_py'
[0.167s] Level 1:colcon.colcon_core.package_identification:_identify(src/crazyswarm2/docs/images) by extensions ['ignore', 'ignore_ament_install']
[0.167s] Level 1:colcon.colcon_core.package_identification:_identify(src/crazyswarm2/docs/images) by extension 'ignore'
[0.167s] Level 1:colcon.colcon_core.package_identification:_identify(src/crazyswarm2/docs/images) by extension 'ignore_ament_install'
[0.167s] Level 1:colcon.colcon_core.package_identification:_identify(src/crazyswarm2/docs/images) by extensions ['colcon_pkg']
[0.167s] Level 1:colcon.colcon_core.package_identification:_identify(src/crazyswarm2/docs/images) by extension 'colcon_pkg'
[0.167s] Level 1:colcon.colcon_core.package_identification:_identify(src/crazyswarm2/docs/images) by extensions ['colcon_meta']
[0.167s] Level 1:colcon.colcon_core.package_identification:_identify(src/crazyswarm2/docs/images) by extension 'colcon_meta'
[0.167s] Level 1:colcon.colcon_core.package_identification:_identify(src/crazyswarm2/docs/images) by extensions ['ros']
[0.167s] Level 1:colcon.colcon_core.package_identification:_identify(src/crazyswarm2/docs/images) by extension 'ros'
[0.167s] Level 1:colcon.colcon_core.package_identification:_identify(src/crazyswarm2/docs/images) by extensions ['cmake', 'python']
[0.167s] Level 1:colcon.colcon_core.package_identification:_identify(src/crazyswarm2/docs/images) by extension 'cmake'
[0.167s] Level 1:colcon.colcon_core.package_identification:_identify(src/crazyswarm2/docs/images) by extension 'python'
[0.167s] Level 1:colcon.colcon_core.package_identification:_identify(src/crazyswarm2/docs/images) by extensions ['python_setup_py']
[0.167s] Level 1:colcon.colcon_core.package_identification:_identify(src/crazyswarm2/docs/images) by extension 'python_setup_py'
[0.167s] Level 1:colcon.colcon_core.package_identification:_identify(src/crazyswarm2/docs/tutorials) by extensions ['ignore', 'ignore_ament_install']
[0.167s] Level 1:colcon.colcon_core.package_identification:_identify(src/crazyswarm2/docs/tutorials) by extension 'ignore'
[0.167s] Level 1:colcon.colcon_core.package_identification:_identify(src/crazyswarm2/docs/tutorials) by extension 'ignore_ament_install'
[0.167s] Level 1:colcon.colcon_core.package_identification:_identify(src/crazyswarm2/docs/tutorials) by extensions ['colcon_pkg']
[0.168s] Level 1:colcon.colcon_core.package_identification:_identify(src/crazyswarm2/docs/tutorials) by extension 'colcon_pkg'
[0.168s] Level 1:colcon.colcon_core.package_identification:_identify(src/crazyswarm2/docs/tutorials) by extensions ['colcon_meta']
[0.168s] Level 1:colcon.colcon_core.package_identification:_identify(src/crazyswarm2/docs/tutorials) by extension 'colcon_meta'
[0.168s] Level 1:colcon.colcon_core.package_identification:_identify(src/crazyswarm2/docs/tutorials) by extensions ['ros']
[0.168s] Level 1:colcon.colcon_core.package_identification:_identify(src/crazyswarm2/docs/tutorials) by extension 'ros'
[0.168s] Level 1:colcon.colcon_core.package_identification:_identify(src/crazyswarm2/docs/tutorials) by extensions ['cmake', 'python']
[0.168s] Level 1:colcon.colcon_core.package_identification:_identify(src/crazyswarm2/docs/tutorials) by extension 'cmake'
[0.168s] Level 1:colcon.colcon_core.package_identification:_identify(src/crazyswarm2/docs/tutorials) by extension 'python'
[0.168s] Level 1:colcon.colcon_core.package_identification:_identify(src/crazyswarm2/docs/tutorials) by extensions ['python_setup_py']
[0.168s] Level 1:colcon.colcon_core.package_identification:_identify(src/crazyswarm2/docs/tutorials) by extension 'python_setup_py'
[0.168s] Level 1:colcon.colcon_core.package_identification:_identify(src/crazyswarm2/docs2) by extensions ['ignore', 'ignore_ament_install']
[0.168s] Level 1:colcon.colcon_core.package_identification:_identify(src/crazyswarm2/docs2) by extension 'ignore'
[0.168s] Level 1:colcon.colcon_core.package_identification:_identify(src/crazyswarm2/docs2) by extension 'ignore_ament_install'
[0.168s] Level 1:colcon.colcon_core.package_identification:_identify(src/crazyswarm2/docs2) by extensions ['colcon_pkg']
[0.168s] Level 1:colcon.colcon_core.package_identification:_identify(src/crazyswarm2/docs2) by extension 'colcon_pkg'
[0.168s] Level 1:colcon.colcon_core.package_identification:_identify(src/crazyswarm2/docs2) by extensions ['colcon_meta']
[0.168s] Level 1:colcon.colcon_core.package_identification:_identify(src/crazyswarm2/docs2) by extension 'colcon_meta'
[0.168s] Level 1:colcon.colcon_core.package_identification:_identify(src/crazyswarm2/docs2) by extensions ['ros']
[0.168s] Level 1:colcon.colcon_core.package_identification:_identify(src/crazyswarm2/docs2) by extension 'ros'
[0.168s] Level 1:colcon.colcon_core.package_identification:_identify(src/crazyswarm2/docs2) by extensions ['cmake', 'python']
[0.168s] Level 1:colcon.colcon_core.package_identification:_identify(src/crazyswarm2/docs2) by extension 'cmake'
[0.168s] Level 1:colcon.colcon_core.package_identification:_identify(src/crazyswarm2/docs2) by extension 'python'
[0.168s] Level 1:colcon.colcon_core.package_identification:_identify(src/crazyswarm2/docs2) by extensions ['python_setup_py']
[0.168s] Level 1:colcon.colcon_core.package_identification:_identify(src/crazyswarm2/docs2) by extension 'python_setup_py'
[0.168s] Level 1:colcon.colcon_core.package_identification:_identify(src/crazyswarm2/docs2/images) by extensions ['ignore', 'ignore_ament_install']
[0.168s] Level 1:colcon.colcon_core.package_identification:_identify(src/crazyswarm2/docs2/images) by extension 'ignore'
[0.168s] Level 1:colcon.colcon_core.package_identification:_identify(src/crazyswarm2/docs2/images) by extension 'ignore_ament_install'
[0.169s] Level 1:colcon.colcon_core.package_identification:_identify(src/crazyswarm2/docs2/images) by extensions ['colcon_pkg']
[0.169s] Level 1:colcon.colcon_core.package_identification:_identify(src/crazyswarm2/docs2/images) by extension 'colcon_pkg'
[0.169s] Level 1:colcon.colcon_core.package_identification:_identify(src/crazyswarm2/docs2/images) by extensions ['colcon_meta']
[0.169s] Level 1:colcon.colcon_core.package_identification:_identify(src/crazyswarm2/docs2/images) by extension 'colcon_meta'
[0.169s] Level 1:colcon.colcon_core.package_identification:_identify(src/crazyswarm2/docs2/images) by extensions ['ros']
[0.169s] Level 1:colcon.colcon_core.package_identification:_identify(src/crazyswarm2/docs2/images) by extension 'ros'
[0.169s] Level 1:colcon.colcon_core.package_identification:_identify(src/crazyswarm2/docs2/images) by extensions ['cmake', 'python']
[0.169s] Level 1:colcon.colcon_core.package_identification:_identify(src/crazyswarm2/docs2/images) by extension 'cmake'
[0.169s] Level 1:colcon.colcon_core.package_identification:_identify(src/crazyswarm2/docs2/images) by extension 'python'
[0.169s] Level 1:colcon.colcon_core.package_identification:_identify(src/crazyswarm2/docs2/images) by extensions ['python_setup_py']
[0.169s] Level 1:colcon.colcon_core.package_identification:_identify(src/crazyswarm2/docs2/images) by extension 'python_setup_py'
[0.169s] Level 1:colcon.colcon_core.package_identification:_identify(src/crazyswarm2/prebuilt) by extensions ['ignore', 'ignore_ament_install']
[0.169s] Level 1:colcon.colcon_core.package_identification:_identify(src/crazyswarm2/prebuilt) by extension 'ignore'
[0.169s] Level 1:colcon.colcon_core.package_identification:_identify(src/crazyswarm2/prebuilt) by extension 'ignore_ament_install'
[0.169s] Level 1:colcon.colcon_core.package_identification:_identify(src/crazyswarm2/prebuilt) by extensions ['colcon_pkg']
[0.169s] Level 1:colcon.colcon_core.package_identification:_identify(src/crazyswarm2/prebuilt) by extension 'colcon_pkg'
[0.169s] Level 1:colcon.colcon_core.package_identification:_identify(src/crazyswarm2/prebuilt) by extensions ['colcon_meta']
[0.169s] Level 1:colcon.colcon_core.package_identification:_identify(src/crazyswarm2/prebuilt) by extension 'colcon_meta'
[0.169s] Level 1:colcon.colcon_core.package_identification:_identify(src/crazyswarm2/prebuilt) by extensions ['ros']
[0.169s] Level 1:colcon.colcon_core.package_identification:_identify(src/crazyswarm2/prebuilt) by extension 'ros'
[0.169s] Level 1:colcon.colcon_core.package_identification:_identify(src/crazyswarm2/prebuilt) by extensions ['cmake', 'python']
[0.169s] Level 1:colcon.colcon_core.package_identification:_identify(src/crazyswarm2/prebuilt) by extension 'cmake'
[0.169s] Level 1:colcon.colcon_core.package_identification:_identify(src/crazyswarm2/prebuilt) by extension 'python'
[0.169s] Level 1:colcon.colcon_core.package_identification:_identify(src/crazyswarm2/prebuilt) by extensions ['python_setup_py']
[0.169s] Level 1:colcon.colcon_core.package_identification:_identify(src/crazyswarm2/prebuilt) by extension 'python_setup_py'
[0.169s] Level 1:colcon.colcon_core.package_identification:_identify(src/crazyswarm2/ros_ws) by extensions ['ignore', 'ignore_ament_install']
[0.169s] Level 1:colcon.colcon_core.package_identification:_identify(src/crazyswarm2/ros_ws) by extension 'ignore'
[0.169s] Level 1:colcon.colcon_core.package_identification:_identify(src/crazyswarm2/ros_ws) by extension 'ignore_ament_install'
[0.170s] Level 1:colcon.colcon_core.package_identification:_identify(src/crazyswarm2/ros_ws) by extensions ['colcon_pkg']
[0.170s] Level 1:colcon.colcon_core.package_identification:_identify(src/crazyswarm2/ros_ws) by extension 'colcon_pkg'
[0.170s] Level 1:colcon.colcon_core.package_identification:_identify(src/crazyswarm2/ros_ws) by extensions ['colcon_meta']
[0.170s] Level 1:colcon.colcon_core.package_identification:_identify(src/crazyswarm2/ros_ws) by extension 'colcon_meta'
[0.170s] Level 1:colcon.colcon_core.package_identification:_identify(src/crazyswarm2/ros_ws) by extensions ['ros']
[0.170s] Level 1:colcon.colcon_core.package_identification:_identify(src/crazyswarm2/ros_ws) by extension 'ros'
[0.170s] Level 1:colcon.colcon_core.package_identification:_identify(src/crazyswarm2/ros_ws) by extensions ['cmake', 'python']
[0.170s] Level 1:colcon.colcon_core.package_identification:_identify(src/crazyswarm2/ros_ws) by extension 'cmake'
[0.170s] Level 1:colcon.colcon_core.package_identification:_identify(src/crazyswarm2/ros_ws) by extension 'python'
[0.170s] Level 1:colcon.colcon_core.package_identification:_identify(src/crazyswarm2/ros_ws) by extensions ['python_setup_py']
[0.170s] Level 1:colcon.colcon_core.package_identification:_identify(src/crazyswarm2/ros_ws) by extension 'python_setup_py'
[0.170s] Level 1:colcon.colcon_core.package_identification:_identify(src/crazyswarm2/ros_ws/src) by extensions ['ignore', 'ignore_ament_install']
[0.170s] Level 1:colcon.colcon_core.package_identification:_identify(src/crazyswarm2/ros_ws/src) by extension 'ignore'
[0.170s] Level 1:colcon.colcon_core.package_identification:_identify(src/crazyswarm2/ros_ws/src) by extension 'ignore_ament_install'
[0.170s] Level 1:colcon.colcon_core.package_identification:_identify(src/crazyswarm2/ros_ws/src) by extensions ['colcon_pkg']
[0.170s] Level 1:colcon.colcon_core.package_identification:_identify(src/crazyswarm2/ros_ws/src) by extension 'colcon_pkg'
[0.170s] Level 1:colcon.colcon_core.package_identification:_identify(src/crazyswarm2/ros_ws/src) by extensions ['colcon_meta']
[0.170s] Level 1:colcon.colcon_core.package_identification:_identify(src/crazyswarm2/ros_ws/src) by extension 'colcon_meta'
[0.170s] Level 1:colcon.colcon_core.package_identification:_identify(src/crazyswarm2/ros_ws/src) by extensions ['ros']
[0.170s] Level 1:colcon.colcon_core.package_identification:_identify(src/crazyswarm2/ros_ws/src) by extension 'ros'
[0.170s] Level 1:colcon.colcon_core.package_identification:_identify(src/crazyswarm2/ros_ws/src) by extensions ['cmake', 'python']
[0.170s] Level 1:colcon.colcon_core.package_identification:_identify(src/crazyswarm2/ros_ws/src) by extension 'cmake'
[0.170s] Level 1:colcon.colcon_core.package_identification:_identify(src/crazyswarm2/ros_ws/src) by extension 'python'
[0.171s] Level 1:colcon.colcon_core.package_identification:_identify(src/crazyswarm2/ros_ws/src) by extensions ['python_setup_py']
[0.171s] Level 1:colcon.colcon_core.package_identification:_identify(src/crazyswarm2/ros_ws/src) by extension 'python_setup_py'
[0.171s] Level 1:colcon.colcon_core.package_identification:_identify(src/crazyswarm2/ros_ws/src/crazyswarm) by extensions ['ignore', 'ignore_ament_install']
[0.171s] Level 1:colcon.colcon_core.package_identification:_identify(src/crazyswarm2/ros_ws/src/crazyswarm) by extension 'ignore'
[0.171s] Level 1:colcon.colcon_core.package_identification:_identify(src/crazyswarm2/ros_ws/src/crazyswarm) by extension 'ignore_ament_install'
[0.171s] Level 1:colcon.colcon_core.package_identification:_identify(src/crazyswarm2/ros_ws/src/crazyswarm) by extensions ['colcon_pkg']
[0.171s] Level 1:colcon.colcon_core.package_identification:_identify(src/crazyswarm2/ros_ws/src/crazyswarm) by extension 'colcon_pkg'
[0.171s] Level 1:colcon.colcon_core.package_identification:_identify(src/crazyswarm2/ros_ws/src/crazyswarm) by extensions ['colcon_meta']
[0.171s] Level 1:colcon.colcon_core.package_identification:_identify(src/crazyswarm2/ros_ws/src/crazyswarm) by extension 'colcon_meta'
[0.171s] Level 1:colcon.colcon_core.package_identification:_identify(src/crazyswarm2/ros_ws/src/crazyswarm) by extensions ['ros']
[0.171s] Level 1:colcon.colcon_core.package_identification:_identify(src/crazyswarm2/ros_ws/src/crazyswarm) by extension 'ros'
[0.171s] Level 1:colcon.colcon_core.package_identification:_identify(src/crazyswarm2/ros_ws/src/crazyswarm) by extensions ['cmake', 'python']
[0.171s] Level 1:colcon.colcon_core.package_identification:_identify(src/crazyswarm2/ros_ws/src/crazyswarm) by extension 'cmake'
[0.171s] Level 1:colcon.colcon_core.package_identification:_identify(src/crazyswarm2/ros_ws/src/crazyswarm) by extension 'python'
[0.171s] Level 1:colcon.colcon_core.package_identification:_identify(src/crazyswarm2/ros_ws/src/crazyswarm) by extensions ['python_setup_py']
[0.171s] Level 1:colcon.colcon_core.package_identification:_identify(src/crazyswarm2/ros_ws/src/crazyswarm) by extension 'python_setup_py'
[0.171s] Level 1:colcon.colcon_core.package_identification:_identify(src/crazyswarm2/ros_ws/src/crazyswarm/launch) by extensions ['ignore', 'ignore_ament_install']
[0.171s] Level 1:colcon.colcon_core.package_identification:_identify(src/crazyswarm2/ros_ws/src/crazyswarm/launch) by extension 'ignore'
[0.171s] Level 1:colcon.colcon_core.package_identification:_identify(src/crazyswarm2/ros_ws/src/crazyswarm/launch) by extension 'ignore_ament_install'
[0.172s] Level 1:colcon.colcon_core.package_identification:_identify(src/crazyswarm2/ros_ws/src/crazyswarm/launch) by extensions ['colcon_pkg']
[0.172s] Level 1:colcon.colcon_core.package_identification:_identify(src/crazyswarm2/ros_ws/src/crazyswarm/launch) by extension 'colcon_pkg'
[0.172s] Level 1:colcon.colcon_core.package_identification:_identify(src/crazyswarm2/ros_ws/src/crazyswarm/launch) by extensions ['colcon_meta']
[0.172s] Level 1:colcon.colcon_core.package_identification:_identify(src/crazyswarm2/ros_ws/src/crazyswarm/launch) by extension 'colcon_meta'
[0.172s] Level 1:colcon.colcon_core.package_identification:_identify(src/crazyswarm2/ros_ws/src/crazyswarm/launch) by extensions ['ros']
[0.172s] Level 1:colcon.colcon_core.package_identification:_identify(src/crazyswarm2/ros_ws/src/crazyswarm/launch) by extension 'ros'
[0.172s] Level 1:colcon.colcon_core.package_identification:_identify(src/crazyswarm2/ros_ws/src/crazyswarm/launch) by extensions ['cmake', 'python']
[0.172s] Level 1:colcon.colcon_core.package_identification:_identify(src/crazyswarm2/ros_ws/src/crazyswarm/launch) by extension 'cmake'
[0.172s] Level 1:colcon.colcon_core.package_identification:_identify(src/crazyswarm2/ros_ws/src/crazyswarm/launch) by extension 'python'
[0.172s] Level 1:colcon.colcon_core.package_identification:_identify(src/crazyswarm2/ros_ws/src/crazyswarm/launch) by extensions ['python_setup_py']
[0.172s] Level 1:colcon.colcon_core.package_identification:_identify(src/crazyswarm2/ros_ws/src/crazyswarm/launch) by extension 'python_setup_py'
[0.172s] Level 1:colcon.colcon_core.package_identification:_identify(src/crazyswarm2/ros_ws/src/crazyswarm/scripts) by extensions ['ignore', 'ignore_ament_install']
[0.172s] Level 1:colcon.colcon_core.package_identification:_identify(src/crazyswarm2/ros_ws/src/crazyswarm/scripts) by extension 'ignore'
[0.172s] Level 1:colcon.colcon_core.package_identification:_identify(src/crazyswarm2/ros_ws/src/crazyswarm/scripts) by extension 'ignore_ament_install'
[0.172s] Level 1:colcon.colcon_core.package_identification:_identify(src/crazyswarm2/ros_ws/src/crazyswarm/scripts) by extensions ['colcon_pkg']
[0.172s] Level 1:colcon.colcon_core.package_identification:_identify(src/crazyswarm2/ros_ws/src/crazyswarm/scripts) by extension 'colcon_pkg'
[0.172s] Level 1:colcon.colcon_core.package_identification:_identify(src/crazyswarm2/ros_ws/src/crazyswarm/scripts) by extensions ['colcon_meta']
[0.172s] Level 1:colcon.colcon_core.package_identification:_identify(src/crazyswarm2/ros_ws/src/crazyswarm/scripts) by extension 'colcon_meta'
[0.172s] Level 1:colcon.colcon_core.package_identification:_identify(src/crazyswarm2/ros_ws/src/crazyswarm/scripts) by extensions ['ros']
[0.172s] Level 1:colcon.colcon_core.package_identification:_identify(src/crazyswarm2/ros_ws/src/crazyswarm/scripts) by extension 'ros'
[0.173s] Level 1:colcon.colcon_core.package_identification:_identify(src/crazyswarm2/ros_ws/src/crazyswarm/scripts) by extensions ['cmake', 'python']
[0.173s] Level 1:colcon.colcon_core.package_identification:_identify(src/crazyswarm2/ros_ws/src/crazyswarm/scripts) by extension 'cmake'
[0.173s] Level 1:colcon.colcon_core.package_identification:_identify(src/crazyswarm2/ros_ws/src/crazyswarm/scripts) by extension 'python'
[0.173s] Level 1:colcon.colcon_core.package_identification:_identify(src/crazyswarm2/ros_ws/src/crazyswarm/scripts) by extensions ['python_setup_py']
[0.173s] Level 1:colcon.colcon_core.package_identification:_identify(src/crazyswarm2/ros_ws/src/crazyswarm/scripts) by extension 'python_setup_py'
[0.173s] Level 1:colcon.colcon_core.package_identification:_identify(src/crazyswarm2/ros_ws/src/crazyswarm/scripts/crossing2_pps) by extensions ['ignore', 'ignore_ament_install']
[0.173s] Level 1:colcon.colcon_core.package_identification:_identify(src/crazyswarm2/ros_ws/src/crazyswarm/scripts/crossing2_pps) by extension 'ignore'
[0.173s] Level 1:colcon.colcon_core.package_identification:_identify(src/crazyswarm2/ros_ws/src/crazyswarm/scripts/crossing2_pps) by extension 'ignore_ament_install'
[0.173s] Level 1:colcon.colcon_core.package_identification:_identify(src/crazyswarm2/ros_ws/src/crazyswarm/scripts/crossing2_pps) by extensions ['colcon_pkg']
[0.173s] Level 1:colcon.colcon_core.package_identification:_identify(src/crazyswarm2/ros_ws/src/crazyswarm/scripts/crossing2_pps) by extension 'colcon_pkg'
[0.173s] Level 1:colcon.colcon_core.package_identification:_identify(src/crazyswarm2/ros_ws/src/crazyswarm/scripts/crossing2_pps) by extensions ['colcon_meta']
[0.173s] Level 1:colcon.colcon_core.package_identification:_identify(src/crazyswarm2/ros_ws/src/crazyswarm/scripts/crossing2_pps) by extension 'colcon_meta'
[0.173s] Level 1:colcon.colcon_core.package_identification:_identify(src/crazyswarm2/ros_ws/src/crazyswarm/scripts/crossing2_pps) by extensions ['ros']
[0.173s] Level 1:colcon.colcon_core.package_identification:_identify(src/crazyswarm2/ros_ws/src/crazyswarm/scripts/crossing2_pps) by extension 'ros'
[0.173s] Level 1:colcon.colcon_core.package_identification:_identify(src/crazyswarm2/ros_ws/src/crazyswarm/scripts/crossing2_pps) by extensions ['cmake', 'python']
[0.173s] Level 1:colcon.colcon_core.package_identification:_identify(src/crazyswarm2/ros_ws/src/crazyswarm/scripts/crossing2_pps) by extension 'cmake'
[0.173s] Level 1:colcon.colcon_core.package_identification:_identify(src/crazyswarm2/ros_ws/src/crazyswarm/scripts/crossing2_pps) by extension 'python'
[0.173s] Level 1:colcon.colcon_core.package_identification:_identify(src/crazyswarm2/ros_ws/src/crazyswarm/scripts/crossing2_pps) by extensions ['python_setup_py']
[0.173s] Level 1:colcon.colcon_core.package_identification:_identify(src/crazyswarm2/ros_ws/src/crazyswarm/scripts/crossing2_pps) by extension 'python_setup_py'
[0.174s] Level 1:colcon.colcon_core.package_identification:_identify(src/crazyswarm2/ros_ws/src/crazyswarm/scripts/crossing4_pps) by extensions ['ignore', 'ignore_ament_install']
[0.174s] Level 1:colcon.colcon_core.package_identification:_identify(src/crazyswarm2/ros_ws/src/crazyswarm/scripts/crossing4_pps) by extension 'ignore'
[0.174s] Level 1:colcon.colcon_core.package_identification:_identify(src/crazyswarm2/ros_ws/src/crazyswarm/scripts/crossing4_pps) by extension 'ignore_ament_install'
[0.174s] Level 1:colcon.colcon_core.package_identification:_identify(src/crazyswarm2/ros_ws/src/crazyswarm/scripts/crossing4_pps) by extensions ['colcon_pkg']
[0.174s] Level 1:colcon.colcon_core.package_identification:_identify(src/crazyswarm2/ros_ws/src/crazyswarm/scripts/crossing4_pps) by extension 'colcon_pkg'
[0.174s] Level 1:colcon.colcon_core.package_identification:_identify(src/crazyswarm2/ros_ws/src/crazyswarm/scripts/crossing4_pps) by extensions ['colcon_meta']
[0.174s] Level 1:colcon.colcon_core.package_identification:_identify(src/crazyswarm2/ros_ws/src/crazyswarm/scripts/crossing4_pps) by extension 'colcon_meta'
[0.174s] Level 1:colcon.colcon_core.package_identification:_identify(src/crazyswarm2/ros_ws/src/crazyswarm/scripts/crossing4_pps) by extensions ['ros']
[0.174s] Level 1:colcon.colcon_core.package_identification:_identify(src/crazyswarm2/ros_ws/src/crazyswarm/scripts/crossing4_pps) by extension 'ros'
[0.174s] Level 1:colcon.colcon_core.package_identification:_identify(src/crazyswarm2/ros_ws/src/crazyswarm/scripts/crossing4_pps) by extensions ['cmake', 'python']
[0.174s] Level 1:colcon.colcon_core.package_identification:_identify(src/crazyswarm2/ros_ws/src/crazyswarm/scripts/crossing4_pps) by extension 'cmake'
[0.174s] Level 1:colcon.colcon_core.package_identification:_identify(src/crazyswarm2/ros_ws/src/crazyswarm/scripts/crossing4_pps) by extension 'python'
[0.174s] Level 1:colcon.colcon_core.package_identification:_identify(src/crazyswarm2/ros_ws/src/crazyswarm/scripts/crossing4_pps) by extensions ['python_setup_py']
[0.174s] Level 1:colcon.colcon_core.package_identification:_identify(src/crazyswarm2/ros_ws/src/crazyswarm/scripts/crossing4_pps) by extension 'python_setup_py'
[0.174s] Level 1:colcon.colcon_core.package_identification:_identify(src/crazyswarm2/ros_ws/src/crazyswarm/scripts/sequence_trajectories) by extensions ['ignore', 'ignore_ament_install']
[0.174s] Level 1:colcon.colcon_core.package_identification:_identify(src/crazyswarm2/ros_ws/src/crazyswarm/scripts/sequence_trajectories) by extension 'ignore'
[0.174s] Level 1:colcon.colcon_core.package_identification:_identify(src/crazyswarm2/ros_ws/src/crazyswarm/scripts/sequence_trajectories) by extension 'ignore_ament_install'
[0.174s] Level 1:colcon.colcon_core.package_identification:_identify(src/crazyswarm2/ros_ws/src/crazyswarm/scripts/sequence_trajectories) by extensions ['colcon_pkg']
[0.174s] Level 1:colcon.colcon_core.package_identification:_identify(src/crazyswarm2/ros_ws/src/crazyswarm/scripts/sequence_trajectories) by extension 'colcon_pkg'
[0.175s] Level 1:colcon.colcon_core.package_identification:_identify(src/crazyswarm2/ros_ws/src/crazyswarm/scripts/sequence_trajectories) by extensions ['colcon_meta']
[0.175s] Level 1:colcon.colcon_core.package_identification:_identify(src/crazyswarm2/ros_ws/src/crazyswarm/scripts/sequence_trajectories) by extension 'colcon_meta'
[0.175s] Level 1:colcon.colcon_core.package_identification:_identify(src/crazyswarm2/ros_ws/src/crazyswarm/scripts/sequence_trajectories) by extensions ['ros']
[0.175s] Level 1:colcon.colcon_core.package_identification:_identify(src/crazyswarm2/ros_ws/src/crazyswarm/scripts/sequence_trajectories) by extension 'ros'
[0.175s] Level 1:colcon.colcon_core.package_identification:_identify(src/crazyswarm2/ros_ws/src/crazyswarm/scripts/sequence_trajectories) by extensions ['cmake', 'python']
[0.175s] Level 1:colcon.colcon_core.package_identification:_identify(src/crazyswarm2/ros_ws/src/crazyswarm/scripts/sequence_trajectories) by extension 'cmake'
[0.175s] Level 1:colcon.colcon_core.package_identification:_identify(src/crazyswarm2/ros_ws/src/crazyswarm/scripts/sequence_trajectories) by extension 'python'
[0.175s] Level 1:colcon.colcon_core.package_identification:_identify(src/crazyswarm2/ros_ws/src/crazyswarm/scripts/sequence_trajectories) by extensions ['python_setup_py']
[0.175s] Level 1:colcon.colcon_core.package_identification:_identify(src/crazyswarm2/ros_ws/src/crazyswarm/scripts/sequence_trajectories) by extension 'python_setup_py'
[0.175s] Level 1:colcon.colcon_core.package_identification:_identify(src/crazyswarm2/ros_ws/src/crazyswarm/scripts/sequence_trajectories/1) by extensions ['ignore', 'ignore_ament_install']
[0.175s] Level 1:colcon.colcon_core.package_identification:_identify(src/crazyswarm2/ros_ws/src/crazyswarm/scripts/sequence_trajectories/1) by extension 'ignore'
[0.175s] Level 1:colcon.colcon_core.package_identification:_identify(src/crazyswarm2/ros_ws/src/crazyswarm/scripts/sequence_trajectories/1) by extension 'ignore_ament_install'
[0.175s] Level 1:colcon.colcon_core.package_identification:_identify(src/crazyswarm2/ros_ws/src/crazyswarm/scripts/sequence_trajectories/1) by extensions ['colcon_pkg']
[0.175s] Level 1:colcon.colcon_core.package_identification:_identify(src/crazyswarm2/ros_ws/src/crazyswarm/scripts/sequence_trajectories/1) by extension 'colcon_pkg'
[0.175s] Level 1:colcon.colcon_core.package_identification:_identify(src/crazyswarm2/ros_ws/src/crazyswarm/scripts/sequence_trajectories/1) by extensions ['colcon_meta']
[0.175s] Level 1:colcon.colcon_core.package_identification:_identify(src/crazyswarm2/ros_ws/src/crazyswarm/scripts/sequence_trajectories/1) by extension 'colcon_meta'
[0.175s] Level 1:colcon.colcon_core.package_identification:_identify(src/crazyswarm2/ros_ws/src/crazyswarm/scripts/sequence_trajectories/1) by extensions ['ros']
[0.175s] Level 1:colcon.colcon_core.package_identification:_identify(src/crazyswarm2/ros_ws/src/crazyswarm/scripts/sequence_trajectories/1) by extension 'ros'
[0.175s] Level 1:colcon.colcon_core.package_identification:_identify(src/crazyswarm2/ros_ws/src/crazyswarm/scripts/sequence_trajectories/1) by extensions ['cmake', 'python']
[0.175s] Level 1:colcon.colcon_core.package_identification:_identify(src/crazyswarm2/ros_ws/src/crazyswarm/scripts/sequence_trajectories/1) by extension 'cmake'
[0.175s] Level 1:colcon.colcon_core.package_identification:_identify(src/crazyswarm2/ros_ws/src/crazyswarm/scripts/sequence_trajectories/1) by extension 'python'
[0.176s] Level 1:colcon.colcon_core.package_identification:_identify(src/crazyswarm2/ros_ws/src/crazyswarm/scripts/sequence_trajectories/1) by extensions ['python_setup_py']
[0.176s] Level 1:colcon.colcon_core.package_identification:_identify(src/crazyswarm2/ros_ws/src/crazyswarm/scripts/sequence_trajectories/1) by extension 'python_setup_py'
[0.176s] Level 1:colcon.colcon_core.package_identification:_identify(src/crazyswarm2/ros_ws/src/crazyswarm/scripts/sequence_trajectories/2) by extensions ['ignore', 'ignore_ament_install']
[0.176s] Level 1:colcon.colcon_core.package_identification:_identify(src/crazyswarm2/ros_ws/src/crazyswarm/scripts/sequence_trajectories/2) by extension 'ignore'
[0.176s] Level 1:colcon.colcon_core.package_identification:_identify(src/crazyswarm2/ros_ws/src/crazyswarm/scripts/sequence_trajectories/2) by extension 'ignore_ament_install'
[0.176s] Level 1:colcon.colcon_core.package_identification:_identify(src/crazyswarm2/ros_ws/src/crazyswarm/scripts/sequence_trajectories/2) by extensions ['colcon_pkg']
[0.176s] Level 1:colcon.colcon_core.package_identification:_identify(src/crazyswarm2/ros_ws/src/crazyswarm/scripts/sequence_trajectories/2) by extension 'colcon_pkg'
[0.176s] Level 1:colcon.colcon_core.package_identification:_identify(src/crazyswarm2/ros_ws/src/crazyswarm/scripts/sequence_trajectories/2) by extensions ['colcon_meta']
[0.176s] Level 1:colcon.colcon_core.package_identification:_identify(src/crazyswarm2/ros_ws/src/crazyswarm/scripts/sequence_trajectories/2) by extension 'colcon_meta'
[0.176s] Level 1:colcon.colcon_core.package_identification:_identify(src/crazyswarm2/ros_ws/src/crazyswarm/scripts/sequence_trajectories/2) by extensions ['ros']
[0.176s] Level 1:colcon.colcon_core.package_identification:_identify(src/crazyswarm2/ros_ws/src/crazyswarm/scripts/sequence_trajectories/2) by extension 'ros'
[0.176s] Level 1:colcon.colcon_core.package_identification:_identify(src/crazyswarm2/ros_ws/src/crazyswarm/scripts/sequence_trajectories/2) by extensions ['cmake', 'python']
[0.176s] Level 1:colcon.colcon_core.package_identification:_identify(src/crazyswarm2/ros_ws/src/crazyswarm/scripts/sequence_trajectories/2) by extension 'cmake'
[0.176s] Level 1:colcon.colcon_core.package_identification:_identify(src/crazyswarm2/ros_ws/src/crazyswarm/scripts/sequence_trajectories/2) by extension 'python'
[0.176s] Level 1:colcon.colcon_core.package_identification:_identify(src/crazyswarm2/ros_ws/src/crazyswarm/scripts/sequence_trajectories/2) by extensions ['python_setup_py']
[0.176s] Level 1:colcon.colcon_core.package_identification:_identify(src/crazyswarm2/ros_ws/src/crazyswarm/scripts/sequence_trajectories/2) by extension 'python_setup_py'
[0.176s] Level 1:colcon.colcon_core.package_identification:_identify(src/crazyswarm2/ros_ws/src/crazyswarm/scripts/sequence_trajectories/3) by extensions ['ignore', 'ignore_ament_install']
[0.176s] Level 1:colcon.colcon_core.package_identification:_identify(src/crazyswarm2/ros_ws/src/crazyswarm/scripts/sequence_trajectories/3) by extension 'ignore'
[0.176s] Level 1:colcon.colcon_core.package_identification:_identify(src/crazyswarm2/ros_ws/src/crazyswarm/scripts/sequence_trajectories/3) by extension 'ignore_ament_install'
[0.176s] Level 1:colcon.colcon_core.package_identification:_identify(src/crazyswarm2/ros_ws/src/crazyswarm/scripts/sequence_trajectories/3) by extensions ['colcon_pkg']
[0.176s] Level 1:colcon.colcon_core.package_identification:_identify(src/crazyswarm2/ros_ws/src/crazyswarm/scripts/sequence_trajectories/3) by extension 'colcon_pkg'
[0.176s] Level 1:colcon.colcon_core.package_identification:_identify(src/crazyswarm2/ros_ws/src/crazyswarm/scripts/sequence_trajectories/3) by extensions ['colcon_meta']
[0.176s] Level 1:colcon.colcon_core.package_identification:_identify(src/crazyswarm2/ros_ws/src/crazyswarm/scripts/sequence_trajectories/3) by extension 'colcon_meta'
[0.176s] Level 1:colcon.colcon_core.package_identification:_identify(src/crazyswarm2/ros_ws/src/crazyswarm/scripts/sequence_trajectories/3) by extensions ['ros']
[0.176s] Level 1:colcon.colcon_core.package_identification:_identify(src/crazyswarm2/ros_ws/src/crazyswarm/scripts/sequence_trajectories/3) by extension 'ros'
[0.176s] Level 1:colcon.colcon_core.package_identification:_identify(src/crazyswarm2/ros_ws/src/crazyswarm/scripts/sequence_trajectories/3) by extensions ['cmake', 'python']
[0.176s] Level 1:colcon.colcon_core.package_identification:_identify(src/crazyswarm2/ros_ws/src/crazyswarm/scripts/sequence_trajectories/3) by extension 'cmake'
[0.177s] Level 1:colcon.colcon_core.package_identification:_identify(src/crazyswarm2/ros_ws/src/crazyswarm/scripts/sequence_trajectories/3) by extension 'python'
[0.177s] Level 1:colcon.colcon_core.package_identification:_identify(src/crazyswarm2/ros_ws/src/crazyswarm/scripts/sequence_trajectories/3) by extensions ['python_setup_py']
[0.177s] Level 1:colcon.colcon_core.package_identification:_identify(src/crazyswarm2/ros_ws/src/crazyswarm/scripts/sequence_trajectories/3) by extension 'python_setup_py'
[0.177s] Level 1:colcon.colcon_core.package_identification:_identify(src/crazyswarm2/ros_ws/src/crazyswarm/scripts/sequence_trajectories/4) by extensions ['ignore', 'ignore_ament_install']
[0.177s] Level 1:colcon.colcon_core.package_identification:_identify(src/crazyswarm2/ros_ws/src/crazyswarm/scripts/sequence_trajectories/4) by extension 'ignore'
[0.177s] Level 1:colcon.colcon_core.package_identification:_identify(src/crazyswarm2/ros_ws/src/crazyswarm/scripts/sequence_trajectories/4) by extension 'ignore_ament_install'
[0.177s] Level 1:colcon.colcon_core.package_identification:_identify(src/crazyswarm2/ros_ws/src/crazyswarm/scripts/sequence_trajectories/4) by extensions ['colcon_pkg']
[0.177s] Level 1:colcon.colcon_core.package_identification:_identify(src/crazyswarm2/ros_ws/src/crazyswarm/scripts/sequence_trajectories/4) by extension 'colcon_pkg'
[0.177s] Level 1:colcon.colcon_core.package_identification:_identify(src/crazyswarm2/ros_ws/src/crazyswarm/scripts/sequence_trajectories/4) by extensions ['colcon_meta']
[0.177s] Level 1:colcon.colcon_core.package_identification:_identify(src/crazyswarm2/ros_ws/src/crazyswarm/scripts/sequence_trajectories/4) by extension 'colcon_meta'
[0.177s] Level 1:colcon.colcon_core.package_identification:_identify(src/crazyswarm2/ros_ws/src/crazyswarm/scripts/sequence_trajectories/4) by extensions ['ros']
[0.177s] Level 1:colcon.colcon_core.package_identification:_identify(src/crazyswarm2/ros_ws/src/crazyswarm/scripts/sequence_trajectories/4) by extension 'ros'
[0.177s] Level 1:colcon.colcon_core.package_identification:_identify(src/crazyswarm2/ros_ws/src/crazyswarm/scripts/sequence_trajectories/4) by extensions ['cmake', 'python']
[0.177s] Level 1:colcon.colcon_core.package_identification:_identify(src/crazyswarm2/ros_ws/src/crazyswarm/scripts/sequence_trajectories/4) by extension 'cmake'
[0.177s] Level 1:colcon.colcon_core.package_identification:_identify(src/crazyswarm2/ros_ws/src/crazyswarm/scripts/sequence_trajectories/4) by extension 'python'
[0.177s] Level 1:colcon.colcon_core.package_identification:_identify(src/crazyswarm2/ros_ws/src/crazyswarm/scripts/sequence_trajectories/4) by extensions ['python_setup_py']
[0.177s] Level 1:colcon.colcon_core.package_identification:_identify(src/crazyswarm2/ros_ws/src/crazyswarm/scripts/sequence_trajectories/4) by extension 'python_setup_py'
[0.177s] Level 1:colcon.colcon_core.package_identification:_identify(src/crazyswarm2/ros_ws/src/crazyswarm/scripts/sequence_trajectories/5) by extensions ['ignore', 'ignore_ament_install']
[0.177s] Level 1:colcon.colcon_core.package_identification:_identify(src/crazyswarm2/ros_ws/src/crazyswarm/scripts/sequence_trajectories/5) by extension 'ignore'
[0.177s] Level 1:colcon.colcon_core.package_identification:_identify(src/crazyswarm2/ros_ws/src/crazyswarm/scripts/sequence_trajectories/5) by extension 'ignore_ament_install'
[0.177s] Level 1:colcon.colcon_core.package_identification:_identify(src/crazyswarm2/ros_ws/src/crazyswarm/scripts/sequence_trajectories/5) by extensions ['colcon_pkg']
[0.177s] Level 1:colcon.colcon_core.package_identification:_identify(src/crazyswarm2/ros_ws/src/crazyswarm/scripts/sequence_trajectories/5) by extension 'colcon_pkg'
[0.177s] Level 1:colcon.colcon_core.package_identification:_identify(src/crazyswarm2/ros_ws/src/crazyswarm/scripts/sequence_trajectories/5) by extensions ['colcon_meta']
[0.177s] Level 1:colcon.colcon_core.package_identification:_identify(src/crazyswarm2/ros_ws/src/crazyswarm/scripts/sequence_trajectories/5) by extension 'colcon_meta'
[0.177s] Level 1:colcon.colcon_core.package_identification:_identify(src/crazyswarm2/ros_ws/src/crazyswarm/scripts/sequence_trajectories/5) by extensions ['ros']
[0.177s] Level 1:colcon.colcon_core.package_identification:_identify(src/crazyswarm2/ros_ws/src/crazyswarm/scripts/sequence_trajectories/5) by extension 'ros'
[0.177s] Level 1:colcon.colcon_core.package_identification:_identify(src/crazyswarm2/ros_ws/src/crazyswarm/scripts/sequence_trajectories/5) by extensions ['cmake', 'python']
[0.177s] Level 1:colcon.colcon_core.package_identification:_identify(src/crazyswarm2/ros_ws/src/crazyswarm/scripts/sequence_trajectories/5) by extension 'cmake'
[0.178s] Level 1:colcon.colcon_core.package_identification:_identify(src/crazyswarm2/ros_ws/src/crazyswarm/scripts/sequence_trajectories/5) by extension 'python'
[0.178s] Level 1:colcon.colcon_core.package_identification:_identify(src/crazyswarm2/ros_ws/src/crazyswarm/scripts/sequence_trajectories/5) by extensions ['python_setup_py']
[0.178s] Level 1:colcon.colcon_core.package_identification:_identify(src/crazyswarm2/ros_ws/src/crazyswarm/scripts/sequence_trajectories/5) by extension 'python_setup_py'
[0.178s] Level 1:colcon.colcon_core.package_identification:_identify(src/crazyswarm2/ros_ws/src/crazyswarm/scripts/sequence_trajectories/6) by extensions ['ignore', 'ignore_ament_install']
[0.178s] Level 1:colcon.colcon_core.package_identification:_identify(src/crazyswarm2/ros_ws/src/crazyswarm/scripts/sequence_trajectories/6) by extension 'ignore'
[0.178s] Level 1:colcon.colcon_core.package_identification:_identify(src/crazyswarm2/ros_ws/src/crazyswarm/scripts/sequence_trajectories/6) by extension 'ignore_ament_install'
[0.178s] Level 1:colcon.colcon_core.package_identification:_identify(src/crazyswarm2/ros_ws/src/crazyswarm/scripts/sequence_trajectories/6) by extensions ['colcon_pkg']
[0.178s] Level 1:colcon.colcon_core.package_identification:_identify(src/crazyswarm2/ros_ws/src/crazyswarm/scripts/sequence_trajectories/6) by extension 'colcon_pkg'
[0.178s] Level 1:colcon.colcon_core.package_identification:_identify(src/crazyswarm2/ros_ws/src/crazyswarm/scripts/sequence_trajectories/6) by extensions ['colcon_meta']
[0.178s] Level 1:colcon.colcon_core.package_identification:_identify(src/crazyswarm2/ros_ws/src/crazyswarm/scripts/sequence_trajectories/6) by extension 'colcon_meta'
[0.178s] Level 1:colcon.colcon_core.package_identification:_identify(src/crazyswarm2/ros_ws/src/crazyswarm/scripts/sequence_trajectories/6) by extensions ['ros']
[0.178s] Level 1:colcon.colcon_core.package_identification:_identify(src/crazyswarm2/ros_ws/src/crazyswarm/scripts/sequence_trajectories/6) by extension 'ros'
[0.178s] Level 1:colcon.colcon_core.package_identification:_identify(src/crazyswarm2/ros_ws/src/crazyswarm/scripts/sequence_trajectories/6) by extensions ['cmake', 'python']
[0.178s] Level 1:colcon.colcon_core.package_identification:_identify(src/crazyswarm2/ros_ws/src/crazyswarm/scripts/sequence_trajectories/6) by extension 'cmake'
[0.178s] Level 1:colcon.colcon_core.package_identification:_identify(src/crazyswarm2/ros_ws/src/crazyswarm/scripts/sequence_trajectories/6) by extension 'python'
[0.178s] Level 1:colcon.colcon_core.package_identification:_identify(src/crazyswarm2/ros_ws/src/crazyswarm/scripts/sequence_trajectories/6) by extensions ['python_setup_py']
[0.178s] Level 1:colcon.colcon_core.package_identification:_identify(src/crazyswarm2/ros_ws/src/crazyswarm/scripts/sequence_trajectories/6) by extension 'python_setup_py'
[0.178s] Level 1:colcon.colcon_core.package_identification:_identify(src/crazyswarm2/ros_ws/src/crazyswarm/scripts/sequence_trajectories/7) by extensions ['ignore', 'ignore_ament_install']
[0.178s] Level 1:colcon.colcon_core.package_identification:_identify(src/crazyswarm2/ros_ws/src/crazyswarm/scripts/sequence_trajectories/7) by extension 'ignore'
[0.178s] Level 1:colcon.colcon_core.package_identification:_identify(src/crazyswarm2/ros_ws/src/crazyswarm/scripts/sequence_trajectories/7) by extension 'ignore_ament_install'
[0.178s] Level 1:colcon.colcon_core.package_identification:_identify(src/crazyswarm2/ros_ws/src/crazyswarm/scripts/sequence_trajectories/7) by extensions ['colcon_pkg']
[0.178s] Level 1:colcon.colcon_core.package_identification:_identify(src/crazyswarm2/ros_ws/src/crazyswarm/scripts/sequence_trajectories/7) by extension 'colcon_pkg'
[0.178s] Level 1:colcon.colcon_core.package_identification:_identify(src/crazyswarm2/ros_ws/src/crazyswarm/scripts/sequence_trajectories/7) by extensions ['colcon_meta']
[0.178s] Level 1:colcon.colcon_core.package_identification:_identify(src/crazyswarm2/ros_ws/src/crazyswarm/scripts/sequence_trajectories/7) by extension 'colcon_meta'
[0.178s] Level 1:colcon.colcon_core.package_identification:_identify(src/crazyswarm2/ros_ws/src/crazyswarm/scripts/sequence_trajectories/7) by extensions ['ros']
[0.178s] Level 1:colcon.colcon_core.package_identification:_identify(src/crazyswarm2/ros_ws/src/crazyswarm/scripts/sequence_trajectories/7) by extension 'ros'
[0.178s] Level 1:colcon.colcon_core.package_identification:_identify(src/crazyswarm2/ros_ws/src/crazyswarm/scripts/sequence_trajectories/7) by extensions ['cmake', 'python']
[0.178s] Level 1:colcon.colcon_core.package_identification:_identify(src/crazyswarm2/ros_ws/src/crazyswarm/scripts/sequence_trajectories/7) by extension 'cmake'
[0.179s] Level 1:colcon.colcon_core.package_identification:_identify(src/crazyswarm2/ros_ws/src/crazyswarm/scripts/sequence_trajectories/7) by extension 'python'
[0.179s] Level 1:colcon.colcon_core.package_identification:_identify(src/crazyswarm2/ros_ws/src/crazyswarm/scripts/sequence_trajectories/7) by extensions ['python_setup_py']
[0.179s] Level 1:colcon.colcon_core.package_identification:_identify(src/crazyswarm2/ros_ws/src/crazyswarm/scripts/sequence_trajectories/7) by extension 'python_setup_py'
[0.179s] Level 1:colcon.colcon_core.package_identification:_identify(src/crazyswarm2/ros_ws/src/crazyswarm/scripts/swap6v_pps) by extensions ['ignore', 'ignore_ament_install']
[0.179s] Level 1:colcon.colcon_core.package_identification:_identify(src/crazyswarm2/ros_ws/src/crazyswarm/scripts/swap6v_pps) by extension 'ignore'
[0.179s] Level 1:colcon.colcon_core.package_identification:_identify(src/crazyswarm2/ros_ws/src/crazyswarm/scripts/swap6v_pps) by extension 'ignore_ament_install'
[0.179s] Level 1:colcon.colcon_core.package_identification:_identify(src/crazyswarm2/ros_ws/src/crazyswarm/scripts/swap6v_pps) by extensions ['colcon_pkg']
[0.179s] Level 1:colcon.colcon_core.package_identification:_identify(src/crazyswarm2/ros_ws/src/crazyswarm/scripts/swap6v_pps) by extension 'colcon_pkg'
[0.179s] Level 1:colcon.colcon_core.package_identification:_identify(src/crazyswarm2/ros_ws/src/crazyswarm/scripts/swap6v_pps) by extensions ['colcon_meta']
[0.179s] Level 1:colcon.colcon_core.package_identification:_identify(src/crazyswarm2/ros_ws/src/crazyswarm/scripts/swap6v_pps) by extension 'colcon_meta'
[0.179s] Level 1:colcon.colcon_core.package_identification:_identify(src/crazyswarm2/ros_ws/src/crazyswarm/scripts/swap6v_pps) by extensions ['ros']
[0.179s] Level 1:colcon.colcon_core.package_identification:_identify(src/crazyswarm2/ros_ws/src/crazyswarm/scripts/swap6v_pps) by extension 'ros'
[0.179s] Level 1:colcon.colcon_core.package_identification:_identify(src/crazyswarm2/ros_ws/src/crazyswarm/scripts/swap6v_pps) by extensions ['cmake', 'python']
[0.179s] Level 1:colcon.colcon_core.package_identification:_identify(src/crazyswarm2/ros_ws/src/crazyswarm/scripts/swap6v_pps) by extension 'cmake'
[0.179s] Level 1:colcon.colcon_core.package_identification:_identify(src/crazyswarm2/ros_ws/src/crazyswarm/scripts/swap6v_pps) by extension 'python'
[0.179s] Level 1:colcon.colcon_core.package_identification:_identify(src/crazyswarm2/ros_ws/src/crazyswarm/scripts/swap6v_pps) by extensions ['python_setup_py']
[0.179s] Level 1:colcon.colcon_core.package_identification:_identify(src/crazyswarm2/ros_ws/src/crazyswarm/scripts/swap6v_pps) by extension 'python_setup_py'
[0.179s] Level 1:colcon.colcon_core.package_identification:_identify(src/crazyswarm2/systemtests) by extensions ['ignore', 'ignore_ament_install']
[0.180s] Level 1:colcon.colcon_core.package_identification:_identify(src/crazyswarm2/systemtests) by extension 'ignore'
[0.180s] Level 1:colcon.colcon_core.package_identification:_identify(src/crazyswarm2/systemtests) by extension 'ignore_ament_install'
[0.180s] Level 1:colcon.colcon_core.package_identification:_identify(src/crazyswarm2/systemtests) by extensions ['colcon_pkg']
[0.180s] Level 1:colcon.colcon_core.package_identification:_identify(src/crazyswarm2/systemtests) by extension 'colcon_pkg'
[0.180s] Level 1:colcon.colcon_core.package_identification:_identify(src/crazyswarm2/systemtests) by extensions ['colcon_meta']
[0.180s] Level 1:colcon.colcon_core.package_identification:_identify(src/crazyswarm2/systemtests) by extension 'colcon_meta'
[0.180s] Level 1:colcon.colcon_core.package_identification:_identify(src/crazyswarm2/systemtests) by extensions ['ros']
[0.180s] Level 1:colcon.colcon_core.package_identification:_identify(src/crazyswarm2/systemtests) by extension 'ros'
[0.180s] Level 1:colcon.colcon_core.package_identification:_identify(src/crazyswarm2/systemtests) by extensions ['cmake', 'python']
[0.180s] Level 1:colcon.colcon_core.package_identification:_identify(src/crazyswarm2/systemtests) by extension 'cmake'
[0.180s] Level 1:colcon.colcon_core.package_identification:_identify(src/crazyswarm2/systemtests) by extension 'python'
[0.180s] Level 1:colcon.colcon_core.package_identification:_identify(src/crazyswarm2/systemtests) by extensions ['python_setup_py']
[0.180s] Level 1:colcon.colcon_core.package_identification:_identify(src/crazyswarm2/systemtests) by extension 'python_setup_py'
[0.180s] Level 1:colcon.colcon_core.package_identification:_identify(src/crazyswarm2/systemtests/SDplotting) by extensions ['ignore', 'ignore_ament_install']
[0.180s] Level 1:colcon.colcon_core.package_identification:_identify(src/crazyswarm2/systemtests/SDplotting) by extension 'ignore'
[0.180s] Level 1:colcon.colcon_core.package_identification:_identify(src/crazyswarm2/systemtests/SDplotting) by extension 'ignore_ament_install'
[0.180s] Level 1:colcon.colcon_core.package_identification:_identify(src/crazyswarm2/systemtests/SDplotting) by extensions ['colcon_pkg']
[0.180s] Level 1:colcon.colcon_core.package_identification:_identify(src/crazyswarm2/systemtests/SDplotting) by extension 'colcon_pkg'
[0.181s] Level 1:colcon.colcon_core.package_identification:_identify(src/crazyswarm2/systemtests/SDplotting) by extensions ['colcon_meta']
[0.181s] Level 1:colcon.colcon_core.package_identification:_identify(src/crazyswarm2/systemtests/SDplotting) by extension 'colcon_meta'
[0.181s] Level 1:colcon.colcon_core.package_identification:_identify(src/crazyswarm2/systemtests/SDplotting) by extensions ['ros']
[0.181s] Level 1:colcon.colcon_core.package_identification:_identify(src/crazyswarm2/systemtests/SDplotting) by extension 'ros'
[0.181s] Level 1:colcon.colcon_core.package_identification:_identify(src/crazyswarm2/systemtests/SDplotting) by extensions ['cmake', 'python']
[0.181s] Level 1:colcon.colcon_core.package_identification:_identify(src/crazyswarm2/systemtests/SDplotting) by extension 'cmake'
[0.181s] Level 1:colcon.colcon_core.package_identification:_identify(src/crazyswarm2/systemtests/SDplotting) by extension 'python'
[0.181s] Level 1:colcon.colcon_core.package_identification:_identify(src/crazyswarm2/systemtests/SDplotting) by extensions ['python_setup_py']
[0.181s] Level 1:colcon.colcon_core.package_identification:_identify(src/crazyswarm2/systemtests/SDplotting) by extension 'python_setup_py'
[0.181s] Level 1:colcon.colcon_core.package_identification:_identify(src/micro_ros_setup) by extensions ['ignore', 'ignore_ament_install']
[0.181s] Level 1:colcon.colcon_core.package_identification:_identify(src/micro_ros_setup) by extension 'ignore'
[0.181s] Level 1:colcon.colcon_core.package_identification:_identify(src/micro_ros_setup) by extension 'ignore_ament_install'
[0.181s] Level 1:colcon.colcon_core.package_identification:_identify(src/micro_ros_setup) by extensions ['colcon_pkg']
[0.181s] Level 1:colcon.colcon_core.package_identification:_identify(src/micro_ros_setup) by extension 'colcon_pkg'
[0.181s] Level 1:colcon.colcon_core.package_identification:_identify(src/micro_ros_setup) by extensions ['colcon_meta']
[0.181s] Level 1:colcon.colcon_core.package_identification:_identify(src/micro_ros_setup) by extension 'colcon_meta'
[0.181s] Level 1:colcon.colcon_core.package_identification:_identify(src/micro_ros_setup) by extensions ['ros']
[0.181s] Level 1:colcon.colcon_core.package_identification:_identify(src/micro_ros_setup) by extension 'ros'
[0.182s] DEBUG:colcon.colcon_core.package_identification:Package 'src/micro_ros_setup' with type 'ros.ament_cmake' and name 'micro_ros_setup'
[0.182s] Level 1:colcon.colcon_core.package_identification:_identify(src/uros) by extensions ['ignore', 'ignore_ament_install']
[0.182s] Level 1:colcon.colcon_core.package_identification:_identify(src/uros) by extension 'ignore'
[0.182s] Level 1:colcon.colcon_core.package_identification:_identify(src/uros) by extension 'ignore_ament_install'
[0.182s] Level 1:colcon.colcon_core.package_identification:_identify(src/uros) by extensions ['colcon_pkg']
[0.182s] Level 1:colcon.colcon_core.package_identification:_identify(src/uros) by extension 'colcon_pkg'
[0.182s] Level 1:colcon.colcon_core.package_identification:_identify(src/uros) by extensions ['colcon_meta']
[0.182s] Level 1:colcon.colcon_core.package_identification:_identify(src/uros) by extension 'colcon_meta'
[0.182s] Level 1:colcon.colcon_core.package_identification:_identify(src/uros) by extensions ['ros']
[0.182s] Level 1:colcon.colcon_core.package_identification:_identify(src/uros) by extension 'ros'
[0.182s] Level 1:colcon.colcon_core.package_identification:_identify(src/uros) by extensions ['cmake', 'python']
[0.182s] Level 1:colcon.colcon_core.package_identification:_identify(src/uros) by extension 'cmake'
[0.182s] Level 1:colcon.colcon_core.package_identification:_identify(src/uros) by extension 'python'
[0.182s] Level 1:colcon.colcon_core.package_identification:_identify(src/uros) by extensions ['python_setup_py']
[0.182s] Level 1:colcon.colcon_core.package_identification:_identify(src/uros) by extension 'python_setup_py'
[0.183s] Level 1:colcon.colcon_core.package_identification:_identify(src/uros/drive_base) by extensions ['ignore', 'ignore_ament_install']
[0.183s] Level 1:colcon.colcon_core.package_identification:_identify(src/uros/drive_base) by extension 'ignore'
[0.183s] Level 1:colcon.colcon_core.package_identification:_identify(src/uros/drive_base) by extension 'ignore_ament_install'
[0.183s] Level 1:colcon.colcon_core.package_identification:_identify(src/uros/drive_base) by extensions ['colcon_pkg']
[0.183s] Level 1:colcon.colcon_core.package_identification:_identify(src/uros/drive_base) by extension 'colcon_pkg'
[0.183s] Level 1:colcon.colcon_core.package_identification:_identify(src/uros/drive_base) by extensions ['colcon_meta']
[0.183s] Level 1:colcon.colcon_core.package_identification:_identify(src/uros/drive_base) by extension 'colcon_meta'
[0.183s] Level 1:colcon.colcon_core.package_identification:_identify(src/uros/drive_base) by extensions ['ros']
[0.183s] Level 1:colcon.colcon_core.package_identification:_identify(src/uros/drive_base) by extension 'ros'
[0.183s] Level 1:colcon.colcon_core.package_identification:_identify(src/uros/drive_base) by extensions ['cmake', 'python']
[0.183s] Level 1:colcon.colcon_core.package_identification:_identify(src/uros/drive_base) by extension 'cmake'
[0.183s] Level 1:colcon.colcon_core.package_identification:_identify(src/uros/drive_base) by extension 'python'
[0.183s] Level 1:colcon.colcon_core.package_identification:_identify(src/uros/drive_base) by extensions ['python_setup_py']
[0.183s] Level 1:colcon.colcon_core.package_identification:_identify(src/uros/drive_base) by extension 'python_setup_py'
[0.183s] Level 1:colcon.colcon_core.package_identification:_identify(src/uros/drive_base/drive_base_msgs) by extensions ['ignore', 'ignore_ament_install']
[0.183s] Level 1:colcon.colcon_core.package_identification:_identify(src/uros/drive_base/drive_base_msgs) by extension 'ignore'
[0.183s] Level 1:colcon.colcon_core.package_identification:_identify(src/uros/drive_base/drive_base_msgs) by extension 'ignore_ament_install'
[0.183s] Level 1:colcon.colcon_core.package_identification:_identify(src/uros/drive_base/drive_base_msgs) by extensions ['colcon_pkg']
[0.183s] Level 1:colcon.colcon_core.package_identification:_identify(src/uros/drive_base/drive_base_msgs) by extension 'colcon_pkg'
[0.183s] Level 1:colcon.colcon_core.package_identification:_identify(src/uros/drive_base/drive_base_msgs) by extensions ['colcon_meta']
[0.183s] Level 1:colcon.colcon_core.package_identification:_identify(src/uros/drive_base/drive_base_msgs) by extension 'colcon_meta'
[0.183s] Level 1:colcon.colcon_core.package_identification:_identify(src/uros/drive_base/drive_base_msgs) by extensions ['ros']
[0.183s] Level 1:colcon.colcon_core.package_identification:_identify(src/uros/drive_base/drive_base_msgs) by extension 'ros'
[0.184s] DEBUG:colcon.colcon_core.package_identification:Package 'src/uros/drive_base/drive_base_msgs' with type 'ros.ament_cmake' and name 'drive_base_msgs'
[0.184s] Level 1:colcon.colcon_core.package_identification:_identify(src/uros/micro-ROS-Agent) by extensions ['ignore', 'ignore_ament_install']
[0.184s] Level 1:colcon.colcon_core.package_identification:_identify(src/uros/micro-ROS-Agent) by extension 'ignore'
[0.184s] Level 1:colcon.colcon_core.package_identification:_identify(src/uros/micro-ROS-Agent) by extension 'ignore_ament_install'
[0.184s] Level 1:colcon.colcon_core.package_identification:_identify(src/uros/micro-ROS-Agent) by extensions ['colcon_pkg']
[0.184s] Level 1:colcon.colcon_core.package_identification:_identify(src/uros/micro-ROS-Agent) by extension 'colcon_pkg'
[0.184s] Level 1:colcon.colcon_core.package_identification:_identify(src/uros/micro-ROS-Agent) by extensions ['colcon_meta']
[0.184s] Level 1:colcon.colcon_core.package_identification:_identify(src/uros/micro-ROS-Agent) by extension 'colcon_meta'
[0.184s] Level 1:colcon.colcon_core.package_identification:_identify(src/uros/micro-ROS-Agent) by extensions ['ros']
[0.184s] Level 1:colcon.colcon_core.package_identification:_identify(src/uros/micro-ROS-Agent) by extension 'ros'
[0.184s] Level 1:colcon.colcon_core.package_identification:_identify(src/uros/micro-ROS-Agent) by extensions ['cmake', 'python']
[0.184s] Level 1:colcon.colcon_core.package_identification:_identify(src/uros/micro-ROS-Agent) by extension 'cmake'
[0.184s] Level 1:colcon.colcon_core.package_identification:_identify(src/uros/micro-ROS-Agent) by extension 'python'
[0.184s] Level 1:colcon.colcon_core.package_identification:_identify(src/uros/micro-ROS-Agent) by extensions ['python_setup_py']
[0.184s] Level 1:colcon.colcon_core.package_identification:_identify(src/uros/micro-ROS-Agent) by extension 'python_setup_py'
[0.184s] Level 1:colcon.colcon_core.package_identification:_identify(src/uros/micro-ROS-Agent/micro_ros_agent) by extensions ['ignore', 'ignore_ament_install']
[0.184s] Level 1:colcon.colcon_core.package_identification:_identify(src/uros/micro-ROS-Agent/micro_ros_agent) by extension 'ignore'
[0.184s] Level 1:colcon.colcon_core.package_identification:_identify(src/uros/micro-ROS-Agent/micro_ros_agent) by extension 'ignore_ament_install'
[0.185s] Level 1:colcon.colcon_core.package_identification:_identify(src/uros/micro-ROS-Agent/micro_ros_agent) by extensions ['colcon_pkg']
[0.185s] Level 1:colcon.colcon_core.package_identification:_identify(src/uros/micro-ROS-Agent/micro_ros_agent) by extension 'colcon_pkg'
[0.185s] Level 1:colcon.colcon_core.package_identification:_identify(src/uros/micro-ROS-Agent/micro_ros_agent) by extensions ['colcon_meta']
[0.185s] Level 1:colcon.colcon_core.package_identification:_identify(src/uros/micro-ROS-Agent/micro_ros_agent) by extension 'colcon_meta'
[0.185s] Level 1:colcon.colcon_core.package_identification:_identify(src/uros/micro-ROS-Agent/micro_ros_agent) by extensions ['ros']
[0.185s] Level 1:colcon.colcon_core.package_identification:_identify(src/uros/micro-ROS-Agent/micro_ros_agent) by extension 'ros'
[0.185s] DEBUG:colcon.colcon_core.package_identification:Package 'src/uros/micro-ROS-Agent/micro_ros_agent' with type 'ros.ament_cmake' and name 'micro_ros_agent'
[0.185s] Level 1:colcon.colcon_core.package_identification:_identify(src/uros/micro-ROS-Agent/snap) by extensions ['ignore', 'ignore_ament_install']
[0.185s] Level 1:colcon.colcon_core.package_identification:_identify(src/uros/micro-ROS-Agent/snap) by extension 'ignore'
[0.185s] Level 1:colcon.colcon_core.package_identification:_identify(src/uros/micro-ROS-Agent/snap) by extension 'ignore_ament_install'
[0.185s] Level 1:colcon.colcon_core.package_identification:_identify(src/uros/micro-ROS-Agent/snap) by extensions ['colcon_pkg']
[0.185s] Level 1:colcon.colcon_core.package_identification:_identify(src/uros/micro-ROS-Agent/snap) by extension 'colcon_pkg'
[0.185s] Level 1:colcon.colcon_core.package_identification:_identify(src/uros/micro-ROS-Agent/snap) by extensions ['colcon_meta']
[0.185s] Level 1:colcon.colcon_core.package_identification:_identify(src/uros/micro-ROS-Agent/snap) by extension 'colcon_meta'
[0.185s] Level 1:colcon.colcon_core.package_identification:_identify(src/uros/micro-ROS-Agent/snap) by extensions ['ros']
[0.186s] Level 1:colcon.colcon_core.package_identification:_identify(src/uros/micro-ROS-Agent/snap) by extension 'ros'
[0.186s] Level 1:colcon.colcon_core.package_identification:_identify(src/uros/micro-ROS-Agent/snap) by extensions ['cmake', 'python']
[0.186s] Level 1:colcon.colcon_core.package_identification:_identify(src/uros/micro-ROS-Agent/snap) by extension 'cmake'
[0.186s] Level 1:colcon.colcon_core.package_identification:_identify(src/uros/micro-ROS-Agent/snap) by extension 'python'
[0.186s] Level 1:colcon.colcon_core.package_identification:_identify(src/uros/micro-ROS-Agent/snap) by extensions ['python_setup_py']
[0.186s] Level 1:colcon.colcon_core.package_identification:_identify(src/uros/micro-ROS-Agent/snap) by extension 'python_setup_py'
[0.186s] Level 1:colcon.colcon_core.package_identification:_identify(src/uros/micro-ROS-Agent/snap/hooks) by extensions ['ignore', 'ignore_ament_install']
[0.186s] Level 1:colcon.colcon_core.package_identification:_identify(src/uros/micro-ROS-Agent/snap/hooks) by extension 'ignore'
[0.186s] Level 1:colcon.colcon_core.package_identification:_identify(src/uros/micro-ROS-Agent/snap/hooks) by extension 'ignore_ament_install'
[0.186s] Level 1:colcon.colcon_core.package_identification:_identify(src/uros/micro-ROS-Agent/snap/hooks) by extensions ['colcon_pkg']
[0.186s] Level 1:colcon.colcon_core.package_identification:_identify(src/uros/micro-ROS-Agent/snap/hooks) by extension 'colcon_pkg'
[0.186s] Level 1:colcon.colcon_core.package_identification:_identify(src/uros/micro-ROS-Agent/snap/hooks) by extensions ['colcon_meta']
[0.186s] Level 1:colcon.colcon_core.package_identification:_identify(src/uros/micro-ROS-Agent/snap/hooks) by extension 'colcon_meta'
[0.186s] Level 1:colcon.colcon_core.package_identification:_identify(src/uros/micro-ROS-Agent/snap/hooks) by extensions ['ros']
[0.186s] Level 1:colcon.colcon_core.package_identification:_identify(src/uros/micro-ROS-Agent/snap/hooks) by extension 'ros'
[0.186s] Level 1:colcon.colcon_core.package_identification:_identify(src/uros/micro-ROS-Agent/snap/hooks) by extensions ['cmake', 'python']
[0.186s] Level 1:colcon.colcon_core.package_identification:_identify(src/uros/micro-ROS-Agent/snap/hooks) by extension 'cmake'
[0.186s] Level 1:colcon.colcon_core.package_identification:_identify(src/uros/micro-ROS-Agent/snap/hooks) by extension 'python'
[0.186s] Level 1:colcon.colcon_core.package_identification:_identify(src/uros/micro-ROS-Agent/snap/hooks) by extensions ['python_setup_py']
[0.186s] Level 1:colcon.colcon_core.package_identification:_identify(src/uros/micro-ROS-Agent/snap/hooks) by extension 'python_setup_py'
[0.186s] Level 1:colcon.colcon_core.package_identification:_identify(src/uros/micro-ROS-Agent/snap/local) by extensions ['ignore', 'ignore_ament_install']
[0.186s] Level 1:colcon.colcon_core.package_identification:_identify(src/uros/micro-ROS-Agent/snap/local) by extension 'ignore'
[0.186s] Level 1:colcon.colcon_core.package_identification:_identify(src/uros/micro-ROS-Agent/snap/local) by extension 'ignore_ament_install'
[0.186s] Level 1:colcon.colcon_core.package_identification:_identify(src/uros/micro-ROS-Agent/snap/local) by extensions ['colcon_pkg']
[0.186s] Level 1:colcon.colcon_core.package_identification:_identify(src/uros/micro-ROS-Agent/snap/local) by extension 'colcon_pkg'
[0.186s] Level 1:colcon.colcon_core.package_identification:_identify(src/uros/micro-ROS-Agent/snap/local) by extensions ['colcon_meta']
[0.186s] Level 1:colcon.colcon_core.package_identification:_identify(src/uros/micro-ROS-Agent/snap/local) by extension 'colcon_meta'
[0.186s] Level 1:colcon.colcon_core.package_identification:_identify(src/uros/micro-ROS-Agent/snap/local) by extensions ['ros']
[0.186s] Level 1:colcon.colcon_core.package_identification:_identify(src/uros/micro-ROS-Agent/snap/local) by extension 'ros'
[0.187s] Level 1:colcon.colcon_core.package_identification:_identify(src/uros/micro-ROS-Agent/snap/local) by extensions ['cmake', 'python']
[0.187s] Level 1:colcon.colcon_core.package_identification:_identify(src/uros/micro-ROS-Agent/snap/local) by extension 'cmake'
[0.187s] Level 1:colcon.colcon_core.package_identification:_identify(src/uros/micro-ROS-Agent/snap/local) by extension 'python'
[0.187s] Level 1:colcon.colcon_core.package_identification:_identify(src/uros/micro-ROS-Agent/snap/local) by extensions ['python_setup_py']
[0.187s] Level 1:colcon.colcon_core.package_identification:_identify(src/uros/micro-ROS-Agent/snap/local) by extension 'python_setup_py'
[0.187s] Level 1:colcon.colcon_core.package_identification:_identify(src/uros/micro_ros_msgs) by extensions ['ignore', 'ignore_ament_install']
[0.187s] Level 1:colcon.colcon_core.package_identification:_identify(src/uros/micro_ros_msgs) by extension 'ignore'
[0.187s] Level 1:colcon.colcon_core.package_identification:_identify(src/uros/micro_ros_msgs) by extension 'ignore_ament_install'
[0.187s] Level 1:colcon.colcon_core.package_identification:_identify(src/uros/micro_ros_msgs) by extensions ['colcon_pkg']
[0.187s] Level 1:colcon.colcon_core.package_identification:_identify(src/uros/micro_ros_msgs) by extension 'colcon_pkg'
[0.187s] Level 1:colcon.colcon_core.package_identification:_identify(src/uros/micro_ros_msgs) by extensions ['colcon_meta']
[0.187s] Level 1:colcon.colcon_core.package_identification:_identify(src/uros/micro_ros_msgs) by extension 'colcon_meta'
[0.187s] Level 1:colcon.colcon_core.package_identification:_identify(src/uros/micro_ros_msgs) by extensions ['ros']
[0.187s] Level 1:colcon.colcon_core.package_identification:_identify(src/uros/micro_ros_msgs) by extension 'ros'
[0.187s] DEBUG:colcon.colcon_core.package_identification:Package 'src/uros/micro_ros_msgs' with type 'ros.ament_cmake' and name 'micro_ros_msgs'
[0.187s] Level 1:colcon.colcon_core.package_discovery:discover_packages(recursive) using defaults
[0.187s] Level 1:colcon.colcon_core.package_discovery:discover_packages(ignore) discover
[0.187s] Level 1:colcon.colcon_core.package_discovery:discover_packages(ignore) using defaults
[0.187s] Level 1:colcon.colcon_core.package_discovery:discover_packages(path) discover
[0.187s] Level 1:colcon.colcon_core.package_discovery:discover_packages(path) using defaults
[0.203s] INFO:colcon.colcon_metadata.metadata.colcon_pkg:Updating descriptor of package 'src/crazyswarm2/crazyflie_py' from colcon.pkg: {'python-testing': 'pytest'}
[0.206s] Level 1:colcon.colcon_core.package_discovery:discover_packages(prefix_path) check parameters
[0.206s] Level 1:colcon.colcon_core.package_discovery:discover_packages(prefix_path) discover
[0.206s] WARNING:colcon.colcon_ros.prefix_path.ament:The path '/home/mouha/crazyflie/ros2_ws/install/micro_ros_msgs' in the environment variable AMENT_PREFIX_PATH doesn't exist
[0.207s] WARNING:colcon.colcon_ros.prefix_path.catkin:The path '/home/mouha/crazyflie/ros2_ws/install/micro_ros_msgs' in the environment variable CMAKE_PREFIX_PATH doesn't exist
[0.208s] DEBUG:colcon.colcon_installed_package_information.package_discovery:Found 10 installed packages in /home/mouha/crazyflie/ros2_ws/install
[0.208s] DEBUG:colcon.colcon_installed_package_information.package_discovery:Found 2 installed packages in /home/mouha/ros2_ws/install
[0.209s] DEBUG:colcon.colcon_installed_package_information.package_discovery:Found 377 installed packages in /opt/ros/jazzy
[0.210s] Level 1:colcon.colcon_core.package_discovery:discover_packages(prefix_path) using defaults
[0.248s] Level 5:colcon.colcon_core.verb:set package 'crazyflie_description' build argument 'cmake_args' from command line to 'None'
[0.248s] Level 5:colcon.colcon_core.verb:set package 'crazyflie_description' build argument 'cmake_target' from command line to 'None'
[0.248s] Level 5:colcon.colcon_core.verb:set package 'crazyflie_description' build argument 'cmake_target_skip_unavailable' from command line to 'False'
[0.248s] Level 5:colcon.colcon_core.verb:set package 'crazyflie_description' build argument 'cmake_clean_cache' from command line to 'False'
[0.248s] Level 5:colcon.colcon_core.verb:set package 'crazyflie_description' build argument 'cmake_clean_first' from command line to 'False'
[0.248s] Level 5:colcon.colcon_core.verb:set package 'crazyflie_description' build argument 'cmake_force_configure' from command line to 'False'
[0.248s] Level 5:colcon.colcon_core.verb:set package 'crazyflie_description' build argument 'ament_cmake_args' from command line to 'None'
[0.248s] Level 5:colcon.colcon_core.verb:set package 'crazyflie_description' build argument 'catkin_cmake_args' from command line to 'None'
[0.248s] Level 5:colcon.colcon_core.verb:set package 'crazyflie_description' build argument 'catkin_skip_building_tests' from command line to 'False'
[0.248s] DEBUG:colcon.colcon_core.verb:Building package 'crazyflie_description' with the following arguments: {'ament_cmake_args': None, 'build_base': '/home/mouha/crazyflie/ros2_ws/build/crazyflie_description', 'catkin_cmake_args': None, 'catkin_skip_building_tests': False, 'cmake_args': None, 'cmake_clean_cache': False, 'cmake_clean_first': False, 'cmake_force_configure': False, 'cmake_target': None, 'cmake_target_skip_unavailable': False, 'install_base': '/home/mouha/crazyflie/ros2_ws/install/crazyflie_description', 'merge_install': False, 'path': '/home/mouha/crazyflie/ros2_ws/src/crazyswarm2/crazyflie_description', 'symlink_install': True, 'test_result_base': None}
[0.248s] Level 5:colcon.colcon_core.verb:set package 'crazyflie_interfaces' build argument 'cmake_args' from command line to 'None'
[0.248s] Level 5:colcon.colcon_core.verb:set package 'crazyflie_interfaces' build argument 'cmake_target' from command line to 'None'
[0.248s] Level 5:colcon.colcon_core.verb:set package 'crazyflie_interfaces' build argument 'cmake_target_skip_unavailable' from command line to 'False'
[0.248s] Level 5:colcon.colcon_core.verb:set package 'crazyflie_interfaces' build argument 'cmake_clean_cache' from command line to 'False'
[0.248s] Level 5:colcon.colcon_core.verb:set package 'crazyflie_interfaces' build argument 'cmake_clean_first' from command line to 'False'
[0.248s] Level 5:colcon.colcon_core.verb:set package 'crazyflie_interfaces' build argument 'cmake_force_configure' from command line to 'False'
[0.248s] Level 5:colcon.colcon_core.verb:set package 'crazyflie_interfaces' build argument 'ament_cmake_args' from command line to 'None'
[0.248s] Level 5:colcon.colcon_core.verb:set package 'crazyflie_interfaces' build argument 'catkin_cmake_args' from command line to 'None'
[0.248s] Level 5:colcon.colcon_core.verb:set package 'crazyflie_interfaces' build argument 'catkin_skip_building_tests' from command line to 'False'
[0.248s] DEBUG:colcon.colcon_core.verb:Building package 'crazyflie_interfaces' with the following arguments: {'ament_cmake_args': None, 'build_base': '/home/mouha/crazyflie/ros2_ws/build/crazyflie_interfaces', 'catkin_cmake_args': None, 'catkin_skip_building_tests': False, 'cmake_args': None, 'cmake_clean_cache': False, 'cmake_clean_first': False, 'cmake_force_configure': False, 'cmake_target': None, 'cmake_target_skip_unavailable': False, 'install_base': '/home/mouha/crazyflie/ros2_ws/install/crazyflie_interfaces', 'merge_install': False, 'path': '/home/mouha/crazyflie/ros2_ws/src/crazyswarm2/crazyflie_interfaces', 'symlink_install': True, 'test_result_base': None}
[0.249s] Level 5:colcon.colcon_core.verb:set package 'drive_base_msgs' build argument 'cmake_args' from command line to 'None'
[0.249s] Level 5:colcon.colcon_core.verb:set package 'drive_base_msgs' build argument 'cmake_target' from command line to 'None'
[0.249s] Level 5:colcon.colcon_core.verb:set package 'drive_base_msgs' build argument 'cmake_target_skip_unavailable' from command line to 'False'
[0.249s] Level 5:colcon.colcon_core.verb:set package 'drive_base_msgs' build argument 'cmake_clean_cache' from command line to 'False'
[0.249s] Level 5:colcon.colcon_core.verb:set package 'drive_base_msgs' build argument 'cmake_clean_first' from command line to 'False'
[0.249s] Level 5:colcon.colcon_core.verb:set package 'drive_base_msgs' build argument 'cmake_force_configure' from command line to 'False'
[0.249s] Level 5:colcon.colcon_core.verb:set package 'drive_base_msgs' build argument 'ament_cmake_args' from command line to 'None'
[0.249s] Level 5:colcon.colcon_core.verb:set package 'drive_base_msgs' build argument 'catkin_cmake_args' from command line to 'None'
[0.249s] Level 5:colcon.colcon_core.verb:set package 'drive_base_msgs' build argument 'catkin_skip_building_tests' from command line to 'False'
[0.249s] DEBUG:colcon.colcon_core.verb:Building package 'drive_base_msgs' with the following arguments: {'ament_cmake_args': None, 'build_base': '/home/mouha/crazyflie/ros2_ws/build/drive_base_msgs', 'catkin_cmake_args': None, 'catkin_skip_building_tests': False, 'cmake_args': None, 'cmake_clean_cache': False, 'cmake_clean_first': False, 'cmake_force_configure': False, 'cmake_target': None, 'cmake_target_skip_unavailable': False, 'install_base': '/home/mouha/crazyflie/ros2_ws/install/drive_base_msgs', 'merge_install': False, 'path': '/home/mouha/crazyflie/ros2_ws/src/uros/drive_base/drive_base_msgs', 'symlink_install': True, 'test_result_base': None}
[0.249s] Level 5:colcon.colcon_core.verb:set package 'micro_ros_msgs' build argument 'cmake_args' from command line to 'None'
[0.249s] Level 5:colcon.colcon_core.verb:set package 'micro_ros_msgs' build argument 'cmake_target' from command line to 'None'
[0.249s] Level 5:colcon.colcon_core.verb:set package 'micro_ros_msgs' build argument 'cmake_target_skip_unavailable' from command line to 'False'
[0.249s] Level 5:colcon.colcon_core.verb:set package 'micro_ros_msgs' build argument 'cmake_clean_cache' from command line to 'False'
[0.249s] Level 5:colcon.colcon_core.verb:set package 'micro_ros_msgs' build argument 'cmake_clean_first' from command line to 'False'
[0.249s] Level 5:colcon.colcon_core.verb:set package 'micro_ros_msgs' build argument 'cmake_force_configure' from command line to 'False'
[0.249s] Level 5:colcon.colcon_core.verb:set package 'micro_ros_msgs' build argument 'ament_cmake_args' from command line to 'None'
[0.249s] Level 5:colcon.colcon_core.verb:set package 'micro_ros_msgs' build argument 'catkin_cmake_args' from command line to 'None'
[0.249s] Level 5:colcon.colcon_core.verb:set package 'micro_ros_msgs' build argument 'catkin_skip_building_tests' from command line to 'False'
[0.249s] DEBUG:colcon.colcon_core.verb:Building package 'micro_ros_msgs' with the following arguments: {'ament_cmake_args': None, 'build_base': '/home/mouha/crazyflie/ros2_ws/build/micro_ros_msgs', 'catkin_cmake_args': None, 'catkin_skip_building_tests': False, 'cmake_args': None, 'cmake_clean_cache': False, 'cmake_clean_first': False, 'cmake_force_configure': False, 'cmake_target': None, 'cmake_target_skip_unavailable': False, 'install_base': '/home/mouha/crazyflie/ros2_ws/install/micro_ros_msgs', 'merge_install': False, 'path': '/home/mouha/crazyflie/ros2_ws/src/uros/micro_ros_msgs', 'symlink_install': True, 'test_result_base': None}
[0.249s] Level 5:colcon.colcon_core.verb:set package 'micro_ros_setup' build argument 'cmake_args' from command line to 'None'
[0.249s] Level 5:colcon.colcon_core.verb:set package 'micro_ros_setup' build argument 'cmake_target' from command line to 'None'
[0.249s] Level 5:colcon.colcon_core.verb:set package 'micro_ros_setup' build argument 'cmake_target_skip_unavailable' from command line to 'False'
[0.249s] Level 5:colcon.colcon_core.verb:set package 'micro_ros_setup' build argument 'cmake_clean_cache' from command line to 'False'
[0.249s] Level 5:colcon.colcon_core.verb:set package 'micro_ros_setup' build argument 'cmake_clean_first' from command line to 'False'
[0.249s] Level 5:colcon.colcon_core.verb:set package 'micro_ros_setup' build argument 'cmake_force_configure' from command line to 'False'
[0.249s] Level 5:colcon.colcon_core.verb:set package 'micro_ros_setup' build argument 'ament_cmake_args' from command line to 'None'
[0.249s] Level 5:colcon.colcon_core.verb:set package 'micro_ros_setup' build argument 'catkin_cmake_args' from command line to 'None'
[0.249s] Level 5:colcon.colcon_core.verb:set package 'micro_ros_setup' build argument 'catkin_skip_building_tests' from command line to 'False'
[0.249s] DEBUG:colcon.colcon_core.verb:Building package 'micro_ros_setup' with the following arguments: {'ament_cmake_args': None, 'build_base': '/home/mouha/crazyflie/ros2_ws/build/micro_ros_setup', 'catkin_cmake_args': None, 'catkin_skip_building_tests': False, 'cmake_args': None, 'cmake_clean_cache': False, 'cmake_clean_first': False, 'cmake_force_configure': False, 'cmake_target': None, 'cmake_target_skip_unavailable': False, 'install_base': '/home/mouha/crazyflie/ros2_ws/install/micro_ros_setup', 'merge_install': False, 'path': '/home/mouha/crazyflie/ros2_ws/src/micro_ros_setup', 'symlink_install': True, 'test_result_base': None}
[0.249s] Level 5:colcon.colcon_core.verb:set package 'crazyflie' build argument 'cmake_args' from command line to 'None'
[0.249s] Level 5:colcon.colcon_core.verb:set package 'crazyflie' build argument 'cmake_target' from command line to 'None'
[0.249s] Level 5:colcon.colcon_core.verb:set package 'crazyflie' build argument 'cmake_target_skip_unavailable' from command line to 'False'
[0.250s] Level 5:colcon.colcon_core.verb:set package 'crazyflie' build argument 'cmake_clean_cache' from command line to 'False'
[0.250s] Level 5:colcon.colcon_core.verb:set package 'crazyflie' build argument 'cmake_clean_first' from command line to 'False'
[0.250s] Level 5:colcon.colcon_core.verb:set package 'crazyflie' build argument 'cmake_force_configure' from command line to 'False'
[0.250s] Level 5:colcon.colcon_core.verb:set package 'crazyflie' build argument 'ament_cmake_args' from command line to 'None'
[0.250s] Level 5:colcon.colcon_core.verb:set package 'crazyflie' build argument 'catkin_cmake_args' from command line to 'None'
[0.250s] Level 5:colcon.colcon_core.verb:set package 'crazyflie' build argument 'catkin_skip_building_tests' from command line to 'False'
[0.250s] DEBUG:colcon.colcon_core.verb:Building package 'crazyflie' with the following arguments: {'ament_cmake_args': None, 'build_base': '/home/mouha/crazyflie/ros2_ws/build/crazyflie', 'catkin_cmake_args': None, 'catkin_skip_building_tests': False, 'cmake_args': None, 'cmake_clean_cache': False, 'cmake_clean_first': False, 'cmake_force_configure': False, 'cmake_target': None, 'cmake_target_skip_unavailable': False, 'install_base': '/home/mouha/crazyflie/ros2_ws/install/crazyflie', 'merge_install': False, 'path': '/home/mouha/crazyflie/ros2_ws/src/crazyswarm2/crazyflie', 'symlink_install': True, 'test_result_base': None}
[0.250s] Level 5:colcon.colcon_core.verb:set package 'crazyflie_py' build argument 'cmake_args' from command line to 'None'
[0.250s] Level 5:colcon.colcon_core.verb:set package 'crazyflie_py' build argument 'cmake_target' from command line to 'None'
[0.250s] Level 5:colcon.colcon_core.verb:set package 'crazyflie_py' build argument 'cmake_target_skip_unavailable' from command line to 'False'
[0.250s] Level 5:colcon.colcon_core.verb:set package 'crazyflie_py' build argument 'cmake_clean_cache' from command line to 'False'
[0.250s] Level 5:colcon.colcon_core.verb:set package 'crazyflie_py' build argument 'cmake_clean_first' from command line to 'False'
[0.250s] Level 5:colcon.colcon_core.verb:set package 'crazyflie_py' build argument 'cmake_force_configure' from command line to 'False'
[0.250s] Level 5:colcon.colcon_core.verb:set package 'crazyflie_py' build argument 'ament_cmake_args' from command line to 'None'
[0.250s] Level 5:colcon.colcon_core.verb:set package 'crazyflie_py' build argument 'catkin_cmake_args' from command line to 'None'
[0.250s] Level 5:colcon.colcon_core.verb:set package 'crazyflie_py' build argument 'catkin_skip_building_tests' from command line to 'False'
[0.250s] DEBUG:colcon.colcon_core.verb:Building package 'crazyflie_py' with the following arguments: {'ament_cmake_args': None, 'build_base': '/home/mouha/crazyflie/ros2_ws/build/crazyflie_py', 'catkin_cmake_args': None, 'catkin_skip_building_tests': False, 'cmake_args': None, 'cmake_clean_cache': False, 'cmake_clean_first': False, 'cmake_force_configure': False, 'cmake_target': None, 'cmake_target_skip_unavailable': False, 'install_base': '/home/mouha/crazyflie/ros2_ws/install/crazyflie_py', 'merge_install': False, 'path': '/home/mouha/crazyflie/ros2_ws/src/crazyswarm2/crazyflie_py', 'symlink_install': True, 'test_result_base': None}
[0.250s] Level 5:colcon.colcon_core.verb:set package 'crazyflie_server_py' build argument 'cmake_args' from command line to 'None'
[0.250s] Level 5:colcon.colcon_core.verb:set package 'crazyflie_server_py' build argument 'cmake_target' from command line to 'None'
[0.250s] Level 5:colcon.colcon_core.verb:set package 'crazyflie_server_py' build argument 'cmake_target_skip_unavailable' from command line to 'False'
[0.250s] Level 5:colcon.colcon_core.verb:set package 'crazyflie_server_py' build argument 'cmake_clean_cache' from command line to 'False'
[0.250s] Level 5:colcon.colcon_core.verb:set package 'crazyflie_server_py' build argument 'cmake_clean_first' from command line to 'False'
[0.250s] Level 5:colcon.colcon_core.verb:set package 'crazyflie_server_py' build argument 'cmake_force_configure' from command line to 'False'
[0.250s] Level 5:colcon.colcon_core.verb:set package 'crazyflie_server_py' build argument 'ament_cmake_args' from command line to 'None'
[0.250s] Level 5:colcon.colcon_core.verb:set package 'crazyflie_server_py' build argument 'catkin_cmake_args' from command line to 'None'
[0.250s] Level 5:colcon.colcon_core.verb:set package 'crazyflie_server_py' build argument 'catkin_skip_building_tests' from command line to 'False'
[0.250s] DEBUG:colcon.colcon_core.verb:Building package 'crazyflie_server_py' with the following arguments: {'ament_cmake_args': None, 'build_base': '/home/mouha/crazyflie/ros2_ws/build/crazyflie_server_py', 'catkin_cmake_args': None, 'catkin_skip_building_tests': False, 'cmake_args': None, 'cmake_clean_cache': False, 'cmake_clean_first': False, 'cmake_force_configure': False, 'cmake_target': None, 'cmake_target_skip_unavailable': False, 'install_base': '/home/mouha/crazyflie/ros2_ws/install/crazyflie_server_py', 'merge_install': False, 'path': '/home/mouha/crazyflie/ros2_ws/src/crazyswarm2/crazyflie_server_py', 'symlink_install': True, 'test_result_base': None}
[0.250s] Level 5:colcon.colcon_core.verb:set package 'crazyflie_sim' build argument 'cmake_args' from command line to 'None'
[0.250s] Level 5:colcon.colcon_core.verb:set package 'crazyflie_sim' build argument 'cmake_target' from command line to 'None'
[0.250s] Level 5:colcon.colcon_core.verb:set package 'crazyflie_sim' build argument 'cmake_target_skip_unavailable' from command line to 'False'
[0.250s] Level 5:colcon.colcon_core.verb:set package 'crazyflie_sim' build argument 'cmake_clean_cache' from command line to 'False'
[0.250s] Level 5:colcon.colcon_core.verb:set package 'crazyflie_sim' build argument 'cmake_clean_first' from command line to 'False'
[0.250s] Level 5:colcon.colcon_core.verb:set package 'crazyflie_sim' build argument 'cmake_force_configure' from command line to 'False'
[0.250s] Level 5:colcon.colcon_core.verb:set package 'crazyflie_sim' build argument 'ament_cmake_args' from command line to 'None'
[0.250s] Level 5:colcon.colcon_core.verb:set package 'crazyflie_sim' build argument 'catkin_cmake_args' from command line to 'None'
[0.250s] Level 5:colcon.colcon_core.verb:set package 'crazyflie_sim' build argument 'catkin_skip_building_tests' from command line to 'False'
[0.250s] DEBUG:colcon.colcon_core.verb:Building package 'crazyflie_sim' with the following arguments: {'ament_cmake_args': None, 'build_base': '/home/mouha/crazyflie/ros2_ws/build/crazyflie_sim', 'catkin_cmake_args': None, 'catkin_skip_building_tests': False, 'cmake_args': None, 'cmake_clean_cache': False, 'cmake_clean_first': False, 'cmake_force_configure': False, 'cmake_target': None, 'cmake_target_skip_unavailable': False, 'install_base': '/home/mouha/crazyflie/ros2_ws/install/crazyflie_sim', 'merge_install': False, 'path': '/home/mouha/crazyflie/ros2_ws/src/crazyswarm2/crazyflie_sim', 'symlink_install': True, 'test_result_base': None}
[0.251s] Level 5:colcon.colcon_core.verb:set package 'micro_ros_agent' build argument 'cmake_args' from command line to 'None'
[0.251s] Level 5:colcon.colcon_core.verb:set package 'micro_ros_agent' build argument 'cmake_target' from command line to 'None'
[0.251s] Level 5:colcon.colcon_core.verb:set package 'micro_ros_agent' build argument 'cmake_target_skip_unavailable' from command line to 'False'
[0.251s] Level 5:colcon.colcon_core.verb:set package 'micro_ros_agent' build argument 'cmake_clean_cache' from command line to 'False'
[0.251s] Level 5:colcon.colcon_core.verb:set package 'micro_ros_agent' build argument 'cmake_clean_first' from command line to 'False'
[0.251s] Level 5:colcon.colcon_core.verb:set package 'micro_ros_agent' build argument 'cmake_force_configure' from command line to 'False'
[0.251s] Level 5:colcon.colcon_core.verb:set package 'micro_ros_agent' build argument 'ament_cmake_args' from command line to 'None'
[0.251s] Level 5:colcon.colcon_core.verb:set package 'micro_ros_agent' build argument 'catkin_cmake_args' from command line to 'None'
[0.251s] Level 5:colcon.colcon_core.verb:set package 'micro_ros_agent' build argument 'catkin_skip_building_tests' from command line to 'False'
[0.251s] DEBUG:colcon.colcon_core.verb:Building package 'micro_ros_agent' with the following arguments: {'ament_cmake_args': None, 'build_base': '/home/mouha/crazyflie/ros2_ws/build/micro_ros_agent', 'catkin_cmake_args': None, 'catkin_skip_building_tests': False, 'cmake_args': None, 'cmake_clean_cache': False, 'cmake_clean_first': False, 'cmake_force_configure': False, 'cmake_target': None, 'cmake_target_skip_unavailable': False, 'install_base': '/home/mouha/crazyflie/ros2_ws/install/micro_ros_agent', 'merge_install': False, 'path': '/home/mouha/crazyflie/ros2_ws/src/uros/micro-ROS-Agent/micro_ros_agent', 'symlink_install': True, 'test_result_base': None}
[0.251s] Level 5:colcon.colcon_core.verb:set package 'cf_led_mission' build argument 'cmake_args' from command line to 'None'
[0.251s] Level 5:colcon.colcon_core.verb:set package 'cf_led_mission' build argument 'cmake_target' from command line to 'None'
[0.251s] Level 5:colcon.colcon_core.verb:set package 'cf_led_mission' build argument 'cmake_target_skip_unavailable' from command line to 'False'
[0.251s] Level 5:colcon.colcon_core.verb:set package 'cf_led_mission' build argument 'cmake_clean_cache' from command line to 'False'
[0.251s] Level 5:colcon.colcon_core.verb:set package 'cf_led_mission' build argument 'cmake_clean_first' from command line to 'False'
[0.251s] Level 5:colcon.colcon_core.verb:set package 'cf_led_mission' build argument 'cmake_force_configure' from command line to 'False'
[0.251s] Level 5:colcon.colcon_core.verb:set package 'cf_led_mission' build argument 'ament_cmake_args' from command line to 'None'
[0.251s] Level 5:colcon.colcon_core.verb:set package 'cf_led_mission' build argument 'catkin_cmake_args' from command line to 'None'
[0.251s] Level 5:colcon.colcon_core.verb:set package 'cf_led_mission' build argument 'catkin_skip_building_tests' from command line to 'False'
[0.251s] DEBUG:colcon.colcon_core.verb:Building package 'cf_led_mission' with the following arguments: {'ament_cmake_args': None, 'build_base': '/home/mouha/crazyflie/ros2_ws/build/cf_led_mission', 'catkin_cmake_args': None, 'catkin_skip_building_tests': False, 'cmake_args': None, 'cmake_clean_cache': False, 'cmake_clean_first': False, 'cmake_force_configure': False, 'cmake_target': None, 'cmake_target_skip_unavailable': False, 'install_base': '/home/mouha/crazyflie/ros2_ws/install/cf_led_mission', 'merge_install': False, 'path': '/home/mouha/crazyflie/ros2_ws/src/cf_led_mission', 'symlink_install': True, 'test_result_base': None}
[0.251s] Level 5:colcon.colcon_core.verb:set package 'crazyflie_examples' build argument 'cmake_args' from command line to 'None'
[0.251s] Level 5:colcon.colcon_core.verb:set package 'crazyflie_examples' build argument 'cmake_target' from command line to 'None'
[0.251s] Level 5:colcon.colcon_core.verb:set package 'crazyflie_examples' build argument 'cmake_target_skip_unavailable' from command line to 'False'
[0.251s] Level 5:colcon.colcon_core.verb:set package 'crazyflie_examples' build argument 'cmake_clean_cache' from command line to 'False'
[0.251s] Level 5:colcon.colcon_core.verb:set package 'crazyflie_examples' build argument 'cmake_clean_first' from command line to 'False'
[0.251s] Level 5:colcon.colcon_core.verb:set package 'crazyflie_examples' build argument 'cmake_force_configure' from command line to 'False'
[0.251s] Level 5:colcon.colcon_core.verb:set package 'crazyflie_examples' build argument 'ament_cmake_args' from command line to 'None'
[0.251s] Level 5:colcon.colcon_core.verb:set package 'crazyflie_examples' build argument 'catkin_cmake_args' from command line to 'None'
[0.251s] Level 5:colcon.colcon_core.verb:set package 'crazyflie_examples' build argument 'catkin_skip_building_tests' from command line to 'False'
[0.251s] DEBUG:colcon.colcon_core.verb:Building package 'crazyflie_examples' with the following arguments: {'ament_cmake_args': None, 'build_base': '/home/mouha/crazyflie/ros2_ws/build/crazyflie_examples', 'catkin_cmake_args': None, 'catkin_skip_building_tests': False, 'cmake_args': None, 'cmake_clean_cache': False, 'cmake_clean_first': False, 'cmake_force_configure': False, 'cmake_target': None, 'cmake_target_skip_unavailable': False, 'install_base': '/home/mouha/crazyflie/ros2_ws/install/crazyflie_examples', 'merge_install': False, 'path': '/home/mouha/crazyflie/ros2_ws/src/crazyswarm2/crazyflie_examples', 'symlink_install': True, 'test_result_base': None}
[0.251s] INFO:colcon.colcon_core.executor:Executing jobs using 'parallel' executor
[0.252s] DEBUG:colcon.colcon_parallel_executor.executor.parallel:run_until_complete
[0.253s] INFO:colcon.colcon_ros.task.ament_cmake.build:Building ROS package in '/home/mouha/crazyflie/ros2_ws/src/crazyswarm2/crazyflie_interfaces' with build type 'ament_cmake'
[0.253s] INFO:colcon.colcon_cmake.task.cmake.build:Building CMake package in '/home/mouha/crazyflie/ros2_ws/src/crazyswarm2/crazyflie_interfaces'
[0.254s] INFO:colcon.colcon_core.plugin_system:Skipping extension 'colcon_core.shell.bat': Not used on non-Windows systems
[0.254s] INFO:colcon.colcon_core.shell:Skip shell extension 'powershell' for command environment: Not usable outside of PowerShell
[0.254s] DEBUG:colcon.colcon_core.shell:Skip shell extension 'dsv' for command environment
[0.257s] INFO:colcon.colcon_ros.task.ament_cmake.build:Building ROS package in '/home/mouha/crazyflie/ros2_ws/src/crazyswarm2/crazyflie_description' with build type 'ament_cmake'
[0.258s] INFO:colcon.colcon_cmake.task.cmake.build:Building CMake package in '/home/mouha/crazyflie/ros2_ws/src/crazyswarm2/crazyflie_description'
[0.258s] INFO:colcon.colcon_core.shell:Skip shell extension 'powershell' for command environment: Not usable outside of PowerShell
[0.258s] DEBUG:colcon.colcon_core.shell:Skip shell extension 'dsv' for command environment
[0.261s] INFO:colcon.colcon_ros.task.ament_cmake.build:Building ROS package in '/home/mouha/crazyflie/ros2_ws/src/uros/micro_ros_msgs' with build type 'ament_cmake'
[0.261s] INFO:colcon.colcon_cmake.task.cmake.build:Building CMake package in '/home/mouha/crazyflie/ros2_ws/src/uros/micro_ros_msgs'
[0.261s] INFO:colcon.colcon_core.shell:Skip shell extension 'powershell' for command environment: Not usable outside of PowerShell
[0.261s] DEBUG:colcon.colcon_core.shell:Skip shell extension 'dsv' for command environment
[0.264s] INFO:colcon.colcon_ros.task.ament_cmake.build:Building ROS package in '/home/mouha/crazyflie/ros2_ws/src/uros/drive_base/drive_base_msgs' with build type 'ament_cmake'
[0.264s] INFO:colcon.colcon_cmake.task.cmake.build:Building CMake package in '/home/mouha/crazyflie/ros2_ws/src/uros/drive_base/drive_base_msgs'
[0.264s] INFO:colcon.colcon_core.shell:Skip shell extension 'powershell' for command environment: Not usable outside of PowerShell
[0.264s] DEBUG:colcon.colcon_core.shell:Skip shell extension 'dsv' for command environment
[0.267s] INFO:colcon.colcon_ros.task.ament_cmake.build:Building ROS package in '/home/mouha/crazyflie/ros2_ws/src/micro_ros_setup' with build type 'ament_cmake'
[0.268s] INFO:colcon.colcon_cmake.task.cmake.build:Building CMake package in '/home/mouha/crazyflie/ros2_ws/src/micro_ros_setup'
[0.268s] INFO:colcon.colcon_core.shell:Skip shell extension 'powershell' for command environment: Not usable outside of PowerShell
[0.268s] DEBUG:colcon.colcon_core.shell:Skip shell extension 'dsv' for command environment
[0.275s] DEBUG:colcon.colcon_core.event_handler.log_command:Invoking command in '/home/mouha/crazyflie/ros2_ws/build/crazyflie_interfaces': CMAKE_PREFIX_PATH=${CMAKE_PREFIX_PATH}:/home/mouha/crazyflie/ros2_ws/install/crazyflie_server_py:/home/mouha/crazyflie/ros2_ws/install/cf_led_mission:/home/mouha/crazyflie/ros2_ws/install/crazyflie_py:/home/mouha/ros2_ws/install/my_py_pkg:/opt/ros/jazzy DEBUGINFOD_URLS=https://debuginfod.ubuntu.com /usr/bin/cmake --build /home/mouha/crazyflie/ros2_ws/build/crazyflie_interfaces -- -j12 -l12
[0.277s] DEBUG:colcon.colcon_core.event_handler.log_command:Invoking command in '/home/mouha/crazyflie/ros2_ws/build/crazyflie_description': CMAKE_PREFIX_PATH=${CMAKE_PREFIX_PATH}:/home/mouha/crazyflie/ros2_ws/install/crazyflie_server_py:/home/mouha/crazyflie/ros2_ws/install/cf_led_mission:/home/mouha/crazyflie/ros2_ws/install/crazyflie_py:/home/mouha/ros2_ws/install/my_py_pkg:/opt/ros/jazzy DEBUGINFOD_URLS=https://debuginfod.ubuntu.com /usr/bin/cmake --build /home/mouha/crazyflie/ros2_ws/build/crazyflie_description -- -j12 -l12
[0.278s] DEBUG:colcon.colcon_core.event_handler.log_command:Invoking command in '/home/mouha/crazyflie/ros2_ws/build/micro_ros_msgs': CMAKE_PREFIX_PATH=${CMAKE_PREFIX_PATH}:/home/mouha/crazyflie/ros2_ws/install/crazyflie_server_py:/home/mouha/crazyflie/ros2_ws/install/cf_led_mission:/home/mouha/crazyflie/ros2_ws/install/crazyflie_py:/home/mouha/ros2_ws/install/my_py_pkg:/opt/ros/jazzy DEBUGINFOD_URLS=https://debuginfod.ubuntu.com /usr/bin/cmake /home/mouha/crazyflie/ros2_ws/src/uros/micro_ros_msgs -DAMENT_CMAKE_SYMLINK_INSTALL=1 -DCMAKE_INSTALL_PREFIX=/home/mouha/crazyflie/ros2_ws/install/micro_ros_msgs
[0.282s] DEBUG:colcon.colcon_core.event_handler.log_command:Invoking command in '/home/mouha/crazyflie/ros2_ws/build/drive_base_msgs': CMAKE_PREFIX_PATH=${CMAKE_PREFIX_PATH}:/home/mouha/crazyflie/ros2_ws/install/crazyflie_server_py:/home/mouha/crazyflie/ros2_ws/install/cf_led_mission:/home/mouha/crazyflie/ros2_ws/install/crazyflie_py:/home/mouha/ros2_ws/install/my_py_pkg:/opt/ros/jazzy DEBUGINFOD_URLS=https://debuginfod.ubuntu.com /usr/bin/cmake --build /home/mouha/crazyflie/ros2_ws/build/drive_base_msgs -- -j12 -l12
[0.286s] DEBUG:colcon.colcon_core.event_handler.log_command:Invoking command in '/home/mouha/crazyflie/ros2_ws/build/micro_ros_setup': CMAKE_PREFIX_PATH=${CMAKE_PREFIX_PATH}:/home/mouha/crazyflie/ros2_ws/install/crazyflie_server_py:/home/mouha/crazyflie/ros2_ws/install/cf_led_mission:/home/mouha/crazyflie/ros2_ws/install/crazyflie_py:/home/mouha/ros2_ws/install/my_py_pkg:/opt/ros/jazzy DEBUGINFOD_URLS=https://debuginfod.ubuntu.com /usr/bin/cmake --build /home/mouha/crazyflie/ros2_ws/build/micro_ros_setup -- -j12 -l12
[0.310s] DEBUG:colcon.colcon_core.event_handler.log_command:Invoked command in '/home/mouha/crazyflie/ros2_ws/build/crazyflie_description' returned '0': CMAKE_PREFIX_PATH=${CMAKE_PREFIX_PATH}:/home/mouha/crazyflie/ros2_ws/install/crazyflie_server_py:/home/mouha/crazyflie/ros2_ws/install/cf_led_mission:/home/mouha/crazyflie/ros2_ws/install/crazyflie_py:/home/mouha/ros2_ws/install/my_py_pkg:/opt/ros/jazzy DEBUGINFOD_URLS=https://debuginfod.ubuntu.com /usr/bin/cmake --build /home/mouha/crazyflie/ros2_ws/build/crazyflie_description -- -j12 -l12
[0.318s] DEBUG:colcon.colcon_core.event_handler.log_command:Invoking command in '/home/mouha/crazyflie/ros2_ws/build/crazyflie_description': CMAKE_PREFIX_PATH=${CMAKE_PREFIX_PATH}:/home/mouha/crazyflie/ros2_ws/install/crazyflie_server_py:/home/mouha/crazyflie/ros2_ws/install/cf_led_mission:/home/mouha/crazyflie/ros2_ws/install/crazyflie_py:/home/mouha/ros2_ws/install/my_py_pkg:/opt/ros/jazzy DEBUGINFOD_URLS=https://debuginfod.ubuntu.com /usr/bin/cmake --install /home/mouha/crazyflie/ros2_ws/build/crazyflie_description
[0.320s] DEBUG:colcon.colcon_core.event_handler.log_command:Invoked command in '/home/mouha/crazyflie/ros2_ws/build/micro_ros_setup' returned '0': CMAKE_PREFIX_PATH=${CMAKE_PREFIX_PATH}:/home/mouha/crazyflie/ros2_ws/install/crazyflie_server_py:/home/mouha/crazyflie/ros2_ws/install/cf_led_mission:/home/mouha/crazyflie/ros2_ws/install/crazyflie_py:/home/mouha/ros2_ws/install/my_py_pkg:/opt/ros/jazzy DEBUGINFOD_URLS=https://debuginfod.ubuntu.com /usr/bin/cmake --build /home/mouha/crazyflie/ros2_ws/build/micro_ros_setup -- -j12 -l12
[0.322s] DEBUG:colcon.colcon_core.event_handler.log_command:Invoking command in '/home/mouha/crazyflie/ros2_ws/build/micro_ros_setup': CMAKE_PREFIX_PATH=${CMAKE_PREFIX_PATH}:/home/mouha/crazyflie/ros2_ws/install/crazyflie_server_py:/home/mouha/crazyflie/ros2_ws/install/cf_led_mission:/home/mouha/crazyflie/ros2_ws/install/crazyflie_py:/home/mouha/ros2_ws/install/my_py_pkg:/opt/ros/jazzy DEBUGINFOD_URLS=https://debuginfod.ubuntu.com /usr/bin/cmake --install /home/mouha/crazyflie/ros2_ws/build/micro_ros_setup
[0.332s] Level 1:colcon.colcon_core.environment:create_environment_scripts_only(crazyflie_description)
[0.332s] DEBUG:colcon.colcon_core.event_handler.log_command:Invoked command in '/home/mouha/crazyflie/ros2_ws/build/crazyflie_description' returned '0': CMAKE_PREFIX_PATH=${CMAKE_PREFIX_PATH}:/home/mouha/crazyflie/ros2_ws/install/crazyflie_server_py:/home/mouha/crazyflie/ros2_ws/install/cf_led_mission:/home/mouha/crazyflie/ros2_ws/install/crazyflie_py:/home/mouha/ros2_ws/install/my_py_pkg:/opt/ros/jazzy DEBUGINFOD_URLS=https://debuginfod.ubuntu.com /usr/bin/cmake --install /home/mouha/crazyflie/ros2_ws/build/crazyflie_description
[0.342s] Level 1:colcon.colcon_core.environment:checking '/home/mouha/crazyflie/ros2_ws/install/crazyflie_description' for CMake module files
[0.343s] Level 1:colcon.colcon_core.environment:checking '/home/mouha/crazyflie/ros2_ws/install/crazyflie_description' for CMake config files
[0.343s] Level 1:colcon.colcon_core.shell:create_environment_hook('crazyflie_description', 'cmake_prefix_path')
[0.343s] INFO:colcon.colcon_core.shell:Creating environment hook '/home/mouha/crazyflie/ros2_ws/install/crazyflie_description/share/crazyflie_description/hook/cmake_prefix_path.ps1'
[0.345s] INFO:colcon.colcon_core.shell:Creating environment descriptor '/home/mouha/crazyflie/ros2_ws/install/crazyflie_description/share/crazyflie_description/hook/cmake_prefix_path.dsv'
[0.345s] INFO:colcon.colcon_core.shell:Creating environment hook '/home/mouha/crazyflie/ros2_ws/install/crazyflie_description/share/crazyflie_description/hook/cmake_prefix_path.sh'
[0.346s] Level 1:colcon.colcon_core.environment:checking '/home/mouha/crazyflie/ros2_ws/install/crazyflie_description/bin'
[0.347s] Level 1:colcon.colcon_core.environment:checking '/home/mouha/crazyflie/ros2_ws/install/crazyflie_description/lib/pkgconfig/crazyflie_description.pc'
[0.347s] Level 1:colcon.colcon_core.environment:checking '/home/mouha/crazyflie/ros2_ws/install/crazyflie_description/lib/python3.12/site-packages'
[0.347s] Level 1:colcon.colcon_core.environment:checking '/home/mouha/crazyflie/ros2_ws/install/crazyflie_description/bin'
[0.348s] INFO:colcon.colcon_core.shell:Creating package script '/home/mouha/crazyflie/ros2_ws/install/crazyflie_description/share/crazyflie_description/package.ps1'
[0.349s] INFO:colcon.colcon_core.shell:Creating package descriptor '/home/mouha/crazyflie/ros2_ws/install/crazyflie_description/share/crazyflie_description/package.dsv'
[0.350s] INFO:colcon.colcon_core.shell:Creating package script '/home/mouha/crazyflie/ros2_ws/install/crazyflie_description/share/crazyflie_description/package.sh'
[0.351s] INFO:colcon.colcon_core.shell:Creating package script '/home/mouha/crazyflie/ros2_ws/install/crazyflie_description/share/crazyflie_description/package.bash'
[0.352s] INFO:colcon.colcon_core.shell:Creating package script '/home/mouha/crazyflie/ros2_ws/install/crazyflie_description/share/crazyflie_description/package.zsh'
[0.354s] Level 1:colcon.colcon_core.environment:create_file_with_runtime_dependencies(/home/mouha/crazyflie/ros2_ws/install/crazyflie_description/share/colcon-core/packages/crazyflie_description)
[0.355s] Level 1:colcon.colcon_core.environment:create_environment_scripts_only(crazyflie_description)
[0.355s] Level 1:colcon.colcon_core.environment:checking '/home/mouha/crazyflie/ros2_ws/install/crazyflie_description' for CMake module files
[0.356s] Level 1:colcon.colcon_core.environment:checking '/home/mouha/crazyflie/ros2_ws/install/crazyflie_description' for CMake config files
[0.356s] Level 1:colcon.colcon_core.shell:create_environment_hook('crazyflie_description', 'cmake_prefix_path')
[0.356s] INFO:colcon.colcon_core.shell:Creating environment hook '/home/mouha/crazyflie/ros2_ws/install/crazyflie_description/share/crazyflie_description/hook/cmake_prefix_path.ps1'
[0.356s] INFO:colcon.colcon_core.shell:Creating environment descriptor '/home/mouha/crazyflie/ros2_ws/install/crazyflie_description/share/crazyflie_description/hook/cmake_prefix_path.dsv'
[0.357s] INFO:colcon.colcon_core.shell:Creating environment hook '/home/mouha/crazyflie/ros2_ws/install/crazyflie_description/share/crazyflie_description/hook/cmake_prefix_path.sh'
[0.357s] Level 1:colcon.colcon_core.environment:checking '/home/mouha/crazyflie/ros2_ws/install/crazyflie_description/bin'
[0.357s] Level 1:colcon.colcon_core.environment:checking '/home/mouha/crazyflie/ros2_ws/install/crazyflie_description/lib/pkgconfig/crazyflie_description.pc'
[0.358s] Level 1:colcon.colcon_core.environment:checking '/home/mouha/crazyflie/ros2_ws/install/crazyflie_description/lib/python3.12/site-packages'
[0.358s] Level 1:colcon.colcon_core.environment:checking '/home/mouha/crazyflie/ros2_ws/install/crazyflie_description/bin'
[0.359s] INFO:colcon.colcon_core.shell:Creating package script '/home/mouha/crazyflie/ros2_ws/install/crazyflie_description/share/crazyflie_description/package.ps1'
[0.364s] INFO:colcon.colcon_core.shell:Creating package descriptor '/home/mouha/crazyflie/ros2_ws/install/crazyflie_description/share/crazyflie_description/package.dsv'
[0.365s] INFO:colcon.colcon_core.shell:Creating package script '/home/mouha/crazyflie/ros2_ws/install/crazyflie_description/share/crazyflie_description/package.sh'
[0.365s] INFO:colcon.colcon_core.shell:Creating package script '/home/mouha/crazyflie/ros2_ws/install/crazyflie_description/share/crazyflie_description/package.bash'
[0.366s] INFO:colcon.colcon_core.shell:Creating package script '/home/mouha/crazyflie/ros2_ws/install/crazyflie_description/share/crazyflie_description/package.zsh'
[0.366s] Level 1:colcon.colcon_core.environment:create_file_with_runtime_dependencies(/home/mouha/crazyflie/ros2_ws/install/crazyflie_description/share/colcon-core/packages/crazyflie_description)
[0.373s] Level 1:colcon.colcon_core.environment:create_environment_scripts_only(micro_ros_setup)
[0.374s] Level 1:colcon.colcon_core.environment:checking '/home/mouha/crazyflie/ros2_ws/install/micro_ros_setup' for CMake module files
[0.374s] DEBUG:colcon.colcon_core.event_handler.log_command:Invoked command in '/home/mouha/crazyflie/ros2_ws/build/micro_ros_setup' returned '0': CMAKE_PREFIX_PATH=${CMAKE_PREFIX_PATH}:/home/mouha/crazyflie/ros2_ws/install/crazyflie_server_py:/home/mouha/crazyflie/ros2_ws/install/cf_led_mission:/home/mouha/crazyflie/ros2_ws/install/crazyflie_py:/home/mouha/ros2_ws/install/my_py_pkg:/opt/ros/jazzy DEBUGINFOD_URLS=https://debuginfod.ubuntu.com /usr/bin/cmake --install /home/mouha/crazyflie/ros2_ws/build/micro_ros_setup
[0.375s] Level 1:colcon.colcon_core.environment:checking '/home/mouha/crazyflie/ros2_ws/install/micro_ros_setup' for CMake config files
[0.375s] Level 1:colcon.colcon_core.shell:create_environment_hook('micro_ros_setup', 'cmake_prefix_path')
[0.376s] INFO:colcon.colcon_core.shell:Creating environment hook '/home/mouha/crazyflie/ros2_ws/install/micro_ros_setup/share/micro_ros_setup/hook/cmake_prefix_path.ps1'
[0.376s] INFO:colcon.colcon_core.shell:Creating environment descriptor '/home/mouha/crazyflie/ros2_ws/install/micro_ros_setup/share/micro_ros_setup/hook/cmake_prefix_path.dsv'
[0.377s] INFO:colcon.colcon_core.shell:Creating environment hook '/home/mouha/crazyflie/ros2_ws/install/micro_ros_setup/share/micro_ros_setup/hook/cmake_prefix_path.sh'
[0.377s] Level 1:colcon.colcon_core.environment:checking '/home/mouha/crazyflie/ros2_ws/install/micro_ros_setup/lib'
[0.377s] Level 1:colcon.colcon_core.environment:checking '/home/mouha/crazyflie/ros2_ws/install/micro_ros_setup/bin'
[0.378s] Level 1:colcon.colcon_core.environment:checking '/home/mouha/crazyflie/ros2_ws/install/micro_ros_setup/lib/pkgconfig/micro_ros_setup.pc'
[0.378s] Level 1:colcon.colcon_core.environment:checking '/home/mouha/crazyflie/ros2_ws/install/micro_ros_setup/lib/python3.12/site-packages'
[0.378s] Level 1:colcon.colcon_core.environment:checking '/home/mouha/crazyflie/ros2_ws/install/micro_ros_setup/bin'
[0.379s] INFO:colcon.colcon_core.shell:Creating package script '/home/mouha/crazyflie/ros2_ws/install/micro_ros_setup/share/micro_ros_setup/package.ps1'
[0.380s] INFO:colcon.colcon_core.shell:Creating package descriptor '/home/mouha/crazyflie/ros2_ws/install/micro_ros_setup/share/micro_ros_setup/package.dsv'
[0.380s] INFO:colcon.colcon_core.shell:Creating package script '/home/mouha/crazyflie/ros2_ws/install/micro_ros_setup/share/micro_ros_setup/package.sh'
[0.381s] INFO:colcon.colcon_core.shell:Creating package script '/home/mouha/crazyflie/ros2_ws/install/micro_ros_setup/share/micro_ros_setup/package.bash'
[0.381s] INFO:colcon.colcon_core.shell:Creating package script '/home/mouha/crazyflie/ros2_ws/install/micro_ros_setup/share/micro_ros_setup/package.zsh'
[0.382s] Level 1:colcon.colcon_core.environment:create_file_with_runtime_dependencies(/home/mouha/crazyflie/ros2_ws/install/micro_ros_setup/share/colcon-core/packages/micro_ros_setup)
[0.383s] Level 1:colcon.colcon_core.environment:create_environment_scripts_only(micro_ros_setup)
[0.383s] Level 1:colcon.colcon_core.environment:checking '/home/mouha/crazyflie/ros2_ws/install/micro_ros_setup' for CMake module files
[0.384s] Level 1:colcon.colcon_core.environment:checking '/home/mouha/crazyflie/ros2_ws/install/micro_ros_setup' for CMake config files
[0.384s] Level 1:colcon.colcon_core.shell:create_environment_hook('micro_ros_setup', 'cmake_prefix_path')
[0.384s] INFO:colcon.colcon_core.shell:Creating environment hook '/home/mouha/crazyflie/ros2_ws/install/micro_ros_setup/share/micro_ros_setup/hook/cmake_prefix_path.ps1'
[0.385s] INFO:colcon.colcon_core.shell:Creating environment descriptor '/home/mouha/crazyflie/ros2_ws/install/micro_ros_setup/share/micro_ros_setup/hook/cmake_prefix_path.dsv'
[0.385s] INFO:colcon.colcon_core.shell:Creating environment hook '/home/mouha/crazyflie/ros2_ws/install/micro_ros_setup/share/micro_ros_setup/hook/cmake_prefix_path.sh'
[0.386s] Level 1:colcon.colcon_core.environment:checking '/home/mouha/crazyflie/ros2_ws/install/micro_ros_setup/lib'
[0.386s] Level 1:colcon.colcon_core.environment:checking '/home/mouha/crazyflie/ros2_ws/install/micro_ros_setup/bin'
[0.386s] Level 1:colcon.colcon_core.environment:checking '/home/mouha/crazyflie/ros2_ws/install/micro_ros_setup/lib/pkgconfig/micro_ros_setup.pc'
[0.387s] Level 1:colcon.colcon_core.environment:checking '/home/mouha/crazyflie/ros2_ws/install/micro_ros_setup/lib/python3.12/site-packages'
[0.387s] Level 1:colcon.colcon_core.environment:checking '/home/mouha/crazyflie/ros2_ws/install/micro_ros_setup/bin'
[0.387s] INFO:colcon.colcon_core.shell:Creating package script '/home/mouha/crazyflie/ros2_ws/install/micro_ros_setup/share/micro_ros_setup/package.ps1'
[0.388s] INFO:colcon.colcon_core.shell:Creating package descriptor '/home/mouha/crazyflie/ros2_ws/install/micro_ros_setup/share/micro_ros_setup/package.dsv'
[0.388s] INFO:colcon.colcon_core.shell:Creating package script '/home/mouha/crazyflie/ros2_ws/install/micro_ros_setup/share/micro_ros_setup/package.sh'
[0.389s] INFO:colcon.colcon_core.shell:Creating package script '/home/mouha/crazyflie/ros2_ws/install/micro_ros_setup/share/micro_ros_setup/package.bash'
[0.389s] INFO:colcon.colcon_core.shell:Creating package script '/home/mouha/crazyflie/ros2_ws/install/micro_ros_setup/share/micro_ros_setup/package.zsh'
[0.390s] Level 1:colcon.colcon_core.environment:create_file_with_runtime_dependencies(/home/mouha/crazyflie/ros2_ws/install/micro_ros_setup/share/colcon-core/packages/micro_ros_setup)
[0.700s] DEBUG:colcon.colcon_core.event_handler.log_command:Invoked command in '/home/mouha/crazyflie/ros2_ws/build/crazyflie_interfaces' returned '0': CMAKE_PREFIX_PATH=${CMAKE_PREFIX_PATH}:/home/mouha/crazyflie/ros2_ws/install/crazyflie_server_py:/home/mouha/crazyflie/ros2_ws/install/cf_led_mission:/home/mouha/crazyflie/ros2_ws/install/crazyflie_py:/home/mouha/ros2_ws/install/my_py_pkg:/opt/ros/jazzy DEBUGINFOD_URLS=https://debuginfod.ubuntu.com /usr/bin/cmake --build /home/mouha/crazyflie/ros2_ws/build/crazyflie_interfaces -- -j12 -l12
[0.703s] DEBUG:colcon.colcon_core.event_handler.log_command:Invoking command in '/home/mouha/crazyflie/ros2_ws/build/crazyflie_interfaces': CMAKE_PREFIX_PATH=${CMAKE_PREFIX_PATH}:/home/mouha/crazyflie/ros2_ws/install/crazyflie_server_py:/home/mouha/crazyflie/ros2_ws/install/cf_led_mission:/home/mouha/crazyflie/ros2_ws/install/crazyflie_py:/home/mouha/ros2_ws/install/my_py_pkg:/opt/ros/jazzy DEBUGINFOD_URLS=https://debuginfod.ubuntu.com /usr/bin/cmake --install /home/mouha/crazyflie/ros2_ws/build/crazyflie_interfaces
[0.752s] DEBUG:colcon.colcon_core.event_handler.log_command:Invoked command in '/home/mouha/crazyflie/ros2_ws/build/drive_base_msgs' returned '0': CMAKE_PREFIX_PATH=${CMAKE_PREFIX_PATH}:/home/mouha/crazyflie/ros2_ws/install/crazyflie_server_py:/home/mouha/crazyflie/ros2_ws/install/cf_led_mission:/home/mouha/crazyflie/ros2_ws/install/crazyflie_py:/home/mouha/ros2_ws/install/my_py_pkg:/opt/ros/jazzy DEBUGINFOD_URLS=https://debuginfod.ubuntu.com /usr/bin/cmake --build /home/mouha/crazyflie/ros2_ws/build/drive_base_msgs -- -j12 -l12
[0.753s] DEBUG:colcon.colcon_core.event_handler.log_command:Invoking command in '/home/mouha/crazyflie/ros2_ws/build/drive_base_msgs': CMAKE_PREFIX_PATH=${CMAKE_PREFIX_PATH}:/home/mouha/crazyflie/ros2_ws/install/crazyflie_server_py:/home/mouha/crazyflie/ros2_ws/install/cf_led_mission:/home/mouha/crazyflie/ros2_ws/install/crazyflie_py:/home/mouha/ros2_ws/install/my_py_pkg:/opt/ros/jazzy DEBUGINFOD_URLS=https://debuginfod.ubuntu.com /usr/bin/cmake --install /home/mouha/crazyflie/ros2_ws/build/drive_base_msgs
[0.842s] Level 1:colcon.colcon_core.environment:create_environment_scripts_only(crazyflie_interfaces)
[0.842s] Level 1:colcon.colcon_core.environment:checking '/home/mouha/crazyflie/ros2_ws/install/crazyflie_interfaces' for CMake module files
[0.842s] DEBUG:colcon.colcon_core.event_handler.log_command:Invoked command in '/home/mouha/crazyflie/ros2_ws/build/crazyflie_interfaces' returned '0': CMAKE_PREFIX_PATH=${CMAKE_PREFIX_PATH}:/home/mouha/crazyflie/ros2_ws/install/crazyflie_server_py:/home/mouha/crazyflie/ros2_ws/install/cf_led_mission:/home/mouha/crazyflie/ros2_ws/install/crazyflie_py:/home/mouha/ros2_ws/install/my_py_pkg:/opt/ros/jazzy DEBUGINFOD_URLS=https://debuginfod.ubuntu.com /usr/bin/cmake --install /home/mouha/crazyflie/ros2_ws/build/crazyflie_interfaces
[0.843s] Level 1:colcon.colcon_core.environment:checking '/home/mouha/crazyflie/ros2_ws/install/crazyflie_interfaces' for CMake config files
[0.843s] Level 1:colcon.colcon_core.shell:create_environment_hook('crazyflie_interfaces', 'cmake_prefix_path')
[0.844s] INFO:colcon.colcon_core.shell:Creating environment hook '/home/mouha/crazyflie/ros2_ws/install/crazyflie_interfaces/share/crazyflie_interfaces/hook/cmake_prefix_path.ps1'
[0.844s] INFO:colcon.colcon_core.shell:Creating environment descriptor '/home/mouha/crazyflie/ros2_ws/install/crazyflie_interfaces/share/crazyflie_interfaces/hook/cmake_prefix_path.dsv'
[0.844s] INFO:colcon.colcon_core.shell:Creating environment hook '/home/mouha/crazyflie/ros2_ws/install/crazyflie_interfaces/share/crazyflie_interfaces/hook/cmake_prefix_path.sh'
[0.845s] Level 1:colcon.colcon_core.environment:checking '/home/mouha/crazyflie/ros2_ws/install/crazyflie_interfaces/lib'
[0.845s] Level 1:colcon.colcon_core.shell:create_environment_hook('crazyflie_interfaces', 'ld_library_path_lib')
[0.845s] INFO:colcon.colcon_core.shell:Creating environment hook '/home/mouha/crazyflie/ros2_ws/install/crazyflie_interfaces/share/crazyflie_interfaces/hook/ld_library_path_lib.ps1'
[0.845s] INFO:colcon.colcon_core.shell:Creating environment descriptor '/home/mouha/crazyflie/ros2_ws/install/crazyflie_interfaces/share/crazyflie_interfaces/hook/ld_library_path_lib.dsv'
[0.846s] INFO:colcon.colcon_core.shell:Creating environment hook '/home/mouha/crazyflie/ros2_ws/install/crazyflie_interfaces/share/crazyflie_interfaces/hook/ld_library_path_lib.sh'
[0.846s] Level 1:colcon.colcon_core.environment:checking '/home/mouha/crazyflie/ros2_ws/install/crazyflie_interfaces/bin'
[0.846s] Level 1:colcon.colcon_core.environment:checking '/home/mouha/crazyflie/ros2_ws/install/crazyflie_interfaces/lib/pkgconfig/crazyflie_interfaces.pc'
[0.846s] Level 1:colcon.colcon_core.environment:checking '/home/mouha/crazyflie/ros2_ws/install/crazyflie_interfaces/lib/python3.12/site-packages'
[0.846s] Level 1:colcon.colcon_core.shell:create_environment_hook('crazyflie_interfaces', 'pythonpath')
[0.846s] INFO:colcon.colcon_core.shell:Creating environment hook '/home/mouha/crazyflie/ros2_ws/install/crazyflie_interfaces/share/crazyflie_interfaces/hook/pythonpath.ps1'
[0.847s] INFO:colcon.colcon_core.shell:Creating environment descriptor '/home/mouha/crazyflie/ros2_ws/install/crazyflie_interfaces/share/crazyflie_interfaces/hook/pythonpath.dsv'
[0.847s] INFO:colcon.colcon_core.shell:Creating environment hook '/home/mouha/crazyflie/ros2_ws/install/crazyflie_interfaces/share/crazyflie_interfaces/hook/pythonpath.sh'
[0.847s] Level 1:colcon.colcon_core.environment:checking '/home/mouha/crazyflie/ros2_ws/install/crazyflie_interfaces/bin'
[0.848s] INFO:colcon.colcon_core.shell:Creating package script '/home/mouha/crazyflie/ros2_ws/install/crazyflie_interfaces/share/crazyflie_interfaces/package.ps1'
[0.848s] INFO:colcon.colcon_core.shell:Creating package descriptor '/home/mouha/crazyflie/ros2_ws/install/crazyflie_interfaces/share/crazyflie_interfaces/package.dsv'
[0.849s] INFO:colcon.colcon_core.shell:Creating package script '/home/mouha/crazyflie/ros2_ws/install/crazyflie_interfaces/share/crazyflie_interfaces/package.sh'
[0.849s] INFO:colcon.colcon_core.shell:Creating package script '/home/mouha/crazyflie/ros2_ws/install/crazyflie_interfaces/share/crazyflie_interfaces/package.bash'
[0.849s] INFO:colcon.colcon_core.shell:Creating package script '/home/mouha/crazyflie/ros2_ws/install/crazyflie_interfaces/share/crazyflie_interfaces/package.zsh'
[0.849s] Level 1:colcon.colcon_core.environment:create_file_with_runtime_dependencies(/home/mouha/crazyflie/ros2_ws/install/crazyflie_interfaces/share/colcon-core/packages/crazyflie_interfaces)
[0.850s] Level 1:colcon.colcon_core.environment:create_environment_scripts_only(crazyflie_interfaces)
[0.850s] Level 1:colcon.colcon_core.environment:checking '/home/mouha/crazyflie/ros2_ws/install/crazyflie_interfaces' for CMake module files
[0.850s] Level 1:colcon.colcon_core.environment:checking '/home/mouha/crazyflie/ros2_ws/install/crazyflie_interfaces' for CMake config files
[0.851s] Level 1:colcon.colcon_core.shell:create_environment_hook('crazyflie_interfaces', 'cmake_prefix_path')
[0.851s] INFO:colcon.colcon_core.shell:Creating environment hook '/home/mouha/crazyflie/ros2_ws/install/crazyflie_interfaces/share/crazyflie_interfaces/hook/cmake_prefix_path.ps1'
[0.851s] INFO:colcon.colcon_core.shell:Creating environment descriptor '/home/mouha/crazyflie/ros2_ws/install/crazyflie_interfaces/share/crazyflie_interfaces/hook/cmake_prefix_path.dsv'
[0.852s] INFO:colcon.colcon_core.shell:Creating environment hook '/home/mouha/crazyflie/ros2_ws/install/crazyflie_interfaces/share/crazyflie_interfaces/hook/cmake_prefix_path.sh'
[0.852s] Level 1:colcon.colcon_core.environment:checking '/home/mouha/crazyflie/ros2_ws/install/crazyflie_interfaces/lib'
[0.852s] Level 1:colcon.colcon_core.shell:create_environment_hook('crazyflie_interfaces', 'ld_library_path_lib')
[0.852s] INFO:colcon.colcon_core.shell:Creating environment hook '/home/mouha/crazyflie/ros2_ws/install/crazyflie_interfaces/share/crazyflie_interfaces/hook/ld_library_path_lib.ps1'
[0.853s] INFO:colcon.colcon_core.shell:Creating environment descriptor '/home/mouha/crazyflie/ros2_ws/install/crazyflie_interfaces/share/crazyflie_interfaces/hook/ld_library_path_lib.dsv'
[0.853s] INFO:colcon.colcon_core.shell:Creating environment hook '/home/mouha/crazyflie/ros2_ws/install/crazyflie_interfaces/share/crazyflie_interfaces/hook/ld_library_path_lib.sh'
[0.854s] Level 1:colcon.colcon_core.environment:checking '/home/mouha/crazyflie/ros2_ws/install/crazyflie_interfaces/bin'
[0.854s] Level 1:colcon.colcon_core.environment:checking '/home/mouha/crazyflie/ros2_ws/install/crazyflie_interfaces/lib/pkgconfig/crazyflie_interfaces.pc'
[0.854s] Level 1:colcon.colcon_core.environment:checking '/home/mouha/crazyflie/ros2_ws/install/crazyflie_interfaces/lib/python3.12/site-packages'
[0.854s] Level 1:colcon.colcon_core.shell:create_environment_hook('crazyflie_interfaces', 'pythonpath')
[0.854s] INFO:colcon.colcon_core.shell:Creating environment hook '/home/mouha/crazyflie/ros2_ws/install/crazyflie_interfaces/share/crazyflie_interfaces/hook/pythonpath.ps1'
[0.854s] INFO:colcon.colcon_core.shell:Creating environment descriptor '/home/mouha/crazyflie/ros2_ws/install/crazyflie_interfaces/share/crazyflie_interfaces/hook/pythonpath.dsv'
[0.855s] INFO:colcon.colcon_core.shell:Creating environment hook '/home/mouha/crazyflie/ros2_ws/install/crazyflie_interfaces/share/crazyflie_interfaces/hook/pythonpath.sh'
[0.855s] Level 1:colcon.colcon_core.environment:checking '/home/mouha/crazyflie/ros2_ws/install/crazyflie_interfaces/bin'
[0.856s] INFO:colcon.colcon_core.shell:Creating package script '/home/mouha/crazyflie/ros2_ws/install/crazyflie_interfaces/share/crazyflie_interfaces/package.ps1'
[0.856s] INFO:colcon.colcon_core.shell:Creating package descriptor '/home/mouha/crazyflie/ros2_ws/install/crazyflie_interfaces/share/crazyflie_interfaces/package.dsv'
[0.857s] INFO:colcon.colcon_core.shell:Creating package script '/home/mouha/crazyflie/ros2_ws/install/crazyflie_interfaces/share/crazyflie_interfaces/package.sh'
[0.857s] INFO:colcon.colcon_core.shell:Creating package script '/home/mouha/crazyflie/ros2_ws/install/crazyflie_interfaces/share/crazyflie_interfaces/package.bash'
[0.858s] INFO:colcon.colcon_core.shell:Creating package script '/home/mouha/crazyflie/ros2_ws/install/crazyflie_interfaces/share/crazyflie_interfaces/package.zsh'
[0.858s] Level 1:colcon.colcon_core.environment:create_file_with_runtime_dependencies(/home/mouha/crazyflie/ros2_ws/install/crazyflie_interfaces/share/colcon-core/packages/crazyflie_interfaces)
[0.858s] INFO:colcon.colcon_ros.task.ament_python.build:Building ROS package in '/home/mouha/crazyflie/ros2_ws/src/crazyswarm2/crazyflie_py' with build type 'ament_python'
[0.859s] Level 1:colcon.colcon_core.shell:create_environment_hook('crazyflie_py', 'ament_prefix_path')
[0.859s] INFO:colcon.colcon_core.shell:Creating environment hook '/home/mouha/crazyflie/ros2_ws/install/crazyflie_py/share/crazyflie_py/hook/ament_prefix_path.ps1'
[0.860s] INFO:colcon.colcon_core.shell:Creating environment descriptor '/home/mouha/crazyflie/ros2_ws/install/crazyflie_py/share/crazyflie_py/hook/ament_prefix_path.dsv'
[0.860s] INFO:colcon.colcon_core.shell:Creating environment hook '/home/mouha/crazyflie/ros2_ws/install/crazyflie_py/share/crazyflie_py/hook/ament_prefix_path.sh'
[0.860s] INFO:colcon.colcon_core.shell:Skip shell extension 'powershell' for command environment: Not usable outside of PowerShell
[0.861s] DEBUG:colcon.colcon_core.shell:Skip shell extension 'dsv' for command environment
[0.864s] INFO:colcon.colcon_ros.task.ament_cmake.build:Building ROS package in '/home/mouha/crazyflie/ros2_ws/src/crazyswarm2/crazyflie' with build type 'ament_cmake'
[0.864s] INFO:colcon.colcon_cmake.task.cmake.build:Building CMake package in '/home/mouha/crazyflie/ros2_ws/src/crazyswarm2/crazyflie'
[0.865s] INFO:colcon.colcon_core.shell:Skip shell extension 'powershell' for command environment: Not usable outside of PowerShell
[0.865s] DEBUG:colcon.colcon_core.shell:Skip shell extension 'dsv' for command environment
[0.871s] INFO:colcon.colcon_ros.task.ament_python.build:Building ROS package in '/home/mouha/crazyflie/ros2_ws/src/crazyswarm2/crazyflie_server_py' with build type 'ament_python'
[0.871s] Level 1:colcon.colcon_core.shell:create_environment_hook('crazyflie_server_py', 'ament_prefix_path')
[0.871s] INFO:colcon.colcon_core.shell:Creating environment hook '/home/mouha/crazyflie/ros2_ws/install/crazyflie_server_py/share/crazyflie_server_py/hook/ament_prefix_path.ps1'
[0.872s] INFO:colcon.colcon_core.shell:Creating environment descriptor '/home/mouha/crazyflie/ros2_ws/install/crazyflie_server_py/share/crazyflie_server_py/hook/ament_prefix_path.dsv'
[0.872s] INFO:colcon.colcon_core.shell:Creating environment hook '/home/mouha/crazyflie/ros2_ws/install/crazyflie_server_py/share/crazyflie_server_py/hook/ament_prefix_path.sh'
[0.873s] INFO:colcon.colcon_core.shell:Skip shell extension 'powershell' for command environment: Not usable outside of PowerShell
[0.873s] DEBUG:colcon.colcon_core.shell:Skip shell extension 'dsv' for command environment
[0.879s] INFO:colcon.colcon_ros.task.ament_cmake.build:Building ROS package in '/home/mouha/crazyflie/ros2_ws/src/crazyswarm2/crazyflie_sim' with build type 'ament_cmake'
[0.879s] INFO:colcon.colcon_cmake.task.cmake.build:Building CMake package in '/home/mouha/crazyflie/ros2_ws/src/crazyswarm2/crazyflie_sim'
[0.879s] INFO:colcon.colcon_core.shell:Skip shell extension 'powershell' for command environment: Not usable outside of PowerShell
[0.879s] DEBUG:colcon.colcon_core.shell:Skip shell extension 'dsv' for command environment
[1.171s] INFO:colcon.colcon_core.task.python.build:Building Python package in '/home/mouha/crazyflie/ros2_ws/src/crazyswarm2/crazyflie_py'
[1.171s] INFO:colcon.colcon_core.shell:Skip shell extension 'powershell' for command environment: Not usable outside of PowerShell
[1.171s] DEBUG:colcon.colcon_core.shell:Skip shell extension 'dsv' for command environment
[1.181s] DEBUG:colcon.colcon_core.event_handler.log_command:Invoking command in '/home/mouha/crazyflie/ros2_ws/build/crazyflie': CMAKE_PREFIX_PATH=/home/mouha/crazyflie/ros2_ws/install/crazyflie_interfaces:/home/mouha/crazyflie/ros2_ws/install/crazyflie_description:/home/mouha/crazyflie/ros2_ws/install/micro_ros_setup:/home/mouha/crazyflie/ros2_ws/install/micro_ros_agent:/home/mouha/crazyflie/ros2_ws/install/micro_ros_msgs:/home/mouha/crazyflie/ros2_ws/install/crazyflie_sim:/home/mouha/crazyflie/ros2_ws/install/crazyflie_examples:/home/mouha/crazyflie/ros2_ws/install/crazyflie:/home/mouha/ros2_ws/install/my_cpp_pkg:/opt/ros/jazzy/opt/gz_sim_vendor:/opt/ros/jazzy/opt/gz_sensors_vendor:/opt/ros/jazzy/opt/gz_physics_vendor:/opt/ros/jazzy/opt/sdformat_vendor:/opt/ros/jazzy/opt/gz_gui_vendor:/opt/ros/jazzy/opt/gz_transport_vendor:/opt/ros/jazzy/opt/gz_rendering_vendor:/opt/ros/jazzy/opt/gz_plugin_vendor:/opt/ros/jazzy/opt/gz_fuel_tools_vendor:/opt/ros/jazzy/opt/gz_msgs_vendor:/opt/ros/jazzy/opt/gz_common_vendor:/opt/ros/jazzy/opt/gz_math_vendor:/opt/ros/jazzy/opt/gz_utils_vendor:/opt/ros/jazzy/opt/gz_tools_vendor:/opt/ros/jazzy/opt/gz_ogre_next_vendor:/opt/ros/jazzy/opt/gz_dartsim_vendor:/opt/ros/jazzy/opt/gz_cmake_vendor:/home/mouha/crazyflie/ros2_ws/install/crazyflie_server_py:/home/mouha/crazyflie/ros2_ws/install/cf_led_mission:/home/mouha/crazyflie/ros2_ws/install/crazyflie_py:/home/mouha/ros2_ws/install/my_py_pkg:/opt/ros/jazzy DEBUGINFOD_URLS=https://debuginfod.ubuntu.com LD_LIBRARY_PATH=/home/mouha/crazyflie/ros2_ws/install/crazyflie_interfaces/lib:/home/mouha/crazyflie/ros2_ws/install/micro_ros_agent/lib:/home/mouha/crazyflie/ros2_ws/install/micro_ros_msgs/lib:/opt/ros/jazzy/opt/gz_sim_vendor/lib:/opt/ros/jazzy/opt/gz_sensors_vendor/lib:/opt/ros/jazzy/opt/gz_physics_vendor/lib:/opt/ros/jazzy/opt/sdformat_vendor/lib:/opt/ros/jazzy/opt/rviz_ogre_vendor/lib:/opt/ros/jazzy/lib/x86_64-linux-gnu:/opt/ros/jazzy/opt/gz_gui_vendor/lib:/opt/ros/jazzy/opt/gz_transport_vendor/lib:/opt/ros/jazzy/opt/gz_rendering_vendor/lib:/opt/ros/jazzy/opt/gz_plugin_vendor/lib:/opt/ros/jazzy/opt/gz_fuel_tools_vendor/lib:/opt/ros/jazzy/opt/gz_msgs_vendor/lib:/opt/ros/jazzy/opt/gz_common_vendor/lib:/opt/ros/jazzy/opt/gz_math_vendor/lib:/opt/ros/jazzy/opt/gz_utils_vendor/lib:/opt/ros/jazzy/opt/gz_tools_vendor/lib:/opt/ros/jazzy/opt/gz_ogre_next_vendor/lib:/opt/ros/jazzy/opt/gz_dartsim_vendor/lib:/opt/ros/jazzy/opt/gz_cmake_vendor/lib:/opt/ros/jazzy/lib PYTHONPATH=/home/mouha/crazyflie/ros2_ws/install/crazyflie_interfaces/lib/python3.12/site-packages:/home/mouha/crazyflie/ros2_ws/install/micro_ros_msgs/lib/python3.12/site-packages:/home/mouha/crazyflie/ros2_ws/install/crazyflie_sim/lib/python3.12/site-packages:/home/mouha/crazyflie/ros2_ws/build/crazyflie_server_py:/home/mouha/crazyflie/ros2_ws/install/crazyflie_server_py/lib/python3.12/site-packages:/home/mouha/crazyflie/ros2_ws/install/crazyflie_examples/lib/python3.12/site-packages:/home/mouha/crazyflie/ros2_ws/build/cf_led_mission:/home/mouha/crazyflie/ros2_ws/install/cf_led_mission/lib/python3.12/site-packages:/home/mouha/crazyflie/ros2_ws/build/crazyflie_py:/home/mouha/crazyflie/ros2_ws/install/crazyflie_py/lib/python3.12/site-packages:/home/mouha/ros2_ws/build/my_py_pkg:/home/mouha/ros2_ws/install/my_py_pkg/lib/python3.12/site-packages:/opt/ros/jazzy/lib/python3.12/site-packages /usr/bin/cmake --build /home/mouha/crazyflie/ros2_ws/build/crazyflie -- -j12 -l12
[1.472s] INFO:colcon.colcon_core.task.python.build:Building Python package in '/home/mouha/crazyflie/ros2_ws/src/crazyswarm2/crazyflie_server_py'
[1.472s] INFO:colcon.colcon_core.shell:Skip shell extension 'powershell' for command environment: Not usable outside of PowerShell
[1.472s] DEBUG:colcon.colcon_core.shell:Skip shell extension 'dsv' for command environment
[1.480s] DEBUG:colcon.colcon_core.event_handler.log_command:Invoking command in '/home/mouha/crazyflie/ros2_ws/build/crazyflie_sim': CMAKE_PREFIX_PATH=/home/mouha/crazyflie/ros2_ws/install/crazyflie_interfaces:/home/mouha/crazyflie/ros2_ws/install/micro_ros_setup:/home/mouha/crazyflie/ros2_ws/install/micro_ros_agent:/home/mouha/crazyflie/ros2_ws/install/micro_ros_msgs:/home/mouha/crazyflie/ros2_ws/install/crazyflie_sim:/home/mouha/crazyflie/ros2_ws/install/crazyflie_examples:/home/mouha/crazyflie/ros2_ws/install/crazyflie:/home/mouha/crazyflie/ros2_ws/install/crazyflie_description:/home/mouha/ros2_ws/install/my_cpp_pkg:/opt/ros/jazzy/opt/gz_sim_vendor:/opt/ros/jazzy/opt/gz_sensors_vendor:/opt/ros/jazzy/opt/gz_physics_vendor:/opt/ros/jazzy/opt/sdformat_vendor:/opt/ros/jazzy/opt/gz_gui_vendor:/opt/ros/jazzy/opt/gz_transport_vendor:/opt/ros/jazzy/opt/gz_rendering_vendor:/opt/ros/jazzy/opt/gz_plugin_vendor:/opt/ros/jazzy/opt/gz_fuel_tools_vendor:/opt/ros/jazzy/opt/gz_msgs_vendor:/opt/ros/jazzy/opt/gz_common_vendor:/opt/ros/jazzy/opt/gz_math_vendor:/opt/ros/jazzy/opt/gz_utils_vendor:/opt/ros/jazzy/opt/gz_tools_vendor:/opt/ros/jazzy/opt/gz_ogre_next_vendor:/opt/ros/jazzy/opt/gz_dartsim_vendor:/opt/ros/jazzy/opt/gz_cmake_vendor:/home/mouha/crazyflie/ros2_ws/install/crazyflie_server_py:/home/mouha/crazyflie/ros2_ws/install/cf_led_mission:/home/mouha/crazyflie/ros2_ws/install/crazyflie_py:/home/mouha/ros2_ws/install/my_py_pkg:/opt/ros/jazzy DEBUGINFOD_URLS=https://debuginfod.ubuntu.com LD_LIBRARY_PATH=/home/mouha/crazyflie/ros2_ws/install/crazyflie_interfaces/lib:/home/mouha/crazyflie/ros2_ws/install/micro_ros_agent/lib:/home/mouha/crazyflie/ros2_ws/install/micro_ros_msgs/lib:/opt/ros/jazzy/opt/gz_sim_vendor/lib:/opt/ros/jazzy/opt/gz_sensors_vendor/lib:/opt/ros/jazzy/opt/gz_physics_vendor/lib:/opt/ros/jazzy/opt/sdformat_vendor/lib:/opt/ros/jazzy/opt/rviz_ogre_vendor/lib:/opt/ros/jazzy/lib/x86_64-linux-gnu:/opt/ros/jazzy/opt/gz_gui_vendor/lib:/opt/ros/jazzy/opt/gz_transport_vendor/lib:/opt/ros/jazzy/opt/gz_rendering_vendor/lib:/opt/ros/jazzy/opt/gz_plugin_vendor/lib:/opt/ros/jazzy/opt/gz_fuel_tools_vendor/lib:/opt/ros/jazzy/opt/gz_msgs_vendor/lib:/opt/ros/jazzy/opt/gz_common_vendor/lib:/opt/ros/jazzy/opt/gz_math_vendor/lib:/opt/ros/jazzy/opt/gz_utils_vendor/lib:/opt/ros/jazzy/opt/gz_tools_vendor/lib:/opt/ros/jazzy/opt/gz_ogre_next_vendor/lib:/opt/ros/jazzy/opt/gz_dartsim_vendor/lib:/opt/ros/jazzy/opt/gz_cmake_vendor/lib:/opt/ros/jazzy/lib PYTHONPATH=/home/mouha/crazyflie/ros2_ws/install/crazyflie_interfaces/lib/python3.12/site-packages:/home/mouha/crazyflie/ros2_ws/install/micro_ros_msgs/lib/python3.12/site-packages:/home/mouha/crazyflie/ros2_ws/install/crazyflie_sim/lib/python3.12/site-packages:/home/mouha/crazyflie/ros2_ws/build/crazyflie_server_py:/home/mouha/crazyflie/ros2_ws/install/crazyflie_server_py/lib/python3.12/site-packages:/home/mouha/crazyflie/ros2_ws/install/crazyflie_examples/lib/python3.12/site-packages:/home/mouha/crazyflie/ros2_ws/build/cf_led_mission:/home/mouha/crazyflie/ros2_ws/install/cf_led_mission/lib/python3.12/site-packages:/home/mouha/crazyflie/ros2_ws/build/crazyflie_py:/home/mouha/crazyflie/ros2_ws/install/crazyflie_py/lib/python3.12/site-packages:/home/mouha/ros2_ws/build/my_py_pkg:/home/mouha/ros2_ws/install/my_py_pkg/lib/python3.12/site-packages:/opt/ros/jazzy/lib/python3.12/site-packages /usr/bin/cmake --build /home/mouha/crazyflie/ros2_ws/build/crazyflie_sim -- -j12 -l12
[1.482s] DEBUG:colcon.colcon_core.event_handler.log_command:Invoked command in '/home/mouha/crazyflie/ros2_ws/build/crazyflie' returned '0': CMAKE_PREFIX_PATH=/home/mouha/crazyflie/ros2_ws/install/crazyflie_interfaces:/home/mouha/crazyflie/ros2_ws/install/crazyflie_description:/home/mouha/crazyflie/ros2_ws/install/micro_ros_setup:/home/mouha/crazyflie/ros2_ws/install/micro_ros_agent:/home/mouha/crazyflie/ros2_ws/install/micro_ros_msgs:/home/mouha/crazyflie/ros2_ws/install/crazyflie_sim:/home/mouha/crazyflie/ros2_ws/install/crazyflie_examples:/home/mouha/crazyflie/ros2_ws/install/crazyflie:/home/mouha/ros2_ws/install/my_cpp_pkg:/opt/ros/jazzy/opt/gz_sim_vendor:/opt/ros/jazzy/opt/gz_sensors_vendor:/opt/ros/jazzy/opt/gz_physics_vendor:/opt/ros/jazzy/opt/sdformat_vendor:/opt/ros/jazzy/opt/gz_gui_vendor:/opt/ros/jazzy/opt/gz_transport_vendor:/opt/ros/jazzy/opt/gz_rendering_vendor:/opt/ros/jazzy/opt/gz_plugin_vendor:/opt/ros/jazzy/opt/gz_fuel_tools_vendor:/opt/ros/jazzy/opt/gz_msgs_vendor:/opt/ros/jazzy/opt/gz_common_vendor:/opt/ros/jazzy/opt/gz_math_vendor:/opt/ros/jazzy/opt/gz_utils_vendor:/opt/ros/jazzy/opt/gz_tools_vendor:/opt/ros/jazzy/opt/gz_ogre_next_vendor:/opt/ros/jazzy/opt/gz_dartsim_vendor:/opt/ros/jazzy/opt/gz_cmake_vendor:/home/mouha/crazyflie/ros2_ws/install/crazyflie_server_py:/home/mouha/crazyflie/ros2_ws/install/cf_led_mission:/home/mouha/crazyflie/ros2_ws/install/crazyflie_py:/home/mouha/ros2_ws/install/my_py_pkg:/opt/ros/jazzy DEBUGINFOD_URLS=https://debuginfod.ubuntu.com LD_LIBRARY_PATH=/home/mouha/crazyflie/ros2_ws/install/crazyflie_interfaces/lib:/home/mouha/crazyflie/ros2_ws/install/micro_ros_agent/lib:/home/mouha/crazyflie/ros2_ws/install/micro_ros_msgs/lib:/opt/ros/jazzy/opt/gz_sim_vendor/lib:/opt/ros/jazzy/opt/gz_sensors_vendor/lib:/opt/ros/jazzy/opt/gz_physics_vendor/lib:/opt/ros/jazzy/opt/sdformat_vendor/lib:/opt/ros/jazzy/opt/rviz_ogre_vendor/lib:/opt/ros/jazzy/lib/x86_64-linux-gnu:/opt/ros/jazzy/opt/gz_gui_vendor/lib:/opt/ros/jazzy/opt/gz_transport_vendor/lib:/opt/ros/jazzy/opt/gz_rendering_vendor/lib:/opt/ros/jazzy/opt/gz_plugin_vendor/lib:/opt/ros/jazzy/opt/gz_fuel_tools_vendor/lib:/opt/ros/jazzy/opt/gz_msgs_vendor/lib:/opt/ros/jazzy/opt/gz_common_vendor/lib:/opt/ros/jazzy/opt/gz_math_vendor/lib:/opt/ros/jazzy/opt/gz_utils_vendor/lib:/opt/ros/jazzy/opt/gz_tools_vendor/lib:/opt/ros/jazzy/opt/gz_ogre_next_vendor/lib:/opt/ros/jazzy/opt/gz_dartsim_vendor/lib:/opt/ros/jazzy/opt/gz_cmake_vendor/lib:/opt/ros/jazzy/lib PYTHONPATH=/home/mouha/crazyflie/ros2_ws/install/crazyflie_interfaces/lib/python3.12/site-packages:/home/mouha/crazyflie/ros2_ws/install/micro_ros_msgs/lib/python3.12/site-packages:/home/mouha/crazyflie/ros2_ws/install/crazyflie_sim/lib/python3.12/site-packages:/home/mouha/crazyflie/ros2_ws/build/crazyflie_server_py:/home/mouha/crazyflie/ros2_ws/install/crazyflie_server_py/lib/python3.12/site-packages:/home/mouha/crazyflie/ros2_ws/install/crazyflie_examples/lib/python3.12/site-packages:/home/mouha/crazyflie/ros2_ws/build/cf_led_mission:/home/mouha/crazyflie/ros2_ws/install/cf_led_mission/lib/python3.12/site-packages:/home/mouha/crazyflie/ros2_ws/build/crazyflie_py:/home/mouha/crazyflie/ros2_ws/install/crazyflie_py/lib/python3.12/site-packages:/home/mouha/ros2_ws/build/my_py_pkg:/home/mouha/ros2_ws/install/my_py_pkg/lib/python3.12/site-packages:/opt/ros/jazzy/lib/python3.12/site-packages /usr/bin/cmake --build /home/mouha/crazyflie/ros2_ws/build/crazyflie -- -j12 -l12
[1.483s] DEBUG:colcon.colcon_core.event_handler.log_command:Invoking command in '/home/mouha/crazyflie/ros2_ws/build/crazyflie': CMAKE_PREFIX_PATH=/home/mouha/crazyflie/ros2_ws/install/crazyflie_interfaces:/home/mouha/crazyflie/ros2_ws/install/crazyflie_description:/home/mouha/crazyflie/ros2_ws/install/micro_ros_setup:/home/mouha/crazyflie/ros2_ws/install/micro_ros_agent:/home/mouha/crazyflie/ros2_ws/install/micro_ros_msgs:/home/mouha/crazyflie/ros2_ws/install/crazyflie_sim:/home/mouha/crazyflie/ros2_ws/install/crazyflie_examples:/home/mouha/crazyflie/ros2_ws/install/crazyflie:/home/mouha/ros2_ws/install/my_cpp_pkg:/opt/ros/jazzy/opt/gz_sim_vendor:/opt/ros/jazzy/opt/gz_sensors_vendor:/opt/ros/jazzy/opt/gz_physics_vendor:/opt/ros/jazzy/opt/sdformat_vendor:/opt/ros/jazzy/opt/gz_gui_vendor:/opt/ros/jazzy/opt/gz_transport_vendor:/opt/ros/jazzy/opt/gz_rendering_vendor:/opt/ros/jazzy/opt/gz_plugin_vendor:/opt/ros/jazzy/opt/gz_fuel_tools_vendor:/opt/ros/jazzy/opt/gz_msgs_vendor:/opt/ros/jazzy/opt/gz_common_vendor:/opt/ros/jazzy/opt/gz_math_vendor:/opt/ros/jazzy/opt/gz_utils_vendor:/opt/ros/jazzy/opt/gz_tools_vendor:/opt/ros/jazzy/opt/gz_ogre_next_vendor:/opt/ros/jazzy/opt/gz_dartsim_vendor:/opt/ros/jazzy/opt/gz_cmake_vendor:/home/mouha/crazyflie/ros2_ws/install/crazyflie_server_py:/home/mouha/crazyflie/ros2_ws/install/cf_led_mission:/home/mouha/crazyflie/ros2_ws/install/crazyflie_py:/home/mouha/ros2_ws/install/my_py_pkg:/opt/ros/jazzy DEBUGINFOD_URLS=https://debuginfod.ubuntu.com LD_LIBRARY_PATH=/home/mouha/crazyflie/ros2_ws/install/crazyflie_interfaces/lib:/home/mouha/crazyflie/ros2_ws/install/micro_ros_agent/lib:/home/mouha/crazyflie/ros2_ws/install/micro_ros_msgs/lib:/opt/ros/jazzy/opt/gz_sim_vendor/lib:/opt/ros/jazzy/opt/gz_sensors_vendor/lib:/opt/ros/jazzy/opt/gz_physics_vendor/lib:/opt/ros/jazzy/opt/sdformat_vendor/lib:/opt/ros/jazzy/opt/rviz_ogre_vendor/lib:/opt/ros/jazzy/lib/x86_64-linux-gnu:/opt/ros/jazzy/opt/gz_gui_vendor/lib:/opt/ros/jazzy/opt/gz_transport_vendor/lib:/opt/ros/jazzy/opt/gz_rendering_vendor/lib:/opt/ros/jazzy/opt/gz_plugin_vendor/lib:/opt/ros/jazzy/opt/gz_fuel_tools_vendor/lib:/opt/ros/jazzy/opt/gz_msgs_vendor/lib:/opt/ros/jazzy/opt/gz_common_vendor/lib:/opt/ros/jazzy/opt/gz_math_vendor/lib:/opt/ros/jazzy/opt/gz_utils_vendor/lib:/opt/ros/jazzy/opt/gz_tools_vendor/lib:/opt/ros/jazzy/opt/gz_ogre_next_vendor/lib:/opt/ros/jazzy/opt/gz_dartsim_vendor/lib:/opt/ros/jazzy/opt/gz_cmake_vendor/lib:/opt/ros/jazzy/lib PYTHONPATH=/home/mouha/crazyflie/ros2_ws/install/crazyflie_interfaces/lib/python3.12/site-packages:/home/mouha/crazyflie/ros2_ws/install/micro_ros_msgs/lib/python3.12/site-packages:/home/mouha/crazyflie/ros2_ws/install/crazyflie_sim/lib/python3.12/site-packages:/home/mouha/crazyflie/ros2_ws/build/crazyflie_server_py:/home/mouha/crazyflie/ros2_ws/install/crazyflie_server_py/lib/python3.12/site-packages:/home/mouha/crazyflie/ros2_ws/install/crazyflie_examples/lib/python3.12/site-packages:/home/mouha/crazyflie/ros2_ws/build/cf_led_mission:/home/mouha/crazyflie/ros2_ws/install/cf_led_mission/lib/python3.12/site-packages:/home/mouha/crazyflie/ros2_ws/build/crazyflie_py:/home/mouha/crazyflie/ros2_ws/install/crazyflie_py/lib/python3.12/site-packages:/home/mouha/ros2_ws/build/my_py_pkg:/home/mouha/ros2_ws/install/my_py_pkg/lib/python3.12/site-packages:/opt/ros/jazzy/lib/python3.12/site-packages /usr/bin/cmake --install /home/mouha/crazyflie/ros2_ws/build/crazyflie
[1.513s] Level 1:colcon.colcon_core.environment:create_environment_scripts_only(crazyflie)
[1.513s] Level 1:colcon.colcon_core.environment:checking '/home/mouha/crazyflie/ros2_ws/install/crazyflie' for CMake module files
[1.514s] DEBUG:colcon.colcon_core.event_handler.log_command:Invoked command in '/home/mouha/crazyflie/ros2_ws/build/crazyflie' returned '0': CMAKE_PREFIX_PATH=/home/mouha/crazyflie/ros2_ws/install/crazyflie_interfaces:/home/mouha/crazyflie/ros2_ws/install/crazyflie_description:/home/mouha/crazyflie/ros2_ws/install/micro_ros_setup:/home/mouha/crazyflie/ros2_ws/install/micro_ros_agent:/home/mouha/crazyflie/ros2_ws/install/micro_ros_msgs:/home/mouha/crazyflie/ros2_ws/install/crazyflie_sim:/home/mouha/crazyflie/ros2_ws/install/crazyflie_examples:/home/mouha/crazyflie/ros2_ws/install/crazyflie:/home/mouha/ros2_ws/install/my_cpp_pkg:/opt/ros/jazzy/opt/gz_sim_vendor:/opt/ros/jazzy/opt/gz_sensors_vendor:/opt/ros/jazzy/opt/gz_physics_vendor:/opt/ros/jazzy/opt/sdformat_vendor:/opt/ros/jazzy/opt/gz_gui_vendor:/opt/ros/jazzy/opt/gz_transport_vendor:/opt/ros/jazzy/opt/gz_rendering_vendor:/opt/ros/jazzy/opt/gz_plugin_vendor:/opt/ros/jazzy/opt/gz_fuel_tools_vendor:/opt/ros/jazzy/opt/gz_msgs_vendor:/opt/ros/jazzy/opt/gz_common_vendor:/opt/ros/jazzy/opt/gz_math_vendor:/opt/ros/jazzy/opt/gz_utils_vendor:/opt/ros/jazzy/opt/gz_tools_vendor:/opt/ros/jazzy/opt/gz_ogre_next_vendor:/opt/ros/jazzy/opt/gz_dartsim_vendor:/opt/ros/jazzy/opt/gz_cmake_vendor:/home/mouha/crazyflie/ros2_ws/install/crazyflie_server_py:/home/mouha/crazyflie/ros2_ws/install/cf_led_mission:/home/mouha/crazyflie/ros2_ws/install/crazyflie_py:/home/mouha/ros2_ws/install/my_py_pkg:/opt/ros/jazzy DEBUGINFOD_URLS=https://debuginfod.ubuntu.com LD_LIBRARY_PATH=/home/mouha/crazyflie/ros2_ws/install/crazyflie_interfaces/lib:/home/mouha/crazyflie/ros2_ws/install/micro_ros_agent/lib:/home/mouha/crazyflie/ros2_ws/install/micro_ros_msgs/lib:/opt/ros/jazzy/opt/gz_sim_vendor/lib:/opt/ros/jazzy/opt/gz_sensors_vendor/lib:/opt/ros/jazzy/opt/gz_physics_vendor/lib:/opt/ros/jazzy/opt/sdformat_vendor/lib:/opt/ros/jazzy/opt/rviz_ogre_vendor/lib:/opt/ros/jazzy/lib/x86_64-linux-gnu:/opt/ros/jazzy/opt/gz_gui_vendor/lib:/opt/ros/jazzy/opt/gz_transport_vendor/lib:/opt/ros/jazzy/opt/gz_rendering_vendor/lib:/opt/ros/jazzy/opt/gz_plugin_vendor/lib:/opt/ros/jazzy/opt/gz_fuel_tools_vendor/lib:/opt/ros/jazzy/opt/gz_msgs_vendor/lib:/opt/ros/jazzy/opt/gz_common_vendor/lib:/opt/ros/jazzy/opt/gz_math_vendor/lib:/opt/ros/jazzy/opt/gz_utils_vendor/lib:/opt/ros/jazzy/opt/gz_tools_vendor/lib:/opt/ros/jazzy/opt/gz_ogre_next_vendor/lib:/opt/ros/jazzy/opt/gz_dartsim_vendor/lib:/opt/ros/jazzy/opt/gz_cmake_vendor/lib:/opt/ros/jazzy/lib PYTHONPATH=/home/mouha/crazyflie/ros2_ws/install/crazyflie_interfaces/lib/python3.12/site-packages:/home/mouha/crazyflie/ros2_ws/install/micro_ros_msgs/lib/python3.12/site-packages:/home/mouha/crazyflie/ros2_ws/install/crazyflie_sim/lib/python3.12/site-packages:/home/mouha/crazyflie/ros2_ws/build/crazyflie_server_py:/home/mouha/crazyflie/ros2_ws/install/crazyflie_server_py/lib/python3.12/site-packages:/home/mouha/crazyflie/ros2_ws/install/crazyflie_examples/lib/python3.12/site-packages:/home/mouha/crazyflie/ros2_ws/build/cf_led_mission:/home/mouha/crazyflie/ros2_ws/install/cf_led_mission/lib/python3.12/site-packages:/home/mouha/crazyflie/ros2_ws/build/crazyflie_py:/home/mouha/crazyflie/ros2_ws/install/crazyflie_py/lib/python3.12/site-packages:/home/mouha/ros2_ws/build/my_py_pkg:/home/mouha/ros2_ws/install/my_py_pkg/lib/python3.12/site-packages:/opt/ros/jazzy/lib/python3.12/site-packages /usr/bin/cmake --install /home/mouha/crazyflie/ros2_ws/build/crazyflie
[1.515s] Level 1:colcon.colcon_core.environment:checking '/home/mouha/crazyflie/ros2_ws/install/crazyflie' for CMake config files
[1.515s] Level 1:colcon.colcon_core.shell:create_environment_hook('crazyflie', 'cmake_prefix_path')
[1.516s] INFO:colcon.colcon_core.shell:Creating environment hook '/home/mouha/crazyflie/ros2_ws/install/crazyflie/share/crazyflie/hook/cmake_prefix_path.ps1'
[1.516s] INFO:colcon.colcon_core.shell:Creating environment descriptor '/home/mouha/crazyflie/ros2_ws/install/crazyflie/share/crazyflie/hook/cmake_prefix_path.dsv'
[1.517s] INFO:colcon.colcon_core.shell:Creating environment hook '/home/mouha/crazyflie/ros2_ws/install/crazyflie/share/crazyflie/hook/cmake_prefix_path.sh'
[1.517s] Level 1:colcon.colcon_core.environment:checking '/home/mouha/crazyflie/ros2_ws/install/crazyflie/lib'
[1.517s] Level 1:colcon.colcon_core.environment:checking '/home/mouha/crazyflie/ros2_ws/install/crazyflie/bin'
[1.517s] Level 1:colcon.colcon_core.environment:checking '/home/mouha/crazyflie/ros2_ws/install/crazyflie/lib/pkgconfig/crazyflie.pc'
[1.518s] Level 1:colcon.colcon_core.environment:checking '/home/mouha/crazyflie/ros2_ws/install/crazyflie/lib/python3.12/site-packages'
[1.518s] Level 1:colcon.colcon_core.environment:checking '/home/mouha/crazyflie/ros2_ws/install/crazyflie/bin'
[1.518s] INFO:colcon.colcon_core.shell:Creating package script '/home/mouha/crazyflie/ros2_ws/install/crazyflie/share/crazyflie/package.ps1'
[1.519s] INFO:colcon.colcon_core.shell:Creating package descriptor '/home/mouha/crazyflie/ros2_ws/install/crazyflie/share/crazyflie/package.dsv'
[1.519s] INFO:colcon.colcon_core.shell:Creating package script '/home/mouha/crazyflie/ros2_ws/install/crazyflie/share/crazyflie/package.sh'
[1.520s] INFO:colcon.colcon_core.shell:Creating package script '/home/mouha/crazyflie/ros2_ws/install/crazyflie/share/crazyflie/package.bash'
[1.520s] INFO:colcon.colcon_core.shell:Creating package script '/home/mouha/crazyflie/ros2_ws/install/crazyflie/share/crazyflie/package.zsh'
[1.521s] Level 1:colcon.colcon_core.environment:create_file_with_runtime_dependencies(/home/mouha/crazyflie/ros2_ws/install/crazyflie/share/colcon-core/packages/crazyflie)
[1.521s] Level 1:colcon.colcon_core.environment:create_environment_scripts_only(crazyflie)
[1.521s] Level 1:colcon.colcon_core.environment:checking '/home/mouha/crazyflie/ros2_ws/install/crazyflie' for CMake module files
[1.523s] Level 1:colcon.colcon_core.environment:checking '/home/mouha/crazyflie/ros2_ws/install/crazyflie' for CMake config files
[1.523s] Level 1:colcon.colcon_core.shell:create_environment_hook('crazyflie', 'cmake_prefix_path')
[1.523s] INFO:colcon.colcon_core.shell:Creating environment hook '/home/mouha/crazyflie/ros2_ws/install/crazyflie/share/crazyflie/hook/cmake_prefix_path.ps1'
[1.524s] INFO:colcon.colcon_core.shell:Creating environment descriptor '/home/mouha/crazyflie/ros2_ws/install/crazyflie/share/crazyflie/hook/cmake_prefix_path.dsv'
[1.524s] INFO:colcon.colcon_core.shell:Creating environment hook '/home/mouha/crazyflie/ros2_ws/install/crazyflie/share/crazyflie/hook/cmake_prefix_path.sh'
[1.525s] Level 1:colcon.colcon_core.environment:checking '/home/mouha/crazyflie/ros2_ws/install/crazyflie/lib'
[1.525s] Level 1:colcon.colcon_core.environment:checking '/home/mouha/crazyflie/ros2_ws/install/crazyflie/bin'
[1.525s] Level 1:colcon.colcon_core.environment:checking '/home/mouha/crazyflie/ros2_ws/install/crazyflie/lib/pkgconfig/crazyflie.pc'
[1.525s] Level 1:colcon.colcon_core.environment:checking '/home/mouha/crazyflie/ros2_ws/install/crazyflie/lib/python3.12/site-packages'
[1.526s] Level 1:colcon.colcon_core.environment:checking '/home/mouha/crazyflie/ros2_ws/install/crazyflie/bin'
[1.526s] INFO:colcon.colcon_core.shell:Creating package script '/home/mouha/crazyflie/ros2_ws/install/crazyflie/share/crazyflie/package.ps1'
[1.527s] INFO:colcon.colcon_core.shell:Creating package descriptor '/home/mouha/crazyflie/ros2_ws/install/crazyflie/share/crazyflie/package.dsv'
[1.528s] INFO:colcon.colcon_core.shell:Creating package script '/home/mouha/crazyflie/ros2_ws/install/crazyflie/share/crazyflie/package.sh'
[1.528s] INFO:colcon.colcon_core.shell:Creating package script '/home/mouha/crazyflie/ros2_ws/install/crazyflie/share/crazyflie/package.bash'
[1.529s] INFO:colcon.colcon_core.shell:Creating package script '/home/mouha/crazyflie/ros2_ws/install/crazyflie/share/crazyflie/package.zsh'
[1.529s] Level 1:colcon.colcon_core.environment:create_file_with_runtime_dependencies(/home/mouha/crazyflie/ros2_ws/install/crazyflie/share/colcon-core/packages/crazyflie)
[2.093s] Level 1:colcon.colcon_core.environment:create_environment_scripts_only(drive_base_msgs)
[2.093s] Level 1:colcon.colcon_core.environment:checking '/home/mouha/crazyflie/ros2_ws/install/drive_base_msgs' for CMake module files
[2.094s] DEBUG:colcon.colcon_core.event_handler.log_command:Invoked command in '/home/mouha/crazyflie/ros2_ws/build/drive_base_msgs' returned '0': CMAKE_PREFIX_PATH=${CMAKE_PREFIX_PATH}:/home/mouha/crazyflie/ros2_ws/install/crazyflie_server_py:/home/mouha/crazyflie/ros2_ws/install/cf_led_mission:/home/mouha/crazyflie/ros2_ws/install/crazyflie_py:/home/mouha/ros2_ws/install/my_py_pkg:/opt/ros/jazzy DEBUGINFOD_URLS=https://debuginfod.ubuntu.com /usr/bin/cmake --install /home/mouha/crazyflie/ros2_ws/build/drive_base_msgs
[2.094s] Level 1:colcon.colcon_core.environment:checking '/home/mouha/crazyflie/ros2_ws/install/drive_base_msgs' for CMake config files
[2.094s] Level 1:colcon.colcon_core.shell:create_environment_hook('drive_base_msgs', 'cmake_prefix_path')
[2.095s] INFO:colcon.colcon_core.shell:Creating environment hook '/home/mouha/crazyflie/ros2_ws/install/drive_base_msgs/share/drive_base_msgs/hook/cmake_prefix_path.ps1'
[2.095s] INFO:colcon.colcon_core.shell:Creating environment descriptor '/home/mouha/crazyflie/ros2_ws/install/drive_base_msgs/share/drive_base_msgs/hook/cmake_prefix_path.dsv'
[2.096s] INFO:colcon.colcon_core.shell:Creating environment hook '/home/mouha/crazyflie/ros2_ws/install/drive_base_msgs/share/drive_base_msgs/hook/cmake_prefix_path.sh'
[2.096s] Level 1:colcon.colcon_core.environment:checking '/home/mouha/crazyflie/ros2_ws/install/drive_base_msgs/lib'
[2.096s] Level 1:colcon.colcon_core.shell:create_environment_hook('drive_base_msgs', 'ld_library_path_lib')
[2.097s] INFO:colcon.colcon_core.shell:Creating environment hook '/home/mouha/crazyflie/ros2_ws/install/drive_base_msgs/share/drive_base_msgs/hook/ld_library_path_lib.ps1'
[2.097s] INFO:colcon.colcon_core.shell:Creating environment descriptor '/home/mouha/crazyflie/ros2_ws/install/drive_base_msgs/share/drive_base_msgs/hook/ld_library_path_lib.dsv'
[2.097s] INFO:colcon.colcon_core.shell:Creating environment hook '/home/mouha/crazyflie/ros2_ws/install/drive_base_msgs/share/drive_base_msgs/hook/ld_library_path_lib.sh'
[2.098s] Level 1:colcon.colcon_core.environment:checking '/home/mouha/crazyflie/ros2_ws/install/drive_base_msgs/bin'
[2.098s] Level 1:colcon.colcon_core.environment:checking '/home/mouha/crazyflie/ros2_ws/install/drive_base_msgs/lib/pkgconfig/drive_base_msgs.pc'
[2.098s] Level 1:colcon.colcon_core.environment:checking '/home/mouha/crazyflie/ros2_ws/install/drive_base_msgs/lib/python3.12/site-packages'
[2.099s] Level 1:colcon.colcon_core.shell:create_environment_hook('drive_base_msgs', 'pythonpath')
[2.099s] INFO:colcon.colcon_core.shell:Creating environment hook '/home/mouha/crazyflie/ros2_ws/install/drive_base_msgs/share/drive_base_msgs/hook/pythonpath.ps1'
[2.099s] INFO:colcon.colcon_core.shell:Creating environment descriptor '/home/mouha/crazyflie/ros2_ws/install/drive_base_msgs/share/drive_base_msgs/hook/pythonpath.dsv'
[2.100s] INFO:colcon.colcon_core.shell:Creating environment hook '/home/mouha/crazyflie/ros2_ws/install/drive_base_msgs/share/drive_base_msgs/hook/pythonpath.sh'
[2.101s] Level 1:colcon.colcon_core.environment:checking '/home/mouha/crazyflie/ros2_ws/install/drive_base_msgs/bin'
[2.101s] INFO:colcon.colcon_core.shell:Creating package script '/home/mouha/crazyflie/ros2_ws/install/drive_base_msgs/share/drive_base_msgs/package.ps1'
[2.102s] INFO:colcon.colcon_core.shell:Creating package descriptor '/home/mouha/crazyflie/ros2_ws/install/drive_base_msgs/share/drive_base_msgs/package.dsv'
[2.102s] INFO:colcon.colcon_core.shell:Creating package script '/home/mouha/crazyflie/ros2_ws/install/drive_base_msgs/share/drive_base_msgs/package.sh'
[2.103s] INFO:colcon.colcon_core.shell:Creating package script '/home/mouha/crazyflie/ros2_ws/install/drive_base_msgs/share/drive_base_msgs/package.bash'
[2.103s] INFO:colcon.colcon_core.shell:Creating package script '/home/mouha/crazyflie/ros2_ws/install/drive_base_msgs/share/drive_base_msgs/package.zsh'
[2.103s] Level 1:colcon.colcon_core.environment:create_file_with_runtime_dependencies(/home/mouha/crazyflie/ros2_ws/install/drive_base_msgs/share/colcon-core/packages/drive_base_msgs)
[2.104s] Level 1:colcon.colcon_core.environment:create_environment_scripts_only(drive_base_msgs)
[2.104s] Level 1:colcon.colcon_core.environment:checking '/home/mouha/crazyflie/ros2_ws/install/drive_base_msgs' for CMake module files
[2.106s] Level 1:colcon.colcon_core.environment:checking '/home/mouha/crazyflie/ros2_ws/install/drive_base_msgs' for CMake config files
[2.106s] Level 1:colcon.colcon_core.shell:create_environment_hook('drive_base_msgs', 'cmake_prefix_path')
[2.106s] INFO:colcon.colcon_core.shell:Creating environment hook '/home/mouha/crazyflie/ros2_ws/install/drive_base_msgs/share/drive_base_msgs/hook/cmake_prefix_path.ps1'
[2.107s] INFO:colcon.colcon_core.shell:Creating environment descriptor '/home/mouha/crazyflie/ros2_ws/install/drive_base_msgs/share/drive_base_msgs/hook/cmake_prefix_path.dsv'
[2.107s] INFO:colcon.colcon_core.shell:Creating environment hook '/home/mouha/crazyflie/ros2_ws/install/drive_base_msgs/share/drive_base_msgs/hook/cmake_prefix_path.sh'
[2.108s] Level 1:colcon.colcon_core.environment:checking '/home/mouha/crazyflie/ros2_ws/install/drive_base_msgs/lib'
[2.108s] Level 1:colcon.colcon_core.shell:create_environment_hook('drive_base_msgs', 'ld_library_path_lib')
[2.108s] INFO:colcon.colcon_core.shell:Creating environment hook '/home/mouha/crazyflie/ros2_ws/install/drive_base_msgs/share/drive_base_msgs/hook/ld_library_path_lib.ps1'
[2.109s] INFO:colcon.colcon_core.shell:Creating environment descriptor '/home/mouha/crazyflie/ros2_ws/install/drive_base_msgs/share/drive_base_msgs/hook/ld_library_path_lib.dsv'
[2.109s] INFO:colcon.colcon_core.shell:Creating environment hook '/home/mouha/crazyflie/ros2_ws/install/drive_base_msgs/share/drive_base_msgs/hook/ld_library_path_lib.sh'
[2.109s] Level 1:colcon.colcon_core.environment:checking '/home/mouha/crazyflie/ros2_ws/install/drive_base_msgs/bin'
[2.110s] Level 1:colcon.colcon_core.environment:checking '/home/mouha/crazyflie/ros2_ws/install/drive_base_msgs/lib/pkgconfig/drive_base_msgs.pc'
[2.110s] Level 1:colcon.colcon_core.environment:checking '/home/mouha/crazyflie/ros2_ws/install/drive_base_msgs/lib/python3.12/site-packages'
[2.110s] Level 1:colcon.colcon_core.shell:create_environment_hook('drive_base_msgs', 'pythonpath')
[2.110s] INFO:colcon.colcon_core.shell:Creating environment hook '/home/mouha/crazyflie/ros2_ws/install/drive_base_msgs/share/drive_base_msgs/hook/pythonpath.ps1'
[2.111s] INFO:colcon.colcon_core.shell:Creating environment descriptor '/home/mouha/crazyflie/ros2_ws/install/drive_base_msgs/share/drive_base_msgs/hook/pythonpath.dsv'
[2.111s] INFO:colcon.colcon_core.shell:Creating environment hook '/home/mouha/crazyflie/ros2_ws/install/drive_base_msgs/share/drive_base_msgs/hook/pythonpath.sh'
[2.112s] Level 1:colcon.colcon_core.environment:checking '/home/mouha/crazyflie/ros2_ws/install/drive_base_msgs/bin'
[2.112s] INFO:colcon.colcon_core.shell:Creating package script '/home/mouha/crazyflie/ros2_ws/install/drive_base_msgs/share/drive_base_msgs/package.ps1'
[2.113s] INFO:colcon.colcon_core.shell:Creating package descriptor '/home/mouha/crazyflie/ros2_ws/install/drive_base_msgs/share/drive_base_msgs/package.dsv'
[2.113s] INFO:colcon.colcon_core.shell:Creating package script '/home/mouha/crazyflie/ros2_ws/install/drive_base_msgs/share/drive_base_msgs/package.sh'
[2.114s] INFO:colcon.colcon_core.shell:Creating package script '/home/mouha/crazyflie/ros2_ws/install/drive_base_msgs/share/drive_base_msgs/package.bash'
[2.114s] INFO:colcon.colcon_core.shell:Creating package script '/home/mouha/crazyflie/ros2_ws/install/drive_base_msgs/share/drive_base_msgs/package.zsh'
[2.115s] Level 1:colcon.colcon_core.environment:create_file_with_runtime_dependencies(/home/mouha/crazyflie/ros2_ws/install/drive_base_msgs/share/colcon-core/packages/drive_base_msgs)
[2.265s] DEBUG:colcon.colcon_core.event_handler.log_command:Invoked command in '/home/mouha/crazyflie/ros2_ws/build/crazyflie_sim' returned '0': CMAKE_PREFIX_PATH=/home/mouha/crazyflie/ros2_ws/install/crazyflie_interfaces:/home/mouha/crazyflie/ros2_ws/install/micro_ros_setup:/home/mouha/crazyflie/ros2_ws/install/micro_ros_agent:/home/mouha/crazyflie/ros2_ws/install/micro_ros_msgs:/home/mouha/crazyflie/ros2_ws/install/crazyflie_sim:/home/mouha/crazyflie/ros2_ws/install/crazyflie_examples:/home/mouha/crazyflie/ros2_ws/install/crazyflie:/home/mouha/crazyflie/ros2_ws/install/crazyflie_description:/home/mouha/ros2_ws/install/my_cpp_pkg:/opt/ros/jazzy/opt/gz_sim_vendor:/opt/ros/jazzy/opt/gz_sensors_vendor:/opt/ros/jazzy/opt/gz_physics_vendor:/opt/ros/jazzy/opt/sdformat_vendor:/opt/ros/jazzy/opt/gz_gui_vendor:/opt/ros/jazzy/opt/gz_transport_vendor:/opt/ros/jazzy/opt/gz_rendering_vendor:/opt/ros/jazzy/opt/gz_plugin_vendor:/opt/ros/jazzy/opt/gz_fuel_tools_vendor:/opt/ros/jazzy/opt/gz_msgs_vendor:/opt/ros/jazzy/opt/gz_common_vendor:/opt/ros/jazzy/opt/gz_math_vendor:/opt/ros/jazzy/opt/gz_utils_vendor:/opt/ros/jazzy/opt/gz_tools_vendor:/opt/ros/jazzy/opt/gz_ogre_next_vendor:/opt/ros/jazzy/opt/gz_dartsim_vendor:/opt/ros/jazzy/opt/gz_cmake_vendor:/home/mouha/crazyflie/ros2_ws/install/crazyflie_server_py:/home/mouha/crazyflie/ros2_ws/install/cf_led_mission:/home/mouha/crazyflie/ros2_ws/install/crazyflie_py:/home/mouha/ros2_ws/install/my_py_pkg:/opt/ros/jazzy DEBUGINFOD_URLS=https://debuginfod.ubuntu.com LD_LIBRARY_PATH=/home/mouha/crazyflie/ros2_ws/install/crazyflie_interfaces/lib:/home/mouha/crazyflie/ros2_ws/install/micro_ros_agent/lib:/home/mouha/crazyflie/ros2_ws/install/micro_ros_msgs/lib:/opt/ros/jazzy/opt/gz_sim_vendor/lib:/opt/ros/jazzy/opt/gz_sensors_vendor/lib:/opt/ros/jazzy/opt/gz_physics_vendor/lib:/opt/ros/jazzy/opt/sdformat_vendor/lib:/opt/ros/jazzy/opt/rviz_ogre_vendor/lib:/opt/ros/jazzy/lib/x86_64-linux-gnu:/opt/ros/jazzy/opt/gz_gui_vendor/lib:/opt/ros/jazzy/opt/gz_transport_vendor/lib:/opt/ros/jazzy/opt/gz_rendering_vendor/lib:/opt/ros/jazzy/opt/gz_plugin_vendor/lib:/opt/ros/jazzy/opt/gz_fuel_tools_vendor/lib:/opt/ros/jazzy/opt/gz_msgs_vendor/lib:/opt/ros/jazzy/opt/gz_common_vendor/lib:/opt/ros/jazzy/opt/gz_math_vendor/lib:/opt/ros/jazzy/opt/gz_utils_vendor/lib:/opt/ros/jazzy/opt/gz_tools_vendor/lib:/opt/ros/jazzy/opt/gz_ogre_next_vendor/lib:/opt/ros/jazzy/opt/gz_dartsim_vendor/lib:/opt/ros/jazzy/opt/gz_cmake_vendor/lib:/opt/ros/jazzy/lib PYTHONPATH=/home/mouha/crazyflie/ros2_ws/install/crazyflie_interfaces/lib/python3.12/site-packages:/home/mouha/crazyflie/ros2_ws/install/micro_ros_msgs/lib/python3.12/site-packages:/home/mouha/crazyflie/ros2_ws/install/crazyflie_sim/lib/python3.12/site-packages:/home/mouha/crazyflie/ros2_ws/build/crazyflie_server_py:/home/mouha/crazyflie/ros2_ws/install/crazyflie_server_py/lib/python3.12/site-packages:/home/mouha/crazyflie/ros2_ws/install/crazyflie_examples/lib/python3.12/site-packages:/home/mouha/crazyflie/ros2_ws/build/cf_led_mission:/home/mouha/crazyflie/ros2_ws/install/cf_led_mission/lib/python3.12/site-packages:/home/mouha/crazyflie/ros2_ws/build/crazyflie_py:/home/mouha/crazyflie/ros2_ws/install/crazyflie_py/lib/python3.12/site-packages:/home/mouha/ros2_ws/build/my_py_pkg:/home/mouha/ros2_ws/install/my_py_pkg/lib/python3.12/site-packages:/opt/ros/jazzy/lib/python3.12/site-packages /usr/bin/cmake --build /home/mouha/crazyflie/ros2_ws/build/crazyflie_sim -- -j12 -l12
[2.266s] DEBUG:colcon.colcon_core.event_handler.log_command:Invoking command in '/home/mouha/crazyflie/ros2_ws/build/crazyflie_sim': CMAKE_PREFIX_PATH=/home/mouha/crazyflie/ros2_ws/install/crazyflie_interfaces:/home/mouha/crazyflie/ros2_ws/install/micro_ros_setup:/home/mouha/crazyflie/ros2_ws/install/micro_ros_agent:/home/mouha/crazyflie/ros2_ws/install/micro_ros_msgs:/home/mouha/crazyflie/ros2_ws/install/crazyflie_sim:/home/mouha/crazyflie/ros2_ws/install/crazyflie_examples:/home/mouha/crazyflie/ros2_ws/install/crazyflie:/home/mouha/crazyflie/ros2_ws/install/crazyflie_description:/home/mouha/ros2_ws/install/my_cpp_pkg:/opt/ros/jazzy/opt/gz_sim_vendor:/opt/ros/jazzy/opt/gz_sensors_vendor:/opt/ros/jazzy/opt/gz_physics_vendor:/opt/ros/jazzy/opt/sdformat_vendor:/opt/ros/jazzy/opt/gz_gui_vendor:/opt/ros/jazzy/opt/gz_transport_vendor:/opt/ros/jazzy/opt/gz_rendering_vendor:/opt/ros/jazzy/opt/gz_plugin_vendor:/opt/ros/jazzy/opt/gz_fuel_tools_vendor:/opt/ros/jazzy/opt/gz_msgs_vendor:/opt/ros/jazzy/opt/gz_common_vendor:/opt/ros/jazzy/opt/gz_math_vendor:/opt/ros/jazzy/opt/gz_utils_vendor:/opt/ros/jazzy/opt/gz_tools_vendor:/opt/ros/jazzy/opt/gz_ogre_next_vendor:/opt/ros/jazzy/opt/gz_dartsim_vendor:/opt/ros/jazzy/opt/gz_cmake_vendor:/home/mouha/crazyflie/ros2_ws/install/crazyflie_server_py:/home/mouha/crazyflie/ros2_ws/install/cf_led_mission:/home/mouha/crazyflie/ros2_ws/install/crazyflie_py:/home/mouha/ros2_ws/install/my_py_pkg:/opt/ros/jazzy DEBUGINFOD_URLS=https://debuginfod.ubuntu.com LD_LIBRARY_PATH=/home/mouha/crazyflie/ros2_ws/install/crazyflie_interfaces/lib:/home/mouha/crazyflie/ros2_ws/install/micro_ros_agent/lib:/home/mouha/crazyflie/ros2_ws/install/micro_ros_msgs/lib:/opt/ros/jazzy/opt/gz_sim_vendor/lib:/opt/ros/jazzy/opt/gz_sensors_vendor/lib:/opt/ros/jazzy/opt/gz_physics_vendor/lib:/opt/ros/jazzy/opt/sdformat_vendor/lib:/opt/ros/jazzy/opt/rviz_ogre_vendor/lib:/opt/ros/jazzy/lib/x86_64-linux-gnu:/opt/ros/jazzy/opt/gz_gui_vendor/lib:/opt/ros/jazzy/opt/gz_transport_vendor/lib:/opt/ros/jazzy/opt/gz_rendering_vendor/lib:/opt/ros/jazzy/opt/gz_plugin_vendor/lib:/opt/ros/jazzy/opt/gz_fuel_tools_vendor/lib:/opt/ros/jazzy/opt/gz_msgs_vendor/lib:/opt/ros/jazzy/opt/gz_common_vendor/lib:/opt/ros/jazzy/opt/gz_math_vendor/lib:/opt/ros/jazzy/opt/gz_utils_vendor/lib:/opt/ros/jazzy/opt/gz_tools_vendor/lib:/opt/ros/jazzy/opt/gz_ogre_next_vendor/lib:/opt/ros/jazzy/opt/gz_dartsim_vendor/lib:/opt/ros/jazzy/opt/gz_cmake_vendor/lib:/opt/ros/jazzy/lib PYTHONPATH=/home/mouha/crazyflie/ros2_ws/install/crazyflie_interfaces/lib/python3.12/site-packages:/home/mouha/crazyflie/ros2_ws/install/micro_ros_msgs/lib/python3.12/site-packages:/home/mouha/crazyflie/ros2_ws/install/crazyflie_sim/lib/python3.12/site-packages:/home/mouha/crazyflie/ros2_ws/build/crazyflie_server_py:/home/mouha/crazyflie/ros2_ws/install/crazyflie_server_py/lib/python3.12/site-packages:/home/mouha/crazyflie/ros2_ws/install/crazyflie_examples/lib/python3.12/site-packages:/home/mouha/crazyflie/ros2_ws/build/cf_led_mission:/home/mouha/crazyflie/ros2_ws/install/cf_led_mission/lib/python3.12/site-packages:/home/mouha/crazyflie/ros2_ws/build/crazyflie_py:/home/mouha/crazyflie/ros2_ws/install/crazyflie_py/lib/python3.12/site-packages:/home/mouha/ros2_ws/build/my_py_pkg:/home/mouha/ros2_ws/install/my_py_pkg/lib/python3.12/site-packages:/opt/ros/jazzy/lib/python3.12/site-packages /usr/bin/cmake --install /home/mouha/crazyflie/ros2_ws/build/crazyflie_sim
[2.332s] Level 1:colcon.colcon_core.environment:create_environment_scripts_only(crazyflie_sim)
[2.333s] Level 1:colcon.colcon_core.environment:checking '/home/mouha/crazyflie/ros2_ws/install/crazyflie_sim' for CMake module files
[2.333s] DEBUG:colcon.colcon_core.event_handler.log_command:Invoked command in '/home/mouha/crazyflie/ros2_ws/build/crazyflie_sim' returned '0': CMAKE_PREFIX_PATH=/home/mouha/crazyflie/ros2_ws/install/crazyflie_interfaces:/home/mouha/crazyflie/ros2_ws/install/micro_ros_setup:/home/mouha/crazyflie/ros2_ws/install/micro_ros_agent:/home/mouha/crazyflie/ros2_ws/install/micro_ros_msgs:/home/mouha/crazyflie/ros2_ws/install/crazyflie_sim:/home/mouha/crazyflie/ros2_ws/install/crazyflie_examples:/home/mouha/crazyflie/ros2_ws/install/crazyflie:/home/mouha/crazyflie/ros2_ws/install/crazyflie_description:/home/mouha/ros2_ws/install/my_cpp_pkg:/opt/ros/jazzy/opt/gz_sim_vendor:/opt/ros/jazzy/opt/gz_sensors_vendor:/opt/ros/jazzy/opt/gz_physics_vendor:/opt/ros/jazzy/opt/sdformat_vendor:/opt/ros/jazzy/opt/gz_gui_vendor:/opt/ros/jazzy/opt/gz_transport_vendor:/opt/ros/jazzy/opt/gz_rendering_vendor:/opt/ros/jazzy/opt/gz_plugin_vendor:/opt/ros/jazzy/opt/gz_fuel_tools_vendor:/opt/ros/jazzy/opt/gz_msgs_vendor:/opt/ros/jazzy/opt/gz_common_vendor:/opt/ros/jazzy/opt/gz_math_vendor:/opt/ros/jazzy/opt/gz_utils_vendor:/opt/ros/jazzy/opt/gz_tools_vendor:/opt/ros/jazzy/opt/gz_ogre_next_vendor:/opt/ros/jazzy/opt/gz_dartsim_vendor:/opt/ros/jazzy/opt/gz_cmake_vendor:/home/mouha/crazyflie/ros2_ws/install/crazyflie_server_py:/home/mouha/crazyflie/ros2_ws/install/cf_led_mission:/home/mouha/crazyflie/ros2_ws/install/crazyflie_py:/home/mouha/ros2_ws/install/my_py_pkg:/opt/ros/jazzy DEBUGINFOD_URLS=https://debuginfod.ubuntu.com LD_LIBRARY_PATH=/home/mouha/crazyflie/ros2_ws/install/crazyflie_interfaces/lib:/home/mouha/crazyflie/ros2_ws/install/micro_ros_agent/lib:/home/mouha/crazyflie/ros2_ws/install/micro_ros_msgs/lib:/opt/ros/jazzy/opt/gz_sim_vendor/lib:/opt/ros/jazzy/opt/gz_sensors_vendor/lib:/opt/ros/jazzy/opt/gz_physics_vendor/lib:/opt/ros/jazzy/opt/sdformat_vendor/lib:/opt/ros/jazzy/opt/rviz_ogre_vendor/lib:/opt/ros/jazzy/lib/x86_64-linux-gnu:/opt/ros/jazzy/opt/gz_gui_vendor/lib:/opt/ros/jazzy/opt/gz_transport_vendor/lib:/opt/ros/jazzy/opt/gz_rendering_vendor/lib:/opt/ros/jazzy/opt/gz_plugin_vendor/lib:/opt/ros/jazzy/opt/gz_fuel_tools_vendor/lib:/opt/ros/jazzy/opt/gz_msgs_vendor/lib:/opt/ros/jazzy/opt/gz_common_vendor/lib:/opt/ros/jazzy/opt/gz_math_vendor/lib:/opt/ros/jazzy/opt/gz_utils_vendor/lib:/opt/ros/jazzy/opt/gz_tools_vendor/lib:/opt/ros/jazzy/opt/gz_ogre_next_vendor/lib:/opt/ros/jazzy/opt/gz_dartsim_vendor/lib:/opt/ros/jazzy/opt/gz_cmake_vendor/lib:/opt/ros/jazzy/lib PYTHONPATH=/home/mouha/crazyflie/ros2_ws/install/crazyflie_interfaces/lib/python3.12/site-packages:/home/mouha/crazyflie/ros2_ws/install/micro_ros_msgs/lib/python3.12/site-packages:/home/mouha/crazyflie/ros2_ws/install/crazyflie_sim/lib/python3.12/site-packages:/home/mouha/crazyflie/ros2_ws/build/crazyflie_server_py:/home/mouha/crazyflie/ros2_ws/install/crazyflie_server_py/lib/python3.12/site-packages:/home/mouha/crazyflie/ros2_ws/install/crazyflie_examples/lib/python3.12/site-packages:/home/mouha/crazyflie/ros2_ws/build/cf_led_mission:/home/mouha/crazyflie/ros2_ws/install/cf_led_mission/lib/python3.12/site-packages:/home/mouha/crazyflie/ros2_ws/build/crazyflie_py:/home/mouha/crazyflie/ros2_ws/install/crazyflie_py/lib/python3.12/site-packages:/home/mouha/ros2_ws/build/my_py_pkg:/home/mouha/ros2_ws/install/my_py_pkg/lib/python3.12/site-packages:/opt/ros/jazzy/lib/python3.12/site-packages /usr/bin/cmake --install /home/mouha/crazyflie/ros2_ws/build/crazyflie_sim
[2.334s] Level 1:colcon.colcon_core.environment:checking '/home/mouha/crazyflie/ros2_ws/install/crazyflie_sim' for CMake config files
[2.334s] Level 1:colcon.colcon_core.shell:create_environment_hook('crazyflie_sim', 'cmake_prefix_path')
[2.334s] INFO:colcon.colcon_core.shell:Creating environment hook '/home/mouha/crazyflie/ros2_ws/install/crazyflie_sim/share/crazyflie_sim/hook/cmake_prefix_path.ps1'
[2.335s] INFO:colcon.colcon_core.shell:Creating environment descriptor '/home/mouha/crazyflie/ros2_ws/install/crazyflie_sim/share/crazyflie_sim/hook/cmake_prefix_path.dsv'
[2.335s] INFO:colcon.colcon_core.shell:Creating environment hook '/home/mouha/crazyflie/ros2_ws/install/crazyflie_sim/share/crazyflie_sim/hook/cmake_prefix_path.sh'
[2.336s] Level 1:colcon.colcon_core.environment:checking '/home/mouha/crazyflie/ros2_ws/install/crazyflie_sim/lib'
[2.336s] Level 1:colcon.colcon_core.environment:checking '/home/mouha/crazyflie/ros2_ws/install/crazyflie_sim/bin'
[2.336s] Level 1:colcon.colcon_core.environment:checking '/home/mouha/crazyflie/ros2_ws/install/crazyflie_sim/lib/pkgconfig/crazyflie_sim.pc'
[2.336s] Level 1:colcon.colcon_core.environment:checking '/home/mouha/crazyflie/ros2_ws/install/crazyflie_sim/lib/python3.12/site-packages'
[2.337s] Level 1:colcon.colcon_core.shell:create_environment_hook('crazyflie_sim', 'pythonpath')
[2.337s] INFO:colcon.colcon_core.shell:Creating environment hook '/home/mouha/crazyflie/ros2_ws/install/crazyflie_sim/share/crazyflie_sim/hook/pythonpath.ps1'
[2.337s] INFO:colcon.colcon_core.shell:Creating environment descriptor '/home/mouha/crazyflie/ros2_ws/install/crazyflie_sim/share/crazyflie_sim/hook/pythonpath.dsv'
[2.338s] INFO:colcon.colcon_core.shell:Creating environment hook '/home/mouha/crazyflie/ros2_ws/install/crazyflie_sim/share/crazyflie_sim/hook/pythonpath.sh'
[2.338s] Level 1:colcon.colcon_core.environment:checking '/home/mouha/crazyflie/ros2_ws/install/crazyflie_sim/bin'
[2.339s] INFO:colcon.colcon_core.shell:Creating package script '/home/mouha/crazyflie/ros2_ws/install/crazyflie_sim/share/crazyflie_sim/package.ps1'
[2.339s] INFO:colcon.colcon_core.shell:Creating package descriptor '/home/mouha/crazyflie/ros2_ws/install/crazyflie_sim/share/crazyflie_sim/package.dsv'
[2.340s] INFO:colcon.colcon_core.shell:Creating package script '/home/mouha/crazyflie/ros2_ws/install/crazyflie_sim/share/crazyflie_sim/package.sh'
[2.340s] INFO:colcon.colcon_core.shell:Creating package script '/home/mouha/crazyflie/ros2_ws/install/crazyflie_sim/share/crazyflie_sim/package.bash'
[2.341s] INFO:colcon.colcon_core.shell:Creating package script '/home/mouha/crazyflie/ros2_ws/install/crazyflie_sim/share/crazyflie_sim/package.zsh'
[2.341s] Level 1:colcon.colcon_core.environment:create_file_with_runtime_dependencies(/home/mouha/crazyflie/ros2_ws/install/crazyflie_sim/share/colcon-core/packages/crazyflie_sim)
[2.342s] Level 1:colcon.colcon_core.environment:create_environment_scripts_only(crazyflie_sim)
[2.342s] Level 1:colcon.colcon_core.environment:checking '/home/mouha/crazyflie/ros2_ws/install/crazyflie_sim' for CMake module files
[2.342s] Level 1:colcon.colcon_core.environment:checking '/home/mouha/crazyflie/ros2_ws/install/crazyflie_sim' for CMake config files
[2.343s] Level 1:colcon.colcon_core.shell:create_environment_hook('crazyflie_sim', 'cmake_prefix_path')
[2.343s] INFO:colcon.colcon_core.shell:Creating environment hook '/home/mouha/crazyflie/ros2_ws/install/crazyflie_sim/share/crazyflie_sim/hook/cmake_prefix_path.ps1'
[2.343s] INFO:colcon.colcon_core.shell:Creating environment descriptor '/home/mouha/crazyflie/ros2_ws/install/crazyflie_sim/share/crazyflie_sim/hook/cmake_prefix_path.dsv'
[2.344s] INFO:colcon.colcon_core.shell:Creating environment hook '/home/mouha/crazyflie/ros2_ws/install/crazyflie_sim/share/crazyflie_sim/hook/cmake_prefix_path.sh'
[2.344s] Level 1:colcon.colcon_core.environment:checking '/home/mouha/crazyflie/ros2_ws/install/crazyflie_sim/lib'
[2.344s] Level 1:colcon.colcon_core.environment:checking '/home/mouha/crazyflie/ros2_ws/install/crazyflie_sim/bin'
[2.344s] Level 1:colcon.colcon_core.environment:checking '/home/mouha/crazyflie/ros2_ws/install/crazyflie_sim/lib/pkgconfig/crazyflie_sim.pc'
[2.345s] Level 1:colcon.colcon_core.environment:checking '/home/mouha/crazyflie/ros2_ws/install/crazyflie_sim/lib/python3.12/site-packages'
[2.345s] Level 1:colcon.colcon_core.shell:create_environment_hook('crazyflie_sim', 'pythonpath')
[2.345s] INFO:colcon.colcon_core.shell:Creating environment hook '/home/mouha/crazyflie/ros2_ws/install/crazyflie_sim/share/crazyflie_sim/hook/pythonpath.ps1'
[2.345s] INFO:colcon.colcon_core.shell:Creating environment descriptor '/home/mouha/crazyflie/ros2_ws/install/crazyflie_sim/share/crazyflie_sim/hook/pythonpath.dsv'
[2.346s] INFO:colcon.colcon_core.shell:Creating environment hook '/home/mouha/crazyflie/ros2_ws/install/crazyflie_sim/share/crazyflie_sim/hook/pythonpath.sh'
[2.346s] Level 1:colcon.colcon_core.environment:checking '/home/mouha/crazyflie/ros2_ws/install/crazyflie_sim/bin'
[2.347s] INFO:colcon.colcon_core.shell:Creating package script '/home/mouha/crazyflie/ros2_ws/install/crazyflie_sim/share/crazyflie_sim/package.ps1'
[2.347s] INFO:colcon.colcon_core.shell:Creating package descriptor '/home/mouha/crazyflie/ros2_ws/install/crazyflie_sim/share/crazyflie_sim/package.dsv'
[2.348s] INFO:colcon.colcon_core.shell:Creating package script '/home/mouha/crazyflie/ros2_ws/install/crazyflie_sim/share/crazyflie_sim/package.sh'
[2.348s] INFO:colcon.colcon_core.shell:Creating package script '/home/mouha/crazyflie/ros2_ws/install/crazyflie_sim/share/crazyflie_sim/package.bash'
[2.349s] INFO:colcon.colcon_core.shell:Creating package script '/home/mouha/crazyflie/ros2_ws/install/crazyflie_sim/share/crazyflie_sim/package.zsh'
[2.349s] Level 1:colcon.colcon_core.environment:create_file_with_runtime_dependencies(/home/mouha/crazyflie/ros2_ws/install/crazyflie_sim/share/colcon-core/packages/crazyflie_sim)
[2.353s] DEBUG:colcon.colcon_core.event_handler.log_command:Invoking command in '/home/mouha/crazyflie/ros2_ws/build/crazyflie_server_py': CMAKE_PREFIX_PATH=/home/mouha/crazyflie/ros2_ws/install/crazyflie_interfaces:/home/mouha/crazyflie/ros2_ws/install/micro_ros_setup:/home/mouha/crazyflie/ros2_ws/install/micro_ros_agent:/home/mouha/crazyflie/ros2_ws/install/micro_ros_msgs:/home/mouha/crazyflie/ros2_ws/install/crazyflie_sim:/home/mouha/crazyflie/ros2_ws/install/crazyflie_examples:/home/mouha/crazyflie/ros2_ws/install/crazyflie:/home/mouha/crazyflie/ros2_ws/install/crazyflie_description:/home/mouha/ros2_ws/install/my_cpp_pkg:/opt/ros/jazzy/opt/gz_sim_vendor:/opt/ros/jazzy/opt/gz_sensors_vendor:/opt/ros/jazzy/opt/gz_physics_vendor:/opt/ros/jazzy/opt/sdformat_vendor:/opt/ros/jazzy/opt/gz_gui_vendor:/opt/ros/jazzy/opt/gz_transport_vendor:/opt/ros/jazzy/opt/gz_rendering_vendor:/opt/ros/jazzy/opt/gz_plugin_vendor:/opt/ros/jazzy/opt/gz_fuel_tools_vendor:/opt/ros/jazzy/opt/gz_msgs_vendor:/opt/ros/jazzy/opt/gz_common_vendor:/opt/ros/jazzy/opt/gz_math_vendor:/opt/ros/jazzy/opt/gz_utils_vendor:/opt/ros/jazzy/opt/gz_tools_vendor:/opt/ros/jazzy/opt/gz_ogre_next_vendor:/opt/ros/jazzy/opt/gz_dartsim_vendor:/opt/ros/jazzy/opt/gz_cmake_vendor DEBUGINFOD_URLS=https://debuginfod.ubuntu.com LD_LIBRARY_PATH=/home/mouha/crazyflie/ros2_ws/install/crazyflie_interfaces/lib:/home/mouha/crazyflie/ros2_ws/install/micro_ros_agent/lib:/home/mouha/crazyflie/ros2_ws/install/micro_ros_msgs/lib:/opt/ros/jazzy/opt/gz_sim_vendor/lib:/opt/ros/jazzy/opt/gz_sensors_vendor/lib:/opt/ros/jazzy/opt/gz_physics_vendor/lib:/opt/ros/jazzy/opt/sdformat_vendor/lib:/opt/ros/jazzy/opt/rviz_ogre_vendor/lib:/opt/ros/jazzy/lib/x86_64-linux-gnu:/opt/ros/jazzy/opt/gz_gui_vendor/lib:/opt/ros/jazzy/opt/gz_transport_vendor/lib:/opt/ros/jazzy/opt/gz_rendering_vendor/lib:/opt/ros/jazzy/opt/gz_plugin_vendor/lib:/opt/ros/jazzy/opt/gz_fuel_tools_vendor/lib:/opt/ros/jazzy/opt/gz_msgs_vendor/lib:/opt/ros/jazzy/opt/gz_common_vendor/lib:/opt/ros/jazzy/opt/gz_math_vendor/lib:/opt/ros/jazzy/opt/gz_utils_vendor/lib:/opt/ros/jazzy/opt/gz_tools_vendor/lib:/opt/ros/jazzy/opt/gz_ogre_next_vendor/lib:/opt/ros/jazzy/opt/gz_dartsim_vendor/lib:/opt/ros/jazzy/opt/gz_cmake_vendor/lib:/opt/ros/jazzy/lib PYTHONPATH=/home/mouha/crazyflie/ros2_ws/build/crazyflie_server_py/prefix_override:/usr/lib/python3/dist-packages/colcon_core/task/python/colcon_distutils_commands:/home/mouha/crazyflie/ros2_ws/install/crazyflie_server_py/lib/python3.12/site-packages:/home/mouha/crazyflie/ros2_ws/install/crazyflie_interfaces/lib/python3.12/site-packages:/home/mouha/crazyflie/ros2_ws/install/micro_ros_msgs/lib/python3.12/site-packages:/home/mouha/crazyflie/ros2_ws/install/crazyflie_sim/lib/python3.12/site-packages:/home/mouha/crazyflie/ros2_ws/build/crazyflie_server_py:/home/mouha/crazyflie/ros2_ws/install/crazyflie_server_py/lib/python3.12/site-packages:/home/mouha/crazyflie/ros2_ws/install/crazyflie_examples/lib/python3.12/site-packages:/home/mouha/crazyflie/ros2_ws/build/cf_led_mission:/home/mouha/crazyflie/ros2_ws/install/cf_led_mission/lib/python3.12/site-packages:/home/mouha/crazyflie/ros2_ws/build/crazyflie_py:/home/mouha/crazyflie/ros2_ws/install/crazyflie_py/lib/python3.12/site-packages:/home/mouha/ros2_ws/build/my_py_pkg:/home/mouha/ros2_ws/install/my_py_pkg/lib/python3.12/site-packages:/opt/ros/jazzy/lib/python3.12/site-packages /usr/bin/python3 -W ignore:setup.py install is deprecated -W ignore:easy_install command is deprecated setup.py develop --editable --build-directory /home/mouha/crazyflie/ros2_ws/build/crazyflie_server_py/build --no-deps symlink_data
[2.364s] DEBUG:colcon.colcon_core.event_handler.log_command:Invoking command in '/home/mouha/crazyflie/ros2_ws/build/crazyflie_py': CMAKE_PREFIX_PATH=/home/mouha/crazyflie/ros2_ws/install/crazyflie_interfaces:/home/mouha/crazyflie/ros2_ws/install/micro_ros_setup:/home/mouha/crazyflie/ros2_ws/install/micro_ros_agent:/home/mouha/crazyflie/ros2_ws/install/micro_ros_msgs:/home/mouha/crazyflie/ros2_ws/install/crazyflie_sim:/home/mouha/crazyflie/ros2_ws/install/crazyflie_examples:/home/mouha/crazyflie/ros2_ws/install/crazyflie:/home/mouha/crazyflie/ros2_ws/install/crazyflie_description:/home/mouha/ros2_ws/install/my_cpp_pkg:/opt/ros/jazzy/opt/gz_sim_vendor:/opt/ros/jazzy/opt/gz_sensors_vendor:/opt/ros/jazzy/opt/gz_physics_vendor:/opt/ros/jazzy/opt/sdformat_vendor:/opt/ros/jazzy/opt/gz_gui_vendor:/opt/ros/jazzy/opt/gz_transport_vendor:/opt/ros/jazzy/opt/gz_rendering_vendor:/opt/ros/jazzy/opt/gz_plugin_vendor:/opt/ros/jazzy/opt/gz_fuel_tools_vendor:/opt/ros/jazzy/opt/gz_msgs_vendor:/opt/ros/jazzy/opt/gz_common_vendor:/opt/ros/jazzy/opt/gz_math_vendor:/opt/ros/jazzy/opt/gz_utils_vendor:/opt/ros/jazzy/opt/gz_tools_vendor:/opt/ros/jazzy/opt/gz_ogre_next_vendor:/opt/ros/jazzy/opt/gz_dartsim_vendor:/opt/ros/jazzy/opt/gz_cmake_vendor DEBUGINFOD_URLS=https://debuginfod.ubuntu.com LD_LIBRARY_PATH=/home/mouha/crazyflie/ros2_ws/install/crazyflie_interfaces/lib:/home/mouha/crazyflie/ros2_ws/install/micro_ros_agent/lib:/home/mouha/crazyflie/ros2_ws/install/micro_ros_msgs/lib:/opt/ros/jazzy/opt/gz_sim_vendor/lib:/opt/ros/jazzy/opt/gz_sensors_vendor/lib:/opt/ros/jazzy/opt/gz_physics_vendor/lib:/opt/ros/jazzy/opt/sdformat_vendor/lib:/opt/ros/jazzy/opt/rviz_ogre_vendor/lib:/opt/ros/jazzy/lib/x86_64-linux-gnu:/opt/ros/jazzy/opt/gz_gui_vendor/lib:/opt/ros/jazzy/opt/gz_transport_vendor/lib:/opt/ros/jazzy/opt/gz_rendering_vendor/lib:/opt/ros/jazzy/opt/gz_plugin_vendor/lib:/opt/ros/jazzy/opt/gz_fuel_tools_vendor/lib:/opt/ros/jazzy/opt/gz_msgs_vendor/lib:/opt/ros/jazzy/opt/gz_common_vendor/lib:/opt/ros/jazzy/opt/gz_math_vendor/lib:/opt/ros/jazzy/opt/gz_utils_vendor/lib:/opt/ros/jazzy/opt/gz_tools_vendor/lib:/opt/ros/jazzy/opt/gz_ogre_next_vendor/lib:/opt/ros/jazzy/opt/gz_dartsim_vendor/lib:/opt/ros/jazzy/opt/gz_cmake_vendor/lib:/opt/ros/jazzy/lib PYTHONPATH=/home/mouha/crazyflie/ros2_ws/build/crazyflie_py/prefix_override:/usr/lib/python3/dist-packages/colcon_core/task/python/colcon_distutils_commands:/home/mouha/crazyflie/ros2_ws/install/crazyflie_py/lib/python3.12/site-packages:/home/mouha/crazyflie/ros2_ws/install/crazyflie_interfaces/lib/python3.12/site-packages:/home/mouha/crazyflie/ros2_ws/install/micro_ros_msgs/lib/python3.12/site-packages:/home/mouha/crazyflie/ros2_ws/install/crazyflie_sim/lib/python3.12/site-packages:/home/mouha/crazyflie/ros2_ws/build/crazyflie_server_py:/home/mouha/crazyflie/ros2_ws/install/crazyflie_server_py/lib/python3.12/site-packages:/home/mouha/crazyflie/ros2_ws/install/crazyflie_examples/lib/python3.12/site-packages:/home/mouha/crazyflie/ros2_ws/build/cf_led_mission:/home/mouha/crazyflie/ros2_ws/install/cf_led_mission/lib/python3.12/site-packages:/home/mouha/crazyflie/ros2_ws/build/crazyflie_py:/home/mouha/crazyflie/ros2_ws/install/crazyflie_py/lib/python3.12/site-packages:/home/mouha/ros2_ws/build/my_py_pkg:/home/mouha/ros2_ws/install/my_py_pkg/lib/python3.12/site-packages:/opt/ros/jazzy/lib/python3.12/site-packages /usr/bin/python3 -W ignore:setup.py install is deprecated -W ignore:easy_install command is deprecated setup.py develop --editable --build-directory /home/mouha/crazyflie/ros2_ws/build/crazyflie_py/build --no-deps symlink_data
[2.938s] Level 1:colcon.colcon_core.shell:create_environment_hook('crazyflie_server_py', 'pythonpath_develop')
[2.939s] INFO:colcon.colcon_core.shell:Creating environment hook '/home/mouha/crazyflie/ros2_ws/build/crazyflie_server_py/share/crazyflie_server_py/hook/pythonpath_develop.ps1'
[2.939s] DEBUG:colcon.colcon_core.event_handler.log_command:Invoked command in '/home/mouha/crazyflie/ros2_ws/build/crazyflie_server_py' returned '0': CMAKE_PREFIX_PATH=/home/mouha/crazyflie/ros2_ws/install/crazyflie_interfaces:/home/mouha/crazyflie/ros2_ws/install/micro_ros_setup:/home/mouha/crazyflie/ros2_ws/install/micro_ros_agent:/home/mouha/crazyflie/ros2_ws/install/micro_ros_msgs:/home/mouha/crazyflie/ros2_ws/install/crazyflie_sim:/home/mouha/crazyflie/ros2_ws/install/crazyflie_examples:/home/mouha/crazyflie/ros2_ws/install/crazyflie:/home/mouha/crazyflie/ros2_ws/install/crazyflie_description:/home/mouha/ros2_ws/install/my_cpp_pkg:/opt/ros/jazzy/opt/gz_sim_vendor:/opt/ros/jazzy/opt/gz_sensors_vendor:/opt/ros/jazzy/opt/gz_physics_vendor:/opt/ros/jazzy/opt/sdformat_vendor:/opt/ros/jazzy/opt/gz_gui_vendor:/opt/ros/jazzy/opt/gz_transport_vendor:/opt/ros/jazzy/opt/gz_rendering_vendor:/opt/ros/jazzy/opt/gz_plugin_vendor:/opt/ros/jazzy/opt/gz_fuel_tools_vendor:/opt/ros/jazzy/opt/gz_msgs_vendor:/opt/ros/jazzy/opt/gz_common_vendor:/opt/ros/jazzy/opt/gz_math_vendor:/opt/ros/jazzy/opt/gz_utils_vendor:/opt/ros/jazzy/opt/gz_tools_vendor:/opt/ros/jazzy/opt/gz_ogre_next_vendor:/opt/ros/jazzy/opt/gz_dartsim_vendor:/opt/ros/jazzy/opt/gz_cmake_vendor DEBUGINFOD_URLS=https://debuginfod.ubuntu.com LD_LIBRARY_PATH=/home/mouha/crazyflie/ros2_ws/install/crazyflie_interfaces/lib:/home/mouha/crazyflie/ros2_ws/install/micro_ros_agent/lib:/home/mouha/crazyflie/ros2_ws/install/micro_ros_msgs/lib:/opt/ros/jazzy/opt/gz_sim_vendor/lib:/opt/ros/jazzy/opt/gz_sensors_vendor/lib:/opt/ros/jazzy/opt/gz_physics_vendor/lib:/opt/ros/jazzy/opt/sdformat_vendor/lib:/opt/ros/jazzy/opt/rviz_ogre_vendor/lib:/opt/ros/jazzy/lib/x86_64-linux-gnu:/opt/ros/jazzy/opt/gz_gui_vendor/lib:/opt/ros/jazzy/opt/gz_transport_vendor/lib:/opt/ros/jazzy/opt/gz_rendering_vendor/lib:/opt/ros/jazzy/opt/gz_plugin_vendor/lib:/opt/ros/jazzy/opt/gz_fuel_tools_vendor/lib:/opt/ros/jazzy/opt/gz_msgs_vendor/lib:/opt/ros/jazzy/opt/gz_common_vendor/lib:/opt/ros/jazzy/opt/gz_math_vendor/lib:/opt/ros/jazzy/opt/gz_utils_vendor/lib:/opt/ros/jazzy/opt/gz_tools_vendor/lib:/opt/ros/jazzy/opt/gz_ogre_next_vendor/lib:/opt/ros/jazzy/opt/gz_dartsim_vendor/lib:/opt/ros/jazzy/opt/gz_cmake_vendor/lib:/opt/ros/jazzy/lib PYTHONPATH=/home/mouha/crazyflie/ros2_ws/build/crazyflie_server_py/prefix_override:/usr/lib/python3/dist-packages/colcon_core/task/python/colcon_distutils_commands:/home/mouha/crazyflie/ros2_ws/install/crazyflie_server_py/lib/python3.12/site-packages:/home/mouha/crazyflie/ros2_ws/install/crazyflie_interfaces/lib/python3.12/site-packages:/home/mouha/crazyflie/ros2_ws/install/micro_ros_msgs/lib/python3.12/site-packages:/home/mouha/crazyflie/ros2_ws/install/crazyflie_sim/lib/python3.12/site-packages:/home/mouha/crazyflie/ros2_ws/build/crazyflie_server_py:/home/mouha/crazyflie/ros2_ws/install/crazyflie_server_py/lib/python3.12/site-packages:/home/mouha/crazyflie/ros2_ws/install/crazyflie_examples/lib/python3.12/site-packages:/home/mouha/crazyflie/ros2_ws/build/cf_led_mission:/home/mouha/crazyflie/ros2_ws/install/cf_led_mission/lib/python3.12/site-packages:/home/mouha/crazyflie/ros2_ws/build/crazyflie_py:/home/mouha/crazyflie/ros2_ws/install/crazyflie_py/lib/python3.12/site-packages:/home/mouha/ros2_ws/build/my_py_pkg:/home/mouha/ros2_ws/install/my_py_pkg/lib/python3.12/site-packages:/opt/ros/jazzy/lib/python3.12/site-packages /usr/bin/python3 -W ignore:setup.py install is deprecated -W ignore:easy_install command is deprecated setup.py develop --editable --build-directory /home/mouha/crazyflie/ros2_ws/build/crazyflie_server_py/build --no-deps symlink_data
[2.940s] INFO:colcon.colcon_core.shell:Creating environment descriptor '/home/mouha/crazyflie/ros2_ws/build/crazyflie_server_py/share/crazyflie_server_py/hook/pythonpath_develop.dsv'
[2.940s] INFO:colcon.colcon_core.shell:Creating environment hook '/home/mouha/crazyflie/ros2_ws/build/crazyflie_server_py/share/crazyflie_server_py/hook/pythonpath_develop.sh'
[2.941s] Level 1:colcon.colcon_core.environment:checking '/home/mouha/crazyflie/ros2_ws/install/crazyflie_server_py' for CMake module files
[2.941s] Level 1:colcon.colcon_core.environment:checking '/home/mouha/crazyflie/ros2_ws/install/crazyflie_server_py' for CMake config files
[2.942s] Level 1:colcon.colcon_core.environment:checking '/home/mouha/crazyflie/ros2_ws/install/crazyflie_server_py/lib'
[2.942s] Level 1:colcon.colcon_core.environment:checking '/home/mouha/crazyflie/ros2_ws/install/crazyflie_server_py/bin'
[2.942s] Level 1:colcon.colcon_core.environment:checking '/home/mouha/crazyflie/ros2_ws/install/crazyflie_server_py/lib/pkgconfig/crazyflie_server_py.pc'
[2.942s] Level 1:colcon.colcon_core.environment:checking '/home/mouha/crazyflie/ros2_ws/install/crazyflie_server_py/lib/python3.12/site-packages'
[2.942s] Level 1:colcon.colcon_core.shell:create_environment_hook('crazyflie_server_py', 'pythonpath')
[2.943s] INFO:colcon.colcon_core.shell:Creating environment hook '/home/mouha/crazyflie/ros2_ws/install/crazyflie_server_py/share/crazyflie_server_py/hook/pythonpath.ps1'
[2.943s] INFO:colcon.colcon_core.shell:Creating environment descriptor '/home/mouha/crazyflie/ros2_ws/install/crazyflie_server_py/share/crazyflie_server_py/hook/pythonpath.dsv'
[2.944s] INFO:colcon.colcon_core.shell:Creating environment hook '/home/mouha/crazyflie/ros2_ws/install/crazyflie_server_py/share/crazyflie_server_py/hook/pythonpath.sh'
[2.944s] Level 1:colcon.colcon_core.environment:checking '/home/mouha/crazyflie/ros2_ws/install/crazyflie_server_py/bin'
[2.944s] Level 1:colcon.colcon_core.environment:create_environment_scripts_only(crazyflie_server_py)
[2.945s] INFO:colcon.colcon_core.shell:Creating package script '/home/mouha/crazyflie/ros2_ws/install/crazyflie_server_py/share/crazyflie_server_py/package.ps1'
[2.945s] INFO:colcon.colcon_core.shell:Creating package descriptor '/home/mouha/crazyflie/ros2_ws/install/crazyflie_server_py/share/crazyflie_server_py/package.dsv'
[2.946s] INFO:colcon.colcon_core.shell:Creating package script '/home/mouha/crazyflie/ros2_ws/install/crazyflie_server_py/share/crazyflie_server_py/package.sh'
[2.946s] INFO:colcon.colcon_core.shell:Creating package script '/home/mouha/crazyflie/ros2_ws/install/crazyflie_server_py/share/crazyflie_server_py/package.bash'
[2.947s] INFO:colcon.colcon_core.shell:Creating package script '/home/mouha/crazyflie/ros2_ws/install/crazyflie_server_py/share/crazyflie_server_py/package.zsh'
[2.947s] Level 1:colcon.colcon_core.environment:create_file_with_runtime_dependencies(/home/mouha/crazyflie/ros2_ws/install/crazyflie_server_py/share/colcon-core/packages/crazyflie_server_py)
[2.949s] Level 1:colcon.colcon_core.shell:create_environment_hook('crazyflie_py', 'pythonpath_develop')
[2.949s] INFO:colcon.colcon_core.shell:Creating environment hook '/home/mouha/crazyflie/ros2_ws/build/crazyflie_py/share/crazyflie_py/hook/pythonpath_develop.ps1'
[2.949s] DEBUG:colcon.colcon_core.event_handler.log_command:Invoked command in '/home/mouha/crazyflie/ros2_ws/build/crazyflie_py' returned '0': CMAKE_PREFIX_PATH=/home/mouha/crazyflie/ros2_ws/install/crazyflie_interfaces:/home/mouha/crazyflie/ros2_ws/install/micro_ros_setup:/home/mouha/crazyflie/ros2_ws/install/micro_ros_agent:/home/mouha/crazyflie/ros2_ws/install/micro_ros_msgs:/home/mouha/crazyflie/ros2_ws/install/crazyflie_sim:/home/mouha/crazyflie/ros2_ws/install/crazyflie_examples:/home/mouha/crazyflie/ros2_ws/install/crazyflie:/home/mouha/crazyflie/ros2_ws/install/crazyflie_description:/home/mouha/ros2_ws/install/my_cpp_pkg:/opt/ros/jazzy/opt/gz_sim_vendor:/opt/ros/jazzy/opt/gz_sensors_vendor:/opt/ros/jazzy/opt/gz_physics_vendor:/opt/ros/jazzy/opt/sdformat_vendor:/opt/ros/jazzy/opt/gz_gui_vendor:/opt/ros/jazzy/opt/gz_transport_vendor:/opt/ros/jazzy/opt/gz_rendering_vendor:/opt/ros/jazzy/opt/gz_plugin_vendor:/opt/ros/jazzy/opt/gz_fuel_tools_vendor:/opt/ros/jazzy/opt/gz_msgs_vendor:/opt/ros/jazzy/opt/gz_common_vendor:/opt/ros/jazzy/opt/gz_math_vendor:/opt/ros/jazzy/opt/gz_utils_vendor:/opt/ros/jazzy/opt/gz_tools_vendor:/opt/ros/jazzy/opt/gz_ogre_next_vendor:/opt/ros/jazzy/opt/gz_dartsim_vendor:/opt/ros/jazzy/opt/gz_cmake_vendor DEBUGINFOD_URLS=https://debuginfod.ubuntu.com LD_LIBRARY_PATH=/home/mouha/crazyflie/ros2_ws/install/crazyflie_interfaces/lib:/home/mouha/crazyflie/ros2_ws/install/micro_ros_agent/lib:/home/mouha/crazyflie/ros2_ws/install/micro_ros_msgs/lib:/opt/ros/jazzy/opt/gz_sim_vendor/lib:/opt/ros/jazzy/opt/gz_sensors_vendor/lib:/opt/ros/jazzy/opt/gz_physics_vendor/lib:/opt/ros/jazzy/opt/sdformat_vendor/lib:/opt/ros/jazzy/opt/rviz_ogre_vendor/lib:/opt/ros/jazzy/lib/x86_64-linux-gnu:/opt/ros/jazzy/opt/gz_gui_vendor/lib:/opt/ros/jazzy/opt/gz_transport_vendor/lib:/opt/ros/jazzy/opt/gz_rendering_vendor/lib:/opt/ros/jazzy/opt/gz_plugin_vendor/lib:/opt/ros/jazzy/opt/gz_fuel_tools_vendor/lib:/opt/ros/jazzy/opt/gz_msgs_vendor/lib:/opt/ros/jazzy/opt/gz_common_vendor/lib:/opt/ros/jazzy/opt/gz_math_vendor/lib:/opt/ros/jazzy/opt/gz_utils_vendor/lib:/opt/ros/jazzy/opt/gz_tools_vendor/lib:/opt/ros/jazzy/opt/gz_ogre_next_vendor/lib:/opt/ros/jazzy/opt/gz_dartsim_vendor/lib:/opt/ros/jazzy/opt/gz_cmake_vendor/lib:/opt/ros/jazzy/lib PYTHONPATH=/home/mouha/crazyflie/ros2_ws/build/crazyflie_py/prefix_override:/usr/lib/python3/dist-packages/colcon_core/task/python/colcon_distutils_commands:/home/mouha/crazyflie/ros2_ws/install/crazyflie_py/lib/python3.12/site-packages:/home/mouha/crazyflie/ros2_ws/install/crazyflie_interfaces/lib/python3.12/site-packages:/home/mouha/crazyflie/ros2_ws/install/micro_ros_msgs/lib/python3.12/site-packages:/home/mouha/crazyflie/ros2_ws/install/crazyflie_sim/lib/python3.12/site-packages:/home/mouha/crazyflie/ros2_ws/build/crazyflie_server_py:/home/mouha/crazyflie/ros2_ws/install/crazyflie_server_py/lib/python3.12/site-packages:/home/mouha/crazyflie/ros2_ws/install/crazyflie_examples/lib/python3.12/site-packages:/home/mouha/crazyflie/ros2_ws/build/cf_led_mission:/home/mouha/crazyflie/ros2_ws/install/cf_led_mission/lib/python3.12/site-packages:/home/mouha/crazyflie/ros2_ws/build/crazyflie_py:/home/mouha/crazyflie/ros2_ws/install/crazyflie_py/lib/python3.12/site-packages:/home/mouha/ros2_ws/build/my_py_pkg:/home/mouha/ros2_ws/install/my_py_pkg/lib/python3.12/site-packages:/opt/ros/jazzy/lib/python3.12/site-packages /usr/bin/python3 -W ignore:setup.py install is deprecated -W ignore:easy_install command is deprecated setup.py develop --editable --build-directory /home/mouha/crazyflie/ros2_ws/build/crazyflie_py/build --no-deps symlink_data
[2.950s] INFO:colcon.colcon_core.shell:Creating environment descriptor '/home/mouha/crazyflie/ros2_ws/build/crazyflie_py/share/crazyflie_py/hook/pythonpath_develop.dsv'
[2.950s] INFO:colcon.colcon_core.shell:Creating environment hook '/home/mouha/crazyflie/ros2_ws/build/crazyflie_py/share/crazyflie_py/hook/pythonpath_develop.sh'
[2.950s] Level 1:colcon.colcon_core.environment:checking '/home/mouha/crazyflie/ros2_ws/install/crazyflie_py' for CMake module files
[2.951s] Level 1:colcon.colcon_core.environment:checking '/home/mouha/crazyflie/ros2_ws/install/crazyflie_py' for CMake config files
[2.951s] Level 1:colcon.colcon_core.environment:checking '/home/mouha/crazyflie/ros2_ws/install/crazyflie_py/lib'
[2.951s] Level 1:colcon.colcon_core.environment:checking '/home/mouha/crazyflie/ros2_ws/install/crazyflie_py/bin'
[2.951s] Level 1:colcon.colcon_core.environment:checking '/home/mouha/crazyflie/ros2_ws/install/crazyflie_py/lib/pkgconfig/crazyflie_py.pc'
[2.951s] Level 1:colcon.colcon_core.environment:checking '/home/mouha/crazyflie/ros2_ws/install/crazyflie_py/lib/python3.12/site-packages'
[2.951s] Level 1:colcon.colcon_core.shell:create_environment_hook('crazyflie_py', 'pythonpath')
[2.951s] INFO:colcon.colcon_core.shell:Creating environment hook '/home/mouha/crazyflie/ros2_ws/install/crazyflie_py/share/crazyflie_py/hook/pythonpath.ps1'
[2.952s] INFO:colcon.colcon_core.shell:Creating environment descriptor '/home/mouha/crazyflie/ros2_ws/install/crazyflie_py/share/crazyflie_py/hook/pythonpath.dsv'
[2.952s] INFO:colcon.colcon_core.shell:Creating environment hook '/home/mouha/crazyflie/ros2_ws/install/crazyflie_py/share/crazyflie_py/hook/pythonpath.sh'
[2.952s] Level 1:colcon.colcon_core.environment:checking '/home/mouha/crazyflie/ros2_ws/install/crazyflie_py/bin'
[2.953s] Level 1:colcon.colcon_core.environment:create_environment_scripts_only(crazyflie_py)
[2.953s] INFO:colcon.colcon_core.shell:Creating package script '/home/mouha/crazyflie/ros2_ws/install/crazyflie_py/share/crazyflie_py/package.ps1'
[2.953s] INFO:colcon.colcon_core.shell:Creating package descriptor '/home/mouha/crazyflie/ros2_ws/install/crazyflie_py/share/crazyflie_py/package.dsv'
[2.954s] INFO:colcon.colcon_core.shell:Creating package script '/home/mouha/crazyflie/ros2_ws/install/crazyflie_py/share/crazyflie_py/package.sh'
[2.954s] INFO:colcon.colcon_core.shell:Creating package script '/home/mouha/crazyflie/ros2_ws/install/crazyflie_py/share/crazyflie_py/package.bash'
[2.955s] INFO:colcon.colcon_core.shell:Creating package script '/home/mouha/crazyflie/ros2_ws/install/crazyflie_py/share/crazyflie_py/package.zsh'
[2.955s] Level 1:colcon.colcon_core.environment:create_file_with_runtime_dependencies(/home/mouha/crazyflie/ros2_ws/install/crazyflie_py/share/colcon-core/packages/crazyflie_py)
[2.955s] INFO:colcon.colcon_ros.task.ament_python.build:Building ROS package in '/home/mouha/crazyflie/ros2_ws/src/cf_led_mission' with build type 'ament_python'
[2.955s] Level 1:colcon.colcon_core.shell:create_environment_hook('cf_led_mission', 'ament_prefix_path')
[2.956s] INFO:colcon.colcon_core.shell:Creating environment hook '/home/mouha/crazyflie/ros2_ws/install/cf_led_mission/share/cf_led_mission/hook/ament_prefix_path.ps1'
[2.956s] INFO:colcon.colcon_core.shell:Creating environment descriptor '/home/mouha/crazyflie/ros2_ws/install/cf_led_mission/share/cf_led_mission/hook/ament_prefix_path.dsv'
[2.956s] INFO:colcon.colcon_core.shell:Creating environment hook '/home/mouha/crazyflie/ros2_ws/install/cf_led_mission/share/cf_led_mission/hook/ament_prefix_path.sh'
[2.957s] INFO:colcon.colcon_core.shell:Skip shell extension 'powershell' for command environment: Not usable outside of PowerShell
[2.957s] DEBUG:colcon.colcon_core.shell:Skip shell extension 'dsv' for command environment
[2.961s] INFO:colcon.colcon_ros.task.ament_cmake.build:Building ROS package in '/home/mouha/crazyflie/ros2_ws/src/crazyswarm2/crazyflie_examples' with build type 'ament_cmake'
[2.961s] INFO:colcon.colcon_cmake.task.cmake.build:Building CMake package in '/home/mouha/crazyflie/ros2_ws/src/crazyswarm2/crazyflie_examples'
[2.961s] INFO:colcon.colcon_core.shell:Skip shell extension 'powershell' for command environment: Not usable outside of PowerShell
[2.961s] DEBUG:colcon.colcon_core.shell:Skip shell extension 'dsv' for command environment
[3.165s] INFO:colcon.colcon_core.task.python.build:Building Python package in '/home/mouha/crazyflie/ros2_ws/src/cf_led_mission'
[3.165s] INFO:colcon.colcon_core.shell:Skip shell extension 'powershell' for command environment: Not usable outside of PowerShell
[3.165s] DEBUG:colcon.colcon_core.shell:Skip shell extension 'dsv' for command environment
[3.174s] DEBUG:colcon.colcon_core.event_handler.log_command:Invoking command in '/home/mouha/crazyflie/ros2_ws/build/crazyflie_examples': AMENT_PREFIX_PATH=/home/mouha/crazyflie/ros2_ws/install/crazyflie_py:/home/mouha/crazyflie/ros2_ws/install/micro_ros_setup:/home/mouha/crazyflie/ros2_ws/install/micro_ros_agent:/home/mouha/crazyflie/ros2_ws/install/micro_ros_msgs:/home/mouha/crazyflie/ros2_ws/install/crazyflie_sim:/home/mouha/crazyflie/ros2_ws/install/crazyflie_server_py:/home/mouha/crazyflie/ros2_ws/install/crazyflie_examples:/home/mouha/crazyflie/ros2_ws/install/cf_led_mission:/home/mouha/crazyflie/ros2_ws/install/crazyflie:/home/mouha/crazyflie/ros2_ws/install/crazyflie_interfaces:/home/mouha/crazyflie/ros2_ws/install/crazyflie_description:/home/mouha/ros2_ws/install/my_py_pkg:/home/mouha/ros2_ws/install/my_cpp_pkg:/opt/ros/jazzy CMAKE_PREFIX_PATH=/home/mouha/crazyflie/ros2_ws/install/crazyflie_interfaces:/home/mouha/crazyflie/ros2_ws/install/micro_ros_setup:/home/mouha/crazyflie/ros2_ws/install/micro_ros_agent:/home/mouha/crazyflie/ros2_ws/install/micro_ros_msgs:/home/mouha/crazyflie/ros2_ws/install/crazyflie_sim:/home/mouha/crazyflie/ros2_ws/install/crazyflie_examples:/home/mouha/crazyflie/ros2_ws/install/crazyflie:/home/mouha/crazyflie/ros2_ws/install/crazyflie_description:/home/mouha/ros2_ws/install/my_cpp_pkg:/opt/ros/jazzy/opt/gz_sim_vendor:/opt/ros/jazzy/opt/gz_sensors_vendor:/opt/ros/jazzy/opt/gz_physics_vendor:/opt/ros/jazzy/opt/sdformat_vendor:/opt/ros/jazzy/opt/gz_gui_vendor:/opt/ros/jazzy/opt/gz_transport_vendor:/opt/ros/jazzy/opt/gz_rendering_vendor:/opt/ros/jazzy/opt/gz_plugin_vendor:/opt/ros/jazzy/opt/gz_fuel_tools_vendor:/opt/ros/jazzy/opt/gz_msgs_vendor:/opt/ros/jazzy/opt/gz_common_vendor:/opt/ros/jazzy/opt/gz_math_vendor:/opt/ros/jazzy/opt/gz_utils_vendor:/opt/ros/jazzy/opt/gz_tools_vendor:/opt/ros/jazzy/opt/gz_ogre_next_vendor:/opt/ros/jazzy/opt/gz_dartsim_vendor:/opt/ros/jazzy/opt/gz_cmake_vendor:/home/mouha/crazyflie/ros2_ws/install/crazyflie_server_py:/home/mouha/crazyflie/ros2_ws/install/cf_led_mission:/home/mouha/crazyflie/ros2_ws/install/crazyflie_py:/home/mouha/ros2_ws/install/my_py_pkg:/opt/ros/jazzy DEBUGINFOD_URLS=https://debuginfod.ubuntu.com LD_LIBRARY_PATH=/home/mouha/crazyflie/ros2_ws/install/crazyflie_interfaces/lib:/home/mouha/crazyflie/ros2_ws/install/micro_ros_agent/lib:/home/mouha/crazyflie/ros2_ws/install/micro_ros_msgs/lib:/opt/ros/jazzy/opt/gz_sim_vendor/lib:/opt/ros/jazzy/opt/gz_sensors_vendor/lib:/opt/ros/jazzy/opt/gz_physics_vendor/lib:/opt/ros/jazzy/opt/sdformat_vendor/lib:/opt/ros/jazzy/opt/rviz_ogre_vendor/lib:/opt/ros/jazzy/lib/x86_64-linux-gnu:/opt/ros/jazzy/opt/gz_gui_vendor/lib:/opt/ros/jazzy/opt/gz_transport_vendor/lib:/opt/ros/jazzy/opt/gz_rendering_vendor/lib:/opt/ros/jazzy/opt/gz_plugin_vendor/lib:/opt/ros/jazzy/opt/gz_fuel_tools_vendor/lib:/opt/ros/jazzy/opt/gz_msgs_vendor/lib:/opt/ros/jazzy/opt/gz_common_vendor/lib:/opt/ros/jazzy/opt/gz_math_vendor/lib:/opt/ros/jazzy/opt/gz_utils_vendor/lib:/opt/ros/jazzy/opt/gz_tools_vendor/lib:/opt/ros/jazzy/opt/gz_ogre_next_vendor/lib:/opt/ros/jazzy/opt/gz_dartsim_vendor/lib:/opt/ros/jazzy/opt/gz_cmake_vendor/lib:/opt/ros/jazzy/lib PYTHONPATH=/home/mouha/crazyflie/ros2_ws/build/crazyflie_py:/home/mouha/crazyflie/ros2_ws/install/crazyflie_py/lib/python3.12/site-packages:/home/mouha/crazyflie/ros2_ws/install/crazyflie_interfaces/lib/python3.12/site-packages:/home/mouha/crazyflie/ros2_ws/install/micro_ros_msgs/lib/python3.12/site-packages:/home/mouha/crazyflie/ros2_ws/install/crazyflie_sim/lib/python3.12/site-packages:/home/mouha/crazyflie/ros2_ws/build/crazyflie_server_py:/home/mouha/crazyflie/ros2_ws/install/crazyflie_server_py/lib/python3.12/site-packages:/home/mouha/crazyflie/ros2_ws/install/crazyflie_examples/lib/python3.12/site-packages:/home/mouha/crazyflie/ros2_ws/build/cf_led_mission:/home/mouha/crazyflie/ros2_ws/install/cf_led_mission/lib/python3.12/site-packages:/home/mouha/ros2_ws/build/my_py_pkg:/home/mouha/ros2_ws/install/my_py_pkg/lib/python3.12/site-packages:/opt/ros/jazzy/lib/python3.12/site-packages /usr/bin/cmake --build /home/mouha/crazyflie/ros2_ws/build/crazyflie_examples -- -j12 -l12
[3.780s] DEBUG:colcon.colcon_core.event_handler.log_command:Invoked command in '/home/mouha/crazyflie/ros2_ws/build/crazyflie_examples' returned '0': AMENT_PREFIX_PATH=/home/mouha/crazyflie/ros2_ws/install/crazyflie_py:/home/mouha/crazyflie/ros2_ws/install/micro_ros_setup:/home/mouha/crazyflie/ros2_ws/install/micro_ros_agent:/home/mouha/crazyflie/ros2_ws/install/micro_ros_msgs:/home/mouha/crazyflie/ros2_ws/install/crazyflie_sim:/home/mouha/crazyflie/ros2_ws/install/crazyflie_server_py:/home/mouha/crazyflie/ros2_ws/install/crazyflie_examples:/home/mouha/crazyflie/ros2_ws/install/cf_led_mission:/home/mouha/crazyflie/ros2_ws/install/crazyflie:/home/mouha/crazyflie/ros2_ws/install/crazyflie_interfaces:/home/mouha/crazyflie/ros2_ws/install/crazyflie_description:/home/mouha/ros2_ws/install/my_py_pkg:/home/mouha/ros2_ws/install/my_cpp_pkg:/opt/ros/jazzy CMAKE_PREFIX_PATH=/home/mouha/crazyflie/ros2_ws/install/crazyflie_interfaces:/home/mouha/crazyflie/ros2_ws/install/micro_ros_setup:/home/mouha/crazyflie/ros2_ws/install/micro_ros_agent:/home/mouha/crazyflie/ros2_ws/install/micro_ros_msgs:/home/mouha/crazyflie/ros2_ws/install/crazyflie_sim:/home/mouha/crazyflie/ros2_ws/install/crazyflie_examples:/home/mouha/crazyflie/ros2_ws/install/crazyflie:/home/mouha/crazyflie/ros2_ws/install/crazyflie_description:/home/mouha/ros2_ws/install/my_cpp_pkg:/opt/ros/jazzy/opt/gz_sim_vendor:/opt/ros/jazzy/opt/gz_sensors_vendor:/opt/ros/jazzy/opt/gz_physics_vendor:/opt/ros/jazzy/opt/sdformat_vendor:/opt/ros/jazzy/opt/gz_gui_vendor:/opt/ros/jazzy/opt/gz_transport_vendor:/opt/ros/jazzy/opt/gz_rendering_vendor:/opt/ros/jazzy/opt/gz_plugin_vendor:/opt/ros/jazzy/opt/gz_fuel_tools_vendor:/opt/ros/jazzy/opt/gz_msgs_vendor:/opt/ros/jazzy/opt/gz_common_vendor:/opt/ros/jazzy/opt/gz_math_vendor:/opt/ros/jazzy/opt/gz_utils_vendor:/opt/ros/jazzy/opt/gz_tools_vendor:/opt/ros/jazzy/opt/gz_ogre_next_vendor:/opt/ros/jazzy/opt/gz_dartsim_vendor:/opt/ros/jazzy/opt/gz_cmake_vendor:/home/mouha/crazyflie/ros2_ws/install/crazyflie_server_py:/home/mouha/crazyflie/ros2_ws/install/cf_led_mission:/home/mouha/crazyflie/ros2_ws/install/crazyflie_py:/home/mouha/ros2_ws/install/my_py_pkg:/opt/ros/jazzy DEBUGINFOD_URLS=https://debuginfod.ubuntu.com LD_LIBRARY_PATH=/home/mouha/crazyflie/ros2_ws/install/crazyflie_interfaces/lib:/home/mouha/crazyflie/ros2_ws/install/micro_ros_agent/lib:/home/mouha/crazyflie/ros2_ws/install/micro_ros_msgs/lib:/opt/ros/jazzy/opt/gz_sim_vendor/lib:/opt/ros/jazzy/opt/gz_sensors_vendor/lib:/opt/ros/jazzy/opt/gz_physics_vendor/lib:/opt/ros/jazzy/opt/sdformat_vendor/lib:/opt/ros/jazzy/opt/rviz_ogre_vendor/lib:/opt/ros/jazzy/lib/x86_64-linux-gnu:/opt/ros/jazzy/opt/gz_gui_vendor/lib:/opt/ros/jazzy/opt/gz_transport_vendor/lib:/opt/ros/jazzy/opt/gz_rendering_vendor/lib:/opt/ros/jazzy/opt/gz_plugin_vendor/lib:/opt/ros/jazzy/opt/gz_fuel_tools_vendor/lib:/opt/ros/jazzy/opt/gz_msgs_vendor/lib:/opt/ros/jazzy/opt/gz_common_vendor/lib:/opt/ros/jazzy/opt/gz_math_vendor/lib:/opt/ros/jazzy/opt/gz_utils_vendor/lib:/opt/ros/jazzy/opt/gz_tools_vendor/lib:/opt/ros/jazzy/opt/gz_ogre_next_vendor/lib:/opt/ros/jazzy/opt/gz_dartsim_vendor/lib:/opt/ros/jazzy/opt/gz_cmake_vendor/lib:/opt/ros/jazzy/lib PYTHONPATH=/home/mouha/crazyflie/ros2_ws/build/crazyflie_py:/home/mouha/crazyflie/ros2_ws/install/crazyflie_py/lib/python3.12/site-packages:/home/mouha/crazyflie/ros2_ws/install/crazyflie_interfaces/lib/python3.12/site-packages:/home/mouha/crazyflie/ros2_ws/install/micro_ros_msgs/lib/python3.12/site-packages:/home/mouha/crazyflie/ros2_ws/install/crazyflie_sim/lib/python3.12/site-packages:/home/mouha/crazyflie/ros2_ws/build/crazyflie_server_py:/home/mouha/crazyflie/ros2_ws/install/crazyflie_server_py/lib/python3.12/site-packages:/home/mouha/crazyflie/ros2_ws/install/crazyflie_examples/lib/python3.12/site-packages:/home/mouha/crazyflie/ros2_ws/build/cf_led_mission:/home/mouha/crazyflie/ros2_ws/install/cf_led_mission/lib/python3.12/site-packages:/home/mouha/ros2_ws/build/my_py_pkg:/home/mouha/ros2_ws/install/my_py_pkg/lib/python3.12/site-packages:/opt/ros/jazzy/lib/python3.12/site-packages /usr/bin/cmake --build /home/mouha/crazyflie/ros2_ws/build/crazyflie_examples -- -j12 -l12
[3.781s] DEBUG:colcon.colcon_core.event_handler.log_command:Invoking command in '/home/mouha/crazyflie/ros2_ws/build/crazyflie_examples': AMENT_PREFIX_PATH=/home/mouha/crazyflie/ros2_ws/install/crazyflie_py:/home/mouha/crazyflie/ros2_ws/install/micro_ros_setup:/home/mouha/crazyflie/ros2_ws/install/micro_ros_agent:/home/mouha/crazyflie/ros2_ws/install/micro_ros_msgs:/home/mouha/crazyflie/ros2_ws/install/crazyflie_sim:/home/mouha/crazyflie/ros2_ws/install/crazyflie_server_py:/home/mouha/crazyflie/ros2_ws/install/crazyflie_examples:/home/mouha/crazyflie/ros2_ws/install/cf_led_mission:/home/mouha/crazyflie/ros2_ws/install/crazyflie:/home/mouha/crazyflie/ros2_ws/install/crazyflie_interfaces:/home/mouha/crazyflie/ros2_ws/install/crazyflie_description:/home/mouha/ros2_ws/install/my_py_pkg:/home/mouha/ros2_ws/install/my_cpp_pkg:/opt/ros/jazzy CMAKE_PREFIX_PATH=/home/mouha/crazyflie/ros2_ws/install/crazyflie_interfaces:/home/mouha/crazyflie/ros2_ws/install/micro_ros_setup:/home/mouha/crazyflie/ros2_ws/install/micro_ros_agent:/home/mouha/crazyflie/ros2_ws/install/micro_ros_msgs:/home/mouha/crazyflie/ros2_ws/install/crazyflie_sim:/home/mouha/crazyflie/ros2_ws/install/crazyflie_examples:/home/mouha/crazyflie/ros2_ws/install/crazyflie:/home/mouha/crazyflie/ros2_ws/install/crazyflie_description:/home/mouha/ros2_ws/install/my_cpp_pkg:/opt/ros/jazzy/opt/gz_sim_vendor:/opt/ros/jazzy/opt/gz_sensors_vendor:/opt/ros/jazzy/opt/gz_physics_vendor:/opt/ros/jazzy/opt/sdformat_vendor:/opt/ros/jazzy/opt/gz_gui_vendor:/opt/ros/jazzy/opt/gz_transport_vendor:/opt/ros/jazzy/opt/gz_rendering_vendor:/opt/ros/jazzy/opt/gz_plugin_vendor:/opt/ros/jazzy/opt/gz_fuel_tools_vendor:/opt/ros/jazzy/opt/gz_msgs_vendor:/opt/ros/jazzy/opt/gz_common_vendor:/opt/ros/jazzy/opt/gz_math_vendor:/opt/ros/jazzy/opt/gz_utils_vendor:/opt/ros/jazzy/opt/gz_tools_vendor:/opt/ros/jazzy/opt/gz_ogre_next_vendor:/opt/ros/jazzy/opt/gz_dartsim_vendor:/opt/ros/jazzy/opt/gz_cmake_vendor:/home/mouha/crazyflie/ros2_ws/install/crazyflie_server_py:/home/mouha/crazyflie/ros2_ws/install/cf_led_mission:/home/mouha/crazyflie/ros2_ws/install/crazyflie_py:/home/mouha/ros2_ws/install/my_py_pkg:/opt/ros/jazzy DEBUGINFOD_URLS=https://debuginfod.ubuntu.com LD_LIBRARY_PATH=/home/mouha/crazyflie/ros2_ws/install/crazyflie_interfaces/lib:/home/mouha/crazyflie/ros2_ws/install/micro_ros_agent/lib:/home/mouha/crazyflie/ros2_ws/install/micro_ros_msgs/lib:/opt/ros/jazzy/opt/gz_sim_vendor/lib:/opt/ros/jazzy/opt/gz_sensors_vendor/lib:/opt/ros/jazzy/opt/gz_physics_vendor/lib:/opt/ros/jazzy/opt/sdformat_vendor/lib:/opt/ros/jazzy/opt/rviz_ogre_vendor/lib:/opt/ros/jazzy/lib/x86_64-linux-gnu:/opt/ros/jazzy/opt/gz_gui_vendor/lib:/opt/ros/jazzy/opt/gz_transport_vendor/lib:/opt/ros/jazzy/opt/gz_rendering_vendor/lib:/opt/ros/jazzy/opt/gz_plugin_vendor/lib:/opt/ros/jazzy/opt/gz_fuel_tools_vendor/lib:/opt/ros/jazzy/opt/gz_msgs_vendor/lib:/opt/ros/jazzy/opt/gz_common_vendor/lib:/opt/ros/jazzy/opt/gz_math_vendor/lib:/opt/ros/jazzy/opt/gz_utils_vendor/lib:/opt/ros/jazzy/opt/gz_tools_vendor/lib:/opt/ros/jazzy/opt/gz_ogre_next_vendor/lib:/opt/ros/jazzy/opt/gz_dartsim_vendor/lib:/opt/ros/jazzy/opt/gz_cmake_vendor/lib:/opt/ros/jazzy/lib PYTHONPATH=/home/mouha/crazyflie/ros2_ws/build/crazyflie_py:/home/mouha/crazyflie/ros2_ws/install/crazyflie_py/lib/python3.12/site-packages:/home/mouha/crazyflie/ros2_ws/install/crazyflie_interfaces/lib/python3.12/site-packages:/home/mouha/crazyflie/ros2_ws/install/micro_ros_msgs/lib/python3.12/site-packages:/home/mouha/crazyflie/ros2_ws/install/crazyflie_sim/lib/python3.12/site-packages:/home/mouha/crazyflie/ros2_ws/build/crazyflie_server_py:/home/mouha/crazyflie/ros2_ws/install/crazyflie_server_py/lib/python3.12/site-packages:/home/mouha/crazyflie/ros2_ws/install/crazyflie_examples/lib/python3.12/site-packages:/home/mouha/crazyflie/ros2_ws/build/cf_led_mission:/home/mouha/crazyflie/ros2_ws/install/cf_led_mission/lib/python3.12/site-packages:/home/mouha/ros2_ws/build/my_py_pkg:/home/mouha/ros2_ws/install/my_py_pkg/lib/python3.12/site-packages:/opt/ros/jazzy/lib/python3.12/site-packages /usr/bin/cmake --install /home/mouha/crazyflie/ros2_ws/build/crazyflie_examples
[3.815s] DEBUG:colcon.colcon_core.event_handler.log_command:Invoked command in '/home/mouha/crazyflie/ros2_ws/build/micro_ros_msgs' returned '0': CMAKE_PREFIX_PATH=${CMAKE_PREFIX_PATH}:/home/mouha/crazyflie/ros2_ws/install/crazyflie_server_py:/home/mouha/crazyflie/ros2_ws/install/cf_led_mission:/home/mouha/crazyflie/ros2_ws/install/crazyflie_py:/home/mouha/ros2_ws/install/my_py_pkg:/opt/ros/jazzy DEBUGINFOD_URLS=https://debuginfod.ubuntu.com /usr/bin/cmake /home/mouha/crazyflie/ros2_ws/src/uros/micro_ros_msgs -DAMENT_CMAKE_SYMLINK_INSTALL=1 -DCMAKE_INSTALL_PREFIX=/home/mouha/crazyflie/ros2_ws/install/micro_ros_msgs
[3.816s] DEBUG:colcon.colcon_core.event_handler.log_command:Invoking command in '/home/mouha/crazyflie/ros2_ws/build/micro_ros_msgs': CMAKE_PREFIX_PATH=${CMAKE_PREFIX_PATH}:/home/mouha/crazyflie/ros2_ws/install/crazyflie_server_py:/home/mouha/crazyflie/ros2_ws/install/cf_led_mission:/home/mouha/crazyflie/ros2_ws/install/crazyflie_py:/home/mouha/ros2_ws/install/my_py_pkg:/opt/ros/jazzy DEBUGINFOD_URLS=https://debuginfod.ubuntu.com /usr/bin/cmake --build /home/mouha/crazyflie/ros2_ws/build/micro_ros_msgs -- -j12 -l12
[3.850s] Level 1:colcon.colcon_core.environment:create_environment_scripts_only(crazyflie_examples)
[3.850s] Level 1:colcon.colcon_core.environment:checking '/home/mouha/crazyflie/ros2_ws/install/crazyflie_examples' for CMake module files
[3.850s] DEBUG:colcon.colcon_core.event_handler.log_command:Invoked command in '/home/mouha/crazyflie/ros2_ws/build/crazyflie_examples' returned '0': AMENT_PREFIX_PATH=/home/mouha/crazyflie/ros2_ws/install/crazyflie_py:/home/mouha/crazyflie/ros2_ws/install/micro_ros_setup:/home/mouha/crazyflie/ros2_ws/install/micro_ros_agent:/home/mouha/crazyflie/ros2_ws/install/micro_ros_msgs:/home/mouha/crazyflie/ros2_ws/install/crazyflie_sim:/home/mouha/crazyflie/ros2_ws/install/crazyflie_server_py:/home/mouha/crazyflie/ros2_ws/install/crazyflie_examples:/home/mouha/crazyflie/ros2_ws/install/cf_led_mission:/home/mouha/crazyflie/ros2_ws/install/crazyflie:/home/mouha/crazyflie/ros2_ws/install/crazyflie_interfaces:/home/mouha/crazyflie/ros2_ws/install/crazyflie_description:/home/mouha/ros2_ws/install/my_py_pkg:/home/mouha/ros2_ws/install/my_cpp_pkg:/opt/ros/jazzy CMAKE_PREFIX_PATH=/home/mouha/crazyflie/ros2_ws/install/crazyflie_interfaces:/home/mouha/crazyflie/ros2_ws/install/micro_ros_setup:/home/mouha/crazyflie/ros2_ws/install/micro_ros_agent:/home/mouha/crazyflie/ros2_ws/install/micro_ros_msgs:/home/mouha/crazyflie/ros2_ws/install/crazyflie_sim:/home/mouha/crazyflie/ros2_ws/install/crazyflie_examples:/home/mouha/crazyflie/ros2_ws/install/crazyflie:/home/mouha/crazyflie/ros2_ws/install/crazyflie_description:/home/mouha/ros2_ws/install/my_cpp_pkg:/opt/ros/jazzy/opt/gz_sim_vendor:/opt/ros/jazzy/opt/gz_sensors_vendor:/opt/ros/jazzy/opt/gz_physics_vendor:/opt/ros/jazzy/opt/sdformat_vendor:/opt/ros/jazzy/opt/gz_gui_vendor:/opt/ros/jazzy/opt/gz_transport_vendor:/opt/ros/jazzy/opt/gz_rendering_vendor:/opt/ros/jazzy/opt/gz_plugin_vendor:/opt/ros/jazzy/opt/gz_fuel_tools_vendor:/opt/ros/jazzy/opt/gz_msgs_vendor:/opt/ros/jazzy/opt/gz_common_vendor:/opt/ros/jazzy/opt/gz_math_vendor:/opt/ros/jazzy/opt/gz_utils_vendor:/opt/ros/jazzy/opt/gz_tools_vendor:/opt/ros/jazzy/opt/gz_ogre_next_vendor:/opt/ros/jazzy/opt/gz_dartsim_vendor:/opt/ros/jazzy/opt/gz_cmake_vendor:/home/mouha/crazyflie/ros2_ws/install/crazyflie_server_py:/home/mouha/crazyflie/ros2_ws/install/cf_led_mission:/home/mouha/crazyflie/ros2_ws/install/crazyflie_py:/home/mouha/ros2_ws/install/my_py_pkg:/opt/ros/jazzy DEBUGINFOD_URLS=https://debuginfod.ubuntu.com LD_LIBRARY_PATH=/home/mouha/crazyflie/ros2_ws/install/crazyflie_interfaces/lib:/home/mouha/crazyflie/ros2_ws/install/micro_ros_agent/lib:/home/mouha/crazyflie/ros2_ws/install/micro_ros_msgs/lib:/opt/ros/jazzy/opt/gz_sim_vendor/lib:/opt/ros/jazzy/opt/gz_sensors_vendor/lib:/opt/ros/jazzy/opt/gz_physics_vendor/lib:/opt/ros/jazzy/opt/sdformat_vendor/lib:/opt/ros/jazzy/opt/rviz_ogre_vendor/lib:/opt/ros/jazzy/lib/x86_64-linux-gnu:/opt/ros/jazzy/opt/gz_gui_vendor/lib:/opt/ros/jazzy/opt/gz_transport_vendor/lib:/opt/ros/jazzy/opt/gz_rendering_vendor/lib:/opt/ros/jazzy/opt/gz_plugin_vendor/lib:/opt/ros/jazzy/opt/gz_fuel_tools_vendor/lib:/opt/ros/jazzy/opt/gz_msgs_vendor/lib:/opt/ros/jazzy/opt/gz_common_vendor/lib:/opt/ros/jazzy/opt/gz_math_vendor/lib:/opt/ros/jazzy/opt/gz_utils_vendor/lib:/opt/ros/jazzy/opt/gz_tools_vendor/lib:/opt/ros/jazzy/opt/gz_ogre_next_vendor/lib:/opt/ros/jazzy/opt/gz_dartsim_vendor/lib:/opt/ros/jazzy/opt/gz_cmake_vendor/lib:/opt/ros/jazzy/lib PYTHONPATH=/home/mouha/crazyflie/ros2_ws/build/crazyflie_py:/home/mouha/crazyflie/ros2_ws/install/crazyflie_py/lib/python3.12/site-packages:/home/mouha/crazyflie/ros2_ws/install/crazyflie_interfaces/lib/python3.12/site-packages:/home/mouha/crazyflie/ros2_ws/install/micro_ros_msgs/lib/python3.12/site-packages:/home/mouha/crazyflie/ros2_ws/install/crazyflie_sim/lib/python3.12/site-packages:/home/mouha/crazyflie/ros2_ws/build/crazyflie_server_py:/home/mouha/crazyflie/ros2_ws/install/crazyflie_server_py/lib/python3.12/site-packages:/home/mouha/crazyflie/ros2_ws/install/crazyflie_examples/lib/python3.12/site-packages:/home/mouha/crazyflie/ros2_ws/build/cf_led_mission:/home/mouha/crazyflie/ros2_ws/install/cf_led_mission/lib/python3.12/site-packages:/home/mouha/ros2_ws/build/my_py_pkg:/home/mouha/ros2_ws/install/my_py_pkg/lib/python3.12/site-packages:/opt/ros/jazzy/lib/python3.12/site-packages /usr/bin/cmake --install /home/mouha/crazyflie/ros2_ws/build/crazyflie_examples
[3.851s] Level 1:colcon.colcon_core.environment:checking '/home/mouha/crazyflie/ros2_ws/install/crazyflie_examples' for CMake config files
[3.851s] Level 1:colcon.colcon_core.shell:create_environment_hook('crazyflie_examples', 'cmake_prefix_path')
[3.851s] INFO:colcon.colcon_core.shell:Creating environment hook '/home/mouha/crazyflie/ros2_ws/install/crazyflie_examples/share/crazyflie_examples/hook/cmake_prefix_path.ps1'
[3.852s] INFO:colcon.colcon_core.shell:Creating environment descriptor '/home/mouha/crazyflie/ros2_ws/install/crazyflie_examples/share/crazyflie_examples/hook/cmake_prefix_path.dsv'
[3.852s] INFO:colcon.colcon_core.shell:Creating environment hook '/home/mouha/crazyflie/ros2_ws/install/crazyflie_examples/share/crazyflie_examples/hook/cmake_prefix_path.sh'
[3.853s] Level 1:colcon.colcon_core.environment:checking '/home/mouha/crazyflie/ros2_ws/install/crazyflie_examples/lib'
[3.853s] Level 1:colcon.colcon_core.environment:checking '/home/mouha/crazyflie/ros2_ws/install/crazyflie_examples/bin'
[3.853s] Level 1:colcon.colcon_core.environment:checking '/home/mouha/crazyflie/ros2_ws/install/crazyflie_examples/lib/pkgconfig/crazyflie_examples.pc'
[3.853s] Level 1:colcon.colcon_core.environment:checking '/home/mouha/crazyflie/ros2_ws/install/crazyflie_examples/lib/python3.12/site-packages'
[3.853s] Level 1:colcon.colcon_core.shell:create_environment_hook('crazyflie_examples', 'pythonpath')
[3.853s] INFO:colcon.colcon_core.shell:Creating environment hook '/home/mouha/crazyflie/ros2_ws/install/crazyflie_examples/share/crazyflie_examples/hook/pythonpath.ps1'
[3.854s] INFO:colcon.colcon_core.shell:Creating environment descriptor '/home/mouha/crazyflie/ros2_ws/install/crazyflie_examples/share/crazyflie_examples/hook/pythonpath.dsv'
[3.854s] INFO:colcon.colcon_core.shell:Creating environment hook '/home/mouha/crazyflie/ros2_ws/install/crazyflie_examples/share/crazyflie_examples/hook/pythonpath.sh'
[3.855s] Level 1:colcon.colcon_core.environment:checking '/home/mouha/crazyflie/ros2_ws/install/crazyflie_examples/bin'
[3.855s] INFO:colcon.colcon_core.shell:Creating package script '/home/mouha/crazyflie/ros2_ws/install/crazyflie_examples/share/crazyflie_examples/package.ps1'
[3.856s] INFO:colcon.colcon_core.shell:Creating package descriptor '/home/mouha/crazyflie/ros2_ws/install/crazyflie_examples/share/crazyflie_examples/package.dsv'
[3.857s] INFO:colcon.colcon_core.shell:Creating package script '/home/mouha/crazyflie/ros2_ws/install/crazyflie_examples/share/crazyflie_examples/package.sh'
[3.857s] INFO:colcon.colcon_core.shell:Creating package script '/home/mouha/crazyflie/ros2_ws/install/crazyflie_examples/share/crazyflie_examples/package.bash'
[3.857s] INFO:colcon.colcon_core.shell:Creating package script '/home/mouha/crazyflie/ros2_ws/install/crazyflie_examples/share/crazyflie_examples/package.zsh'
[3.858s] Level 1:colcon.colcon_core.environment:create_file_with_runtime_dependencies(/home/mouha/crazyflie/ros2_ws/install/crazyflie_examples/share/colcon-core/packages/crazyflie_examples)
[3.858s] Level 1:colcon.colcon_core.environment:create_environment_scripts_only(crazyflie_examples)
[3.859s] Level 1:colcon.colcon_core.environment:checking '/home/mouha/crazyflie/ros2_ws/install/crazyflie_examples' for CMake module files
[3.860s] Level 1:colcon.colcon_core.environment:checking '/home/mouha/crazyflie/ros2_ws/install/crazyflie_examples' for CMake config files
[3.860s] Level 1:colcon.colcon_core.shell:create_environment_hook('crazyflie_examples', 'cmake_prefix_path')
[3.860s] INFO:colcon.colcon_core.shell:Creating environment hook '/home/mouha/crazyflie/ros2_ws/install/crazyflie_examples/share/crazyflie_examples/hook/cmake_prefix_path.ps1'
[3.861s] INFO:colcon.colcon_core.shell:Creating environment descriptor '/home/mouha/crazyflie/ros2_ws/install/crazyflie_examples/share/crazyflie_examples/hook/cmake_prefix_path.dsv'
[3.861s] INFO:colcon.colcon_core.shell:Creating environment hook '/home/mouha/crazyflie/ros2_ws/install/crazyflie_examples/share/crazyflie_examples/hook/cmake_prefix_path.sh'
[3.862s] Level 1:colcon.colcon_core.environment:checking '/home/mouha/crazyflie/ros2_ws/install/crazyflie_examples/lib'
[3.862s] Level 1:colcon.colcon_core.environment:checking '/home/mouha/crazyflie/ros2_ws/install/crazyflie_examples/bin'
[3.862s] Level 1:colcon.colcon_core.environment:checking '/home/mouha/crazyflie/ros2_ws/install/crazyflie_examples/lib/pkgconfig/crazyflie_examples.pc'
[3.862s] Level 1:colcon.colcon_core.environment:checking '/home/mouha/crazyflie/ros2_ws/install/crazyflie_examples/lib/python3.12/site-packages'
[3.862s] Level 1:colcon.colcon_core.shell:create_environment_hook('crazyflie_examples', 'pythonpath')
[3.862s] INFO:colcon.colcon_core.shell:Creating environment hook '/home/mouha/crazyflie/ros2_ws/install/crazyflie_examples/share/crazyflie_examples/hook/pythonpath.ps1'
[3.863s] INFO:colcon.colcon_core.shell:Creating environment descriptor '/home/mouha/crazyflie/ros2_ws/install/crazyflie_examples/share/crazyflie_examples/hook/pythonpath.dsv'
[3.863s] INFO:colcon.colcon_core.shell:Creating environment hook '/home/mouha/crazyflie/ros2_ws/install/crazyflie_examples/share/crazyflie_examples/hook/pythonpath.sh'
[3.863s] Level 1:colcon.colcon_core.environment:checking '/home/mouha/crazyflie/ros2_ws/install/crazyflie_examples/bin'
[3.864s] INFO:colcon.colcon_core.shell:Creating package script '/home/mouha/crazyflie/ros2_ws/install/crazyflie_examples/share/crazyflie_examples/package.ps1'
[3.864s] INFO:colcon.colcon_core.shell:Creating package descriptor '/home/mouha/crazyflie/ros2_ws/install/crazyflie_examples/share/crazyflie_examples/package.dsv'
[3.864s] INFO:colcon.colcon_core.shell:Creating package script '/home/mouha/crazyflie/ros2_ws/install/crazyflie_examples/share/crazyflie_examples/package.sh'
[3.865s] INFO:colcon.colcon_core.shell:Creating package script '/home/mouha/crazyflie/ros2_ws/install/crazyflie_examples/share/crazyflie_examples/package.bash'
[3.865s] INFO:colcon.colcon_core.shell:Creating package script '/home/mouha/crazyflie/ros2_ws/install/crazyflie_examples/share/crazyflie_examples/package.zsh'
[3.866s] Level 1:colcon.colcon_core.environment:create_file_with_runtime_dependencies(/home/mouha/crazyflie/ros2_ws/install/crazyflie_examples/share/colcon-core/packages/crazyflie_examples)
[3.868s] DEBUG:colcon.colcon_core.event_handler.log_command:Invoking command in '/home/mouha/crazyflie/ros2_ws/build/cf_led_mission': AMENT_PREFIX_PATH=/home/mouha/crazyflie/ros2_ws/install/crazyflie_py:/home/mouha/crazyflie/ros2_ws/install/micro_ros_setup:/home/mouha/crazyflie/ros2_ws/install/micro_ros_agent:/home/mouha/crazyflie/ros2_ws/install/micro_ros_msgs:/home/mouha/crazyflie/ros2_ws/install/crazyflie_sim:/home/mouha/crazyflie/ros2_ws/install/crazyflie_server_py:/home/mouha/crazyflie/ros2_ws/install/crazyflie_examples:/home/mouha/crazyflie/ros2_ws/install/cf_led_mission:/home/mouha/crazyflie/ros2_ws/install/crazyflie:/home/mouha/crazyflie/ros2_ws/install/crazyflie_interfaces:/home/mouha/crazyflie/ros2_ws/install/crazyflie_description:/home/mouha/ros2_ws/install/my_py_pkg:/home/mouha/ros2_ws/install/my_cpp_pkg:/opt/ros/jazzy CMAKE_PREFIX_PATH=/home/mouha/crazyflie/ros2_ws/install/crazyflie_interfaces:/home/mouha/crazyflie/ros2_ws/install/micro_ros_setup:/home/mouha/crazyflie/ros2_ws/install/micro_ros_agent:/home/mouha/crazyflie/ros2_ws/install/micro_ros_msgs:/home/mouha/crazyflie/ros2_ws/install/crazyflie_sim:/home/mouha/crazyflie/ros2_ws/install/crazyflie_examples:/home/mouha/crazyflie/ros2_ws/install/crazyflie:/home/mouha/crazyflie/ros2_ws/install/crazyflie_description:/home/mouha/ros2_ws/install/my_cpp_pkg:/opt/ros/jazzy/opt/gz_sim_vendor:/opt/ros/jazzy/opt/gz_sensors_vendor:/opt/ros/jazzy/opt/gz_physics_vendor:/opt/ros/jazzy/opt/sdformat_vendor:/opt/ros/jazzy/opt/gz_gui_vendor:/opt/ros/jazzy/opt/gz_transport_vendor:/opt/ros/jazzy/opt/gz_rendering_vendor:/opt/ros/jazzy/opt/gz_plugin_vendor:/opt/ros/jazzy/opt/gz_fuel_tools_vendor:/opt/ros/jazzy/opt/gz_msgs_vendor:/opt/ros/jazzy/opt/gz_common_vendor:/opt/ros/jazzy/opt/gz_math_vendor:/opt/ros/jazzy/opt/gz_utils_vendor:/opt/ros/jazzy/opt/gz_tools_vendor:/opt/ros/jazzy/opt/gz_ogre_next_vendor:/opt/ros/jazzy/opt/gz_dartsim_vendor:/opt/ros/jazzy/opt/gz_cmake_vendor DEBUGINFOD_URLS=https://debuginfod.ubuntu.com LD_LIBRARY_PATH=/home/mouha/crazyflie/ros2_ws/install/crazyflie_interfaces/lib:/home/mouha/crazyflie/ros2_ws/install/micro_ros_agent/lib:/home/mouha/crazyflie/ros2_ws/install/micro_ros_msgs/lib:/opt/ros/jazzy/opt/gz_sim_vendor/lib:/opt/ros/jazzy/opt/gz_sensors_vendor/lib:/opt/ros/jazzy/opt/gz_physics_vendor/lib:/opt/ros/jazzy/opt/sdformat_vendor/lib:/opt/ros/jazzy/opt/rviz_ogre_vendor/lib:/opt/ros/jazzy/lib/x86_64-linux-gnu:/opt/ros/jazzy/opt/gz_gui_vendor/lib:/opt/ros/jazzy/opt/gz_transport_vendor/lib:/opt/ros/jazzy/opt/gz_rendering_vendor/lib:/opt/ros/jazzy/opt/gz_plugin_vendor/lib:/opt/ros/jazzy/opt/gz_fuel_tools_vendor/lib:/opt/ros/jazzy/opt/gz_msgs_vendor/lib:/opt/ros/jazzy/opt/gz_common_vendor/lib:/opt/ros/jazzy/opt/gz_math_vendor/lib:/opt/ros/jazzy/opt/gz_utils_vendor/lib:/opt/ros/jazzy/opt/gz_tools_vendor/lib:/opt/ros/jazzy/opt/gz_ogre_next_vendor/lib:/opt/ros/jazzy/opt/gz_dartsim_vendor/lib:/opt/ros/jazzy/opt/gz_cmake_vendor/lib:/opt/ros/jazzy/lib PYTHONPATH=/home/mouha/crazyflie/ros2_ws/build/cf_led_mission/prefix_override:/usr/lib/python3/dist-packages/colcon_core/task/python/colcon_distutils_commands:/home/mouha/crazyflie/ros2_ws/install/cf_led_mission/lib/python3.12/site-packages:/home/mouha/crazyflie/ros2_ws/build/crazyflie_py:/home/mouha/crazyflie/ros2_ws/install/crazyflie_py/lib/python3.12/site-packages:/home/mouha/crazyflie/ros2_ws/install/crazyflie_interfaces/lib/python3.12/site-packages:/home/mouha/crazyflie/ros2_ws/install/micro_ros_msgs/lib/python3.12/site-packages:/home/mouha/crazyflie/ros2_ws/install/crazyflie_sim/lib/python3.12/site-packages:/home/mouha/crazyflie/ros2_ws/build/crazyflie_server_py:/home/mouha/crazyflie/ros2_ws/install/crazyflie_server_py/lib/python3.12/site-packages:/home/mouha/crazyflie/ros2_ws/install/crazyflie_examples/lib/python3.12/site-packages:/home/mouha/crazyflie/ros2_ws/build/cf_led_mission:/home/mouha/crazyflie/ros2_ws/install/cf_led_mission/lib/python3.12/site-packages:/home/mouha/ros2_ws/build/my_py_pkg:/home/mouha/ros2_ws/install/my_py_pkg/lib/python3.12/site-packages:/opt/ros/jazzy/lib/python3.12/site-packages /usr/bin/python3 -W ignore:setup.py install is deprecated -W ignore:easy_install command is deprecated setup.py develop --editable --build-directory /home/mouha/crazyflie/ros2_ws/build/cf_led_mission/build --no-deps symlink_data
[4.574s] Level 1:colcon.colcon_core.shell:create_environment_hook('cf_led_mission', 'pythonpath_develop')
[4.575s] INFO:colcon.colcon_core.shell:Creating environment hook '/home/mouha/crazyflie/ros2_ws/build/cf_led_mission/share/cf_led_mission/hook/pythonpath_develop.ps1'
[4.575s] DEBUG:colcon.colcon_core.event_handler.log_command:Invoked command in '/home/mouha/crazyflie/ros2_ws/build/cf_led_mission' returned '0': AMENT_PREFIX_PATH=/home/mouha/crazyflie/ros2_ws/install/crazyflie_py:/home/mouha/crazyflie/ros2_ws/install/micro_ros_setup:/home/mouha/crazyflie/ros2_ws/install/micro_ros_agent:/home/mouha/crazyflie/ros2_ws/install/micro_ros_msgs:/home/mouha/crazyflie/ros2_ws/install/crazyflie_sim:/home/mouha/crazyflie/ros2_ws/install/crazyflie_server_py:/home/mouha/crazyflie/ros2_ws/install/crazyflie_examples:/home/mouha/crazyflie/ros2_ws/install/cf_led_mission:/home/mouha/crazyflie/ros2_ws/install/crazyflie:/home/mouha/crazyflie/ros2_ws/install/crazyflie_interfaces:/home/mouha/crazyflie/ros2_ws/install/crazyflie_description:/home/mouha/ros2_ws/install/my_py_pkg:/home/mouha/ros2_ws/install/my_cpp_pkg:/opt/ros/jazzy CMAKE_PREFIX_PATH=/home/mouha/crazyflie/ros2_ws/install/crazyflie_interfaces:/home/mouha/crazyflie/ros2_ws/install/micro_ros_setup:/home/mouha/crazyflie/ros2_ws/install/micro_ros_agent:/home/mouha/crazyflie/ros2_ws/install/micro_ros_msgs:/home/mouha/crazyflie/ros2_ws/install/crazyflie_sim:/home/mouha/crazyflie/ros2_ws/install/crazyflie_examples:/home/mouha/crazyflie/ros2_ws/install/crazyflie:/home/mouha/crazyflie/ros2_ws/install/crazyflie_description:/home/mouha/ros2_ws/install/my_cpp_pkg:/opt/ros/jazzy/opt/gz_sim_vendor:/opt/ros/jazzy/opt/gz_sensors_vendor:/opt/ros/jazzy/opt/gz_physics_vendor:/opt/ros/jazzy/opt/sdformat_vendor:/opt/ros/jazzy/opt/gz_gui_vendor:/opt/ros/jazzy/opt/gz_transport_vendor:/opt/ros/jazzy/opt/gz_rendering_vendor:/opt/ros/jazzy/opt/gz_plugin_vendor:/opt/ros/jazzy/opt/gz_fuel_tools_vendor:/opt/ros/jazzy/opt/gz_msgs_vendor:/opt/ros/jazzy/opt/gz_common_vendor:/opt/ros/jazzy/opt/gz_math_vendor:/opt/ros/jazzy/opt/gz_utils_vendor:/opt/ros/jazzy/opt/gz_tools_vendor:/opt/ros/jazzy/opt/gz_ogre_next_vendor:/opt/ros/jazzy/opt/gz_dartsim_vendor:/opt/ros/jazzy/opt/gz_cmake_vendor DEBUGINFOD_URLS=https://debuginfod.ubuntu.com LD_LIBRARY_PATH=/home/mouha/crazyflie/ros2_ws/install/crazyflie_interfaces/lib:/home/mouha/crazyflie/ros2_ws/install/micro_ros_agent/lib:/home/mouha/crazyflie/ros2_ws/install/micro_ros_msgs/lib:/opt/ros/jazzy/opt/gz_sim_vendor/lib:/opt/ros/jazzy/opt/gz_sensors_vendor/lib:/opt/ros/jazzy/opt/gz_physics_vendor/lib:/opt/ros/jazzy/opt/sdformat_vendor/lib:/opt/ros/jazzy/opt/rviz_ogre_vendor/lib:/opt/ros/jazzy/lib/x86_64-linux-gnu:/opt/ros/jazzy/opt/gz_gui_vendor/lib:/opt/ros/jazzy/opt/gz_transport_vendor/lib:/opt/ros/jazzy/opt/gz_rendering_vendor/lib:/opt/ros/jazzy/opt/gz_plugin_vendor/lib:/opt/ros/jazzy/opt/gz_fuel_tools_vendor/lib:/opt/ros/jazzy/opt/gz_msgs_vendor/lib:/opt/ros/jazzy/opt/gz_common_vendor/lib:/opt/ros/jazzy/opt/gz_math_vendor/lib:/opt/ros/jazzy/opt/gz_utils_vendor/lib:/opt/ros/jazzy/opt/gz_tools_vendor/lib:/opt/ros/jazzy/opt/gz_ogre_next_vendor/lib:/opt/ros/jazzy/opt/gz_dartsim_vendor/lib:/opt/ros/jazzy/opt/gz_cmake_vendor/lib:/opt/ros/jazzy/lib PYTHONPATH=/home/mouha/crazyflie/ros2_ws/build/cf_led_mission/prefix_override:/usr/lib/python3/dist-packages/colcon_core/task/python/colcon_distutils_commands:/home/mouha/crazyflie/ros2_ws/install/cf_led_mission/lib/python3.12/site-packages:/home/mouha/crazyflie/ros2_ws/build/crazyflie_py:/home/mouha/crazyflie/ros2_ws/install/crazyflie_py/lib/python3.12/site-packages:/home/mouha/crazyflie/ros2_ws/install/crazyflie_interfaces/lib/python3.12/site-packages:/home/mouha/crazyflie/ros2_ws/install/micro_ros_msgs/lib/python3.12/site-packages:/home/mouha/crazyflie/ros2_ws/install/crazyflie_sim/lib/python3.12/site-packages:/home/mouha/crazyflie/ros2_ws/build/crazyflie_server_py:/home/mouha/crazyflie/ros2_ws/install/crazyflie_server_py/lib/python3.12/site-packages:/home/mouha/crazyflie/ros2_ws/install/crazyflie_examples/lib/python3.12/site-packages:/home/mouha/crazyflie/ros2_ws/build/cf_led_mission:/home/mouha/crazyflie/ros2_ws/install/cf_led_mission/lib/python3.12/site-packages:/home/mouha/ros2_ws/build/my_py_pkg:/home/mouha/ros2_ws/install/my_py_pkg/lib/python3.12/site-packages:/opt/ros/jazzy/lib/python3.12/site-packages /usr/bin/python3 -W ignore:setup.py install is deprecated -W ignore:easy_install command is deprecated setup.py develop --editable --build-directory /home/mouha/crazyflie/ros2_ws/build/cf_led_mission/build --no-deps symlink_data
[4.575s] INFO:colcon.colcon_core.shell:Creating environment descriptor '/home/mouha/crazyflie/ros2_ws/build/cf_led_mission/share/cf_led_mission/hook/pythonpath_develop.dsv'
[4.576s] INFO:colcon.colcon_core.shell:Creating environment hook '/home/mouha/crazyflie/ros2_ws/build/cf_led_mission/share/cf_led_mission/hook/pythonpath_develop.sh'
[4.576s] Level 1:colcon.colcon_core.environment:checking '/home/mouha/crazyflie/ros2_ws/install/cf_led_mission' for CMake module files
[4.576s] Level 1:colcon.colcon_core.environment:checking '/home/mouha/crazyflie/ros2_ws/install/cf_led_mission' for CMake config files
[4.577s] Level 1:colcon.colcon_core.environment:checking '/home/mouha/crazyflie/ros2_ws/install/cf_led_mission/lib'
[4.577s] Level 1:colcon.colcon_core.environment:checking '/home/mouha/crazyflie/ros2_ws/install/cf_led_mission/bin'
[4.577s] Level 1:colcon.colcon_core.environment:checking '/home/mouha/crazyflie/ros2_ws/install/cf_led_mission/lib/pkgconfig/cf_led_mission.pc'
[4.577s] Level 1:colcon.colcon_core.environment:checking '/home/mouha/crazyflie/ros2_ws/install/cf_led_mission/lib/python3.12/site-packages'
[4.577s] Level 1:colcon.colcon_core.shell:create_environment_hook('cf_led_mission', 'pythonpath')
[4.577s] INFO:colcon.colcon_core.shell:Creating environment hook '/home/mouha/crazyflie/ros2_ws/install/cf_led_mission/share/cf_led_mission/hook/pythonpath.ps1'
[4.578s] INFO:colcon.colcon_core.shell:Creating environment descriptor '/home/mouha/crazyflie/ros2_ws/install/cf_led_mission/share/cf_led_mission/hook/pythonpath.dsv'
[4.578s] INFO:colcon.colcon_core.shell:Creating environment hook '/home/mouha/crazyflie/ros2_ws/install/cf_led_mission/share/cf_led_mission/hook/pythonpath.sh'
[4.578s] Level 1:colcon.colcon_core.environment:checking '/home/mouha/crazyflie/ros2_ws/install/cf_led_mission/bin'
[4.578s] Level 1:colcon.colcon_core.environment:create_environment_scripts_only(cf_led_mission)
[4.578s] INFO:colcon.colcon_core.shell:Creating package script '/home/mouha/crazyflie/ros2_ws/install/cf_led_mission/share/cf_led_mission/package.ps1'
[4.579s] INFO:colcon.colcon_core.shell:Creating package descriptor '/home/mouha/crazyflie/ros2_ws/install/cf_led_mission/share/cf_led_mission/package.dsv'
[4.579s] INFO:colcon.colcon_core.shell:Creating package script '/home/mouha/crazyflie/ros2_ws/install/cf_led_mission/share/cf_led_mission/package.sh'
[4.579s] INFO:colcon.colcon_core.shell:Creating package script '/home/mouha/crazyflie/ros2_ws/install/cf_led_mission/share/cf_led_mission/package.bash'
[4.580s] INFO:colcon.colcon_core.shell:Creating package script '/home/mouha/crazyflie/ros2_ws/install/cf_led_mission/share/cf_led_mission/package.zsh'
[4.580s] Level 1:colcon.colcon_core.environment:create_file_with_runtime_dependencies(/home/mouha/crazyflie/ros2_ws/install/cf_led_mission/share/colcon-core/packages/cf_led_mission)
[6.566s] DEBUG:colcon.colcon_core.event_handler.log_command:Invoked command in '/home/mouha/crazyflie/ros2_ws/build/micro_ros_msgs' returned '0': CMAKE_PREFIX_PATH=${CMAKE_PREFIX_PATH}:/home/mouha/crazyflie/ros2_ws/install/crazyflie_server_py:/home/mouha/crazyflie/ros2_ws/install/cf_led_mission:/home/mouha/crazyflie/ros2_ws/install/crazyflie_py:/home/mouha/ros2_ws/install/my_py_pkg:/opt/ros/jazzy DEBUGINFOD_URLS=https://debuginfod.ubuntu.com /usr/bin/cmake --build /home/mouha/crazyflie/ros2_ws/build/micro_ros_msgs -- -j12 -l12
[6.567s] DEBUG:colcon.colcon_core.event_handler.log_command:Invoking command in '/home/mouha/crazyflie/ros2_ws/build/micro_ros_msgs': CMAKE_PREFIX_PATH=${CMAKE_PREFIX_PATH}:/home/mouha/crazyflie/ros2_ws/install/crazyflie_server_py:/home/mouha/crazyflie/ros2_ws/install/cf_led_mission:/home/mouha/crazyflie/ros2_ws/install/crazyflie_py:/home/mouha/ros2_ws/install/my_py_pkg:/opt/ros/jazzy DEBUGINFOD_URLS=https://debuginfod.ubuntu.com /usr/bin/cmake --install /home/mouha/crazyflie/ros2_ws/build/micro_ros_msgs
[7.370s] Level 1:colcon.colcon_core.environment:create_environment_scripts_only(micro_ros_msgs)
[7.370s] Level 1:colcon.colcon_core.environment:checking '/home/mouha/crazyflie/ros2_ws/install/micro_ros_msgs' for CMake module files
[7.371s] DEBUG:colcon.colcon_core.event_handler.log_command:Invoked command in '/home/mouha/crazyflie/ros2_ws/build/micro_ros_msgs' returned '0': CMAKE_PREFIX_PATH=${CMAKE_PREFIX_PATH}:/home/mouha/crazyflie/ros2_ws/install/crazyflie_server_py:/home/mouha/crazyflie/ros2_ws/install/cf_led_mission:/home/mouha/crazyflie/ros2_ws/install/crazyflie_py:/home/mouha/ros2_ws/install/my_py_pkg:/opt/ros/jazzy DEBUGINFOD_URLS=https://debuginfod.ubuntu.com /usr/bin/cmake --install /home/mouha/crazyflie/ros2_ws/build/micro_ros_msgs
[7.371s] Level 1:colcon.colcon_core.environment:checking '/home/mouha/crazyflie/ros2_ws/install/micro_ros_msgs' for CMake config files
[7.371s] Level 1:colcon.colcon_core.shell:create_environment_hook('micro_ros_msgs', 'cmake_prefix_path')
[7.371s] INFO:colcon.colcon_core.shell:Creating environment hook '/home/mouha/crazyflie/ros2_ws/install/micro_ros_msgs/share/micro_ros_msgs/hook/cmake_prefix_path.ps1'
[7.372s] INFO:colcon.colcon_core.shell:Creating environment descriptor '/home/mouha/crazyflie/ros2_ws/install/micro_ros_msgs/share/micro_ros_msgs/hook/cmake_prefix_path.dsv'
[7.372s] INFO:colcon.colcon_core.shell:Creating environment hook '/home/mouha/crazyflie/ros2_ws/install/micro_ros_msgs/share/micro_ros_msgs/hook/cmake_prefix_path.sh'
[7.372s] Level 1:colcon.colcon_core.environment:checking '/home/mouha/crazyflie/ros2_ws/install/micro_ros_msgs/lib'
[7.372s] Level 1:colcon.colcon_core.shell:create_environment_hook('micro_ros_msgs', 'ld_library_path_lib')
[7.373s] INFO:colcon.colcon_core.shell:Creating environment hook '/home/mouha/crazyflie/ros2_ws/install/micro_ros_msgs/share/micro_ros_msgs/hook/ld_library_path_lib.ps1'
[7.373s] INFO:colcon.colcon_core.shell:Creating environment descriptor '/home/mouha/crazyflie/ros2_ws/install/micro_ros_msgs/share/micro_ros_msgs/hook/ld_library_path_lib.dsv'
[7.373s] INFO:colcon.colcon_core.shell:Creating environment hook '/home/mouha/crazyflie/ros2_ws/install/micro_ros_msgs/share/micro_ros_msgs/hook/ld_library_path_lib.sh'
[7.373s] Level 1:colcon.colcon_core.environment:checking '/home/mouha/crazyflie/ros2_ws/install/micro_ros_msgs/bin'
[7.374s] Level 1:colcon.colcon_core.environment:checking '/home/mouha/crazyflie/ros2_ws/install/micro_ros_msgs/lib/pkgconfig/micro_ros_msgs.pc'
[7.374s] Level 1:colcon.colcon_core.environment:checking '/home/mouha/crazyflie/ros2_ws/install/micro_ros_msgs/lib/python3.12/site-packages'
[7.374s] Level 1:colcon.colcon_core.shell:create_environment_hook('micro_ros_msgs', 'pythonpath')
[7.374s] INFO:colcon.colcon_core.shell:Creating environment hook '/home/mouha/crazyflie/ros2_ws/install/micro_ros_msgs/share/micro_ros_msgs/hook/pythonpath.ps1'
[7.374s] INFO:colcon.colcon_core.shell:Creating environment descriptor '/home/mouha/crazyflie/ros2_ws/install/micro_ros_msgs/share/micro_ros_msgs/hook/pythonpath.dsv'
[7.374s] INFO:colcon.colcon_core.shell:Creating environment hook '/home/mouha/crazyflie/ros2_ws/install/micro_ros_msgs/share/micro_ros_msgs/hook/pythonpath.sh'
[7.375s] Level 1:colcon.colcon_core.environment:checking '/home/mouha/crazyflie/ros2_ws/install/micro_ros_msgs/bin'
[7.375s] INFO:colcon.colcon_core.shell:Creating package script '/home/mouha/crazyflie/ros2_ws/install/micro_ros_msgs/share/micro_ros_msgs/package.ps1'
[7.375s] INFO:colcon.colcon_core.shell:Creating package descriptor '/home/mouha/crazyflie/ros2_ws/install/micro_ros_msgs/share/micro_ros_msgs/package.dsv'
[7.376s] INFO:colcon.colcon_core.shell:Creating package script '/home/mouha/crazyflie/ros2_ws/install/micro_ros_msgs/share/micro_ros_msgs/package.sh'
[7.376s] INFO:colcon.colcon_core.shell:Creating package script '/home/mouha/crazyflie/ros2_ws/install/micro_ros_msgs/share/micro_ros_msgs/package.bash'
[7.376s] INFO:colcon.colcon_core.shell:Creating package script '/home/mouha/crazyflie/ros2_ws/install/micro_ros_msgs/share/micro_ros_msgs/package.zsh'
[7.376s] Level 1:colcon.colcon_core.environment:create_file_with_runtime_dependencies(/home/mouha/crazyflie/ros2_ws/install/micro_ros_msgs/share/colcon-core/packages/micro_ros_msgs)
[7.377s] Level 1:colcon.colcon_core.environment:create_environment_scripts_only(micro_ros_msgs)
[7.377s] Level 1:colcon.colcon_core.environment:checking '/home/mouha/crazyflie/ros2_ws/install/micro_ros_msgs' for CMake module files
[7.377s] Level 1:colcon.colcon_core.environment:checking '/home/mouha/crazyflie/ros2_ws/install/micro_ros_msgs' for CMake config files
[7.377s] Level 1:colcon.colcon_core.shell:create_environment_hook('micro_ros_msgs', 'cmake_prefix_path')
[7.378s] INFO:colcon.colcon_core.shell:Creating environment hook '/home/mouha/crazyflie/ros2_ws/install/micro_ros_msgs/share/micro_ros_msgs/hook/cmake_prefix_path.ps1'
[7.378s] INFO:colcon.colcon_core.shell:Creating environment descriptor '/home/mouha/crazyflie/ros2_ws/install/micro_ros_msgs/share/micro_ros_msgs/hook/cmake_prefix_path.dsv'
[7.378s] INFO:colcon.colcon_core.shell:Creating environment hook '/home/mouha/crazyflie/ros2_ws/install/micro_ros_msgs/share/micro_ros_msgs/hook/cmake_prefix_path.sh'
[7.378s] Level 1:colcon.colcon_core.environment:checking '/home/mouha/crazyflie/ros2_ws/install/micro_ros_msgs/lib'
[7.378s] Level 1:colcon.colcon_core.shell:create_environment_hook('micro_ros_msgs', 'ld_library_path_lib')
[7.378s] INFO:colcon.colcon_core.shell:Creating environment hook '/home/mouha/crazyflie/ros2_ws/install/micro_ros_msgs/share/micro_ros_msgs/hook/ld_library_path_lib.ps1'
[7.379s] INFO:colcon.colcon_core.shell:Creating environment descriptor '/home/mouha/crazyflie/ros2_ws/install/micro_ros_msgs/share/micro_ros_msgs/hook/ld_library_path_lib.dsv'
[7.379s] INFO:colcon.colcon_core.shell:Creating environment hook '/home/mouha/crazyflie/ros2_ws/install/micro_ros_msgs/share/micro_ros_msgs/hook/ld_library_path_lib.sh'
[7.379s] Level 1:colcon.colcon_core.environment:checking '/home/mouha/crazyflie/ros2_ws/install/micro_ros_msgs/bin'
[7.379s] Level 1:colcon.colcon_core.environment:checking '/home/mouha/crazyflie/ros2_ws/install/micro_ros_msgs/lib/pkgconfig/micro_ros_msgs.pc'
[7.379s] Level 1:colcon.colcon_core.environment:checking '/home/mouha/crazyflie/ros2_ws/install/micro_ros_msgs/lib/python3.12/site-packages'
[7.379s] Level 1:colcon.colcon_core.shell:create_environment_hook('micro_ros_msgs', 'pythonpath')
[7.380s] INFO:colcon.colcon_core.shell:Creating environment hook '/home/mouha/crazyflie/ros2_ws/install/micro_ros_msgs/share/micro_ros_msgs/hook/pythonpath.ps1'
[7.380s] INFO:colcon.colcon_core.shell:Creating environment descriptor '/home/mouha/crazyflie/ros2_ws/install/micro_ros_msgs/share/micro_ros_msgs/hook/pythonpath.dsv'
[7.380s] INFO:colcon.colcon_core.shell:Creating environment hook '/home/mouha/crazyflie/ros2_ws/install/micro_ros_msgs/share/micro_ros_msgs/hook/pythonpath.sh'
[7.381s] Level 1:colcon.colcon_core.environment:checking '/home/mouha/crazyflie/ros2_ws/install/micro_ros_msgs/bin'
[7.381s] INFO:colcon.colcon_core.shell:Creating package script '/home/mouha/crazyflie/ros2_ws/install/micro_ros_msgs/share/micro_ros_msgs/package.ps1'
[7.382s] INFO:colcon.colcon_core.shell:Creating package descriptor '/home/mouha/crazyflie/ros2_ws/install/micro_ros_msgs/share/micro_ros_msgs/package.dsv'
[7.382s] INFO:colcon.colcon_core.shell:Creating package script '/home/mouha/crazyflie/ros2_ws/install/micro_ros_msgs/share/micro_ros_msgs/package.sh'
[7.383s] INFO:colcon.colcon_core.shell:Creating package script '/home/mouha/crazyflie/ros2_ws/install/micro_ros_msgs/share/micro_ros_msgs/package.bash'
[7.383s] INFO:colcon.colcon_core.shell:Creating package script '/home/mouha/crazyflie/ros2_ws/install/micro_ros_msgs/share/micro_ros_msgs/package.zsh'
[7.383s] Level 1:colcon.colcon_core.environment:create_file_with_runtime_dependencies(/home/mouha/crazyflie/ros2_ws/install/micro_ros_msgs/share/colcon-core/packages/micro_ros_msgs)
[7.383s] INFO:colcon.colcon_ros.task.ament_cmake.build:Building ROS package in '/home/mouha/crazyflie/ros2_ws/src/uros/micro-ROS-Agent/micro_ros_agent' with build type 'ament_cmake'
[7.383s] INFO:colcon.colcon_cmake.task.cmake.build:Building CMake package in '/home/mouha/crazyflie/ros2_ws/src/uros/micro-ROS-Agent/micro_ros_agent'
[7.384s] INFO:colcon.colcon_core.shell:Skip shell extension 'powershell' for command environment: Not usable outside of PowerShell
[7.384s] DEBUG:colcon.colcon_core.shell:Skip shell extension 'dsv' for command environment
[7.393s] DEBUG:colcon.colcon_core.event_handler.log_command:Invoking command in '/home/mouha/crazyflie/ros2_ws/build/micro_ros_agent': CMAKE_PREFIX_PATH=/home/mouha/crazyflie/ros2_ws/install/micro_ros_msgs:/home/mouha/crazyflie/ros2_ws/install/micro_ros_setup:/home/mouha/crazyflie/ros2_ws/install/micro_ros_agent:/home/mouha/crazyflie/ros2_ws/install/crazyflie_sim:/home/mouha/crazyflie/ros2_ws/install/crazyflie_examples:/home/mouha/crazyflie/ros2_ws/install/crazyflie:/home/mouha/crazyflie/ros2_ws/install/crazyflie_interfaces:/home/mouha/crazyflie/ros2_ws/install/crazyflie_description:/home/mouha/ros2_ws/install/my_cpp_pkg:/opt/ros/jazzy/opt/gz_sim_vendor:/opt/ros/jazzy/opt/gz_sensors_vendor:/opt/ros/jazzy/opt/gz_physics_vendor:/opt/ros/jazzy/opt/sdformat_vendor:/opt/ros/jazzy/opt/gz_gui_vendor:/opt/ros/jazzy/opt/gz_transport_vendor:/opt/ros/jazzy/opt/gz_rendering_vendor:/opt/ros/jazzy/opt/gz_plugin_vendor:/opt/ros/jazzy/opt/gz_fuel_tools_vendor:/opt/ros/jazzy/opt/gz_msgs_vendor:/opt/ros/jazzy/opt/gz_common_vendor:/opt/ros/jazzy/opt/gz_math_vendor:/opt/ros/jazzy/opt/gz_utils_vendor:/opt/ros/jazzy/opt/gz_tools_vendor:/opt/ros/jazzy/opt/gz_ogre_next_vendor:/opt/ros/jazzy/opt/gz_dartsim_vendor:/opt/ros/jazzy/opt/gz_cmake_vendor:/home/mouha/crazyflie/ros2_ws/install/crazyflie_server_py:/home/mouha/crazyflie/ros2_ws/install/cf_led_mission:/home/mouha/crazyflie/ros2_ws/install/crazyflie_py:/home/mouha/ros2_ws/install/my_py_pkg:/opt/ros/jazzy DEBUGINFOD_URLS=https://debuginfod.ubuntu.com LD_LIBRARY_PATH=/home/mouha/crazyflie/ros2_ws/install/micro_ros_msgs/lib:/home/mouha/crazyflie/ros2_ws/install/micro_ros_agent/lib:/home/mouha/crazyflie/ros2_ws/install/crazyflie_interfaces/lib:/opt/ros/jazzy/opt/gz_sim_vendor/lib:/opt/ros/jazzy/opt/gz_sensors_vendor/lib:/opt/ros/jazzy/opt/gz_physics_vendor/lib:/opt/ros/jazzy/opt/sdformat_vendor/lib:/opt/ros/jazzy/opt/rviz_ogre_vendor/lib:/opt/ros/jazzy/lib/x86_64-linux-gnu:/opt/ros/jazzy/opt/gz_gui_vendor/lib:/opt/ros/jazzy/opt/gz_transport_vendor/lib:/opt/ros/jazzy/opt/gz_rendering_vendor/lib:/opt/ros/jazzy/opt/gz_plugin_vendor/lib:/opt/ros/jazzy/opt/gz_fuel_tools_vendor/lib:/opt/ros/jazzy/opt/gz_msgs_vendor/lib:/opt/ros/jazzy/opt/gz_common_vendor/lib:/opt/ros/jazzy/opt/gz_math_vendor/lib:/opt/ros/jazzy/opt/gz_utils_vendor/lib:/opt/ros/jazzy/opt/gz_tools_vendor/lib:/opt/ros/jazzy/opt/gz_ogre_next_vendor/lib:/opt/ros/jazzy/opt/gz_dartsim_vendor/lib:/opt/ros/jazzy/opt/gz_cmake_vendor/lib:/opt/ros/jazzy/lib /usr/bin/cmake /home/mouha/crazyflie/ros2_ws/src/uros/micro-ROS-Agent/micro_ros_agent -DAMENT_CMAKE_SYMLINK_INSTALL=1 -DCMAKE_INSTALL_PREFIX=/home/mouha/crazyflie/ros2_ws/install/micro_ros_agent
[7.797s] DEBUG:colcon.colcon_core.event_handler.log_command:Invoked command in '/home/mouha/crazyflie/ros2_ws/build/micro_ros_agent' returned '0': CMAKE_PREFIX_PATH=/home/mouha/crazyflie/ros2_ws/install/micro_ros_msgs:/home/mouha/crazyflie/ros2_ws/install/micro_ros_setup:/home/mouha/crazyflie/ros2_ws/install/micro_ros_agent:/home/mouha/crazyflie/ros2_ws/install/crazyflie_sim:/home/mouha/crazyflie/ros2_ws/install/crazyflie_examples:/home/mouha/crazyflie/ros2_ws/install/crazyflie:/home/mouha/crazyflie/ros2_ws/install/crazyflie_interfaces:/home/mouha/crazyflie/ros2_ws/install/crazyflie_description:/home/mouha/ros2_ws/install/my_cpp_pkg:/opt/ros/jazzy/opt/gz_sim_vendor:/opt/ros/jazzy/opt/gz_sensors_vendor:/opt/ros/jazzy/opt/gz_physics_vendor:/opt/ros/jazzy/opt/sdformat_vendor:/opt/ros/jazzy/opt/gz_gui_vendor:/opt/ros/jazzy/opt/gz_transport_vendor:/opt/ros/jazzy/opt/gz_rendering_vendor:/opt/ros/jazzy/opt/gz_plugin_vendor:/opt/ros/jazzy/opt/gz_fuel_tools_vendor:/opt/ros/jazzy/opt/gz_msgs_vendor:/opt/ros/jazzy/opt/gz_common_vendor:/opt/ros/jazzy/opt/gz_math_vendor:/opt/ros/jazzy/opt/gz_utils_vendor:/opt/ros/jazzy/opt/gz_tools_vendor:/opt/ros/jazzy/opt/gz_ogre_next_vendor:/opt/ros/jazzy/opt/gz_dartsim_vendor:/opt/ros/jazzy/opt/gz_cmake_vendor:/home/mouha/crazyflie/ros2_ws/install/crazyflie_server_py:/home/mouha/crazyflie/ros2_ws/install/cf_led_mission:/home/mouha/crazyflie/ros2_ws/install/crazyflie_py:/home/mouha/ros2_ws/install/my_py_pkg:/opt/ros/jazzy DEBUGINFOD_URLS=https://debuginfod.ubuntu.com LD_LIBRARY_PATH=/home/mouha/crazyflie/ros2_ws/install/micro_ros_msgs/lib:/home/mouha/crazyflie/ros2_ws/install/micro_ros_agent/lib:/home/mouha/crazyflie/ros2_ws/install/crazyflie_interfaces/lib:/opt/ros/jazzy/opt/gz_sim_vendor/lib:/opt/ros/jazzy/opt/gz_sensors_vendor/lib:/opt/ros/jazzy/opt/gz_physics_vendor/lib:/opt/ros/jazzy/opt/sdformat_vendor/lib:/opt/ros/jazzy/opt/rviz_ogre_vendor/lib:/opt/ros/jazzy/lib/x86_64-linux-gnu:/opt/ros/jazzy/opt/gz_gui_vendor/lib:/opt/ros/jazzy/opt/gz_transport_vendor/lib:/opt/ros/jazzy/opt/gz_rendering_vendor/lib:/opt/ros/jazzy/opt/gz_plugin_vendor/lib:/opt/ros/jazzy/opt/gz_fuel_tools_vendor/lib:/opt/ros/jazzy/opt/gz_msgs_vendor/lib:/opt/ros/jazzy/opt/gz_common_vendor/lib:/opt/ros/jazzy/opt/gz_math_vendor/lib:/opt/ros/jazzy/opt/gz_utils_vendor/lib:/opt/ros/jazzy/opt/gz_tools_vendor/lib:/opt/ros/jazzy/opt/gz_ogre_next_vendor/lib:/opt/ros/jazzy/opt/gz_dartsim_vendor/lib:/opt/ros/jazzy/opt/gz_cmake_vendor/lib:/opt/ros/jazzy/lib /usr/bin/cmake /home/mouha/crazyflie/ros2_ws/src/uros/micro-ROS-Agent/micro_ros_agent -DAMENT_CMAKE_SYMLINK_INSTALL=1 -DCMAKE_INSTALL_PREFIX=/home/mouha/crazyflie/ros2_ws/install/micro_ros_agent
[7.798s] DEBUG:colcon.colcon_core.event_handler.log_command:Invoking command in '/home/mouha/crazyflie/ros2_ws/build/micro_ros_agent': CMAKE_PREFIX_PATH=/home/mouha/crazyflie/ros2_ws/install/micro_ros_msgs:/home/mouha/crazyflie/ros2_ws/install/micro_ros_setup:/home/mouha/crazyflie/ros2_ws/install/micro_ros_agent:/home/mouha/crazyflie/ros2_ws/install/crazyflie_sim:/home/mouha/crazyflie/ros2_ws/install/crazyflie_examples:/home/mouha/crazyflie/ros2_ws/install/crazyflie:/home/mouha/crazyflie/ros2_ws/install/crazyflie_interfaces:/home/mouha/crazyflie/ros2_ws/install/crazyflie_description:/home/mouha/ros2_ws/install/my_cpp_pkg:/opt/ros/jazzy/opt/gz_sim_vendor:/opt/ros/jazzy/opt/gz_sensors_vendor:/opt/ros/jazzy/opt/gz_physics_vendor:/opt/ros/jazzy/opt/sdformat_vendor:/opt/ros/jazzy/opt/gz_gui_vendor:/opt/ros/jazzy/opt/gz_transport_vendor:/opt/ros/jazzy/opt/gz_rendering_vendor:/opt/ros/jazzy/opt/gz_plugin_vendor:/opt/ros/jazzy/opt/gz_fuel_tools_vendor:/opt/ros/jazzy/opt/gz_msgs_vendor:/opt/ros/jazzy/opt/gz_common_vendor:/opt/ros/jazzy/opt/gz_math_vendor:/opt/ros/jazzy/opt/gz_utils_vendor:/opt/ros/jazzy/opt/gz_tools_vendor:/opt/ros/jazzy/opt/gz_ogre_next_vendor:/opt/ros/jazzy/opt/gz_dartsim_vendor:/opt/ros/jazzy/opt/gz_cmake_vendor:/home/mouha/crazyflie/ros2_ws/install/crazyflie_server_py:/home/mouha/crazyflie/ros2_ws/install/cf_led_mission:/home/mouha/crazyflie/ros2_ws/install/crazyflie_py:/home/mouha/ros2_ws/install/my_py_pkg:/opt/ros/jazzy DEBUGINFOD_URLS=https://debuginfod.ubuntu.com LD_LIBRARY_PATH=/home/mouha/crazyflie/ros2_ws/install/micro_ros_msgs/lib:/home/mouha/crazyflie/ros2_ws/install/micro_ros_agent/lib:/home/mouha/crazyflie/ros2_ws/install/crazyflie_interfaces/lib:/opt/ros/jazzy/opt/gz_sim_vendor/lib:/opt/ros/jazzy/opt/gz_sensors_vendor/lib:/opt/ros/jazzy/opt/gz_physics_vendor/lib:/opt/ros/jazzy/opt/sdformat_vendor/lib:/opt/ros/jazzy/opt/rviz_ogre_vendor/lib:/opt/ros/jazzy/lib/x86_64-linux-gnu:/opt/ros/jazzy/opt/gz_gui_vendor/lib:/opt/ros/jazzy/opt/gz_transport_vendor/lib:/opt/ros/jazzy/opt/gz_rendering_vendor/lib:/opt/ros/jazzy/opt/gz_plugin_vendor/lib:/opt/ros/jazzy/opt/gz_fuel_tools_vendor/lib:/opt/ros/jazzy/opt/gz_msgs_vendor/lib:/opt/ros/jazzy/opt/gz_common_vendor/lib:/opt/ros/jazzy/opt/gz_math_vendor/lib:/opt/ros/jazzy/opt/gz_utils_vendor/lib:/opt/ros/jazzy/opt/gz_tools_vendor/lib:/opt/ros/jazzy/opt/gz_ogre_next_vendor/lib:/opt/ros/jazzy/opt/gz_dartsim_vendor/lib:/opt/ros/jazzy/opt/gz_cmake_vendor/lib:/opt/ros/jazzy/lib /usr/bin/cmake --build /home/mouha/crazyflie/ros2_ws/build/micro_ros_agent -- -j12 -l12
[11.201s] DEBUG:colcon.colcon_core.event_handler.log_command:Invoked command in '/home/mouha/crazyflie/ros2_ws/build/micro_ros_agent' returned '0': CMAKE_PREFIX_PATH=/home/mouha/crazyflie/ros2_ws/install/micro_ros_msgs:/home/mouha/crazyflie/ros2_ws/install/micro_ros_setup:/home/mouha/crazyflie/ros2_ws/install/micro_ros_agent:/home/mouha/crazyflie/ros2_ws/install/crazyflie_sim:/home/mouha/crazyflie/ros2_ws/install/crazyflie_examples:/home/mouha/crazyflie/ros2_ws/install/crazyflie:/home/mouha/crazyflie/ros2_ws/install/crazyflie_interfaces:/home/mouha/crazyflie/ros2_ws/install/crazyflie_description:/home/mouha/ros2_ws/install/my_cpp_pkg:/opt/ros/jazzy/opt/gz_sim_vendor:/opt/ros/jazzy/opt/gz_sensors_vendor:/opt/ros/jazzy/opt/gz_physics_vendor:/opt/ros/jazzy/opt/sdformat_vendor:/opt/ros/jazzy/opt/gz_gui_vendor:/opt/ros/jazzy/opt/gz_transport_vendor:/opt/ros/jazzy/opt/gz_rendering_vendor:/opt/ros/jazzy/opt/gz_plugin_vendor:/opt/ros/jazzy/opt/gz_fuel_tools_vendor:/opt/ros/jazzy/opt/gz_msgs_vendor:/opt/ros/jazzy/opt/gz_common_vendor:/opt/ros/jazzy/opt/gz_math_vendor:/opt/ros/jazzy/opt/gz_utils_vendor:/opt/ros/jazzy/opt/gz_tools_vendor:/opt/ros/jazzy/opt/gz_ogre_next_vendor:/opt/ros/jazzy/opt/gz_dartsim_vendor:/opt/ros/jazzy/opt/gz_cmake_vendor:/home/mouha/crazyflie/ros2_ws/install/crazyflie_server_py:/home/mouha/crazyflie/ros2_ws/install/cf_led_mission:/home/mouha/crazyflie/ros2_ws/install/crazyflie_py:/home/mouha/ros2_ws/install/my_py_pkg:/opt/ros/jazzy DEBUGINFOD_URLS=https://debuginfod.ubuntu.com LD_LIBRARY_PATH=/home/mouha/crazyflie/ros2_ws/install/micro_ros_msgs/lib:/home/mouha/crazyflie/ros2_ws/install/micro_ros_agent/lib:/home/mouha/crazyflie/ros2_ws/install/crazyflie_interfaces/lib:/opt/ros/jazzy/opt/gz_sim_vendor/lib:/opt/ros/jazzy/opt/gz_sensors_vendor/lib:/opt/ros/jazzy/opt/gz_physics_vendor/lib:/opt/ros/jazzy/opt/sdformat_vendor/lib:/opt/ros/jazzy/opt/rviz_ogre_vendor/lib:/opt/ros/jazzy/lib/x86_64-linux-gnu:/opt/ros/jazzy/opt/gz_gui_vendor/lib:/opt/ros/jazzy/opt/gz_transport_vendor/lib:/opt/ros/jazzy/opt/gz_rendering_vendor/lib:/opt/ros/jazzy/opt/gz_plugin_vendor/lib:/opt/ros/jazzy/opt/gz_fuel_tools_vendor/lib:/opt/ros/jazzy/opt/gz_msgs_vendor/lib:/opt/ros/jazzy/opt/gz_common_vendor/lib:/opt/ros/jazzy/opt/gz_math_vendor/lib:/opt/ros/jazzy/opt/gz_utils_vendor/lib:/opt/ros/jazzy/opt/gz_tools_vendor/lib:/opt/ros/jazzy/opt/gz_ogre_next_vendor/lib:/opt/ros/jazzy/opt/gz_dartsim_vendor/lib:/opt/ros/jazzy/opt/gz_cmake_vendor/lib:/opt/ros/jazzy/lib /usr/bin/cmake --build /home/mouha/crazyflie/ros2_ws/build/micro_ros_agent -- -j12 -l12
[11.202s] DEBUG:colcon.colcon_core.event_handler.log_command:Invoking command in '/home/mouha/crazyflie/ros2_ws/build/micro_ros_agent': CMAKE_PREFIX_PATH=/home/mouha/crazyflie/ros2_ws/install/micro_ros_msgs:/home/mouha/crazyflie/ros2_ws/install/micro_ros_setup:/home/mouha/crazyflie/ros2_ws/install/micro_ros_agent:/home/mouha/crazyflie/ros2_ws/install/crazyflie_sim:/home/mouha/crazyflie/ros2_ws/install/crazyflie_examples:/home/mouha/crazyflie/ros2_ws/install/crazyflie:/home/mouha/crazyflie/ros2_ws/install/crazyflie_interfaces:/home/mouha/crazyflie/ros2_ws/install/crazyflie_description:/home/mouha/ros2_ws/install/my_cpp_pkg:/opt/ros/jazzy/opt/gz_sim_vendor:/opt/ros/jazzy/opt/gz_sensors_vendor:/opt/ros/jazzy/opt/gz_physics_vendor:/opt/ros/jazzy/opt/sdformat_vendor:/opt/ros/jazzy/opt/gz_gui_vendor:/opt/ros/jazzy/opt/gz_transport_vendor:/opt/ros/jazzy/opt/gz_rendering_vendor:/opt/ros/jazzy/opt/gz_plugin_vendor:/opt/ros/jazzy/opt/gz_fuel_tools_vendor:/opt/ros/jazzy/opt/gz_msgs_vendor:/opt/ros/jazzy/opt/gz_common_vendor:/opt/ros/jazzy/opt/gz_math_vendor:/opt/ros/jazzy/opt/gz_utils_vendor:/opt/ros/jazzy/opt/gz_tools_vendor:/opt/ros/jazzy/opt/gz_ogre_next_vendor:/opt/ros/jazzy/opt/gz_dartsim_vendor:/opt/ros/jazzy/opt/gz_cmake_vendor:/home/mouha/crazyflie/ros2_ws/install/crazyflie_server_py:/home/mouha/crazyflie/ros2_ws/install/cf_led_mission:/home/mouha/crazyflie/ros2_ws/install/crazyflie_py:/home/mouha/ros2_ws/install/my_py_pkg:/opt/ros/jazzy DEBUGINFOD_URLS=https://debuginfod.ubuntu.com LD_LIBRARY_PATH=/home/mouha/crazyflie/ros2_ws/install/micro_ros_msgs/lib:/home/mouha/crazyflie/ros2_ws/install/micro_ros_agent/lib:/home/mouha/crazyflie/ros2_ws/install/crazyflie_interfaces/lib:/opt/ros/jazzy/opt/gz_sim_vendor/lib:/opt/ros/jazzy/opt/gz_sensors_vendor/lib:/opt/ros/jazzy/opt/gz_physics_vendor/lib:/opt/ros/jazzy/opt/sdformat_vendor/lib:/opt/ros/jazzy/opt/rviz_ogre_vendor/lib:/opt/ros/jazzy/lib/x86_64-linux-gnu:/opt/ros/jazzy/opt/gz_gui_vendor/lib:/opt/ros/jazzy/opt/gz_transport_vendor/lib:/opt/ros/jazzy/opt/gz_rendering_vendor/lib:/opt/ros/jazzy/opt/gz_plugin_vendor/lib:/opt/ros/jazzy/opt/gz_fuel_tools_vendor/lib:/opt/ros/jazzy/opt/gz_msgs_vendor/lib:/opt/ros/jazzy/opt/gz_common_vendor/lib:/opt/ros/jazzy/opt/gz_math_vendor/lib:/opt/ros/jazzy/opt/gz_utils_vendor/lib:/opt/ros/jazzy/opt/gz_tools_vendor/lib:/opt/ros/jazzy/opt/gz_ogre_next_vendor/lib:/opt/ros/jazzy/opt/gz_dartsim_vendor/lib:/opt/ros/jazzy/opt/gz_cmake_vendor/lib:/opt/ros/jazzy/lib /usr/bin/cmake --install /home/mouha/crazyflie/ros2_ws/build/micro_ros_agent
[11.337s] Level 1:colcon.colcon_core.environment:create_environment_scripts_only(micro_ros_agent)
[11.338s] Level 1:colcon.colcon_core.environment:checking '/home/mouha/crazyflie/ros2_ws/install/micro_ros_agent' for CMake module files
[11.338s] DEBUG:colcon.colcon_core.event_handler.log_command:Invoked command in '/home/mouha/crazyflie/ros2_ws/build/micro_ros_agent' returned '0': CMAKE_PREFIX_PATH=/home/mouha/crazyflie/ros2_ws/install/micro_ros_msgs:/home/mouha/crazyflie/ros2_ws/install/micro_ros_setup:/home/mouha/crazyflie/ros2_ws/install/micro_ros_agent:/home/mouha/crazyflie/ros2_ws/install/crazyflie_sim:/home/mouha/crazyflie/ros2_ws/install/crazyflie_examples:/home/mouha/crazyflie/ros2_ws/install/crazyflie:/home/mouha/crazyflie/ros2_ws/install/crazyflie_interfaces:/home/mouha/crazyflie/ros2_ws/install/crazyflie_description:/home/mouha/ros2_ws/install/my_cpp_pkg:/opt/ros/jazzy/opt/gz_sim_vendor:/opt/ros/jazzy/opt/gz_sensors_vendor:/opt/ros/jazzy/opt/gz_physics_vendor:/opt/ros/jazzy/opt/sdformat_vendor:/opt/ros/jazzy/opt/gz_gui_vendor:/opt/ros/jazzy/opt/gz_transport_vendor:/opt/ros/jazzy/opt/gz_rendering_vendor:/opt/ros/jazzy/opt/gz_plugin_vendor:/opt/ros/jazzy/opt/gz_fuel_tools_vendor:/opt/ros/jazzy/opt/gz_msgs_vendor:/opt/ros/jazzy/opt/gz_common_vendor:/opt/ros/jazzy/opt/gz_math_vendor:/opt/ros/jazzy/opt/gz_utils_vendor:/opt/ros/jazzy/opt/gz_tools_vendor:/opt/ros/jazzy/opt/gz_ogre_next_vendor:/opt/ros/jazzy/opt/gz_dartsim_vendor:/opt/ros/jazzy/opt/gz_cmake_vendor:/home/mouha/crazyflie/ros2_ws/install/crazyflie_server_py:/home/mouha/crazyflie/ros2_ws/install/cf_led_mission:/home/mouha/crazyflie/ros2_ws/install/crazyflie_py:/home/mouha/ros2_ws/install/my_py_pkg:/opt/ros/jazzy DEBUGINFOD_URLS=https://debuginfod.ubuntu.com LD_LIBRARY_PATH=/home/mouha/crazyflie/ros2_ws/install/micro_ros_msgs/lib:/home/mouha/crazyflie/ros2_ws/install/micro_ros_agent/lib:/home/mouha/crazyflie/ros2_ws/install/crazyflie_interfaces/lib:/opt/ros/jazzy/opt/gz_sim_vendor/lib:/opt/ros/jazzy/opt/gz_sensors_vendor/lib:/opt/ros/jazzy/opt/gz_physics_vendor/lib:/opt/ros/jazzy/opt/sdformat_vendor/lib:/opt/ros/jazzy/opt/rviz_ogre_vendor/lib:/opt/ros/jazzy/lib/x86_64-linux-gnu:/opt/ros/jazzy/opt/gz_gui_vendor/lib:/opt/ros/jazzy/opt/gz_transport_vendor/lib:/opt/ros/jazzy/opt/gz_rendering_vendor/lib:/opt/ros/jazzy/opt/gz_plugin_vendor/lib:/opt/ros/jazzy/opt/gz_fuel_tools_vendor/lib:/opt/ros/jazzy/opt/gz_msgs_vendor/lib:/opt/ros/jazzy/opt/gz_common_vendor/lib:/opt/ros/jazzy/opt/gz_math_vendor/lib:/opt/ros/jazzy/opt/gz_utils_vendor/lib:/opt/ros/jazzy/opt/gz_tools_vendor/lib:/opt/ros/jazzy/opt/gz_ogre_next_vendor/lib:/opt/ros/jazzy/opt/gz_dartsim_vendor/lib:/opt/ros/jazzy/opt/gz_cmake_vendor/lib:/opt/ros/jazzy/lib /usr/bin/cmake --install /home/mouha/crazyflie/ros2_ws/build/micro_ros_agent
[11.338s] Level 1:colcon.colcon_core.environment:checking '/home/mouha/crazyflie/ros2_ws/install/micro_ros_agent' for CMake config files
[11.338s] Level 1:colcon.colcon_core.shell:create_environment_hook('micro_ros_agent', 'cmake_prefix_path')
[11.339s] INFO:colcon.colcon_core.shell:Creating environment hook '/home/mouha/crazyflie/ros2_ws/install/micro_ros_agent/share/micro_ros_agent/hook/cmake_prefix_path.ps1'
[11.339s] INFO:colcon.colcon_core.shell:Creating environment descriptor '/home/mouha/crazyflie/ros2_ws/install/micro_ros_agent/share/micro_ros_agent/hook/cmake_prefix_path.dsv'
[11.339s] INFO:colcon.colcon_core.shell:Creating environment hook '/home/mouha/crazyflie/ros2_ws/install/micro_ros_agent/share/micro_ros_agent/hook/cmake_prefix_path.sh'
[11.340s] Level 1:colcon.colcon_core.environment:checking '/home/mouha/crazyflie/ros2_ws/install/micro_ros_agent/lib'
[11.340s] Level 1:colcon.colcon_core.shell:create_environment_hook('micro_ros_agent', 'ld_library_path_lib')
[11.340s] INFO:colcon.colcon_core.shell:Creating environment hook '/home/mouha/crazyflie/ros2_ws/install/micro_ros_agent/share/micro_ros_agent/hook/ld_library_path_lib.ps1'
[11.340s] INFO:colcon.colcon_core.shell:Creating environment descriptor '/home/mouha/crazyflie/ros2_ws/install/micro_ros_agent/share/micro_ros_agent/hook/ld_library_path_lib.dsv'
[11.340s] INFO:colcon.colcon_core.shell:Creating environment hook '/home/mouha/crazyflie/ros2_ws/install/micro_ros_agent/share/micro_ros_agent/hook/ld_library_path_lib.sh'
[11.340s] Level 1:colcon.colcon_core.environment:checking '/home/mouha/crazyflie/ros2_ws/install/micro_ros_agent/bin'
[11.340s] Level 1:colcon.colcon_core.environment:checking '/home/mouha/crazyflie/ros2_ws/install/micro_ros_agent/lib/pkgconfig/micro_ros_agent.pc'
[11.341s] Level 1:colcon.colcon_core.environment:checking '/home/mouha/crazyflie/ros2_ws/install/micro_ros_agent/lib/python3.12/site-packages'
[11.341s] Level 1:colcon.colcon_core.environment:checking '/home/mouha/crazyflie/ros2_ws/install/micro_ros_agent/bin'
[11.341s] INFO:colcon.colcon_core.shell:Creating package script '/home/mouha/crazyflie/ros2_ws/install/micro_ros_agent/share/micro_ros_agent/package.ps1'
[11.341s] INFO:colcon.colcon_core.shell:Creating package descriptor '/home/mouha/crazyflie/ros2_ws/install/micro_ros_agent/share/micro_ros_agent/package.dsv'
[11.342s] INFO:colcon.colcon_core.shell:Creating package script '/home/mouha/crazyflie/ros2_ws/install/micro_ros_agent/share/micro_ros_agent/package.sh'
[11.342s] INFO:colcon.colcon_core.shell:Creating package script '/home/mouha/crazyflie/ros2_ws/install/micro_ros_agent/share/micro_ros_agent/package.bash'
[11.342s] INFO:colcon.colcon_core.shell:Creating package script '/home/mouha/crazyflie/ros2_ws/install/micro_ros_agent/share/micro_ros_agent/package.zsh'
[11.342s] Level 1:colcon.colcon_core.environment:create_file_with_runtime_dependencies(/home/mouha/crazyflie/ros2_ws/install/micro_ros_agent/share/colcon-core/packages/micro_ros_agent)
[11.343s] Level 1:colcon.colcon_core.environment:create_environment_scripts_only(micro_ros_agent)
[11.343s] Level 1:colcon.colcon_core.environment:checking '/home/mouha/crazyflie/ros2_ws/install/micro_ros_agent' for CMake module files
[11.343s] Level 1:colcon.colcon_core.environment:checking '/home/mouha/crazyflie/ros2_ws/install/micro_ros_agent' for CMake config files
[11.343s] Level 1:colcon.colcon_core.shell:create_environment_hook('micro_ros_agent', 'cmake_prefix_path')
[11.343s] INFO:colcon.colcon_core.shell:Creating environment hook '/home/mouha/crazyflie/ros2_ws/install/micro_ros_agent/share/micro_ros_agent/hook/cmake_prefix_path.ps1'
[11.343s] INFO:colcon.colcon_core.shell:Creating environment descriptor '/home/mouha/crazyflie/ros2_ws/install/micro_ros_agent/share/micro_ros_agent/hook/cmake_prefix_path.dsv'
[11.344s] INFO:colcon.colcon_core.shell:Creating environment hook '/home/mouha/crazyflie/ros2_ws/install/micro_ros_agent/share/micro_ros_agent/hook/cmake_prefix_path.sh'
[11.344s] Level 1:colcon.colcon_core.environment:checking '/home/mouha/crazyflie/ros2_ws/install/micro_ros_agent/lib'
[11.344s] Level 1:colcon.colcon_core.shell:create_environment_hook('micro_ros_agent', 'ld_library_path_lib')
[11.344s] INFO:colcon.colcon_core.shell:Creating environment hook '/home/mouha/crazyflie/ros2_ws/install/micro_ros_agent/share/micro_ros_agent/hook/ld_library_path_lib.ps1'
[11.344s] INFO:colcon.colcon_core.shell:Creating environment descriptor '/home/mouha/crazyflie/ros2_ws/install/micro_ros_agent/share/micro_ros_agent/hook/ld_library_path_lib.dsv'
[11.345s] INFO:colcon.colcon_core.shell:Creating environment hook '/home/mouha/crazyflie/ros2_ws/install/micro_ros_agent/share/micro_ros_agent/hook/ld_library_path_lib.sh'
[11.345s] Level 1:colcon.colcon_core.environment:checking '/home/mouha/crazyflie/ros2_ws/install/micro_ros_agent/bin'
[11.345s] Level 1:colcon.colcon_core.environment:checking '/home/mouha/crazyflie/ros2_ws/install/micro_ros_agent/lib/pkgconfig/micro_ros_agent.pc'
[11.345s] Level 1:colcon.colcon_core.environment:checking '/home/mouha/crazyflie/ros2_ws/install/micro_ros_agent/lib/python3.12/site-packages'
[11.345s] Level 1:colcon.colcon_core.environment:checking '/home/mouha/crazyflie/ros2_ws/install/micro_ros_agent/bin'
[11.345s] INFO:colcon.colcon_core.shell:Creating package script '/home/mouha/crazyflie/ros2_ws/install/micro_ros_agent/share/micro_ros_agent/package.ps1'
[11.346s] INFO:colcon.colcon_core.shell:Creating package descriptor '/home/mouha/crazyflie/ros2_ws/install/micro_ros_agent/share/micro_ros_agent/package.dsv'
[11.346s] INFO:colcon.colcon_core.shell:Creating package script '/home/mouha/crazyflie/ros2_ws/install/micro_ros_agent/share/micro_ros_agent/package.sh'
[11.346s] INFO:colcon.colcon_core.shell:Creating package script '/home/mouha/crazyflie/ros2_ws/install/micro_ros_agent/share/micro_ros_agent/package.bash'
[11.347s] INFO:colcon.colcon_core.shell:Creating package script '/home/mouha/crazyflie/ros2_ws/install/micro_ros_agent/share/micro_ros_agent/package.zsh'
[11.347s] Level 1:colcon.colcon_core.environment:create_file_with_runtime_dependencies(/home/mouha/crazyflie/ros2_ws/install/micro_ros_agent/share/colcon-core/packages/micro_ros_agent)
[11.347s] DEBUG:colcon.colcon_parallel_executor.executor.parallel:closing loop
[11.347s] DEBUG:colcon.colcon_parallel_executor.executor.parallel:loop closed
[11.347s] DEBUG:colcon.colcon_parallel_executor.executor.parallel:run_until_complete finished with '0'
[11.347s] DEBUG:colcon.colcon_core.event_reactor:joining thread
[11.353s] INFO:colcon.colcon_core.plugin_system:Skipping extension 'colcon_notification.desktop_notification.terminal_notifier': Not used on non-Darwin systems
[11.353s] INFO:colcon.colcon_core.plugin_system:Skipping extension 'colcon_notification.desktop_notification.win32': Not used on non-Windows systems
[11.353s] INFO:colcon.colcon_notification.desktop_notification:Sending desktop notification using 'notify2'
[11.363s] DEBUG:colcon.colcon_core.event_reactor:joined thread
[11.363s] INFO:colcon.colcon_core.shell:Creating prefix script '/home/mouha/crazyflie/ros2_ws/install/local_setup.ps1'
[11.364s] INFO:colcon.colcon_core.shell:Creating prefix util module '/home/mouha/crazyflie/ros2_ws/install/_local_setup_util_ps1.py'
[11.365s] INFO:colcon.colcon_core.shell:Creating prefix chain script '/home/mouha/crazyflie/ros2_ws/install/setup.ps1'
[11.366s] INFO:colcon.colcon_core.shell:Creating prefix script '/home/mouha/crazyflie/ros2_ws/install/local_setup.sh'
[11.366s] INFO:colcon.colcon_core.shell:Creating prefix util module '/home/mouha/crazyflie/ros2_ws/install/_local_setup_util_sh.py'
[11.366s] INFO:colcon.colcon_core.shell:Creating prefix chain script '/home/mouha/crazyflie/ros2_ws/install/setup.sh'
[11.368s] INFO:colcon.colcon_core.shell:Creating prefix script '/home/mouha/crazyflie/ros2_ws/install/local_setup.bash'
[11.368s] INFO:colcon.colcon_core.shell:Creating prefix chain script '/home/mouha/crazyflie/ros2_ws/install/setup.bash'
[11.370s] INFO:colcon.colcon_core.shell:Creating prefix script '/home/mouha/crazyflie/ros2_ws/install/local_setup.zsh'
[11.370s] INFO:colcon.colcon_core.shell:Creating prefix chain script '/home/mouha/crazyflie/ros2_ws/install/setup.zsh'
